# focused wave waveinput_round2\waveinput_420020.dat
@v301
# Wavedata CFDwavemaker
[wave type]
piston

[general input data]
depth 0.6

[wave input piston]
# number of timesteps to read
6400
# Time[sec], paddle position[m], paddle velocity[m/s], surface_elevation[m]
0.000000 0.00000e+00 6.22812e-05 0.00000e+00
0.010000 6.83811e-07 4.73885e-05 0.00000e+00
0.020000 1.20719e-06 3.34254e-05 0.00000e+00
0.030000 1.57942e-06 2.03918e-05 0.00000e+00
0.040000 1.80978e-06 8.28773e-06 0.00000e+00
0.050000 1.90755e-06 -2.88677e-06 0.00000e+00
0.060000 1.88201e-06 -1.31317e-05 0.00000e+00
0.070000 1.74244e-06 -2.24472e-05 0.00000e+00
0.080000 1.49813e-06 -3.08330e-05 0.00000e+00
0.090000 1.15836e-06 -3.82894e-05 0.00000e+00
0.100000 7.32405e-07 -4.48162e-05 0.00000e+00
0.110000 2.29547e-07 -5.04134e-05 0.00000e+00
0.120000 -3.40932e-07 -5.50811e-05 0.00000e+00
0.130000 -9.69750e-07 -5.88193e-05 0.00000e+00
0.140000 -1.64763e-06 -6.16280e-05 0.00000e+00
0.150000 -2.36528e-06 -6.35070e-05 0.00000e+00
0.160000 -3.11343e-06 -6.44566e-05 0.00000e+00
0.170000 -3.88279e-06 -6.44766e-05 0.00000e+00
0.180000 -3.78444e-06 -5.93711e-05 0.00000e+00
0.190000 -6.99296e-06 -5.59080e-05 0.00000e+00
0.200000 -8.64866e-06 -4.46726e-05 0.00000e+00
0.210000 -9.92301e-06 -2.57346e-05 0.00000e+00
0.220000 -1.01735e-05 -1.51350e-05 0.00000e+00
0.230000 -8.96100e-06 -1.24417e-05 0.00000e+00
0.240000 -1.01278e-05 -1.29688e-05 0.00000e+00
0.250000 -1.14379e-05 -1.15444e-05 0.00000e+00
0.260000 -1.03829e-05 7.00354e-08 0.00000e+00
0.270000 -9.46962e-06 4.71124e-06 0.00000e+00
0.280000 -8.70425e-06 1.82133e-06 0.00000e+00
0.290000 -7.67662e-06 -5.89805e-06 0.00000e+00
0.300000 -7.12094e-06 -1.00315e-05 0.00000e+00
0.310000 -6.39383e-06 -1.03743e-05 0.00000e+00
0.320000 -4.79558e-06 -1.63263e-05 0.00000e+00
0.330000 -3.64343e-06 -2.74890e-05 0.00000e+00
0.340000 -5.88765e-06 -3.33225e-05 0.00000e+00
0.350000 -6.74518e-06 -2.39253e-05 0.00000e+00
0.360000 -6.10702e-06 -3.34102e-05 0.00000e+00
0.370000 -5.65496e-06 -6.66886e-05 0.00000e+00
0.380000 -8.60545e-06 -1.03903e-04 0.00000e+00
0.390000 -1.29081e-05 -1.33757e-04 0.00000e+00
0.400000 -1.34574e-05 -1.43250e-04 0.00000e+00
0.410000 -1.47642e-05 -1.54850e-04 0.00000e+00
0.420000 -1.38768e-05 -1.90697e-04 0.00000e+00
0.430000 -1.61106e-05 -2.11073e-04 0.00000e+00
0.440000 -2.09323e-05 -2.12843e-04 0.00000e+00
0.450000 -2.14254e-05 -2.18784e-04 0.00000e+00
0.460000 -2.35779e-05 -2.16656e-04 0.00000e+00
0.470000 -2.19717e-05 -2.02373e-04 0.00000e+00
0.480000 -2.59031e-05 -1.77494e-04 0.00000e+00
0.490000 -2.67715e-05 -1.36510e-04 0.00000e+00
0.500000 -2.88703e-05 -8.10264e-05 0.00000e+00
0.510000 -2.74889e-05 -4.91544e-05 0.00000e+00
0.520000 -3.22920e-05 -2.65830e-05 0.00000e+00
0.530000 -3.86391e-05 2.96682e-05 0.00000e+00
0.540000 -3.92212e-05 9.35257e-05 0.00000e+00
0.550000 -3.71222e-05 1.34707e-04 0.00000e+00
0.560000 -3.29652e-05 1.57939e-04 0.00000e+00
0.570000 -3.08883e-05 1.98869e-04 0.00000e+00
0.580000 -3.20173e-05 2.48282e-04 0.00000e+00
0.590000 -2.85617e-05 3.14186e-04 0.00000e+00
0.600000 -1.83934e-05 3.99487e-04 0.00000e+00
0.610000 -1.61529e-05 4.60355e-04 0.00000e+00
0.620000 -8.79427e-06 5.18796e-04 0.00000e+00
0.630000 -7.58207e-07 5.85875e-04 0.00000e+00
0.640000 7.89389e-06 6.61262e-04 0.00000e+00
0.650000 1.47724e-05 7.35050e-04 0.00000e+00
0.660000 2.22695e-05 8.14631e-04 0.00000e+00
0.670000 2.60783e-05 8.94501e-04 0.00000e+00
0.680000 2.97084e-05 9.76119e-04 0.00000e+00
0.690000 4.33021e-05 1.05440e-03 0.00000e+00
0.700000 5.30582e-05 1.09260e-03 0.00000e+00
0.710000 5.69633e-05 1.11414e-03 0.00000e+00
0.720000 6.64869e-05 1.15752e-03 0.00000e+00
0.730000 8.01009e-05 1.21666e-03 0.00000e+00
0.740000 9.67728e-05 1.25103e-03 0.00000e+00
0.750000 1.07912e-04 1.24749e-03 0.00000e+00
0.760000 1.27228e-04 1.22876e-03 0.00000e+00
0.770000 1.35873e-04 1.24798e-03 0.00000e+00
0.780000 1.47092e-04 1.24509e-03 0.00000e+00
0.790000 1.61529e-04 1.21666e-03 0.00000e+00
0.800000 1.75994e-04 1.20849e-03 0.00000e+00
0.810000 1.89947e-04 1.17171e-03 0.00000e+00
0.820000 2.03482e-04 1.10167e-03 0.00000e+00
0.830000 2.16546e-04 1.00053e-03 0.00000e+00
0.840000 2.22844e-04 8.71348e-04 0.00000e+00
0.850000 2.33699e-04 7.05780e-04 0.00000e+00
0.860000 2.37051e-04 5.52716e-04 0.00000e+00
0.870000 2.40593e-04 4.05970e-04 0.00000e+00
0.880000 2.46252e-04 1.94231e-04 0.00000e+00
0.890000 2.53197e-04 -3.29240e-05 0.00000e+00
0.900000 2.49262e-04 -2.46489e-04 0.00000e+00
0.910000 2.44554e-04 -4.50812e-04 0.00000e+00
0.920000 2.42484e-04 -6.53274e-04 0.00000e+00
0.930000 2.40578e-04 -8.28377e-04 0.00000e+00
0.940000 2.37196e-04 -9.79951e-04 0.00000e+00
0.950000 2.18676e-04 -1.14017e-03 0.00000e+00
0.960000 2.13337e-04 -1.28811e-03 0.00000e+00
0.970000 1.92231e-04 -1.41677e-03 0.00000e+00
0.980000 1.69935e-04 -1.54480e-03 0.00000e+00
0.990000 1.49669e-04 -1.64023e-03 0.00000e+00
1.000000 1.29281e-04 -1.67666e-03 0.00000e+00
1.010000 1.11084e-04 -1.72560e-03 0.00000e+00
1.020000 8.98610e-05 -1.77280e-03 0.00000e+00
1.030000 7.39406e-05 -1.80285e-03 0.00000e+00
1.040000 4.71076e-05 -1.81783e-03 0.00000e+00
1.050000 2.65634e-05 -1.79875e-03 0.00000e+00
1.060000 1.43658e-05 -1.72603e-03 0.00000e+00
1.070000 -3.18546e-06 -1.64384e-03 0.00000e+00
1.080000 -1.30720e-05 -1.58781e-03 0.00000e+00
1.090000 -2.44331e-05 -1.50243e-03 0.00000e+00
1.100000 -3.15637e-05 -1.36269e-03 0.00000e+00
1.110000 -4.61404e-05 -1.19641e-03 0.00000e+00
1.120000 -6.04628e-05 -1.05727e-03 0.00000e+00
1.130000 -7.44630e-05 -8.78934e-04 0.00000e+00
1.140000 -8.25915e-05 -7.02689e-04 0.00000e+00
1.150000 -9.26843e-05 -5.91337e-04 0.00000e+00
1.160000 -8.85442e-05 -4.73039e-04 0.00000e+00
1.170000 -9.96553e-05 -3.37777e-04 0.00000e+00
1.180000 -1.10716e-04 -1.93391e-04 0.00000e+00
1.190000 -1.11311e-04 -8.69062e-05 0.00000e+00
1.200000 -1.11170e-04 1.74063e-05 0.00000e+00
1.210000 -1.06543e-04 1.19787e-04 0.00000e+00
1.220000 -1.04948e-04 1.56361e-04 0.00000e+00
1.230000 -9.82246e-05 2.18891e-04 0.00000e+00
1.240000 -1.02166e-04 2.90036e-04 0.00000e+00
1.250000 -9.49726e-05 3.39903e-04 0.00000e+00
1.260000 -8.49875e-05 4.10445e-04 0.00000e+00
1.270000 -7.55587e-05 4.82399e-04 0.00000e+00
1.280000 -7.47245e-05 5.19071e-04 0.00000e+00
1.290000 -6.72804e-05 4.78619e-04 0.00000e+00
1.300000 -6.11970e-05 3.80161e-04 0.00000e+00
1.310000 -6.92149e-05 2.57004e-04 0.00000e+00
1.320000 -6.33429e-05 1.07303e-04 0.00000e+00
1.330000 -5.82063e-05 -4.65362e-05 0.00000e+00
1.340000 -5.65392e-05 -2.27520e-04 0.00000e+00
1.350000 -6.16414e-05 -4.64134e-04 0.00000e+00
1.360000 -6.92348e-05 -6.94178e-04 0.00000e+00
1.370000 -6.49630e-05 -9.10092e-04 0.00000e+00
1.380000 -7.61716e-05 -1.08839e-03 0.00000e+00
1.390000 -8.71613e-05 -1.26333e-03 0.00000e+00
1.400000 -8.51602e-05 -1.45687e-03 0.00000e+00
1.410000 -1.04691e-04 -1.66486e-03 0.00000e+00
1.420000 -1.15646e-04 -1.88270e-03 0.00000e+00
1.430000 -1.36197e-04 -2.04854e-03 0.00000e+00
1.440000 -1.65141e-04 -2.14921e-03 0.00000e+00
1.450000 -2.01235e-04 -2.25409e-03 0.00000e+00
1.460000 -2.37228e-04 -2.32321e-03 0.00000e+00
1.470000 -2.65538e-04 -2.35064e-03 0.00000e+00
1.480000 -2.92851e-04 -2.42370e-03 0.00000e+00
1.490000 -3.19391e-04 -2.43661e-03 0.00000e+00
1.500000 -3.43741e-04 -2.36174e-03 0.00000e+00
1.510000 -3.65379e-04 -2.25706e-03 0.00000e+00
1.520000 -3.83656e-04 -2.14170e-03 0.00000e+00
1.530000 -4.00435e-04 -2.01955e-03 0.00000e+00
1.540000 -4.16356e-04 -1.81873e-03 0.00000e+00
1.550000 -4.29281e-04 -1.58717e-03 0.00000e+00
1.560000 -4.56457e-04 -1.35494e-03 0.00000e+00
1.570000 -4.68315e-04 -1.00267e-03 0.00000e+00
1.580000 -4.80030e-04 -6.43395e-04 0.00000e+00
1.590000 -4.82408e-04 -3.09040e-04 0.00000e+00
1.600000 -4.77492e-04 6.23542e-05 0.00000e+00
1.610000 -4.73028e-04 4.35379e-04 0.00000e+00
1.620000 -4.76898e-04 7.83609e-04 0.00000e+00
1.630000 -4.60766e-04 1.11039e-03 0.00000e+00
1.640000 -4.64201e-04 1.44216e-03 0.00000e+00
1.650000 -4.41788e-04 1.75108e-03 0.00000e+00
1.660000 -4.15689e-04 2.03613e-03 0.00000e+00
1.670000 -3.96809e-04 2.33152e-03 0.00000e+00
1.680000 -3.73485e-04 2.68986e-03 0.00000e+00
1.690000 -3.46368e-04 3.06545e-03 0.00000e+00
1.700000 -3.12002e-04 3.39892e-03 0.00000e+00
1.710000 -2.71407e-04 3.67368e-03 0.00000e+00
1.720000 -2.37803e-04 3.90749e-03 0.00000e+00
1.730000 -1.88019e-04 4.07513e-03 0.00000e+00
1.740000 -1.44358e-04 4.18780e-03 0.00000e+00
1.750000 -1.14943e-04 4.29018e-03 0.00000e+00
1.760000 -6.35492e-05 4.35725e-03 0.00000e+00
1.770000 -1.71784e-05 4.38508e-03 0.00000e+00
1.780000 3.25263e-05 4.40384e-03 0.00000e+00
1.790000 7.04070e-05 4.36444e-03 0.00000e+00
1.800000 1.17764e-04 4.28775e-03 0.00000e+00
1.810000 1.54023e-04 4.14931e-03 0.00000e+00
1.820000 1.99425e-04 3.95486e-03 0.00000e+00
1.830000 2.49103e-04 3.79820e-03 0.00000e+00
1.840000 3.03751e-04 3.58581e-03 0.00000e+00
1.850000 3.46460e-04 3.29979e-03 0.00000e+00
1.860000 3.64190e-04 2.97890e-03 0.00000e+00
1.870000 3.83581e-04 2.66079e-03 0.00000e+00
1.880000 4.01231e-04 2.33942e-03 0.00000e+00
1.890000 4.26382e-04 1.98519e-03 0.00000e+00
1.900000 4.43464e-04 1.66067e-03 0.00000e+00
1.910000 4.61279e-04 1.34102e-03 0.00000e+00
1.920000 4.73812e-04 9.40419e-04 0.00000e+00
1.930000 4.79657e-04 6.03173e-04 0.00000e+00
1.940000 4.86123e-04 3.79324e-04 0.00000e+00
1.950000 4.98172e-04 1.83493e-04 0.00000e+00
1.960000 4.88805e-04 -4.66767e-05 0.00000e+00
1.970000 4.87835e-04 -2.66364e-04 0.00000e+00
1.980000 4.74410e-04 -4.84913e-04 0.00000e+00
1.990000 4.70643e-04 -6.87691e-04 0.00000e+00
2.000000 4.58906e-04 -7.63308e-04 0.00000e+00
2.010000 4.40448e-04 -7.36866e-04 0.00000e+00
2.020000 4.26885e-04 -7.08979e-04 0.00000e+00
2.030000 4.16935e-04 -7.92424e-04 0.00000e+00
2.040000 4.08779e-04 -8.82828e-04 0.00000e+00
2.050000 3.93480e-04 -9.07123e-04 0.00000e+00
2.060000 3.89967e-04 -9.01453e-04 0.00000e+00
2.070000 3.84105e-04 -8.53080e-04 0.00000e+00
2.080000 3.73978e-04 -7.93430e-04 0.00000e+00
2.090000 3.78792e-04 -7.16426e-04 0.00000e+00
2.100000 3.93886e-04 -6.15427e-04 0.00000e+00
2.110000 3.86083e-04 -5.42667e-04 0.00000e+00
2.120000 3.73613e-04 -4.05268e-04 0.00000e+00
2.130000 3.58209e-04 -2.47207e-04 0.00000e+00
2.140000 3.61999e-04 -1.67603e-04 0.00000e+00
2.150000 3.51303e-04 -8.79571e-05 0.00000e+00
2.160000 3.68335e-04 1.13380e-05 0.00000e+00
2.170000 3.67857e-04 1.03623e-04 0.00000e+00
2.180000 3.59446e-04 1.75786e-04 0.00000e+00
2.190000 3.39497e-04 2.26868e-04 0.00000e+00
2.200000 3.43438e-04 2.72057e-04 0.00000e+00
2.210000 3.60751e-04 3.41449e-04 0.00000e+00
2.220000 3.64598e-04 3.70872e-04 0.00000e+00
2.230000 3.65876e-04 3.62833e-04 0.00000e+00
2.240000 3.76228e-04 3.80816e-04 0.00000e+00
2.250000 3.73367e-04 3.90613e-04 0.00000e+00
2.260000 3.86624e-04 4.11711e-04 0.00000e+00
2.270000 3.86096e-04 4.79669e-04 0.00000e+00
2.280000 3.87822e-04 4.71359e-04 0.00000e+00
2.290000 4.04342e-04 3.19918e-04 0.00000e+00
2.300000 3.92866e-04 7.14457e-05 0.00000e+00
2.310000 3.88508e-04 -1.57895e-04 0.00000e+00
2.320000 4.01567e-04 -4.18681e-04 0.00000e+00
2.330000 3.94775e-04 -7.02155e-04 0.00000e+00
2.340000 3.93957e-04 -9.40752e-04 0.00000e+00
2.350000 3.87933e-04 -1.27362e-03 0.00000e+00
2.360000 3.73803e-04 -1.72755e-03 0.00000e+00
2.370000 3.62642e-04 -2.17020e-03 0.00000e+00
2.380000 3.46503e-04 -2.53607e-03 0.00000e+00
2.390000 3.15191e-04 -2.91829e-03 0.00000e+00
2.400000 2.94875e-04 -3.34396e-03 0.00000e+00
2.410000 2.68714e-04 -3.73587e-03 0.00000e+00
2.420000 2.29445e-04 -4.13730e-03 0.00000e+00
2.430000 1.79327e-04 -4.53208e-03 0.00000e+00
2.440000 1.19866e-04 -4.88508e-03 0.00000e+00
2.450000 4.85534e-05 -5.25496e-03 0.00000e+00
2.460000 -1.18548e-05 -5.51286e-03 0.00000e+00
2.470000 -6.97991e-05 -5.75834e-03 0.00000e+00
2.480000 -1.17983e-04 -6.04095e-03 0.00000e+00
2.490000 -1.91598e-04 -6.13306e-03 0.00000e+00
2.500000 -2.41260e-04 -6.14189e-03 0.00000e+00
2.510000 -3.06444e-04 -6.17576e-03 0.00000e+00
2.520000 -3.78677e-04 -6.11704e-03 0.00000e+00
2.530000 -4.40010e-04 -5.95578e-03 0.00000e+00
2.540000 -4.90780e-04 -5.74841e-03 0.00000e+00
2.550000 -5.57440e-04 -5.47642e-03 0.00000e+00
2.560000 -6.11470e-04 -5.17033e-03 0.00000e+00
2.570000 -6.66908e-04 -4.80937e-03 0.00000e+00
2.580000 -7.10169e-04 -4.31431e-03 0.00000e+00
2.590000 -7.66261e-04 -3.83600e-03 0.00000e+00
2.600000 -7.96952e-04 -3.44641e-03 0.00000e+00
2.610000 -8.35238e-04 -3.06415e-03 0.00000e+00
2.620000 -8.59480e-04 -2.64154e-03 0.00000e+00
2.630000 -8.73783e-04 -2.13015e-03 0.00000e+00
2.640000 -9.00639e-04 -1.57701e-03 0.00000e+00
2.650000 -8.98213e-04 -9.83013e-04 0.00000e+00
2.660000 -8.90087e-04 -4.23644e-04 0.00000e+00
2.670000 -9.10864e-04 1.13330e-04 0.00000e+00
2.680000 -9.03155e-04 6.76583e-04 0.00000e+00
2.690000 -8.81716e-04 1.18004e-03 0.00000e+00
2.700000 -8.67057e-04 1.67157e-03 0.00000e+00
2.710000 -8.61048e-04 2.16304e-03 0.00000e+00
2.720000 -8.30786e-04 2.59187e-03 0.00000e+00
2.730000 -8.12683e-04 3.02277e-03 0.00000e+00
2.740000 -7.76116e-04 3.44747e-03 0.00000e+00
2.750000 -7.48163e-04 3.78661e-03 0.00000e+00
2.760000 -7.32404e-04 4.06761e-03 0.00000e+00
2.770000 -6.82849e-04 4.31510e-03 0.00000e+00
2.780000 -6.14912e-04 4.55786e-03 0.00000e+00
2.790000 -5.46650e-04 4.76623e-03 0.00000e+00
2.800000 -4.92220e-04 4.94729e-03 0.00000e+00
2.810000 -4.52931e-04 5.03728e-03 0.00000e+00
2.820000 -3.97234e-04 5.13249e-03 0.00000e+00
2.830000 -3.56902e-04 5.29485e-03 0.00000e+00
2.840000 -2.96006e-04 5.31199e-03 0.00000e+00
2.850000 -2.45875e-04 5.20163e-03 0.00000e+00
2.860000 -1.89927e-04 5.15680e-03 0.00000e+00
2.870000 -1.42606e-04 5.13516e-03 0.00000e+00
2.880000 -9.30962e-05 4.96348e-03 0.00000e+00
2.890000 -4.03777e-05 4.76186e-03 0.00000e+00
2.900000 1.74618e-05 4.55992e-03 0.00000e+00
2.910000 4.30250e-05 4.32076e-03 0.00000e+00
2.920000 8.35130e-05 4.06161e-03 0.00000e+00
2.930000 1.28583e-04 3.66713e-03 0.00000e+00
2.940000 1.65113e-04 3.25304e-03 0.00000e+00
2.950000 2.05599e-04 2.99922e-03 0.00000e+00
2.960000 2.28518e-04 2.81366e-03 0.00000e+00
2.970000 2.55168e-04 2.51873e-03 0.00000e+00
2.980000 2.79200e-04 2.10568e-03 0.00000e+00
2.990000 3.12587e-04 1.71794e-03 0.00000e+00
3.000000 3.16651e-04 1.31162e-03 0.00000e+00
3.010000 3.18712e-04 9.27809e-04 0.00000e+00
3.020000 3.29861e-04 6.28296e-04 0.00000e+00
3.030000 3.53962e-04 3.13243e-04 0.00000e+00
3.040000 3.45998e-04 -3.30471e-06 0.00000e+00
3.050000 3.34793e-04 -2.77034e-04 0.00000e+00
3.060000 3.46839e-04 -4.69262e-04 0.00000e+00
3.070000 3.34053e-04 -5.85375e-04 0.00000e+00
3.080000 3.29212e-04 -7.24666e-04 0.00000e+00
3.090000 3.11401e-04 -8.95078e-04 0.00000e+00
3.100000 2.98855e-04 -9.72066e-04 0.00000e+00
3.110000 2.97252e-04 -9.61603e-04 0.00000e+00
3.120000 2.94521e-04 -8.06467e-04 0.00000e+00
3.130000 2.58108e-04 -6.18148e-04 0.00000e+00
3.140000 2.34375e-04 -4.62506e-04 0.00000e+00
3.150000 2.32873e-04 -2.19727e-04 0.00000e+00
3.160000 2.38074e-04 1.35167e-04 0.00000e+00
3.170000 2.30072e-04 5.75102e-04 0.00000e+00
3.180000 2.52274e-04 9.72404e-04 0.00000e+00
3.190000 2.52163e-04 1.36857e-03 0.00000e+00
3.200000 2.60880e-04 1.86197e-03 0.00000e+00
3.210000 2.82237e-04 2.35970e-03 0.00000e+00
3.220000 3.14606e-04 2.82131e-03 0.00000e+00
3.230000 3.38719e-04 3.33700e-03 0.00000e+00
3.240000 3.68274e-04 3.83157e-03 0.00000e+00
3.250000 3.98160e-04 4.24640e-03 0.00000e+00
3.260000 4.45460e-04 4.58791e-03 0.00000e+00
3.270000 5.07429e-04 4.84404e-03 0.00000e+00
3.280000 5.72748e-04 5.08083e-03 0.00000e+00
3.290000 6.36366e-04 5.30338e-03 0.00000e+00
3.300000 6.69962e-04 5.32767e-03 0.00000e+00
3.310000 7.37578e-04 5.16298e-03 0.00000e+00
3.320000 8.06508e-04 5.04285e-03 0.00000e+00
3.330000 8.70191e-04 4.91273e-03 0.00000e+00
3.340000 9.26713e-04 4.60043e-03 0.00000e+00
3.350000 9.53970e-04 4.21472e-03 0.00000e+00
3.360000 1.00827e-03 3.75613e-03 0.00000e+00
3.370000 1.04950e-03 3.12465e-03 0.00000e+00
3.380000 1.09002e-03 2.46402e-03 0.00000e+00
3.390000 1.11469e-03 1.84476e-03 0.00000e+00
3.400000 1.12615e-03 1.13955e-03 0.00000e+00
3.410000 1.12434e-03 3.23465e-04 0.00000e+00
3.420000 1.11886e-03 -5.18383e-04 0.00000e+00
3.430000 1.10535e-03 -1.35455e-03 0.00000e+00
3.440000 1.09104e-03 -2.13939e-03 0.00000e+00
3.450000 1.06715e-03 -2.85854e-03 0.00000e+00
3.460000 1.03281e-03 -3.56707e-03 0.00000e+00
3.470000 9.77193e-04 -4.38806e-03 0.00000e+00
3.480000 9.45380e-04 -5.13095e-03 0.00000e+00
3.490000 8.95875e-04 -5.73906e-03 0.00000e+00
3.500000 8.14064e-04 -6.29707e-03 0.00000e+00
3.510000 7.33055e-04 -6.74786e-03 0.00000e+00
3.520000 6.67769e-04 -7.28975e-03 0.00000e+00
3.530000 5.81924e-04 -7.76228e-03 0.00000e+00
3.540000 5.06553e-04 -8.08913e-03 0.00000e+00
3.550000 4.38866e-04 -8.34180e-03 0.00000e+00
3.560000 3.55058e-04 -8.48696e-03 0.00000e+00
3.570000 2.51548e-04 -8.61274e-03 0.00000e+00
3.580000 1.73322e-04 -8.64375e-03 0.00000e+00
3.590000 8.87046e-05 -8.56818e-03 0.00000e+00
3.600000 4.30866e-06 -8.45306e-03 0.00000e+00
3.610000 -8.33092e-05 -8.28129e-03 0.00000e+00
3.620000 -1.66643e-04 -8.01365e-03 0.00000e+00
3.630000 -2.63373e-04 -7.72893e-03 0.00000e+00
3.640000 -3.39135e-04 -7.47085e-03 0.00000e+00
3.650000 -3.97544e-04 -7.10899e-03 0.00000e+00
3.660000 -4.83684e-04 -6.65407e-03 0.00000e+00
3.670000 -5.38782e-04 -6.23367e-03 0.00000e+00
3.680000 -6.10141e-04 -5.78869e-03 0.00000e+00
3.690000 -6.84056e-04 -5.30047e-03 0.00000e+00
3.700000 -7.04526e-04 -4.77533e-03 0.00000e+00
3.710000 -7.60432e-04 -4.18702e-03 0.00000e+00
3.720000 -7.74268e-04 -3.50118e-03 0.00000e+00
3.730000 -8.11954e-04 -2.69631e-03 0.00000e+00
3.740000 -8.25270e-04 -1.91490e-03 0.00000e+00
3.750000 -8.34655e-04 -1.15285e-03 0.00000e+00
3.760000 -8.56015e-04 -4.12842e-04 0.00000e+00
3.770000 -8.77813e-04 2.28729e-04 0.00000e+00
3.780000 -8.77495e-04 8.29136e-04 0.00000e+00
3.790000 -8.79666e-04 1.38950e-03 0.00000e+00
3.800000 -8.79858e-04 1.81570e-03 0.00000e+00
3.810000 -8.57152e-04 2.21557e-03 0.00000e+00
3.820000 -8.24376e-04 2.68135e-03 0.00000e+00
3.830000 -7.95813e-04 2.98237e-03 0.00000e+00
3.840000 -7.46669e-04 3.18590e-03 0.00000e+00
3.850000 -7.03156e-04 3.33221e-03 0.00000e+00
3.860000 -6.62193e-04 3.34796e-03 0.00000e+00
3.870000 -5.90812e-04 3.42305e-03 0.00000e+00
3.880000 -5.37203e-04 3.43742e-03 0.00000e+00
3.890000 -4.76967e-04 3.39023e-03 0.00000e+00
3.900000 -4.27683e-04 3.32926e-03 0.00000e+00
3.910000 -4.18988e-04 3.16204e-03 0.00000e+00
3.920000 -4.04657e-04 2.92233e-03 0.00000e+00
3.930000 -4.05454e-04 2.51985e-03 0.00000e+00
3.940000 -3.86434e-04 2.02773e-03 0.00000e+00
3.950000 -3.70302e-04 1.59420e-03 0.00000e+00
3.960000 -3.61339e-04 1.10290e-03 0.00000e+00
3.970000 -3.58520e-04 4.92885e-04 0.00000e+00
3.980000 -3.33153e-04 -4.22116e-05 0.00000e+00
3.990000 -3.51425e-04 -4.91433e-04 0.00000e+00
4.000000 -3.63870e-04 -9.58887e-04 0.00000e+00
4.010000 -3.62109e-04 -1.36885e-03 0.00000e+00
4.020000 -3.71931e-04 -1.71702e-03 0.00000e+00
4.030000 -3.74567e-04 -2.12166e-03 0.00000e+00
4.040000 -3.92651e-04 -2.33803e-03 0.00000e+00
4.050000 -4.24552e-04 -2.35163e-03 0.00000e+00
4.060000 -4.44564e-04 -2.29531e-03 0.00000e+00
4.070000 -4.88223e-04 -2.15444e-03 0.00000e+00
4.080000 -5.32161e-04 -2.08957e-03 0.00000e+00
4.090000 -5.74616e-04 -2.06274e-03 0.00000e+00
4.100000 -5.97350e-04 -2.00740e-03 0.00000e+00
4.110000 -6.01054e-04 -1.84841e-03 0.00000e+00
4.120000 -6.20227e-04 -1.58132e-03 0.00000e+00
4.130000 -6.58270e-04 -1.29424e-03 0.00000e+00
4.140000 -6.55258e-04 -9.95784e-04 0.00000e+00
4.150000 -6.50550e-04 -4.92352e-04 0.00000e+00
4.160000 -6.61657e-04 6.16772e-05 0.00000e+00
4.170000 -6.62094e-04 5.33218e-04 0.00000e+00
4.180000 -6.47779e-04 1.18136e-03 0.00000e+00
4.190000 -6.38395e-04 1.92699e-03 0.00000e+00
4.200000 -6.08757e-04 2.73356e-03 0.00000e+00
4.210000 -5.39990e-04 3.56940e-03 0.00000e+00
4.220000 -5.18325e-04 4.34311e-03 0.00000e+00
4.230000 -4.78614e-04 5.09668e-03 0.00000e+00
4.240000 -4.50224e-04 5.74529e-03 0.00000e+00
4.250000 -4.03212e-04 6.31178e-03 0.00000e+00
4.260000 -3.42111e-04 6.84912e-03 0.00000e+00
4.270000 -2.67980e-04 7.45954e-03 0.00000e+00
4.280000 -1.86495e-04 8.16926e-03 0.00000e+00
4.290000 -1.12724e-04 8.73395e-03 0.00000e+00
4.300000 -1.88562e-05 9.11226e-03 0.00000e+00
4.310000 8.61112e-05 9.46503e-03 0.00000e+00
4.320000 2.15200e-04 9.85396e-03 0.00000e+00
4.330000 2.93549e-04 1.01151e-02 0.00000e+00
4.340000 4.22614e-04 1.01986e-02 0.00000e+00
4.350000 5.39696e-04 1.01613e-02 0.00000e+00
4.360000 6.39772e-04 9.98693e-03 0.00000e+00
4.370000 7.40089e-04 9.69229e-03 0.00000e+00
4.380000 8.25140e-04 9.44584e-03 0.00000e+00
4.390000 9.12185e-04 9.05012e-03 0.00000e+00
4.400000 9.94538e-04 8.39078e-03 0.00000e+00
4.410000 1.07787e-03 7.62141e-03 0.00000e+00
4.420000 1.18320e-03 6.77701e-03 0.00000e+00
4.430000 1.25993e-03 5.89993e-03 0.00000e+00
4.440000 1.34830e-03 4.90242e-03 0.00000e+00
4.450000 1.36954e-03 3.86334e-03 0.00000e+00
4.460000 1.39699e-03 2.78967e-03 0.00000e+00
4.470000 1.43352e-03 1.66030e-03 0.00000e+00
4.480000 1.45269e-03 5.17289e-04 0.00000e+00
4.490000 1.45316e-03 -4.60045e-04 0.00000e+00
4.500000 1.42472e-03 -1.45623e-03 0.00000e+00
4.510000 1.38941e-03 -2.44782e-03 0.00000e+00
4.520000 1.34856e-03 -3.26559e-03 0.00000e+00
4.530000 1.30629e-03 -4.13863e-03 0.00000e+00
4.540000 1.25443e-03 -4.99217e-03 0.00000e+00
4.550000 1.20126e-03 -5.81913e-03 0.00000e+00
4.560000 1.11046e-03 -6.60065e-03 0.00000e+00
4.570000 1.04658e-03 -7.28017e-03 0.00000e+00
4.580000 9.77145e-04 -7.85336e-03 0.00000e+00
4.590000 9.00531e-04 -8.21482e-03 0.00000e+00
4.600000 8.02312e-04 -8.43842e-03 0.00000e+00
4.610000 7.05520e-04 -8.55162e-03 0.00000e+00
4.620000 6.36908e-04 -8.63860e-03 0.00000e+00
4.630000 5.42708e-04 -8.76329e-03 0.00000e+00
4.640000 4.58955e-04 -8.66331e-03 0.00000e+00
4.650000 3.79131e-04 -8.37208e-03 0.00000e+00
4.660000 3.27253e-04 -8.00505e-03 0.00000e+00
4.670000 2.15076e-04 -7.65271e-03 0.00000e+00
4.680000 1.56563e-04 -7.35411e-03 0.00000e+00
4.690000 5.66575e-05 -6.95295e-03 0.00000e+00
4.700000 -1.83156e-05 -6.45144e-03 0.00000e+00
4.710000 -8.58737e-05 -5.88497e-03 0.00000e+00
4.720000 -1.44649e-04 -5.25048e-03 0.00000e+00
4.730000 -1.91499e-04 -4.63213e-03 0.00000e+00
4.740000 -2.30031e-04 -3.98717e-03 0.00000e+00
4.750000 -2.65880e-04 -3.19372e-03 0.00000e+00
4.760000 -2.89732e-04 -2.36685e-03 0.00000e+00
4.770000 -3.24334e-04 -1.69168e-03 0.00000e+00
4.780000 -3.33763e-04 -1.04175e-03 0.00000e+00
4.790000 -3.46027e-04 -2.82333e-04 0.00000e+00
4.800000 -3.33668e-04 4.45009e-04 0.00000e+00
4.810000 -3.05991e-04 1.08654e-03 0.00000e+00
4.820000 -3.00599e-04 1.66490e-03 0.00000e+00
4.830000 -2.89877e-04 2.32873e-03 0.00000e+00
4.840000 -2.83744e-04 2.89730e-03 0.00000e+00
4.850000 -2.50484e-04 3.31121e-03 0.00000e+00
4.860000 -1.94580e-04 3.61867e-03 0.00000e+00
4.870000 -1.63046e-04 3.69436e-03 0.00000e+00
4.880000 -1.08184e-04 3.67400e-03 0.00000e+00
4.890000 -6.98514e-05 3.60733e-03 0.00000e+00
4.900000 -1.46472e-05 3.53141e-03 0.00000e+00
4.910000 2.48476e-05 3.36988e-03 0.00000e+00
4.920000 7.86862e-05 3.06218e-03 0.00000e+00
4.930000 8.50667e-05 2.61023e-03 0.00000e+00
4.940000 1.14918e-04 1.99574e-03 0.00000e+00
4.950000 1.60211e-04 1.29320e-03 0.00000e+00
4.960000 1.70808e-04 5.74481e-04 0.00000e+00
4.970000 1.72627e-04 -1.73253e-04 0.00000e+00
4.980000 1.72195e-04 -8.56249e-04 0.00000e+00
4.990000 1.62465e-04 -1.62063e-03 0.00000e+00
5.000000 1.65541e-04 -2.52571e-03 0.00000e+00
5.010000 1.05373e-04 -3.44482e-03 0.00000e+00
5.020000 6.24525e-05 -4.32740e-03 0.00000e+00
5.030000 -4.55571e-06 -5.05947e-03 0.00000e+00
5.040000 -6.07572e-05 -5.79492e-03 0.00000e+00
5.050000 -1.12692e-04 -6.47922e-03 0.00000e+00
5.060000 -1.63793e-04 -7.03797e-03 0.00000e+00
5.070000 -2.47294e-04 -7.51979e-03 0.00000e+00
5.080000 -3.48900e-04 -7.91663e-03 0.00000e+00
5.090000 -4.50690e-04 -8.23516e-03 0.00000e+00
5.100000 -5.47329e-04 -8.49667e-03 0.00000e+00
5.110000 -6.32652e-04 -8.64636e-03 0.00000e+00
5.120000 -7.08194e-04 -8.52279e-03 0.00000e+00
5.130000 -7.85730e-04 -8.30714e-03 0.00000e+00
5.140000 -8.72301e-04 -8.01775e-03 0.00000e+00
5.150000 -9.48225e-04 -7.60581e-03 0.00000e+00
5.160000 -1.04877e-03 -7.13103e-03 0.00000e+00
5.170000 -1.10957e-03 -6.44645e-03 0.00000e+00
5.180000 -1.16989e-03 -5.72842e-03 0.00000e+00
5.190000 -1.22495e-03 -5.10534e-03 0.00000e+00
5.200000 -1.27314e-03 -4.37142e-03 0.00000e+00
5.210000 -1.32711e-03 -3.50152e-03 0.00000e+00
5.220000 -1.33927e-03 -2.48161e-03 0.00000e+00
5.230000 -1.37144e-03 -1.29570e-03 0.00000e+00
5.240000 -1.38214e-03 -1.01808e-04 0.00000e+00
5.250000 -1.38991e-03 9.73800e-04 0.00000e+00
5.260000 -1.36913e-03 2.03300e-03 0.00000e+00
5.270000 -1.33283e-03 3.13966e-03 0.00000e+00
5.280000 -1.28392e-03 4.24155e-03 0.00000e+00
5.290000 -1.23903e-03 5.41537e-03 0.00000e+00
5.300000 -1.19110e-03 6.61882e-03 0.00000e+00
5.310000 -1.11461e-03 7.70308e-03 0.00000e+00
5.320000 -1.05466e-03 8.69651e-03 0.00000e+00
5.330000 -9.62054e-04 9.56513e-03 0.00000e+00
5.340000 -8.55632e-04 1.03997e-02 0.00000e+00
5.350000 -7.68206e-04 1.11861e-02 0.00000e+00
5.360000 -6.47976e-04 1.18147e-02 0.00000e+00
5.370000 -4.88700e-04 1.23470e-02 0.00000e+00
5.380000 -3.54213e-04 1.27256e-02 0.00000e+00
5.390000 -2.08000e-04 1.30302e-02 0.00000e+00
5.400000 -7.27737e-05 1.31804e-02 0.00000e+00
5.410000 5.01307e-05 1.31190e-02 0.00000e+00
5.420000 1.85619e-04 1.29593e-02 0.00000e+00
5.430000 3.33880e-04 1.26555e-02 0.00000e+00
5.440000 4.65431e-04 1.23386e-02 0.00000e+00
5.450000 5.89748e-04 1.19678e-02 0.00000e+00
5.460000 7.25948e-04 1.13803e-02 0.00000e+00
5.470000 8.18311e-04 1.06220e-02 0.00000e+00
5.480000 9.16686e-04 9.75667e-03 0.00000e+00
5.490000 1.01000e-03 8.73514e-03 0.00000e+00
5.500000 1.10079e-03 7.56362e-03 0.00000e+00
5.510000 1.17555e-03 6.36566e-03 0.00000e+00
5.520000 1.22031e-03 5.10749e-03 0.00000e+00
5.530000 1.27446e-03 3.81649e-03 0.00000e+00
5.540000 1.31426e-03 2.72738e-03 0.00000e+00
5.550000 1.33501e-03 1.65380e-03 0.00000e+00
5.560000 1.34755e-03 5.00917e-04 0.00000e+00
5.570000 1.33334e-03 -5.65561e-04 0.00000e+00
5.580000 1.33450e-03 -1.72296e-03 0.00000e+00
5.590000 1.31553e-03 -2.82579e-03 0.00000e+00
5.600000 1.27972e-03 -3.72868e-03 0.00000e+00
5.610000 1.25449e-03 -4.58790e-03 0.00000e+00
5.620000 1.16825e-03 -5.41293e-03 0.00000e+00
5.630000 1.09448e-03 -6.05007e-03 0.00000e+00
5.640000 1.01943e-03 -6.55632e-03 0.00000e+00
5.650000 9.30437e-04 -7.02610e-03 0.00000e+00
5.660000 8.48647e-04 -7.38131e-03 0.00000e+00
5.670000 7.67218e-04 -7.61819e-03 0.00000e+00
5.680000 7.07253e-04 -7.72462e-03 0.00000e+00
5.690000 6.39537e-04 -7.73197e-03 0.00000e+00
5.700000 5.68882e-04 -7.65109e-03 0.00000e+00
5.710000 5.02010e-04 -7.46716e-03 0.00000e+00
5.720000 3.94222e-04 -7.17704e-03 0.00000e+00
5.730000 3.34201e-04 -6.74774e-03 0.00000e+00
5.740000 2.63796e-04 -6.23164e-03 0.00000e+00
5.750000 1.85970e-04 -5.52266e-03 0.00000e+00
5.760000 1.63906e-04 -4.67499e-03 0.00000e+00
5.770000 1.02375e-04 -3.85756e-03 0.00000e+00
5.780000 6.35466e-05 -2.91425e-03 0.00000e+00
5.790000 4.06879e-05 -2.03852e-03 0.00000e+00
5.800000 3.69907e-05 -1.27917e-03 0.00000e+00
5.810000 1.34549e-05 -4.23397e-04 0.00000e+00
5.820000 -2.12824e-06 4.30737e-04 0.00000e+00
5.830000 -3.88586e-06 1.20668e-03 0.00000e+00
5.840000 1.04254e-05 1.93323e-03 0.00000e+00
5.850000 3.87747e-05 2.72254e-03 0.00000e+00
5.860000 7.21995e-05 3.57684e-03 0.00000e+00
5.870000 1.02158e-04 4.33557e-03 0.00000e+00
5.880000 1.63224e-04 5.00582e-03 0.00000e+00
5.890000 2.36155e-04 5.45606e-03 0.00000e+00
5.900000 3.12472e-04 5.73073e-03 0.00000e+00
5.910000 3.83330e-04 5.94217e-03 0.00000e+00
5.920000 4.63705e-04 5.93064e-03 0.00000e+00
5.930000 4.99622e-04 5.86370e-03 0.00000e+00
5.940000 5.65338e-04 5.68020e-03 0.00000e+00
5.950000 6.26161e-04 5.29229e-03 0.00000e+00
5.960000 6.65975e-04 4.87055e-03 0.00000e+00
5.970000 7.32761e-04 4.36189e-03 0.00000e+00
5.980000 7.88533e-04 3.67716e-03 0.00000e+00
5.990000 8.19830e-04 2.82882e-03 0.00000e+00
6.000000 8.45318e-04 1.82582e-03 0.00000e+00
6.010000 8.79667e-04 7.66028e-04 0.00000e+00
6.020000 9.06138e-04 -2.50617e-04 0.00000e+00
6.030000 8.98520e-04 -1.33788e-03 0.00000e+00
6.040000 8.61310e-04 -2.59334e-03 0.00000e+00
6.050000 8.26038e-04 -3.89172e-03 0.00000e+00
6.060000 7.58729e-04 -5.04110e-03 0.00000e+00
6.070000 7.03424e-04 -6.08120e-03 0.00000e+00
6.080000 6.30719e-04 -7.09080e-03 0.00000e+00
6.090000 5.49788e-04 -8.02588e-03 0.00000e+00
6.100000 4.68505e-04 -9.06919e-03 0.00000e+00
6.110000 3.68176e-04 -1.01147e-02 0.00000e+00
6.120000 2.68962e-04 -1.09616e-02 0.00000e+00
6.130000 1.55744e-04 -1.17588e-02 0.00000e+00
6.140000 1.76981e-05 -1.24297e-02 0.00000e+00
6.150000 -1.06877e-04 -1.28637e-02 0.00000e+00
6.160000 -2.43509e-04 -1.31833e-02 0.00000e+00
6.170000 -3.83631e-04 -1.34818e-02 0.00000e+00
6.180000 -5.00420e-04 -1.35437e-02 0.00000e+00
6.190000 -6.44361e-04 -1.33063e-02 0.00000e+00
6.200000 -8.04798e-04 -1.29581e-02 0.00000e+00
6.210000 -9.43553e-04 -1.25748e-02 0.00000e+00
6.220000 -1.05456e-03 -1.20611e-02 0.00000e+00
6.230000 -1.15399e-03 -1.14581e-02 0.00000e+00
6.240000 -1.28090e-03 -1.07589e-02 0.00000e+00
6.250000 -1.39591e-03 -9.87326e-03 0.00000e+00
6.260000 -1.51167e-03 -8.90522e-03 0.00000e+00
6.270000 -1.62095e-03 -7.83101e-03 0.00000e+00
6.280000 -1.67391e-03 -6.61261e-03 0.00000e+00
6.290000 -1.73612e-03 -5.24382e-03 0.00000e+00
6.300000 -1.78281e-03 -3.72604e-03 0.00000e+00
6.310000 -1.81127e-03 -2.21635e-03 0.00000e+00
6.320000 -1.81718e-03 -6.60401e-04 0.00000e+00
6.330000 -1.83304e-03 9.54506e-04 0.00000e+00
6.340000 -1.81661e-03 2.49168e-03 0.00000e+00
6.350000 -1.75554e-03 4.04966e-03 0.00000e+00
6.360000 -1.71904e-03 5.61224e-03 0.00000e+00
6.370000 -1.66750e-03 7.01021e-03 0.00000e+00
6.380000 -1.59935e-03 8.30341e-03 0.00000e+00
6.390000 -1.50953e-03 9.58842e-03 0.00000e+00
6.400000 -1.41889e-03 1.09043e-02 0.00000e+00
6.410000 -1.29415e-03 1.20974e-02 0.00000e+00
6.420000 -1.16327e-03 1.30344e-02 0.00000e+00
6.430000 -1.02800e-03 1.37171e-02 0.00000e+00
6.440000 -8.63139e-04 1.41232e-02 0.00000e+00
6.450000 -6.89852e-04 1.45170e-02 0.00000e+00
6.460000 -5.21618e-04 1.48170e-02 0.00000e+00
6.470000 -3.61560e-04 1.48460e-02 0.00000e+00
6.480000 -2.19411e-04 1.46927e-02 0.00000e+00
6.490000 -5.78897e-05 1.44123e-02 0.00000e+00
6.500000 7.00815e-05 1.39068e-02 0.00000e+00
6.510000 2.08661e-04 1.31085e-02 0.00000e+00
6.520000 3.47729e-04 1.22832e-02 0.00000e+00
6.530000 4.79386e-04 1.13072e-02 0.00000e+00
6.540000 5.83058e-04 1.00611e-02 0.00000e+00
6.550000 6.95195e-04 8.70764e-03 0.00000e+00
6.560000 7.81297e-04 7.26951e-03 0.00000e+00
6.570000 8.69129e-04 5.71044e-03 0.00000e+00
6.580000 8.96714e-04 4.12655e-03 0.00000e+00
6.590000 9.22799e-04 2.57859e-03 0.00000e+00
6.600000 9.30115e-04 1.00277e-03 0.00000e+00
6.610000 9.53304e-04 -4.81876e-04 0.00000e+00
6.620000 9.60380e-04 -1.85118e-03 0.00000e+00
6.630000 9.13655e-04 -3.12403e-03 0.00000e+00
6.640000 8.69271e-04 -4.36456e-03 0.00000e+00
6.650000 8.10373e-04 -5.62292e-03 0.00000e+00
6.660000 7.40527e-04 -6.80539e-03 0.00000e+00
6.670000 6.39449e-04 -7.83869e-03 0.00000e+00
6.680000 5.44984e-04 -8.63850e-03 0.00000e+00
6.690000 4.67985e-04 -9.24276e-03 0.00000e+00
6.700000 3.45651e-04 -9.64252e-03 0.00000e+00
6.710000 2.53175e-04 -9.84240e-03 0.00000e+00
6.720000 1.47916e-04 -9.79777e-03 0.00000e+00
6.730000 4.74321e-05 -9.48416e-03 0.00000e+00
6.740000 -5.52860e-05 -8.94401e-03 0.00000e+00
6.750000 -1.34290e-04 -8.31716e-03 0.00000e+00
6.760000 -2.29415e-04 -7.66243e-03 0.00000e+00
6.770000 -3.05040e-04 -6.83826e-03 0.00000e+00
6.780000 -3.79395e-04 -5.76330e-03 0.00000e+00
6.790000 -4.49021e-04 -4.40390e-03 0.00000e+00
6.800000 -5.03376e-04 -3.06242e-03 0.00000e+00
6.810000 -5.60940e-04 -1.72195e-03 0.00000e+00
6.820000 -5.77037e-04 -2.62655e-04 0.00000e+00
6.830000 -5.70487e-04 1.21346e-03 0.00000e+00
6.840000 -5.17855e-04 2.63043e-03 0.00000e+00
6.850000 -4.75054e-04 4.03504e-03 0.00000e+00
6.860000 -4.32336e-04 5.52423e-03 0.00000e+00
6.870000 -3.41117e-04 6.92424e-03 0.00000e+00
6.880000 -2.56364e-04 8.29394e-03 0.00000e+00
6.890000 -1.45088e-04 9.65740e-03 0.00000e+00
6.900000 -4.75686e-05 1.08609e-02 0.00000e+00
6.910000 6.37730e-05 1.19248e-02 0.00000e+00
6.920000 1.69274e-04 1.29491e-02 0.00000e+00
6.930000 3.12286e-04 1.37862e-02 0.00000e+00
6.940000 4.65475e-04 1.43787e-02 0.00000e+00
6.950000 6.25768e-04 1.48099e-02 0.00000e+00
6.960000 7.69175e-04 1.49726e-02 0.00000e+00
6.970000 8.95688e-04 1.48559e-02 0.00000e+00
6.980000 1.05988e-03 1.44712e-02 0.00000e+00
6.990000 1.20009e-03 1.38884e-02 0.00000e+00
7.000000 1.34562e-03 1.31367e-02 0.00000e+00
7.010000 1.48692e-03 1.23446e-02 0.00000e+00
7.020000 1.63634e-03 1.14039e-02 0.00000e+00
7.030000 1.75821e-03 1.02029e-02 0.00000e+00
7.040000 1.87730e-03 8.95451e-03 0.00000e+00
7.050000 1.98354e-03 7.62228e-03 0.00000e+00
7.060000 2.04928e-03 6.11496e-03 0.00000e+00
7.070000 2.10240e-03 4.41223e-03 0.00000e+00
7.080000 2.14662e-03 2.54976e-03 0.00000e+00
7.090000 2.16572e-03 5.35976e-04 0.00000e+00
7.100000 2.13173e-03 -1.49500e-03 0.00000e+00
7.110000 2.11182e-03 -3.44755e-03 0.00000e+00
7.120000 2.05145e-03 -5.38735e-03 0.00000e+00
7.130000 1.97408e-03 -7.35254e-03 0.00000e+00
7.140000 1.88201e-03 -9.37889e-03 0.00000e+00
7.150000 1.78942e-03 -1.12381e-02 0.00000e+00
7.160000 1.66812e-03 -1.29782e-02 0.00000e+00
7.170000 1.53978e-03 -1.46634e-02 0.00000e+00
7.180000 1.40549e-03 -1.61359e-02 0.00000e+00
7.190000 1.22275e-03 -1.73376e-02 0.00000e+00
7.200000 1.06105e-03 -1.83743e-02 0.00000e+00
7.210000 8.60955e-04 -1.91756e-02 0.00000e+00
7.220000 6.44155e-04 -1.96318e-02 0.00000e+00
7.230000 4.08323e-04 -2.00107e-02 0.00000e+00
7.240000 1.89757e-04 -2.02707e-02 0.00000e+00
7.250000 -2.82017e-05 -2.02214e-02 0.00000e+00
7.260000 -2.42673e-04 -1.99047e-02 0.00000e+00
7.270000 -4.37022e-04 -1.94512e-02 0.00000e+00
7.280000 -6.46392e-04 -1.87754e-02 0.00000e+00
7.290000 -8.41361e-04 -1.79489e-02 0.00000e+00
7.300000 -1.02754e-03 -1.70392e-02 0.00000e+00
7.310000 -1.18820e-03 -1.59107e-02 0.00000e+00
7.320000 -1.33226e-03 -1.44796e-02 0.00000e+00
7.330000 -1.48771e-03 -1.28761e-02 0.00000e+00
7.340000 -1.59027e-03 -1.12108e-02 0.00000e+00
7.350000 -1.68371e-03 -9.32000e-03 0.00000e+00
7.360000 -1.75964e-03 -7.32073e-03 0.00000e+00
7.370000 -1.83622e-03 -5.23119e-03 0.00000e+00
7.380000 -1.85395e-03 -3.15129e-03 0.00000e+00
7.390000 -1.90513e-03 -1.25422e-03 0.00000e+00
7.400000 -1.93281e-03 5.84123e-04 0.00000e+00
7.410000 -1.90238e-03 2.47984e-03 0.00000e+00
7.420000 -1.85801e-03 4.34757e-03 0.00000e+00
7.430000 -1.80906e-03 6.10295e-03 0.00000e+00
7.440000 -1.74120e-03 7.85651e-03 0.00000e+00
7.450000 -1.66156e-03 9.46830e-03 0.00000e+00
7.460000 -1.57577e-03 1.08624e-02 0.00000e+00
7.470000 -1.43396e-03 1.20500e-02 0.00000e+00
7.480000 -1.28488e-03 1.31269e-02 0.00000e+00
7.490000 -1.12482e-03 1.40934e-02 0.00000e+00
7.500000 -9.94311e-04 1.47544e-02 0.00000e+00
7.510000 -8.21432e-04 1.52342e-02 0.00000e+00
7.520000 -6.42335e-04 1.56019e-02 0.00000e+00
7.530000 -4.86045e-04 1.57465e-02 0.00000e+00
7.540000 -3.36630e-04 1.55611e-02 0.00000e+00
7.550000 -2.03941e-04 1.52103e-02 0.00000e+00
7.560000 -3.95996e-05 1.45968e-02 0.00000e+00
7.570000 1.37941e-04 1.35630e-02 0.00000e+00
7.580000 2.88159e-04 1.23929e-02 0.00000e+00
7.590000 4.02869e-04 1.11552e-02 0.00000e+00
7.600000 5.27423e-04 9.77664e-03 0.00000e+00
7.610000 6.28272e-04 8.20101e-03 0.00000e+00
7.620000 6.89605e-04 6.40717e-03 0.00000e+00
7.630000 7.54168e-04 4.41698e-03 0.00000e+00
7.640000 7.92180e-04 2.45934e-03 0.00000e+00
7.650000 8.41605e-04 6.41318e-04 0.00000e+00
7.660000 8.21273e-04 -1.15650e-03 0.00000e+00
7.670000 8.07653e-04 -3.04772e-03 0.00000e+00
7.680000 7.68215e-04 -4.93262e-03 0.00000e+00
7.690000 7.07513e-04 -6.66537e-03 0.00000e+00
7.700000 6.06179e-04 -8.35276e-03 0.00000e+00
7.710000 4.95758e-04 -9.98556e-03 0.00000e+00
7.720000 3.82552e-04 -1.15469e-02 0.00000e+00
7.730000 2.29445e-04 -1.28826e-02 0.00000e+00
7.740000 9.08167e-05 -1.38136e-02 0.00000e+00
7.750000 -4.55746e-05 -1.44752e-02 0.00000e+00
7.760000 -1.92798e-04 -1.50417e-02 0.00000e+00
7.770000 -3.58022e-04 -1.53724e-02 0.00000e+00
7.780000 -5.44124e-04 -1.54160e-02 0.00000e+00
7.790000 -7.09615e-04 -1.53232e-02 0.00000e+00
7.800000 -8.58423e-04 -1.49943e-02 0.00000e+00
7.810000 -9.84129e-04 -1.44119e-02 0.00000e+00
7.820000 -1.13030e-03 -1.34571e-02 0.00000e+00
7.830000 -1.27870e-03 -1.22693e-02 0.00000e+00
7.840000 -1.41855e-03 -1.09471e-02 0.00000e+00
7.850000 -1.52893e-03 -9.32874e-03 0.00000e+00
7.860000 -1.62606e-03 -7.51906e-03 0.00000e+00
7.870000 -1.69670e-03 -5.60775e-03 0.00000e+00
7.880000 -1.74413e-03 -3.57942e-03 0.00000e+00
7.890000 -1.76792e-03 -1.38947e-03 0.00000e+00
7.900000 -1.75666e-03 8.75209e-04 0.00000e+00
7.910000 -1.73653e-03 3.24174e-03 0.00000e+00
7.920000 -1.71344e-03 5.67847e-03 0.00000e+00
7.930000 -1.66268e-03 8.18913e-03 0.00000e+00
7.940000 -1.56945e-03 1.06648e-02 0.00000e+00
7.950000 -1.47024e-03 1.29404e-02 0.00000e+00
7.960000 -1.33212e-03 1.51134e-02 0.00000e+00
7.970000 -1.16235e-03 1.72108e-02 0.00000e+00
7.980000 -9.71909e-04 1.92861e-02 0.00000e+00
7.990000 -7.41127e-04 2.12521e-02 0.00000e+00
8.000000 -5.36463e-04 2.28349e-02 0.00000e+00
8.010000 -2.80578e-04 2.40650e-02 0.00000e+00
8.020000 -2.31664e-05 2.50307e-02 0.00000e+00
8.030000 2.42973e-04 2.56963e-02 0.00000e+00
8.040000 5.16078e-04 2.60684e-02 0.00000e+00
8.050000 8.04083e-04 2.61348e-02 0.00000e+00
8.060000 1.08000e-03 2.58864e-02 0.00000e+00
8.070000 1.36689e-03 2.53836e-02 0.00000e+00
8.080000 1.62836e-03 2.45304e-02 0.00000e+00
8.090000 1.87480e-03 2.32382e-02 0.00000e+00
8.100000 2.13201e-03 2.15736e-02 0.00000e+00
8.110000 2.32785e-03 1.95778e-02 0.00000e+00
8.120000 2.53273e-03 1.73057e-02 0.00000e+00
8.130000 2.71157e-03 1.47954e-02 0.00000e+00
8.140000 2.86575e-03 1.20786e-02 0.00000e+00
8.150000 2.99947e-03 9.21182e-03 0.00000e+00
8.160000 3.06904e-03 6.35033e-03 0.00000e+00
8.170000 3.09181e-03 3.35490e-03 0.00000e+00
8.180000 3.12174e-03 2.17073e-04 0.00000e+00
8.190000 3.09970e-03 -2.85305e-03 0.00000e+00
8.200000 3.06112e-03 -5.89839e-03 0.00000e+00
8.210000 2.98235e-03 -8.87484e-03 0.00000e+00
8.220000 2.87318e-03 -1.16726e-02 0.00000e+00
8.230000 2.73378e-03 -1.43735e-02 0.00000e+00
8.240000 2.56398e-03 -1.68935e-02 0.00000e+00
8.250000 2.34701e-03 -1.91424e-02 0.00000e+00
8.260000 2.13271e-03 -2.12377e-02 0.00000e+00
8.270000 1.88481e-03 -2.30242e-02 0.00000e+00
8.280000 1.63191e-03 -2.45525e-02 0.00000e+00
8.290000 1.38407e-03 -2.58181e-02 0.00000e+00
8.300000 1.10824e-03 -2.67267e-02 0.00000e+00
8.310000 8.34101e-04 -2.73116e-02 0.00000e+00
8.320000 5.70152e-04 -2.74512e-02 0.00000e+00
8.330000 2.96449e-04 -2.72953e-02 0.00000e+00
8.340000 -4.74420e-06 -2.70045e-02 0.00000e+00
8.350000 -2.76139e-04 -2.62686e-02 0.00000e+00
8.360000 -5.31409e-04 -2.51252e-02 0.00000e+00
8.370000 -7.91200e-04 -2.37845e-02 0.00000e+00
8.380000 -1.02747e-03 -2.21691e-02 0.00000e+00
8.390000 -1.25583e-03 -2.02574e-02 0.00000e+00
8.400000 -1.47704e-03 -1.80853e-02 0.00000e+00
8.410000 -1.64021e-03 -1.57570e-02 0.00000e+00
8.420000 -1.80625e-03 -1.33759e-02 0.00000e+00
8.430000 -1.94592e-03 -1.08745e-02 0.00000e+00
8.440000 -2.04049e-03 -8.22579e-03 0.00000e+00
8.450000 -2.11990e-03 -5.49793e-03 0.00000e+00
8.460000 -2.15719e-03 -2.58059e-03 0.00000e+00
8.470000 -2.17111e-03 3.62643e-04 0.00000e+00
8.480000 -2.13377e-03 3.22349e-03 0.00000e+00
8.490000 -2.07407e-03 6.11256e-03 0.00000e+00
8.500000 -2.00920e-03 8.92381e-03 0.00000e+00
8.510000 -1.89649e-03 1.14950e-02 0.00000e+00
8.520000 -1.73696e-03 1.38266e-02 0.00000e+00
8.530000 -1.61087e-03 1.60572e-02 0.00000e+00
8.540000 -1.43768e-03 1.80652e-02 0.00000e+00
8.550000 -1.23191e-03 1.97520e-02 0.00000e+00
8.560000 -1.00969e-03 2.12109e-02 0.00000e+00
8.570000 -7.97925e-04 2.22924e-02 0.00000e+00
8.580000 -5.70278e-04 2.30387e-02 0.00000e+00
8.590000 -3.28122e-04 2.34936e-02 0.00000e+00
8.600000 -6.16644e-05 2.35054e-02 0.00000e+00
8.610000 1.97090e-04 2.31247e-02 0.00000e+00
8.620000 4.56278e-04 2.23993e-02 0.00000e+00
8.630000 7.03137e-04 2.12744e-02 0.00000e+00
8.640000 9.06562e-04 1.97912e-02 0.00000e+00
8.650000 1.11882e-03 1.80913e-02 0.00000e+00
8.660000 1.30474e-03 1.61637e-02 0.00000e+00
8.670000 1.45817e-03 1.38522e-02 0.00000e+00
8.680000 1.59505e-03 1.13176e-02 0.00000e+00
8.690000 1.70502e-03 8.77073e-03 0.00000e+00
8.700000 1.80860e-03 5.92177e-03 0.00000e+00
8.710000 1.84326e-03 2.75901e-03 0.00000e+00
8.720000 1.86930e-03 -4.23668e-04 0.00000e+00
8.730000 1.85653e-03 -3.58033e-03 0.00000e+00
8.740000 1.78240e-03 -6.80318e-03 0.00000e+00
8.750000 1.69836e-03 -1.00691e-02 0.00000e+00
8.760000 1.57283e-03 -1.31878e-02 0.00000e+00
8.770000 1.40155e-03 -1.60566e-02 0.00000e+00
8.780000 1.21733e-03 -1.86892e-02 0.00000e+00
8.790000 1.01317e-03 -2.10978e-02 0.00000e+00
8.800000 7.71127e-04 -2.32732e-02 0.00000e+00
8.810000 5.40599e-04 -2.52497e-02 0.00000e+00
8.820000 2.77958e-04 -2.69135e-02 0.00000e+00
8.830000 -1.42138e-05 -2.82095e-02 0.00000e+00
8.840000 -3.18591e-04 -2.91821e-02 0.00000e+00
8.850000 -6.05942e-04 -2.97202e-02 0.00000e+00
8.860000 -9.34020e-04 -2.98395e-02 0.00000e+00
8.870000 -1.27863e-03 -2.94611e-02 0.00000e+00
8.880000 -1.58551e-03 -2.87061e-02 0.00000e+00
8.890000 -1.87304e-03 -2.75710e-02 0.00000e+00
8.900000 -2.15314e-03 -2.58945e-02 0.00000e+00
8.910000 -2.42627e-03 -2.39377e-02 0.00000e+00
8.920000 -2.65991e-03 -2.16950e-02 0.00000e+00
8.930000 -2.86460e-03 -1.90984e-02 0.00000e+00
8.940000 -3.05815e-03 -1.62473e-02 0.00000e+00
8.950000 -3.22712e-03 -1.31199e-02 0.00000e+00
8.960000 -3.36593e-03 -9.68933e-03 0.00000e+00
8.970000 -3.46595e-03 -6.10296e-03 0.00000e+00
8.980000 -3.51217e-03 -2.33060e-03 0.00000e+00
8.990000 -3.52036e-03 1.64378e-03 0.00000e+00
9.000000 -3.48652e-03 5.62156e-03 0.00000e+00
9.010000 -3.39911e-03 9.55608e-03 0.00000e+00
9.020000 -3.26962e-03 1.35706e-02 0.00000e+00
9.030000 -3.11897e-03 1.74741e-02 0.00000e+00
9.040000 -2.90542e-03 2.10238e-02 0.00000e+00
9.050000 -2.68857e-03 2.43512e-02 0.00000e+00
9.060000 -2.39254e-03 2.75268e-02 0.00000e+00
9.070000 -2.10285e-03 3.04585e-02 0.00000e+00
9.080000 -1.79236e-03 3.29507e-02 0.00000e+00
9.090000 -1.43967e-03 3.50683e-02 0.00000e+00
9.100000 -1.05716e-03 3.69686e-02 0.00000e+00
9.110000 -6.59433e-04 3.83884e-02 0.00000e+00
9.120000 -2.46786e-04 3.92563e-02 0.00000e+00
9.130000 1.67385e-04 3.96715e-02 0.00000e+00
9.140000 5.80034e-04 3.95485e-02 0.00000e+00
9.150000 1.00654e-03 3.90148e-02 0.00000e+00
9.160000 1.41772e-03 3.80596e-02 0.00000e+00
9.170000 1.80773e-03 3.65872e-02 0.00000e+00
9.180000 2.19150e-03 3.46829e-02 0.00000e+00
9.190000 2.55112e-03 3.24218e-02 0.00000e+00
9.200000 2.85071e-03 2.97721e-02 0.00000e+00
9.210000 3.14115e-03 2.67540e-02 0.00000e+00
9.220000 3.40441e-03 2.33955e-02 0.00000e+00
9.230000 3.63771e-03 1.98195e-02 0.00000e+00
9.240000 3.81986e-03 1.60520e-02 0.00000e+00
9.250000 3.95440e-03 1.19651e-02 0.00000e+00
9.260000 4.08618e-03 7.75975e-03 0.00000e+00
9.270000 4.15059e-03 3.55535e-03 0.00000e+00
9.280000 4.13555e-03 -6.09329e-04 0.00000e+00
9.290000 4.12204e-03 -4.69074e-03 0.00000e+00
9.300000 4.04237e-03 -8.73621e-03 0.00000e+00
9.310000 3.92133e-03 -1.26920e-02 0.00000e+00
9.320000 3.77962e-03 -1.64396e-02 0.00000e+00
9.330000 3.56196e-03 -1.99426e-02 0.00000e+00
9.340000 3.33120e-03 -2.32480e-02 0.00000e+00
9.350000 3.06876e-03 -2.62455e-02 0.00000e+00
9.360000 2.78950e-03 -2.88297e-02 0.00000e+00
9.370000 2.46615e-03 -3.11809e-02 0.00000e+00
9.380000 2.12718e-03 -3.32288e-02 0.00000e+00
9.390000 1.77980e-03 -3.48078e-02 0.00000e+00
9.400000 1.41783e-03 -3.59566e-02 0.00000e+00
9.410000 1.03865e-03 -3.66584e-02 0.00000e+00
9.420000 6.58554e-04 -3.69354e-02 0.00000e+00
9.430000 2.96196e-04 -3.66307e-02 0.00000e+00
9.440000 -7.51610e-05 -3.57954e-02 0.00000e+00
9.450000 -4.30908e-04 -3.47239e-02 0.00000e+00
9.460000 -7.98740e-04 -3.32268e-02 0.00000e+00
9.470000 -1.14973e-03 -3.12374e-02 0.00000e+00
9.480000 -1.46498e-03 -2.89219e-02 0.00000e+00
9.490000 -1.76311e-03 -2.61821e-02 0.00000e+00
9.500000 -2.02829e-03 -2.31791e-02 0.00000e+00
9.510000 -2.26701e-03 -2.00049e-02 0.00000e+00
9.520000 -2.44952e-03 -1.65296e-02 0.00000e+00
9.530000 -2.61456e-03 -1.27173e-02 0.00000e+00
9.540000 -2.74759e-03 -8.69372e-03 0.00000e+00
9.550000 -2.81149e-03 -4.63416e-03 0.00000e+00
9.560000 -2.83941e-03 -4.58379e-04 0.00000e+00
9.570000 -2.81910e-03 3.76158e-03 0.00000e+00
9.580000 -2.74309e-03 7.88151e-03 0.00000e+00
9.590000 -2.63675e-03 1.19505e-02 0.00000e+00
9.600000 -2.48015e-03 1.59479e-02 0.00000e+00
9.610000 -2.31852e-03 1.97277e-02 0.00000e+00
9.620000 -2.10467e-03 2.32605e-02 0.00000e+00
9.630000 -1.83676e-03 2.64568e-02 0.00000e+00
9.640000 -1.54868e-03 2.92326e-02 0.00000e+00
9.650000 -1.23708e-03 3.16261e-02 0.00000e+00
9.660000 -8.92895e-04 3.35592e-02 0.00000e+00
9.670000 -5.50835e-04 3.49583e-02 0.00000e+00
9.680000 -1.63763e-04 3.59053e-02 0.00000e+00
9.690000 2.42496e-04 3.64157e-02 0.00000e+00
9.700000 6.50842e-04 3.63488e-02 0.00000e+00
9.710000 1.02152e-03 3.56200e-02 0.00000e+00
9.720000 1.39269e-03 3.44005e-02 0.00000e+00
9.730000 1.76441e-03 3.27045e-02 0.00000e+00
9.740000 2.09478e-03 3.04972e-02 0.00000e+00
9.750000 2.41818e-03 2.79083e-02 0.00000e+00
9.760000 2.71685e-03 2.48553e-02 0.00000e+00
9.770000 2.95342e-03 2.14246e-02 0.00000e+00
9.780000 3.16357e-03 1.76168e-02 0.00000e+00
9.790000 3.33345e-03 1.33844e-02 0.00000e+00
9.800000 3.44954e-03 8.97972e-03 0.00000e+00
9.810000 3.52144e-03 4.47503e-03 0.00000e+00
9.820000 3.53795e-03 -2.27918e-04 0.00000e+00
9.830000 3.50659e-03 -5.05869e-03 0.00000e+00
9.840000 3.43319e-03 -9.89216e-03 0.00000e+00
9.850000 3.32607e-03 -1.45668e-02 0.00000e+00
9.860000 3.12937e-03 -1.89477e-02 0.00000e+00
9.870000 2.89657e-03 -2.31259e-02 0.00000e+00
9.880000 2.62401e-03 -2.71697e-02 0.00000e+00
9.890000 2.33113e-03 -3.10072e-02 0.00000e+00
9.900000 1.97638e-03 -3.44521e-02 0.00000e+00
9.910000 1.61380e-03 -3.75061e-02 0.00000e+00
9.920000 1.20383e-03 -4.01758e-02 0.00000e+00
9.930000 7.66433e-04 -4.23269e-02 0.00000e+00
9.940000 3.29849e-04 -4.40394e-02 0.00000e+00
9.950000 -1.48343e-04 -4.52945e-02 0.00000e+00
9.960000 -6.24245e-04 -4.59812e-02 0.00000e+00
9.970000 -1.08408e-03 -4.61295e-02 0.00000e+00
9.980000 -1.56266e-03 -4.57213e-02 0.00000e+00
9.990000 -2.04554e-03 -4.48043e-02 0.00000e+00
10.000000 -2.48915e-03 -4.33674e-02 0.00000e+00
10.010000 -2.90356e-03 -4.13752e-02 0.00000e+00
10.020000 -3.31039e-03 -3.88064e-02 0.00000e+00
10.030000 -3.70782e-03 -3.58080e-02 0.00000e+00
10.040000 -4.09314e-03 -3.25072e-02 0.00000e+00
10.050000 -4.41889e-03 -2.87663e-02 0.00000e+00
10.060000 -4.71165e-03 -2.45521e-02 0.00000e+00
10.070000 -4.94044e-03 -2.00036e-02 0.00000e+00
10.080000 -5.14210e-03 -1.51095e-02 0.00000e+00
10.090000 -5.28180e-03 -9.92783e-03 0.00000e+00
10.100000 -5.36513e-03 -4.63325e-03 0.00000e+00
10.110000 -5.39699e-03 8.13959e-04 0.00000e+00
10.120000 -5.36345e-03 6.20750e-03 0.00000e+00
10.130000 -5.27085e-03 1.15034e-02 0.00000e+00
10.140000 -5.12568e-03 1.68773e-02 0.00000e+00
10.150000 -4.92414e-03 2.21211e-02 0.00000e+00
10.160000 -4.68115e-03 2.70164e-02 0.00000e+00
10.170000 -4.36319e-03 3.16622e-02 0.00000e+00
10.180000 -4.01800e-03 3.61624e-02 0.00000e+00
10.190000 -3.61229e-03 4.03679e-02 0.00000e+00
10.200000 -3.18907e-03 4.40116e-02 0.00000e+00
10.210000 -2.70754e-03 4.70291e-02 0.00000e+00
10.220000 -2.18173e-03 4.95571e-02 0.00000e+00
10.230000 -1.64046e-03 5.15002e-02 0.00000e+00
10.240000 -1.08685e-03 5.28218e-02 0.00000e+00
10.250000 -5.14447e-04 5.35473e-02 0.00000e+00
10.260000 3.03402e-05 5.36632e-02 0.00000e+00
10.270000 5.83789e-04 5.32078e-02 0.00000e+00
10.280000 1.11769e-03 5.21174e-02 0.00000e+00
10.290000 1.63797e-03 5.04255e-02 0.00000e+00
10.300000 2.17481e-03 4.81738e-02 0.00000e+00
10.310000 2.67385e-03 4.53581e-02 0.00000e+00
10.320000 3.11366e-03 4.20847e-02 0.00000e+00
10.330000 3.53842e-03 3.83328e-02 0.00000e+00
10.340000 3.93503e-03 3.41954e-02 0.00000e+00
10.350000 4.28463e-03 2.97125e-02 0.00000e+00
10.360000 4.54962e-03 2.48886e-02 0.00000e+00
10.370000 4.75711e-03 1.98320e-02 0.00000e+00
10.380000 4.93834e-03 1.45789e-02 0.00000e+00
10.390000 5.05801e-03 9.42213e-03 0.00000e+00
10.400000 5.10206e-03 4.28916e-03 0.00000e+00
10.410000 5.12558e-03 -8.73455e-04 0.00000e+00
10.420000 5.08476e-03 -5.88215e-03 0.00000e+00
10.430000 4.99649e-03 -1.08529e-02 0.00000e+00
10.440000 4.83583e-03 -1.57999e-02 0.00000e+00
10.450000 4.63410e-03 -2.05641e-02 0.00000e+00
10.460000 4.38463e-03 -2.50272e-02 0.00000e+00
10.470000 4.10074e-03 -2.90336e-02 0.00000e+00
10.480000 3.77826e-03 -3.26351e-02 0.00000e+00
10.490000 3.43753e-03 -3.59801e-02 0.00000e+00
10.500000 3.03251e-03 -3.89148e-02 0.00000e+00
10.510000 2.63508e-03 -4.12744e-02 0.00000e+00
10.520000 2.18519e-03 -4.30901e-02 0.00000e+00
10.530000 1.75275e-03 -4.44423e-02 0.00000e+00
10.540000 1.29776e-03 -4.54079e-02 0.00000e+00
10.550000 8.47176e-04 -4.58281e-02 0.00000e+00
10.560000 4.04361e-04 -4.56687e-02 0.00000e+00
10.570000 -9.32201e-05 -4.50674e-02 0.00000e+00
10.580000 -5.45666e-04 -4.38834e-02 0.00000e+00
10.590000 -1.01171e-03 -4.20789e-02 0.00000e+00
10.600000 -1.46946e-03 -3.97582e-02 0.00000e+00
10.610000 -1.88404e-03 -3.70669e-02 0.00000e+00
10.620000 -2.24436e-03 -3.40280e-02 0.00000e+00
10.630000 -2.57505e-03 -3.05806e-02 0.00000e+00
10.640000 -2.88716e-03 -2.67451e-02 0.00000e+00
10.650000 -3.16836e-03 -2.25294e-02 0.00000e+00
10.660000 -3.38657e-03 -1.80014e-02 0.00000e+00
10.670000 -3.54167e-03 -1.33161e-02 0.00000e+00
10.680000 -3.65180e-03 -8.40080e-03 0.00000e+00
10.690000 -3.71392e-03 -3.31930e-03 0.00000e+00
10.700000 -3.72142e-03 1.78312e-03 0.00000e+00
10.710000 -3.68813e-03 6.98034e-03 0.00000e+00
10.720000 -3.57351e-03 1.21910e-02 0.00000e+00
10.730000 -3.42666e-03 1.73286e-02 0.00000e+00
10.740000 -3.20996e-03 2.21459e-02 0.00000e+00
10.750000 -2.94897e-03 2.66217e-02 0.00000e+00
10.760000 -2.65308e-03 3.07450e-02 0.00000e+00
10.770000 -2.33310e-03 3.43532e-02 0.00000e+00
10.780000 -1.97838e-03 3.75615e-02 0.00000e+00
10.790000 -1.56454e-03 4.04589e-02 0.00000e+00
10.800000 -1.12285e-03 4.28487e-02 0.00000e+00
10.810000 -6.53991e-04 4.45410e-02 0.00000e+00
10.820000 -1.74386e-04 4.55859e-02 0.00000e+00
10.830000 3.06070e-04 4.60499e-02 0.00000e+00
10.840000 8.05446e-04 4.59839e-02 0.00000e+00
10.850000 1.31171e-03 4.52983e-02 0.00000e+00
10.860000 1.78004e-03 4.39881e-02 0.00000e+00
10.870000 2.24274e-03 4.21514e-02 0.00000e+00
10.880000 2.69601e-03 3.96836e-02 0.00000e+00
10.890000 3.09294e-03 3.67186e-02 0.00000e+00
10.900000 3.45062e-03 3.33212e-02 0.00000e+00
10.910000 3.76984e-03 2.95077e-02 0.00000e+00
10.920000 4.05294e-03 2.54157e-02 0.00000e+00
10.930000 4.28933e-03 2.09899e-02 0.00000e+00
10.940000 4.49182e-03 1.61699e-02 0.00000e+00
10.950000 4.64429e-03 1.10582e-02 0.00000e+00
10.960000 4.72254e-03 5.86128e-03 0.00000e+00
10.970000 4.71896e-03 6.23199e-04 0.00000e+00
10.980000 4.69366e-03 -4.52017e-03 0.00000e+00
10.990000 4.62250e-03 -9.60539e-03 0.00000e+00
11.000000 4.48748e-03 -1.46917e-02 0.00000e+00
11.010000 4.30256e-03 -1.95018e-02 0.00000e+00
11.020000 4.05929e-03 -2.39855e-02 0.00000e+00
11.030000 3.79734e-03 -2.83319e-02 0.00000e+00
11.040000 3.47446e-03 -3.25035e-02 0.00000e+00
11.050000 3.10511e-03 -3.62197e-02 0.00000e+00
11.060000 2.73190e-03 -3.95210e-02 0.00000e+00
11.070000 2.30496e-03 -4.25231e-02 0.00000e+00
11.080000 1.86711e-03 -4.51115e-02 0.00000e+00
11.090000 1.38905e-03 -4.73168e-02 0.00000e+00
11.100000 8.83034e-04 -4.90916e-02 0.00000e+00
11.110000 3.63031e-04 -5.02657e-02 0.00000e+00
11.120000 -1.36953e-04 -5.08844e-02 0.00000e+00
11.130000 -6.53882e-04 -5.10504e-02 0.00000e+00
11.140000 -1.16301e-03 -5.08487e-02 0.00000e+00
11.150000 -1.65998e-03 -5.01441e-02 0.00000e+00
11.160000 -2.19430e-03 -4.88767e-02 0.00000e+00
11.170000 -2.67283e-03 -4.71703e-02 0.00000e+00
11.180000 -3.13598e-03 -4.50274e-02 0.00000e+00
11.190000 -3.61863e-03 -4.25008e-02 0.00000e+00
11.200000 -4.06321e-03 -3.94698e-02 0.00000e+00
11.210000 -4.44980e-03 -3.60095e-02 0.00000e+00
11.220000 -4.77930e-03 -3.22470e-02 0.00000e+00
11.230000 -5.10951e-03 -2.80419e-02 0.00000e+00
11.240000 -5.38468e-03 -2.34875e-02 0.00000e+00
11.250000 -5.61403e-03 -1.86611e-02 0.00000e+00
11.260000 -5.80078e-03 -1.36221e-02 0.00000e+00
11.270000 -5.89675e-03 -8.53286e-03 0.00000e+00
11.280000 -5.95050e-03 -3.35649e-03 0.00000e+00
11.290000 -5.97295e-03 1.97928e-03 0.00000e+00
11.300000 -5.92577e-03 7.36699e-03 0.00000e+00
11.310000 -5.83372e-03 1.27218e-02 0.00000e+00
11.320000 -5.66994e-03 1.80289e-02 0.00000e+00
11.330000 -5.48088e-03 2.30683e-02 0.00000e+00
11.340000 -5.21396e-03 2.78756e-02 0.00000e+00
11.350000 -4.90968e-03 3.24881e-02 0.00000e+00
11.360000 -4.54449e-03 3.65743e-02 0.00000e+00
11.370000 -4.13003e-03 4.00816e-02 0.00000e+00
11.380000 -3.70037e-03 4.32288e-02 0.00000e+00
11.390000 -3.21417e-03 4.61085e-02 0.00000e+00
11.400000 -2.71214e-03 4.85025e-02 0.00000e+00
11.410000 -2.19684e-03 5.02429e-02 0.00000e+00
11.420000 -1.66537e-03 5.14049e-02 0.00000e+00
11.430000 -1.13259e-03 5.20061e-02 0.00000e+00
11.440000 -5.85805e-04 5.21585e-02 0.00000e+00
11.450000 -2.24236e-05 5.18599e-02 0.00000e+00
11.460000 5.17838e-04 5.09111e-02 0.00000e+00
11.470000 1.04319e-03 4.94978e-02 0.00000e+00
11.480000 1.54936e-03 4.76359e-02 0.00000e+00
11.490000 2.02103e-03 4.52943e-02 0.00000e+00
11.500000 2.46155e-03 4.25152e-02 0.00000e+00
11.510000 2.87457e-03 3.94022e-02 0.00000e+00
11.520000 3.23199e-03 3.60112e-02 0.00000e+00
11.530000 3.55664e-03 3.22670e-02 0.00000e+00
11.540000 3.86793e-03 2.83867e-02 0.00000e+00
11.550000 4.15846e-03 2.43356e-02 0.00000e+00
11.560000 4.38656e-03 2.01495e-02 0.00000e+00
11.570000 4.54798e-03 1.59258e-02 0.00000e+00
11.580000 4.66103e-03 1.16337e-02 0.00000e+00
11.590000 4.75803e-03 7.38075e-03 0.00000e+00
11.600000 4.80933e-03 3.20748e-03 0.00000e+00
11.610000 4.81905e-03 -8.72610e-04 0.00000e+00
11.620000 4.77387e-03 -4.80464e-03 0.00000e+00
11.630000 4.69531e-03 -8.66219e-03 0.00000e+00
11.640000 4.60455e-03 -1.23566e-02 0.00000e+00
11.650000 4.42762e-03 -1.57461e-02 0.00000e+00
11.660000 4.25450e-03 -1.88816e-02 0.00000e+00
11.670000 4.03460e-03 -2.17942e-02 0.00000e+00
11.680000 3.80637e-03 -2.45289e-02 0.00000e+00
11.690000 3.51265e-03 -2.71308e-02 0.00000e+00
11.700000 3.22486e-03 -2.95805e-02 0.00000e+00
11.710000 2.92978e-03 -3.16526e-02 0.00000e+00
11.720000 2.59515e-03 -3.31994e-02 0.00000e+00
11.730000 2.25889e-03 -3.44135e-02 0.00000e+00
11.740000 1.90979e-03 -3.54562e-02 0.00000e+00
11.750000 1.55667e-03 -3.62856e-02 0.00000e+00
11.760000 1.20010e-03 -3.67769e-02 0.00000e+00
11.770000 8.21884e-04 -3.68764e-02 0.00000e+00
11.780000 4.37522e-04 -3.66268e-02 0.00000e+00
11.790000 5.25593e-05 -3.60916e-02 0.00000e+00
11.800000 -3.09945e-04 -3.52681e-02 0.00000e+00
11.810000 -6.30213e-04 -3.40145e-02 0.00000e+00
11.820000 -9.64721e-04 -3.25000e-02 0.00000e+00
11.830000 -1.29895e-03 -3.07232e-02 0.00000e+00
11.840000 -1.62976e-03 -2.86143e-02 0.00000e+00
11.850000 -1.94492e-03 -2.62470e-02 0.00000e+00
11.860000 -2.20893e-03 -2.36927e-02 0.00000e+00
11.870000 -2.43579e-03 -2.09654e-02 0.00000e+00
11.880000 -2.60322e-03 -1.79120e-02 0.00000e+00
11.890000 -2.77592e-03 -1.47036e-02 0.00000e+00
11.900000 -2.93166e-03 -1.13686e-02 0.00000e+00
11.910000 -3.04395e-03 -7.78069e-03 0.00000e+00
11.920000 -3.10597e-03 -4.01579e-03 0.00000e+00
11.930000 -3.12954e-03 -1.94378e-04 0.00000e+00
11.940000 -3.10464e-03 3.55371e-03 0.00000e+00
11.950000 -3.05531e-03 7.13341e-03 0.00000e+00
11.960000 -2.96342e-03 1.05681e-02 0.00000e+00
11.970000 -2.83322e-03 1.39360e-02 0.00000e+00
11.980000 -2.66110e-03 1.72734e-02 0.00000e+00
11.990000 -2.48108e-03 2.04459e-02 0.00000e+00
12.000000 -2.24659e-03 2.33267e-02 0.00000e+00
12.010000 -2.00852e-03 2.58448e-02 0.00000e+00
12.020000 -1.72480e-03 2.79813e-02 0.00000e+00
12.030000 -1.42910e-03 2.97961e-02 0.00000e+00
12.040000 -1.09291e-03 3.12994e-02 0.00000e+00
12.050000 -7.46956e-04 3.25353e-02 0.00000e+00
12.060000 -3.92806e-04 3.34255e-02 0.00000e+00
12.070000 -1.58070e-05 3.38031e-02 0.00000e+00
12.080000 3.61220e-04 3.37745e-02 0.00000e+00
12.090000 6.95410e-04 3.34528e-02 0.00000e+00
12.100000 1.02200e-03 3.27553e-02 0.00000e+00
12.110000 1.33515e-03 3.17488e-02 0.00000e+00
12.120000 1.65226e-03 3.04323e-02 0.00000e+00
12.130000 1.96634e-03 2.87390e-02 0.00000e+00
12.140000 2.26448e-03 2.67221e-02 0.00000e+00
12.150000 2.52081e-03 2.44806e-02 0.00000e+00
12.160000 2.76204e-03 2.20366e-02 0.00000e+00
12.170000 2.96539e-03 1.94144e-02 0.00000e+00
12.180000 3.13711e-03 1.66533e-02 0.00000e+00
12.190000 3.28529e-03 1.37319e-02 0.00000e+00
12.200000 3.39676e-03 1.06925e-02 0.00000e+00
12.210000 3.48523e-03 7.62970e-03 0.00000e+00
12.220000 3.54761e-03 4.55155e-03 0.00000e+00
12.230000 3.57508e-03 1.44123e-03 0.00000e+00
12.240000 3.56485e-03 -1.58769e-03 0.00000e+00
12.250000 3.54044e-03 -4.52504e-03 0.00000e+00
12.260000 3.46673e-03 -7.53822e-03 0.00000e+00
12.270000 3.35805e-03 -1.06571e-02 0.00000e+00
12.280000 3.24129e-03 -1.37089e-02 0.00000e+00
12.290000 3.06883e-03 -1.66210e-02 0.00000e+00
12.300000 2.88349e-03 -1.93579e-02 0.00000e+00
12.310000 2.68010e-03 -2.19112e-02 0.00000e+00
12.320000 2.47567e-03 -2.43613e-02 0.00000e+00
12.330000 2.23132e-03 -2.66214e-02 0.00000e+00
12.340000 1.96069e-03 -2.86759e-02 0.00000e+00
12.350000 1.66480e-03 -3.06159e-02 0.00000e+00
12.360000 1.33786e-03 -3.23619e-02 0.00000e+00
12.370000 1.00671e-03 -3.39338e-02 0.00000e+00
12.380000 6.59874e-04 -3.53197e-02 0.00000e+00
12.390000 2.87278e-04 -3.64581e-02 0.00000e+00
12.400000 -7.91027e-05 -3.73070e-02 0.00000e+00
12.410000 -4.68044e-04 -3.79347e-02 0.00000e+00
12.420000 -8.66546e-04 -3.83071e-02 0.00000e+00
12.430000 -1.27556e-03 -3.84119e-02 0.00000e+00
12.440000 -1.66075e-03 -3.83249e-02 0.00000e+00
12.450000 -2.03177e-03 -3.78845e-02 0.00000e+00
12.460000 -2.41033e-03 -3.71193e-02 0.00000e+00
12.470000 -2.77699e-03 -3.60946e-02 0.00000e+00
12.480000 -3.13213e-03 -3.47370e-02 0.00000e+00
12.490000 -3.47268e-03 -3.29567e-02 0.00000e+00
12.500000 -3.78288e-03 -3.08084e-02 0.00000e+00
12.510000 -4.10554e-03 -2.84041e-02 0.00000e+00
12.520000 -4.39264e-03 -2.57371e-02 0.00000e+00
12.530000 -4.65492e-03 -2.28852e-02 0.00000e+00
12.540000 -4.89105e-03 -1.98129e-02 0.00000e+00
12.550000 -5.08418e-03 -1.64341e-02 0.00000e+00
12.560000 -5.24094e-03 -1.28863e-02 0.00000e+00
12.570000 -5.35676e-03 -9.21336e-03 0.00000e+00
12.580000 -5.45734e-03 -5.37436e-03 0.00000e+00
12.590000 -5.49150e-03 -1.45701e-03 0.00000e+00
12.600000 -5.49524e-03 2.53562e-03 0.00000e+00
12.610000 -5.43966e-03 6.63290e-03 0.00000e+00
12.620000 -5.33465e-03 1.08207e-02 0.00000e+00
12.630000 -5.20101e-03 1.50469e-02 0.00000e+00
12.640000 -5.02726e-03 1.91961e-02 0.00000e+00
12.650000 -4.80566e-03 2.32444e-02 0.00000e+00
12.660000 -4.54135e-03 2.71670e-02 0.00000e+00
12.670000 -4.25867e-03 3.08987e-02 0.00000e+00
12.680000 -3.93697e-03 3.43077e-02 0.00000e+00
12.690000 -3.58464e-03 3.74303e-02 0.00000e+00
12.700000 -3.19876e-03 4.03542e-02 0.00000e+00
12.710000 -2.76712e-03 4.29404e-02 0.00000e+00
12.720000 -2.31277e-03 4.51619e-02 0.00000e+00
12.730000 -1.85679e-03 4.70187e-02 0.00000e+00
12.740000 -1.36127e-03 4.84471e-02 0.00000e+00
12.750000 -8.43065e-04 4.94509e-02 0.00000e+00
12.760000 -3.22144e-04 5.01055e-02 0.00000e+00
12.770000 2.16787e-04 5.03538e-02 0.00000e+00
12.780000 7.37376e-04 5.02189e-02 0.00000e+00
12.790000 1.26244e-03 4.98097e-02 0.00000e+00
12.800000 1.77463e-03 4.89669e-02 0.00000e+00
12.810000 2.25345e-03 4.76700e-02 0.00000e+00
12.820000 2.73268e-03 4.60274e-02 0.00000e+00
12.830000 3.17491e-03 4.40219e-02 0.00000e+00
12.840000 3.59915e-03 4.16598e-02 0.00000e+00
12.850000 4.00743e-03 3.89673e-02 0.00000e+00
12.860000 4.40837e-03 3.59747e-02 0.00000e+00
12.870000 4.75157e-03 3.27405e-02 0.00000e+00
12.880000 5.05030e-03 2.93334e-02 0.00000e+00
12.890000 5.31719e-03 2.57350e-02 0.00000e+00
12.900000 5.54995e-03 2.18869e-02 0.00000e+00
12.910000 5.74783e-03 1.78740e-02 0.00000e+00
12.920000 5.93200e-03 1.38324e-02 0.00000e+00
12.930000 6.04808e-03 9.74367e-03 0.00000e+00
12.940000 6.12554e-03 5.63864e-03 0.00000e+00
12.950000 6.17127e-03 1.51102e-03 0.00000e+00
12.960000 6.16233e-03 -2.57977e-03 0.00000e+00
12.970000 6.08957e-03 -6.56402e-03 0.00000e+00
12.980000 6.00854e-03 -1.06107e-02 0.00000e+00
12.990000 5.87174e-03 -1.46643e-02 0.00000e+00
13.000000 5.70537e-03 -1.86033e-02 0.00000e+00
13.010000 5.51003e-03 -2.24216e-02 0.00000e+00
13.020000 5.26907e-03 -2.60532e-02 0.00000e+00
13.030000 4.99435e-03 -2.93747e-02 0.00000e+00
13.040000 4.68779e-03 -3.24835e-02 0.00000e+00
13.050000 4.33384e-03 -3.54513e-02 0.00000e+00
13.060000 3.95256e-03 -3.81759e-02 0.00000e+00
13.070000 3.55038e-03 -4.06941e-02 0.00000e+00
13.080000 3.13192e-03 -4.29350e-02 0.00000e+00
13.090000 2.69759e-03 -4.46989e-02 0.00000e+00
13.100000 2.23888e-03 -4.60851e-02 0.00000e+00
13.110000 1.76859e-03 -4.71930e-02 0.00000e+00
13.120000 1.28477e-03 -4.78803e-02 0.00000e+00
13.130000 8.01460e-04 -4.82347e-02 0.00000e+00
13.140000 2.88476e-04 -4.83501e-02 0.00000e+00
13.150000 -2.29910e-04 -4.80058e-02 0.00000e+00
13.160000 -7.12428e-04 -4.72336e-02 0.00000e+00
13.170000 -1.18009e-03 -4.61576e-02 0.00000e+00
13.180000 -1.64025e-03 -4.46504e-02 0.00000e+00
13.190000 -2.08308e-03 -4.27690e-02 0.00000e+00
13.200000 -2.50251e-03 -4.05248e-02 0.00000e+00
13.210000 -2.92263e-03 -3.78734e-02 0.00000e+00
13.220000 -3.29138e-03 -3.48641e-02 0.00000e+00
13.230000 -3.64728e-03 -3.15757e-02 0.00000e+00
13.240000 -3.95928e-03 -2.80051e-02 0.00000e+00
13.250000 -4.20782e-03 -2.41808e-02 0.00000e+00
13.260000 -4.42103e-03 -2.01885e-02 0.00000e+00
13.270000 -4.62455e-03 -1.59795e-02 0.00000e+00
13.280000 -4.76945e-03 -1.16067e-02 0.00000e+00
13.290000 -4.87637e-03 -7.12214e-03 0.00000e+00
13.300000 -4.94798e-03 -2.55870e-03 0.00000e+00
13.310000 -4.94888e-03 1.93006e-03 0.00000e+00
13.320000 -4.89808e-03 6.29326e-03 0.00000e+00
13.330000 -4.83499e-03 1.05800e-02 0.00000e+00
13.340000 -4.70009e-03 1.48714e-02 0.00000e+00
13.350000 -4.51554e-03 1.90216e-02 0.00000e+00
13.360000 -4.29204e-03 2.29210e-02 0.00000e+00
13.370000 -4.01413e-03 2.66488e-02 0.00000e+00
13.380000 -3.70907e-03 3.00501e-02 0.00000e+00
13.390000 -3.37526e-03 3.30896e-02 0.00000e+00
13.400000 -3.03214e-03 3.57860e-02 0.00000e+00
13.410000 -2.65076e-03 3.80581e-02 0.00000e+00
13.420000 -2.26312e-03 4.00134e-02 0.00000e+00
13.430000 -1.83774e-03 4.16532e-02 0.00000e+00
13.440000 -1.38189e-03 4.27618e-02 0.00000e+00
13.450000 -9.46177e-04 4.33881e-02 0.00000e+00
13.460000 -4.89554e-04 4.35373e-02 0.00000e+00
13.470000 -5.65660e-05 4.31961e-02 0.00000e+00
13.480000 3.86917e-04 4.25172e-02 0.00000e+00
13.490000 8.24586e-04 4.14518e-02 0.00000e+00
13.500000 1.24865e-03 3.99450e-02 0.00000e+00
13.510000 1.67376e-03 3.80744e-02 0.00000e+00
13.520000 2.03933e-03 3.59041e-02 0.00000e+00
13.530000 2.41143e-03 3.34815e-02 0.00000e+00
13.540000 2.74463e-03 3.08306e-02 0.00000e+00
13.550000 3.02982e-03 2.79791e-02 0.00000e+00
13.560000 3.29242e-03 2.49092e-02 0.00000e+00
13.570000 3.52111e-03 2.14964e-02 0.00000e+00
13.580000 3.70903e-03 1.78693e-02 0.00000e+00
13.590000 3.87175e-03 1.41742e-02 0.00000e+00
13.600000 3.98071e-03 1.03899e-02 0.00000e+00
13.610000 4.04610e-03 6.67915e-03 0.00000e+00
13.620000 4.09096e-03 2.93523e-03 0.00000e+00
13.630000 4.08049e-03 -9.05675e-04 0.00000e+00
13.640000 4.07467e-03 -4.71825e-03 0.00000e+00
13.650000 4.00035e-03 -8.47523e-03 0.00000e+00
13.660000 3.89322e-03 -1.20973e-02 0.00000e+00
13.670000 3.76928e-03 -1.56241e-02 0.00000e+00
13.680000 3.59388e-03 -1.89502e-02 0.00000e+00
13.690000 3.39294e-03 -2.21244e-02 0.00000e+00
13.700000 3.16893e-03 -2.51151e-02 0.00000e+00
13.710000 2.88830e-03 -2.78278e-02 0.00000e+00
13.720000 2.59828e-03 -3.04089e-02 0.00000e+00
13.730000 2.25029e-03 -3.28019e-02 0.00000e+00
13.740000 1.89624e-03 -3.48922e-02 0.00000e+00
13.750000 1.55021e-03 -3.67432e-02 0.00000e+00
13.760000 1.18090e-03 -3.83227e-02 0.00000e+00
13.770000 7.74538e-04 -3.95954e-02 0.00000e+00
13.780000 3.79575e-04 -4.06542e-02 0.00000e+00
13.790000 -7.12694e-05 -4.14444e-02 0.00000e+00
13.800000 -4.89664e-04 -4.19238e-02 0.00000e+00
13.810000 -9.13221e-04 -4.19556e-02 0.00000e+00
13.820000 -1.33445e-03 -4.16441e-02 0.00000e+00
13.830000 -1.75842e-03 -4.11055e-02 0.00000e+00
13.840000 -2.17099e-03 -4.01794e-02 0.00000e+00
13.850000 -2.56010e-03 -3.89711e-02 0.00000e+00
13.860000 -2.94890e-03 -3.74356e-02 0.00000e+00
13.870000 -3.31457e-03 -3.54984e-02 0.00000e+00
13.880000 -3.67197e-03 -3.33276e-02 0.00000e+00
13.890000 -4.00931e-03 -3.08244e-02 0.00000e+00
13.900000 -4.30680e-03 -2.80626e-02 0.00000e+00
13.910000 -4.57826e-03 -2.51286e-02 0.00000e+00
13.920000 -4.83326e-03 -2.18298e-02 0.00000e+00
13.930000 -5.03762e-03 -1.82007e-02 0.00000e+00
13.940000 -5.21729e-03 -1.45088e-02 0.00000e+00
13.950000 -5.36556e-03 -1.07484e-02 0.00000e+00
13.960000 -5.45969e-03 -6.96795e-03 0.00000e+00
13.970000 -5.50378e-03 -3.14236e-03 0.00000e+00
13.980000 -5.51417e-03 8.39248e-04 0.00000e+00
13.990000 -5.51049e-03 4.78084e-03 0.00000e+00
14.000000 -5.43543e-03 8.67709e-03 0.00000e+00
14.010000 -5.32941e-03 1.24759e-02 0.00000e+00
14.020000 -5.17628e-03 1.62339e-02 0.00000e+00
14.030000 -4.96004e-03 1.99377e-02 0.00000e+00
14.040000 -4.73130e-03 2.34671e-02 0.00000e+00
14.050000 -4.45791e-03 2.68523e-02 0.00000e+00
14.060000 -4.13743e-03 3.00315e-02 0.00000e+00
14.070000 -3.82419e-03 3.29450e-02 0.00000e+00
14.080000 -3.45737e-03 3.56131e-02 0.00000e+00
14.090000 -3.07859e-03 3.80349e-02 0.00000e+00
14.100000 -2.68923e-03 4.02238e-02 0.00000e+00
14.110000 -2.31196e-03 4.21366e-02 0.00000e+00
14.120000 -1.87338e-03 4.37254e-02 0.00000e+00
14.130000 -1.43757e-03 4.50244e-02 0.00000e+00
14.140000 -9.60264e-04 4.61133e-02 0.00000e+00
14.150000 -5.06443e-04 4.68802e-02 0.00000e+00
14.160000 -3.93231e-05 4.71963e-02 0.00000e+00
14.170000 4.42262e-04 4.72227e-02 0.00000e+00
14.180000 9.17541e-04 4.69987e-02 0.00000e+00
14.190000 1.41591e-03 4.65772e-02 0.00000e+00
14.200000 1.88645e-03 4.60555e-02 0.00000e+00
14.210000 2.34899e-03 4.52312e-02 0.00000e+00
14.220000 2.81170e-03 4.41351e-02 0.00000e+00
14.230000 3.23416e-03 4.29094e-02 0.00000e+00
14.240000 3.65257e-03 4.13844e-02 0.00000e+00
14.250000 4.07072e-03 3.96198e-02 0.00000e+00
14.260000 4.47234e-03 3.77192e-02 0.00000e+00
14.270000 4.83302e-03 3.56411e-02 0.00000e+00
14.280000 5.17333e-03 3.32215e-02 0.00000e+00
14.290000 5.48687e-03 3.05471e-02 0.00000e+00
14.300000 5.77004e-03 2.78377e-02 0.00000e+00
14.310000 6.02926e-03 2.50763e-02 0.00000e+00
14.320000 6.23547e-03 2.20661e-02 0.00000e+00
14.330000 6.44845e-03 1.88291e-02 0.00000e+00
14.340000 6.63349e-03 1.55651e-02 0.00000e+00
14.350000 6.78968e-03 1.21370e-02 0.00000e+00
14.360000 6.92374e-03 8.68656e-03 0.00000e+00
14.370000 6.98306e-03 5.25933e-03 0.00000e+00
14.380000 7.00556e-03 1.74207e-03 0.00000e+00
14.390000 7.02148e-03 -1.82386e-03 0.00000e+00
14.400000 6.97772e-03 -5.52850e-03 0.00000e+00
14.410000 6.90371e-03 -9.28060e-03 0.00000e+00
14.420000 6.80667e-03 -1.29161e-02 0.00000e+00
14.430000 6.66648e-03 -1.65076e-02 0.00000e+00
14.440000 6.48381e-03 -2.01230e-02 0.00000e+00
14.450000 6.23665e-03 -2.37355e-02 0.00000e+00
14.460000 5.99825e-03 -2.73070e-02 0.00000e+00
14.470000 5.72077e-03 -3.08561e-02 0.00000e+00
14.480000 5.37749e-03 -3.43538e-02 0.00000e+00
14.490000 4.99070e-03 -3.77868e-02 0.00000e+00
14.500000 4.62459e-03 -4.10415e-02 0.00000e+00
14.510000 4.19580e-03 -4.40214e-02 0.00000e+00
14.520000 3.74556e-03 -4.67933e-02 0.00000e+00
14.530000 3.29655e-03 -4.92600e-02 0.00000e+00
14.540000 2.79216e-03 -5.14811e-02 0.00000e+00
14.550000 2.25992e-03 -5.35370e-02 0.00000e+00
14.560000 1.70081e-03 -5.52547e-02 0.00000e+00
14.570000 1.13715e-03 -5.66437e-02 0.00000e+00
14.580000 5.78046e-04 -5.77035e-02 0.00000e+00
14.590000 -1.57155e-05 -5.83601e-02 0.00000e+00
14.600000 -6.27092e-04 -5.86194e-02 0.00000e+00
14.610000 -1.23066e-03 -5.84584e-02 0.00000e+00
14.620000 -1.83963e-03 -5.80174e-02 0.00000e+00
14.630000 -2.44129e-03 -5.71430e-02 0.00000e+00
14.640000 -3.03341e-03 -5.57063e-02 0.00000e+00
14.650000 -3.59662e-03 -5.39978e-02 0.00000e+00
14.660000 -4.13523e-03 -5.20620e-02 0.00000e+00
14.670000 -4.65129e-03 -4.96297e-02 0.00000e+00
14.680000 -5.14428e-03 -4.68588e-02 0.00000e+00
14.690000 -5.60652e-03 -4.38385e-02 0.00000e+00
14.700000 -6.02072e-03 -4.02969e-02 0.00000e+00
14.710000 -6.41841e-03 -3.64280e-02 0.00000e+00
14.720000 -6.77172e-03 -3.24433e-02 0.00000e+00
14.730000 -7.07868e-03 -2.83473e-02 0.00000e+00
14.740000 -7.33674e-03 -2.40238e-02 0.00000e+00
14.750000 -7.54513e-03 -1.94106e-02 0.00000e+00
14.760000 -7.71741e-03 -1.46878e-02 0.00000e+00
14.770000 -7.82756e-03 -9.96280e-03 0.00000e+00
14.780000 -7.89849e-03 -5.15876e-03 0.00000e+00
14.790000 -7.93514e-03 -3.18098e-04 0.00000e+00
14.800000 -7.89323e-03 4.45579e-03 0.00000e+00
14.810000 -7.83797e-03 9.14750e-03 0.00000e+00
14.820000 -7.73897e-03 1.37815e-02 0.00000e+00
14.830000 -7.57283e-03 1.83464e-02 0.00000e+00
14.840000 -7.35971e-03 2.27870e-02 0.00000e+00
14.850000 -7.12898e-03 2.70736e-02 0.00000e+00
14.860000 -6.80036e-03 3.12119e-02 0.00000e+00
14.870000 -6.46343e-03 3.51919e-02 0.00000e+00
14.880000 -6.11218e-03 3.89114e-02 0.00000e+00
14.890000 -5.72237e-03 4.22909e-02 0.00000e+00
14.900000 -5.27530e-03 4.53225e-02 0.00000e+00
14.910000 -4.78067e-03 4.80226e-02 0.00000e+00
14.920000 -4.28235e-03 5.03530e-02 0.00000e+00
14.930000 -3.76160e-03 5.23251e-02 0.00000e+00
14.940000 -3.21205e-03 5.40306e-02 0.00000e+00
14.950000 -2.64674e-03 5.53793e-02 0.00000e+00
14.960000 -2.08403e-03 5.62690e-02 0.00000e+00
14.970000 -1.50967e-03 5.68586e-02 0.00000e+00
14.980000 -9.23475e-04 5.70200e-02 0.00000e+00
14.990000 -3.33931e-04 5.66373e-02 0.00000e+00
15.000000 2.48739e-04 5.59215e-02 0.00000e+00
15.010000 8.28453e-04 5.48760e-02 0.00000e+00
15.020000 1.39417e-03 5.34622e-02 0.00000e+00
15.030000 1.93934e-03 5.18784e-02 0.00000e+00
15.040000 2.44182e-03 4.99948e-02 0.00000e+00
15.050000 2.92137e-03 4.76485e-02 0.00000e+00
15.060000 3.36353e-03 4.49705e-02 0.00000e+00
15.070000 3.78940e-03 4.20854e-02 0.00000e+00
15.080000 4.19362e-03 3.90979e-02 0.00000e+00
15.090000 4.56796e-03 3.59302e-02 0.00000e+00
15.100000 4.93464e-03 3.26277e-02 0.00000e+00
15.110000 5.24573e-03 2.91748e-02 0.00000e+00
15.120000 5.50371e-03 2.55815e-02 0.00000e+00
15.130000 5.73924e-03 2.18912e-02 0.00000e+00
15.140000 5.93549e-03 1.81486e-02 0.00000e+00
15.150000 6.06968e-03 1.44608e-02 0.00000e+00
15.160000 6.20347e-03 1.07891e-02 0.00000e+00
15.170000 6.29787e-03 7.11226e-03 0.00000e+00
15.180000 6.35406e-03 3.48999e-03 0.00000e+00
15.190000 6.38646e-03 -7.56869e-05 0.00000e+00
15.200000 6.35829e-03 -3.60468e-03 0.00000e+00
15.210000 6.26895e-03 -7.15160e-03 0.00000e+00
15.220000 6.18745e-03 -1.07114e-02 0.00000e+00
15.230000 6.05469e-03 -1.42757e-02 0.00000e+00
15.240000 5.90965e-03 -1.77637e-02 0.00000e+00
15.250000 5.71903e-03 -2.10612e-02 0.00000e+00
15.260000 5.50636e-03 -2.42042e-02 0.00000e+00
15.270000 5.25663e-03 -2.70529e-02 0.00000e+00
15.280000 4.95186e-03 -2.97338e-02 0.00000e+00
15.290000 4.65974e-03 -3.23266e-02 0.00000e+00
15.300000 4.33284e-03 -3.46660e-02 0.00000e+00
15.310000 3.99368e-03 -3.67448e-02 0.00000e+00
15.320000 3.61285e-03 -3.86781e-02 0.00000e+00
15.330000 3.20147e-03 -4.03731e-02 0.00000e+00
15.340000 2.77913e-03 -4.17134e-02 0.00000e+00
15.350000 2.34214e-03 -4.27991e-02 0.00000e+00
15.360000 1.88234e-03 -4.35299e-02 0.00000e+00
15.370000 1.42066e-03 -4.40216e-02 0.00000e+00
15.380000 9.48835e-04 -4.44429e-02 0.00000e+00
15.390000 4.89685e-04 -4.45134e-02 0.00000e+00
15.400000 3.18454e-05 -4.41782e-02 0.00000e+00
15.410000 -3.91963e-04 -4.35272e-02 0.00000e+00
15.420000 -8.23250e-04 -4.25951e-02 0.00000e+00
15.430000 -1.23764e-03 -4.13621e-02 0.00000e+00
15.440000 -1.63586e-03 -3.97825e-02 0.00000e+00
15.450000 -2.04993e-03 -3.81013e-02 0.00000e+00
15.460000 -2.39674e-03 -3.61661e-02 0.00000e+00
15.470000 -2.75358e-03 -3.38698e-02 0.00000e+00
15.480000 -3.08121e-03 -3.13149e-02 0.00000e+00
15.490000 -3.40074e-03 -2.86147e-02 0.00000e+00
15.500000 -3.66929e-03 -2.59028e-02 0.00000e+00
15.510000 -3.92467e-03 -2.30423e-02 0.00000e+00
15.520000 -4.14615e-03 -2.00620e-02 0.00000e+00
15.530000 -4.33505e-03 -1.70720e-02 0.00000e+00
15.540000 -4.51638e-03 -1.39685e-02 0.00000e+00
15.550000 -4.63108e-03 -1.08007e-02 0.00000e+00
15.560000 -4.69455e-03 -7.64646e-03 0.00000e+00
15.570000 -4.75179e-03 -4.45230e-03 0.00000e+00
15.580000 -4.77377e-03 -1.18897e-03 0.00000e+00
15.590000 -4.77097e-03 2.09535e-03 0.00000e+00
15.600000 -4.71280e-03 5.29250e-03 0.00000e+00
15.610000 -4.65354e-03 8.45585e-03 0.00000e+00
15.620000 -4.56586e-03 1.15028e-02 0.00000e+00
15.630000 -4.41016e-03 1.44867e-02 0.00000e+00
15.640000 -4.25573e-03 1.73734e-02 0.00000e+00
15.650000 -4.07322e-03 2.00948e-02 0.00000e+00
15.660000 -3.88640e-03 2.26590e-02 0.00000e+00
15.670000 -3.64396e-03 2.50035e-02 0.00000e+00
15.680000 -3.36933e-03 2.71873e-02 0.00000e+00
15.690000 -3.09163e-03 2.91914e-02 0.00000e+00
15.700000 -2.77337e-03 3.10080e-02 0.00000e+00
15.710000 -2.43000e-03 3.25649e-02 0.00000e+00
15.720000 -2.10523e-03 3.39174e-02 0.00000e+00
15.730000 -1.74809e-03 3.51722e-02 0.00000e+00
15.740000 -1.37816e-03 3.62496e-02 0.00000e+00
15.750000 -1.00507e-03 3.70305e-02 0.00000e+00
15.760000 -6.28058e-04 3.75878e-02 0.00000e+00
15.770000 -2.50435e-04 3.80484e-02 0.00000e+00
15.780000 1.46487e-04 3.82808e-02 0.00000e+00
15.790000 5.25737e-04 3.81157e-02 0.00000e+00
15.800000 9.06641e-04 3.78112e-02 0.00000e+00
15.810000 1.27415e-03 3.73770e-02 0.00000e+00
15.820000 1.65407e-03 3.66589e-02 0.00000e+00
15.830000 1.99783e-03 3.56922e-02 0.00000e+00
15.840000 2.34553e-03 3.45294e-02 0.00000e+00
15.850000 2.69622e-03 3.32870e-02 0.00000e+00
15.860000 3.02314e-03 3.18295e-02 0.00000e+00
15.870000 3.33228e-03 3.01876e-02 0.00000e+00
15.880000 3.62846e-03 2.84794e-02 0.00000e+00
15.890000 3.90330e-03 2.64671e-02 0.00000e+00
15.900000 4.16482e-03 2.42414e-02 0.00000e+00
15.910000 4.40294e-03 2.19647e-02 0.00000e+00
15.920000 4.60429e-03 1.95052e-02 0.00000e+00
15.930000 4.81383e-03 1.69413e-02 0.00000e+00
15.940000 4.96691e-03 1.42397e-02 0.00000e+00
15.950000 5.08316e-03 1.14181e-02 0.00000e+00
15.960000 5.17405e-03 8.52809e-03 0.00000e+00
15.970000 5.27998e-03 5.51194e-03 0.00000e+00
15.980000 5.31587e-03 2.47967e-03 0.00000e+00
15.990000 5.33763e-03 -4.91244e-04 0.00000e+00
16.000000 5.31836e-03 -3.60902e-03 0.00000e+00
16.010000 5.27035e-03 -6.85503e-03 0.00000e+00
16.020000 5.18555e-03 -1.00120e-02 0.00000e+00
16.030000 5.05496e-03 -1.31566e-02 0.00000e+00
16.040000 4.90640e-03 -1.63263e-02 0.00000e+00
16.050000 4.71292e-03 -1.94169e-02 0.00000e+00
16.060000 4.47846e-03 -2.24624e-02 0.00000e+00
16.070000 4.26251e-03 -2.54974e-02 0.00000e+00
16.080000 3.98234e-03 -2.84012e-02 0.00000e+00
16.090000 3.68641e-03 -3.11652e-02 0.00000e+00
16.100000 3.37173e-03 -3.37025e-02 0.00000e+00
16.110000 3.00661e-03 -3.61511e-02 0.00000e+00
16.120000 2.64387e-03 -3.85989e-02 0.00000e+00
16.130000 2.25525e-03 -4.08958e-02 0.00000e+00
16.140000 1.84448e-03 -4.29009e-02 0.00000e+00
16.150000 1.42999e-03 -4.46355e-02 0.00000e+00
16.160000 9.55824e-04 -4.61672e-02 0.00000e+00
16.170000 4.56549e-04 -4.74829e-02 0.00000e+00
16.180000 -1.61966e-05 -4.86240e-02 0.00000e+00
16.190000 -5.10659e-04 -4.94520e-02 0.00000e+00
16.200000 -1.02137e-03 -5.00809e-02 0.00000e+00
16.210000 -1.52739e-03 -5.04991e-02 0.00000e+00
16.220000 -2.03561e-03 -5.06335e-02 0.00000e+00
16.230000 -2.56278e-03 -5.05811e-02 0.00000e+00
16.240000 -3.06464e-03 -5.01434e-02 0.00000e+00
16.250000 -3.54621e-03 -4.94109e-02 0.00000e+00
16.260000 -4.03788e-03 -4.84501e-02 0.00000e+00
16.270000 -4.52607e-03 -4.70845e-02 0.00000e+00
16.280000 -5.02443e-03 -4.54609e-02 0.00000e+00
16.290000 -5.45628e-03 -4.35004e-02 0.00000e+00
16.300000 -5.88369e-03 -4.10882e-02 0.00000e+00
16.310000 -6.27018e-03 -3.83664e-02 0.00000e+00
16.320000 -6.64543e-03 -3.53133e-02 0.00000e+00
16.330000 -6.99569e-03 -3.20602e-02 0.00000e+00
16.340000 -7.32697e-03 -2.87326e-02 0.00000e+00
16.350000 -7.60095e-03 -2.50361e-02 0.00000e+00
16.360000 -7.83457e-03 -2.09540e-02 0.00000e+00
16.370000 -8.06239e-03 -1.67027e-02 0.00000e+00
16.380000 -8.21129e-03 -1.23343e-02 0.00000e+00
16.390000 -8.33175e-03 -7.84815e-03 0.00000e+00
16.400000 -8.39729e-03 -3.27103e-03 0.00000e+00
16.410000 -8.40897e-03 1.41974e-03 0.00000e+00
16.420000 -8.38735e-03 6.24526e-03 0.00000e+00
16.430000 -8.28128e-03 1.11157e-02 0.00000e+00
16.440000 -8.13965e-03 1.59349e-02 0.00000e+00
16.450000 -7.95047e-03 2.05553e-02 0.00000e+00
16.460000 -7.69456e-03 2.51271e-02 0.00000e+00
16.470000 -7.41184e-03 2.96633e-02 0.00000e+00
16.480000 -7.10050e-03 3.40316e-02 0.00000e+00
16.490000 -6.73333e-03 3.82476e-02 0.00000e+00
16.500000 -6.33559e-03 4.21380e-02 0.00000e+00
16.510000 -5.87121e-03 4.56829e-02 0.00000e+00
16.520000 -5.35894e-03 4.90219e-02 0.00000e+00
16.530000 -4.85125e-03 5.21811e-02 0.00000e+00
16.540000 -4.32305e-03 5.49199e-02 0.00000e+00
16.550000 -3.77065e-03 5.72833e-02 0.00000e+00
16.560000 -3.17177e-03 5.93209e-02 0.00000e+00
16.570000 -2.55174e-03 6.08833e-02 0.00000e+00
16.580000 -1.92137e-03 6.20912e-02 0.00000e+00
16.590000 -1.28529e-03 6.29647e-02 0.00000e+00
16.600000 -6.34092e-04 6.36283e-02 0.00000e+00
16.610000 3.14722e-06 6.40762e-02 0.00000e+00
16.620000 6.46022e-04 6.41430e-02 0.00000e+00
16.630000 1.30660e-03 6.38876e-02 0.00000e+00
16.640000 1.93792e-03 6.33309e-02 0.00000e+00
16.650000 2.57206e-03 6.23883e-02 0.00000e+00
16.660000 3.18887e-03 6.11580e-02 0.00000e+00
16.670000 3.78016e-03 5.97311e-02 0.00000e+00
16.680000 4.39221e-03 5.80784e-02 0.00000e+00
16.690000 4.97373e-03 5.63309e-02 0.00000e+00
16.700000 5.51950e-03 5.43518e-02 0.00000e+00
16.710000 6.01962e-03 5.19503e-02 0.00000e+00
16.720000 6.52124e-03 4.92670e-02 0.00000e+00
16.730000 6.97719e-03 4.65313e-02 0.00000e+00
16.740000 7.42620e-03 4.37609e-02 0.00000e+00
16.750000 7.87409e-03 4.08020e-02 0.00000e+00
16.760000 8.28825e-03 3.75901e-02 0.00000e+00
16.770000 8.66829e-03 3.43018e-02 0.00000e+00
16.780000 8.97983e-03 3.09487e-02 0.00000e+00
16.790000 9.25758e-03 2.73796e-02 0.00000e+00
16.800000 9.50644e-03 2.37233e-02 0.00000e+00
16.810000 9.73424e-03 2.00017e-02 0.00000e+00
16.820000 9.91501e-03 1.61698e-02 0.00000e+00
16.830000 1.00806e-02 1.22379e-02 0.00000e+00
16.840000 1.01871e-02 8.17948e-03 0.00000e+00
16.850000 1.02430e-02 4.15396e-03 0.00000e+00
16.860000 1.02737e-02 2.08178e-04 0.00000e+00
16.870000 1.02280e-02 -3.77435e-03 0.00000e+00
16.880000 1.01590e-02 -7.87811e-03 0.00000e+00
16.890000 1.00830e-02 -1.20373e-02 0.00000e+00
16.900000 9.96366e-03 -1.61971e-02 0.00000e+00
16.910000 9.77051e-03 -2.03770e-02 0.00000e+00
16.920000 9.53274e-03 -2.43379e-02 0.00000e+00
16.930000 9.27044e-03 -2.80470e-02 0.00000e+00
16.940000 8.99834e-03 -3.16035e-02 0.00000e+00
16.950000 8.64097e-03 -3.51452e-02 0.00000e+00
16.960000 8.25288e-03 -3.87567e-02 0.00000e+00
16.970000 7.84908e-03 -4.22769e-02 0.00000e+00
16.980000 7.40829e-03 -4.55554e-02 0.00000e+00
16.990000 6.92444e-03 -4.86851e-02 0.00000e+00
17.000000 6.41963e-03 -5.16221e-02 0.00000e+00
17.010000 5.89490e-03 -5.43728e-02 0.00000e+00
17.020000 5.35056e-03 -5.70757e-02 0.00000e+00
17.030000 4.76682e-03 -5.94702e-02 0.00000e+00
17.040000 4.15455e-03 -6.16573e-02 0.00000e+00
17.050000 3.51001e-03 -6.37182e-02 0.00000e+00
17.060000 2.86542e-03 -6.54005e-02 0.00000e+00
17.070000 2.20918e-03 -6.67139e-02 0.00000e+00
17.080000 1.54841e-03 -6.79016e-02 0.00000e+00
17.090000 8.98257e-04 -6.89391e-02 0.00000e+00
17.100000 2.00521e-04 -6.96635e-02 0.00000e+00
17.110000 -5.12376e-04 -7.00386e-02 0.00000e+00
17.120000 -1.25263e-03 -7.01503e-02 0.00000e+00
17.130000 -1.97399e-03 -7.00881e-02 0.00000e+00
17.140000 -2.67258e-03 -6.97517e-02 0.00000e+00
17.150000 -3.36862e-03 -6.91367e-02 0.00000e+00
17.160000 -4.08201e-03 -6.82666e-02 0.00000e+00
17.170000 -4.75263e-03 -6.71239e-02 0.00000e+00
17.180000 -5.43670e-03 -6.56747e-02 0.00000e+00
17.190000 -6.06923e-03 -6.39082e-02 0.00000e+00
17.200000 -6.66946e-03 -6.18905e-02 0.00000e+00
17.210000 -7.29594e-03 -5.96559e-02 0.00000e+00
17.220000 -7.86828e-03 -5.71539e-02 0.00000e+00
17.230000 -8.42236e-03 -5.43399e-02 0.00000e+00
17.240000 -8.95603e-03 -5.12323e-02 0.00000e+00
17.250000 -9.47218e-03 -4.78248e-02 0.00000e+00
17.260000 -9.91368e-03 -4.40577e-02 0.00000e+00
17.270000 -1.03486e-02 -4.00828e-02 0.00000e+00
17.280000 -1.07352e-02 -3.60028e-02 0.00000e+00
17.290000 -1.10868e-02 -3.18202e-02 0.00000e+00
17.300000 -1.14046e-02 -2.75036e-02 0.00000e+00
17.310000 -1.16749e-02 -2.29692e-02 0.00000e+00
17.320000 -1.18874e-02 -1.82895e-02 0.00000e+00
17.330000 -1.20495e-02 -1.35762e-02 0.00000e+00
17.340000 -1.21681e-02 -8.71896e-03 0.00000e+00
17.350000 -1.22318e-02 -3.74978e-03 0.00000e+00
17.360000 -1.22434e-02 1.29655e-03 0.00000e+00
17.370000 -1.22004e-02 6.56728e-03 0.00000e+00
17.380000 -1.20941e-02 1.18527e-02 0.00000e+00
17.390000 -1.19313e-02 1.70350e-02 0.00000e+00
17.400000 -1.17334e-02 2.22389e-02 0.00000e+00
17.410000 -1.14856e-02 2.74281e-02 0.00000e+00
17.420000 -1.11808e-02 3.24412e-02 0.00000e+00
17.430000 -1.08390e-02 3.73886e-02 0.00000e+00
17.440000 -1.04541e-02 4.21741e-02 0.00000e+00
17.450000 -1.00176e-02 4.67085e-02 0.00000e+00
17.460000 -9.53897e-03 5.10876e-02 0.00000e+00
17.470000 -9.01410e-03 5.51622e-02 0.00000e+00
17.480000 -8.45019e-03 5.89340e-02 0.00000e+00
17.490000 -7.84135e-03 6.24694e-02 0.00000e+00
17.500000 -7.18341e-03 6.57534e-02 0.00000e+00
17.510000 -6.48467e-03 6.86820e-02 0.00000e+00
17.520000 -5.77032e-03 7.12185e-02 0.00000e+00
17.530000 -5.01850e-03 7.34215e-02 0.00000e+00
17.540000 -4.24675e-03 7.53056e-02 0.00000e+00
17.550000 -3.47821e-03 7.69207e-02 0.00000e+00
17.560000 -2.69936e-03 7.82184e-02 0.00000e+00
17.570000 -1.87929e-03 7.90927e-02 0.00000e+00
17.580000 -1.08356e-03 7.95358e-02 0.00000e+00
17.590000 -2.94288e-04 7.96206e-02 0.00000e+00
17.600000 5.08697e-04 7.93520e-02 0.00000e+00
17.610000 1.28288e-03 7.87090e-02 0.00000e+00
17.620000 2.08559e-03 7.77606e-02 0.00000e+00
17.630000 2.85303e-03 7.65130e-02 0.00000e+00
17.640000 3.60572e-03 7.49053e-02 0.00000e+00
17.650000 4.35261e-03 7.29364e-02 0.00000e+00
17.660000 5.07533e-03 7.06794e-02 0.00000e+00
17.670000 5.76646e-03 6.82308e-02 0.00000e+00
17.680000 6.42595e-03 6.56053e-02 0.00000e+00
17.690000 7.07315e-03 6.27741e-02 0.00000e+00
17.700000 7.70097e-03 5.98026e-02 0.00000e+00
17.710000 8.29069e-03 5.67005e-02 0.00000e+00
17.720000 8.84487e-03 5.34198e-02 0.00000e+00
17.730000 9.33877e-03 4.99050e-02 0.00000e+00
17.740000 9.81611e-03 4.63051e-02 0.00000e+00
17.750000 1.02537e-02 4.26155e-02 0.00000e+00
17.760000 1.06713e-02 3.87317e-02 0.00000e+00
17.770000 1.10396e-02 3.47171e-02 0.00000e+00
17.780000 1.13763e-02 3.05883e-02 0.00000e+00
17.790000 1.16597e-02 2.64915e-02 0.00000e+00
17.800000 1.18942e-02 2.23781e-02 0.00000e+00
17.810000 1.20737e-02 1.82106e-02 0.00000e+00
17.820000 1.22363e-02 1.40540e-02 0.00000e+00
17.830000 1.23586e-02 9.82752e-03 0.00000e+00
17.840000 1.24472e-02 5.47191e-03 0.00000e+00
17.850000 1.24782e-02 1.07812e-03 0.00000e+00
17.860000 1.24849e-02 -3.28631e-03 0.00000e+00
17.870000 1.24324e-02 -7.54907e-03 0.00000e+00
17.880000 1.23347e-02 -1.17337e-02 0.00000e+00
17.890000 1.21919e-02 -1.59251e-02 0.00000e+00
17.900000 1.19980e-02 -2.01505e-02 0.00000e+00
17.910000 1.17855e-02 -2.42860e-02 0.00000e+00
17.920000 1.15168e-02 -2.82911e-02 0.00000e+00
17.930000 1.12177e-02 -3.22217e-02 0.00000e+00
17.940000 1.08734e-02 -3.60102e-02 0.00000e+00
17.950000 1.05220e-02 -3.95919e-02 0.00000e+00
17.960000 1.01153e-02 -4.29790e-02 0.00000e+00
17.970000 9.66084e-03 -4.63061e-02 0.00000e+00
17.980000 9.18054e-03 -4.96009e-02 0.00000e+00
17.990000 8.63600e-03 -5.27423e-02 0.00000e+00
18.000000 8.07150e-03 -5.56875e-02 0.00000e+00
18.010000 7.48850e-03 -5.83923e-02 0.00000e+00
18.020000 6.91007e-03 -6.08827e-02 0.00000e+00
18.030000 6.27977e-03 -6.31112e-02 0.00000e+00
18.040000 5.65513e-03 -6.50634e-02 0.00000e+00
18.050000 4.97459e-03 -6.68994e-02 0.00000e+00
18.060000 4.29976e-03 -6.84971e-02 0.00000e+00
18.070000 3.60636e-03 -6.98792e-02 0.00000e+00
18.080000 2.92276e-03 -7.10566e-02 0.00000e+00
18.090000 2.19023e-03 -7.19615e-02 0.00000e+00
18.100000 1.47974e-03 -7.25688e-02 0.00000e+00
18.110000 7.63051e-04 -7.29016e-02 0.00000e+00
18.120000 4.79913e-05 -7.28873e-02 0.00000e+00
18.130000 -7.06199e-04 -7.25277e-02 0.00000e+00
18.140000 -1.45570e-03 -7.20011e-02 0.00000e+00
18.150000 -2.19406e-03 -7.12462e-02 0.00000e+00
18.160000 -2.90541e-03 -7.03182e-02 0.00000e+00
18.170000 -3.61502e-03 -6.92925e-02 0.00000e+00
18.180000 -4.28214e-03 -6.80104e-02 0.00000e+00
18.190000 -4.96651e-03 -6.63677e-02 0.00000e+00
18.200000 -5.60388e-03 -6.44930e-02 0.00000e+00
18.210000 -6.26487e-03 -6.23321e-02 0.00000e+00
18.220000 -6.88263e-03 -6.00062e-02 0.00000e+00
18.230000 -7.46347e-03 -5.75601e-02 0.00000e+00
18.240000 -8.03634e-03 -5.48821e-02 0.00000e+00
18.250000 -8.56557e-03 -5.19968e-02 0.00000e+00
18.260000 -9.04601e-03 -4.89082e-02 0.00000e+00
18.270000 -9.50717e-03 -4.56637e-02 0.00000e+00
18.280000 -9.94242e-03 -4.21335e-02 0.00000e+00
18.290000 -1.03388e-02 -3.83623e-02 0.00000e+00
18.300000 -1.07172e-02 -3.45776e-02 0.00000e+00
18.310000 -1.10663e-02 -3.07830e-02 0.00000e+00
18.320000 -1.13611e-02 -2.68635e-02 0.00000e+00
18.330000 -1.16309e-02 -2.28792e-02 0.00000e+00
18.340000 -1.18437e-02 -1.88001e-02 0.00000e+00
18.350000 -1.19959e-02 -1.45069e-02 0.00000e+00
18.360000 -1.21188e-02 -1.01586e-02 0.00000e+00
18.370000 -1.22043e-02 -5.76328e-03 0.00000e+00
18.380000 -1.22361e-02 -1.36432e-03 0.00000e+00
18.390000 -1.22642e-02 2.94038e-03 0.00000e+00
18.400000 -1.21977e-02 7.26935e-03 0.00000e+00
18.410000 -1.21127e-02 1.15989e-02 0.00000e+00
18.420000 -1.19514e-02 1.59221e-02 0.00000e+00
18.430000 -1.17563e-02 2.02749e-02 0.00000e+00
18.440000 -1.15224e-02 2.46867e-02 0.00000e+00
18.450000 -1.12367e-02 2.90142e-02 0.00000e+00
18.460000 -1.09414e-02 3.31780e-02 0.00000e+00
18.470000 -1.06097e-02 3.71980e-02 0.00000e+00
18.480000 -1.02148e-02 4.09904e-02 0.00000e+00
18.490000 -9.79851e-03 4.46404e-02 0.00000e+00
18.500000 -9.34140e-03 4.81236e-02 0.00000e+00
18.510000 -8.81952e-03 5.13144e-02 0.00000e+00
18.520000 -8.28395e-03 5.43879e-02 0.00000e+00
18.530000 -7.73870e-03 5.73011e-02 0.00000e+00
18.540000 -7.14350e-03 5.99947e-02 0.00000e+00
18.550000 -6.54723e-03 6.24555e-02 0.00000e+00
18.560000 -5.90697e-03 6.44972e-02 0.00000e+00
18.570000 -5.24313e-03 6.62990e-02 0.00000e+00
18.580000 -4.53867e-03 6.78292e-02 0.00000e+00
18.590000 -3.84560e-03 6.91093e-02 0.00000e+00
18.600000 -3.12292e-03 7.02773e-02 0.00000e+00
18.610000 -2.40122e-03 7.10601e-02 0.00000e+00
18.620000 -1.70464e-03 7.15195e-02 0.00000e+00
18.630000 -9.92904e-04 7.17131e-02 0.00000e+00
18.640000 -2.69318e-04 7.15103e-02 0.00000e+00
18.650000 4.35512e-04 7.10456e-02 0.00000e+00
18.660000 1.15953e-03 7.02487e-02 0.00000e+00
18.670000 1.84227e-03 6.90895e-02 0.00000e+00
18.680000 2.53306e-03 6.78210e-02 0.00000e+00
18.690000 3.23261e-03 6.63284e-02 0.00000e+00
18.700000 3.89028e-03 6.44755e-02 0.00000e+00
18.710000 4.53840e-03 6.23782e-02 0.00000e+00
18.720000 5.12869e-03 6.00511e-02 0.00000e+00
18.730000 5.72146e-03 5.74879e-02 0.00000e+00
18.740000 6.29905e-03 5.47526e-02 0.00000e+00
18.750000 6.82854e-03 5.20206e-02 0.00000e+00
18.760000 7.37103e-03 4.92280e-02 0.00000e+00
18.770000 7.83775e-03 4.62769e-02 0.00000e+00
18.780000 8.25976e-03 4.32634e-02 0.00000e+00
18.790000 8.68970e-03 4.00902e-02 0.00000e+00
18.800000 9.06955e-03 3.67823e-02 0.00000e+00
18.810000 9.39790e-03 3.34359e-02 0.00000e+00
18.820000 9.71038e-03 3.00116e-02 0.00000e+00
18.830000 9.96276e-03 2.65749e-02 0.00000e+00
18.840000 1.02281e-02 2.30232e-02 0.00000e+00
18.850000 1.04379e-02 1.93987e-02 0.00000e+00
18.860000 1.05958e-02 1.59480e-02 0.00000e+00
18.870000 1.07351e-02 1.24961e-02 0.00000e+00
18.880000 1.08396e-02 9.04250e-03 0.00000e+00
18.890000 1.09170e-02 5.56006e-03 0.00000e+00
18.900000 1.09578e-02 2.04370e-03 0.00000e+00
18.910000 1.09832e-02 -1.38030e-03 0.00000e+00
18.920000 1.09871e-02 -4.82021e-03 0.00000e+00
18.930000 1.09109e-02 -8.13349e-03 0.00000e+00
18.940000 1.08159e-02 -1.13881e-02 0.00000e+00
18.950000 1.06857e-02 -1.48129e-02 0.00000e+00
18.960000 1.05179e-02 -1.81157e-02 0.00000e+00
18.970000 1.03128e-02 -2.11857e-02 0.00000e+00
18.980000 1.00787e-02 -2.42684e-02 0.00000e+00
18.990000 9.81409e-03 -2.73128e-02 0.00000e+00
19.000000 9.52265e-03 -3.02806e-02 0.00000e+00
19.010000 9.19142e-03 -3.30716e-02 0.00000e+00
19.020000 8.87557e-03 -3.56795e-02 0.00000e+00
19.030000 8.50582e-03 -3.82828e-02 0.00000e+00
19.040000 8.10032e-03 -4.08333e-02 0.00000e+00
19.050000 7.68564e-03 -4.32402e-02 0.00000e+00
19.060000 7.22648e-03 -4.53941e-02 0.00000e+00
19.070000 6.75804e-03 -4.74076e-02 0.00000e+00
19.080000 6.26473e-03 -4.92279e-02 0.00000e+00
19.090000 5.76177e-03 -5.06876e-02 0.00000e+00
19.100000 5.25037e-03 -5.19872e-02 0.00000e+00
19.110000 4.70313e-03 -5.32261e-02 0.00000e+00
19.120000 4.16134e-03 -5.43157e-02 0.00000e+00
19.130000 3.63921e-03 -5.52451e-02 0.00000e+00
19.140000 3.08172e-03 -5.61164e-02 0.00000e+00
19.150000 2.49612e-03 -5.68946e-02 0.00000e+00
19.160000 1.93041e-03 -5.74996e-02 0.00000e+00
19.170000 1.35356e-03 -5.79332e-02 0.00000e+00
19.180000 7.78781e-04 -5.82189e-02 0.00000e+00
19.190000 1.81447e-04 -5.82279e-02 0.00000e+00
19.200000 -4.01448e-04 -5.80613e-02 0.00000e+00
19.210000 -9.82396e-04 -5.78358e-02 0.00000e+00
19.220000 -1.52702e-03 -5.73108e-02 0.00000e+00
19.230000 -2.07964e-03 -5.66203e-02 0.00000e+00
19.240000 -2.64903e-03 -5.58827e-02 0.00000e+00
19.250000 -3.17221e-03 -5.49764e-02 0.00000e+00
19.260000 -3.71349e-03 -5.38633e-02 0.00000e+00
19.270000 -4.26533e-03 -5.25884e-02 0.00000e+00
19.280000 -4.81364e-03 -5.11647e-02 0.00000e+00
19.290000 -5.33174e-03 -4.95855e-02 0.00000e+00
19.300000 -5.83914e-03 -4.76960e-02 0.00000e+00
19.310000 -6.33640e-03 -4.55474e-02 0.00000e+00
19.320000 -6.77433e-03 -4.33789e-02 0.00000e+00
19.330000 -7.20093e-03 -4.11091e-02 0.00000e+00
19.340000 -7.59271e-03 -3.86020e-02 0.00000e+00
19.350000 -7.96766e-03 -3.59016e-02 0.00000e+00
19.360000 -8.30552e-03 -3.31610e-02 0.00000e+00
19.370000 -8.64224e-03 -3.03501e-02 0.00000e+00
19.380000 -8.90104e-03 -2.74141e-02 0.00000e+00
19.390000 -9.15207e-03 -2.42238e-02 0.00000e+00
19.400000 -9.40181e-03 -2.07786e-02 0.00000e+00
19.410000 -9.60101e-03 -1.73306e-02 0.00000e+00
19.420000 -9.74384e-03 -1.37594e-02 0.00000e+00
19.430000 -9.86907e-03 -1.00751e-02 0.00000e+00
19.440000 -9.95896e-03 -6.46593e-03 0.00000e+00
19.450000 -9.99382e-03 -2.91468e-03 0.00000e+00
19.460000 -1.00140e-02 5.76073e-04 0.00000e+00
19.470000 -9.97493e-03 4.02105e-03 0.00000e+00
19.480000 -9.93737e-03 7.33049e-03 0.00000e+00
19.490000 -9.86134e-03 1.06596e-02 0.00000e+00
19.500000 -9.73693e-03 1.40286e-02 0.00000e+00
19.510000 -9.56205e-03 1.73095e-02 0.00000e+00
19.520000 -9.38717e-03 2.04620e-02 0.00000e+00
19.530000 -9.17033e-03 2.34900e-02 0.00000e+00
19.540000 -8.90438e-03 2.64295e-02 0.00000e+00
19.550000 -8.60426e-03 2.93418e-02 0.00000e+00
19.560000 -8.26012e-03 3.21858e-02 0.00000e+00
19.570000 -7.92527e-03 3.47172e-02 0.00000e+00
19.580000 -7.56997e-03 3.70315e-02 0.00000e+00
19.590000 -7.17934e-03 3.92937e-02 0.00000e+00
19.600000 -6.78624e-03 4.13785e-02 0.00000e+00
19.610000 -6.36730e-03 4.32126e-02 0.00000e+00
19.620000 -5.93675e-03 4.49758e-02 0.00000e+00
19.630000 -5.49477e-03 4.65512e-02 0.00000e+00
19.640000 -5.01753e-03 4.79451e-02 0.00000e+00
19.650000 -4.53821e-03 4.91386e-02 0.00000e+00
19.660000 -4.01353e-03 5.00235e-02 0.00000e+00
19.670000 -3.52121e-03 5.07121e-02 0.00000e+00
19.680000 -3.00240e-03 5.13184e-02 0.00000e+00
19.690000 -2.49367e-03 5.17651e-02 0.00000e+00
19.700000 -1.94361e-03 5.19397e-02 0.00000e+00
19.710000 -1.40977e-03 5.19957e-02 0.00000e+00
19.720000 -8.82734e-04 5.19538e-02 0.00000e+00
19.730000 -3.78448e-04 5.18314e-02 0.00000e+00
19.740000 1.35578e-04 5.15582e-02 0.00000e+00
19.750000 6.51773e-04 5.10175e-02 0.00000e+00
19.760000 1.16120e-03 5.02702e-02 0.00000e+00
19.770000 1.64468e-03 4.93792e-02 0.00000e+00
19.780000 2.14454e-03 4.83878e-02 0.00000e+00
19.790000 2.62763e-03 4.72323e-02 0.00000e+00
19.800000 3.07467e-03 4.58032e-02 0.00000e+00
19.810000 3.53288e-03 4.42722e-02 0.00000e+00
19.820000 3.95405e-03 4.26511e-02 0.00000e+00
19.830000 4.37462e-03 4.09709e-02 0.00000e+00
19.840000 4.78102e-03 3.91857e-02 0.00000e+00
19.850000 5.18654e-03 3.71935e-02 0.00000e+00
19.860000 5.54453e-03 3.51049e-02 0.00000e+00
19.870000 5.88685e-03 3.30264e-02 0.00000e+00
19.880000 6.22014e-03 3.09777e-02 0.00000e+00
19.890000 6.52072e-03 2.88240e-02 0.00000e+00
19.900000 6.80424e-03 2.65396e-02 0.00000e+00
19.910000 7.04956e-03 2.41403e-02 0.00000e+00
19.920000 7.26775e-03 2.17817e-02 0.00000e+00
19.930000 7.47318e-03 1.94435e-02 0.00000e+00
19.940000 7.67362e-03 1.70085e-02 0.00000e+00
19.950000 7.82250e-03 1.45697e-02 0.00000e+00
19.960000 7.93228e-03 1.21509e-02 0.00000e+00
19.970000 8.02698e-03 9.70324e-03 0.00000e+00
19.980000 8.12914e-03 7.31612e-03 0.00000e+00
19.990000 8.17291e-03 4.89569e-03 0.00000e+00
20.000000 8.21860e-03 2.42379e-03 0.00000e+00
20.010000 8.21265e-03 6.82874e-05 0.00000e+00
20.020000 8.20509e-03 -2.13539e-03 0.00000e+00
20.030000 8.18198e-03 -4.33317e-03 0.00000e+00
20.040000 8.13933e-03 -6.61507e-03 0.00000e+00
20.050000 8.05794e-03 -8.89010e-03 0.00000e+00
20.060000 7.95163e-03 -1.10999e-02 0.00000e+00
20.070000 7.82662e-03 -1.32404e-02 0.00000e+00
20.080000 7.68413e-03 -1.53800e-02 0.00000e+00
20.090000 7.53927e-03 -1.75092e-02 0.00000e+00
20.100000 7.34008e-03 -1.95667e-02 0.00000e+00
20.110000 7.13863e-03 -2.14798e-02 0.00000e+00
20.120000 6.91537e-03 -2.33299e-02 0.00000e+00
20.130000 6.67847e-03 -2.52751e-02 0.00000e+00
20.140000 6.43165e-03 -2.72088e-02 0.00000e+00
20.150000 6.14756e-03 -2.89187e-02 0.00000e+00
20.160000 5.83699e-03 -3.05471e-02 0.00000e+00
20.170000 5.53754e-03 -3.21432e-02 0.00000e+00
20.180000 5.22027e-03 -3.36876e-02 0.00000e+00
20.190000 4.86693e-03 -3.51651e-02 0.00000e+00
20.200000 4.48189e-03 -3.64459e-02 0.00000e+00
20.210000 4.09699e-03 -3.76316e-02 0.00000e+00
20.220000 3.71182e-03 -3.87281e-02 0.00000e+00
20.230000 3.33583e-03 -3.96816e-02 0.00000e+00
20.240000 2.92737e-03 -4.05245e-02 0.00000e+00
20.250000 2.52046e-03 -4.12346e-02 0.00000e+00
20.260000 2.11049e-03 -4.16993e-02 0.00000e+00
20.270000 1.69019e-03 -4.21124e-02 0.00000e+00
20.280000 1.26602e-03 -4.24670e-02 0.00000e+00
20.290000 8.27920e-04 -4.26217e-02 0.00000e+00
20.300000 3.90386e-04 -4.26308e-02 0.00000e+00
20.310000 -2.11318e-05 -4.24795e-02 0.00000e+00
20.320000 -4.41281e-04 -4.22302e-02 0.00000e+00
20.330000 -8.80592e-04 -4.19301e-02 0.00000e+00
20.340000 -1.30106e-03 -4.14656e-02 0.00000e+00
20.350000 -1.71955e-03 -4.07409e-02 0.00000e+00
20.360000 -2.11489e-03 -3.99781e-02 0.00000e+00
20.370000 -2.51315e-03 -3.92515e-02 0.00000e+00
20.380000 -2.90631e-03 -3.84713e-02 0.00000e+00
20.390000 -3.26213e-03 -3.75397e-02 0.00000e+00
20.400000 -3.62510e-03 -3.63343e-02 0.00000e+00
20.410000 -3.98494e-03 -3.50608e-02 0.00000e+00
20.420000 -4.32013e-03 -3.37635e-02 0.00000e+00
20.430000 -4.65071e-03 -3.22411e-02 0.00000e+00
20.440000 -4.99043e-03 -3.06399e-02 0.00000e+00
20.450000 -5.27075e-03 -2.89684e-02 0.00000e+00
20.460000 -5.56084e-03 -2.71372e-02 0.00000e+00
20.470000 -5.82357e-03 -2.52976e-02 0.00000e+00
20.480000 -6.08157e-03 -2.33121e-02 0.00000e+00
20.490000 -6.30439e-03 -2.11809e-02 0.00000e+00
20.500000 -6.51492e-03 -1.90687e-02 0.00000e+00
20.510000 -6.68859e-03 -1.68954e-02 0.00000e+00
20.520000 -6.85569e-03 -1.46690e-02 0.00000e+00
20.530000 -7.02184e-03 -1.23334e-02 0.00000e+00
20.540000 -7.12955e-03 -9.95295e-03 0.00000e+00
20.550000 -7.22034e-03 -7.62071e-03 0.00000e+00
20.560000 -7.26066e-03 -5.11706e-03 0.00000e+00
20.570000 -7.29525e-03 -2.46752e-03 0.00000e+00
20.580000 -7.32791e-03 5.70542e-05 0.00000e+00
20.590000 -7.29439e-03 2.52509e-03 0.00000e+00
20.600000 -7.24523e-03 5.03624e-03 0.00000e+00
20.610000 -7.19947e-03 7.44108e-03 0.00000e+00
20.620000 -7.08867e-03 9.88425e-03 0.00000e+00
20.630000 -6.98043e-03 1.23249e-02 0.00000e+00
20.640000 -6.86434e-03 1.46009e-02 0.00000e+00
20.650000 -6.68803e-03 1.68031e-02 0.00000e+00
20.660000 -6.52879e-03 1.89727e-02 0.00000e+00
20.670000 -6.32086e-03 2.10013e-02 0.00000e+00
20.680000 -6.10773e-03 2.28665e-02 0.00000e+00
20.690000 -5.86812e-03 2.46930e-02 0.00000e+00
20.700000 -5.60535e-03 2.63081e-02 0.00000e+00
20.710000 -5.34268e-03 2.77623e-02 0.00000e+00
20.720000 -5.03798e-03 2.90797e-02 0.00000e+00
20.730000 -4.71245e-03 3.03517e-02 0.00000e+00
20.740000 -4.41514e-03 3.15564e-02 0.00000e+00
20.750000 -4.11389e-03 3.24300e-02 0.00000e+00
20.760000 -3.76325e-03 3.32767e-02 0.00000e+00
20.770000 -3.41296e-03 3.41595e-02 0.00000e+00
20.780000 -3.06606e-03 3.47272e-02 0.00000e+00
20.790000 -2.70121e-03 3.51846e-02 0.00000e+00
20.800000 -2.36770e-03 3.55855e-02 0.00000e+00
20.810000 -2.00781e-03 3.56921e-02 0.00000e+00
20.820000 -1.64352e-03 3.56877e-02 0.00000e+00
20.830000 -1.29076e-03 3.55796e-02 0.00000e+00
20.840000 -9.60578e-04 3.53659e-02 0.00000e+00
20.850000 -5.93490e-04 3.50298e-02 0.00000e+00
20.860000 -2.35615e-04 3.45470e-02 0.00000e+00
20.870000 8.88355e-05 3.39640e-02 0.00000e+00
20.880000 4.30227e-04 3.32308e-02 0.00000e+00
20.890000 7.58080e-04 3.24845e-02 0.00000e+00
20.900000 1.11419e-03 3.18224e-02 0.00000e+00
20.910000 1.40997e-03 3.10453e-02 0.00000e+00
20.920000 1.72772e-03 3.00607e-02 0.00000e+00
20.930000 2.05577e-03 2.90968e-02 0.00000e+00
20.940000 2.32188e-03 2.82435e-02 0.00000e+00
20.950000 2.57674e-03 2.73237e-02 0.00000e+00
20.960000 2.86104e-03 2.63575e-02 0.00000e+00
20.970000 3.09115e-03 2.53064e-02 0.00000e+00
20.980000 3.32816e-03 2.41546e-02 0.00000e+00
20.990000 3.56350e-03 2.30403e-02 0.00000e+00
21.000000 3.78920e-03 2.18344e-02 0.00000e+00
21.010000 3.99177e-03 2.05439e-02 0.00000e+00
21.020000 4.17197e-03 1.93350e-02 0.00000e+00
21.030000 4.36292e-03 1.81941e-02 0.00000e+00
21.040000 4.53000e-03 1.69490e-02 0.00000e+00
21.050000 4.71458e-03 1.56347e-02 0.00000e+00
21.060000 4.88412e-03 1.43438e-02 0.00000e+00
21.070000 5.03399e-03 1.31672e-02 0.00000e+00
21.080000 5.15119e-03 1.19175e-02 0.00000e+00
21.090000 5.27318e-03 1.05750e-02 0.00000e+00
21.100000 5.38534e-03 9.41953e-03 0.00000e+00
21.110000 5.47981e-03 8.18099e-03 0.00000e+00
21.120000 5.52720e-03 6.69226e-03 0.00000e+00
21.130000 5.58744e-03 5.29049e-03 0.00000e+00
21.140000 5.61284e-03 3.91918e-03 0.00000e+00
21.150000 5.64394e-03 2.38366e-03 0.00000e+00
21.160000 5.65815e-03 9.01382e-04 0.00000e+00
21.170000 5.65784e-03 -4.80073e-04 0.00000e+00
21.180000 5.67320e-03 -1.91450e-03 0.00000e+00
21.190000 5.64558e-03 -3.43758e-03 0.00000e+00
21.200000 5.60122e-03 -4.98716e-03 0.00000e+00
21.210000 5.53861e-03 -6.54259e-03 0.00000e+00
21.220000 5.47186e-03 -7.99730e-03 0.00000e+00
21.230000 5.39664e-03 -9.37752e-03 0.00000e+00
21.240000 5.29937e-03 -1.07451e-02 0.00000e+00
21.250000 5.16661e-03 -1.21654e-02 0.00000e+00
21.260000 5.05383e-03 -1.36364e-02 0.00000e+00
21.270000 4.90896e-03 -1.50375e-02 0.00000e+00
21.280000 4.72693e-03 -1.63518e-02 0.00000e+00
21.290000 4.55299e-03 -1.77102e-02 0.00000e+00
21.300000 4.39461e-03 -1.91283e-02 0.00000e+00
21.310000 4.18379e-03 -2.04841e-02 0.00000e+00
21.320000 3.97287e-03 -2.17768e-02 0.00000e+00
21.330000 3.77666e-03 -2.30309e-02 0.00000e+00
21.340000 3.53868e-03 -2.42263e-02 0.00000e+00
21.350000 3.27761e-03 -2.52303e-02 0.00000e+00
21.360000 3.02216e-03 -2.61850e-02 0.00000e+00
21.370000 2.74715e-03 -2.71690e-02 0.00000e+00
21.380000 2.48690e-03 -2.80282e-02 0.00000e+00
21.390000 2.20572e-03 -2.87441e-02 0.00000e+00
21.400000 1.90142e-03 -2.93354e-02 0.00000e+00
21.410000 1.60311e-03 -2.98576e-02 0.00000e+00
21.420000 1.27883e-03 -3.04298e-02 0.00000e+00
21.430000 9.72066e-04 -3.08561e-02 0.00000e+00
21.440000 6.67635e-04 -3.10706e-02 0.00000e+00
21.450000 3.59557e-04 -3.13101e-02 0.00000e+00
21.460000 2.86381e-05 -3.14994e-02 0.00000e+00
21.470000 -2.86778e-04 -3.14182e-02 0.00000e+00
21.480000 -5.84885e-04 -3.12290e-02 0.00000e+00
21.490000 -9.03828e-04 -3.09901e-02 0.00000e+00
21.500000 -1.21060e-03 -3.04740e-02 0.00000e+00
21.510000 -1.50071e-03 -2.98488e-02 0.00000e+00
21.520000 -1.79838e-03 -2.92079e-02 0.00000e+00
21.530000 -2.10364e-03 -2.84637e-02 0.00000e+00
21.540000 -2.37063e-03 -2.76504e-02 0.00000e+00
21.550000 -2.63418e-03 -2.66757e-02 0.00000e+00
21.560000 -2.90701e-03 -2.55464e-02 0.00000e+00
21.570000 -3.17499e-03 -2.44029e-02 0.00000e+00
21.580000 -3.43025e-03 -2.31430e-02 0.00000e+00
21.590000 -3.66570e-03 -2.18683e-02 0.00000e+00
21.600000 -3.85341e-03 -2.05500e-02 0.00000e+00
21.610000 -4.06411e-03 -1.90073e-02 0.00000e+00
21.620000 -4.25213e-03 -1.73609e-02 0.00000e+00
21.630000 -4.41289e-03 -1.57447e-02 0.00000e+00
21.640000 -4.54411e-03 -1.41120e-02 0.00000e+00
21.650000 -4.68865e-03 -1.23577e-02 0.00000e+00
21.660000 -4.78446e-03 -1.06097e-02 0.00000e+00
21.670000 -4.88592e-03 -8.86788e-03 0.00000e+00
21.680000 -4.97934e-03 -7.00836e-03 0.00000e+00
21.690000 -5.04167e-03 -5.18776e-03 0.00000e+00
21.700000 -5.09708e-03 -3.44644e-03 0.00000e+00
21.710000 -5.12170e-03 -1.66678e-03 0.00000e+00
21.720000 -5.11787e-03 1.57275e-04 0.00000e+00
21.730000 -5.11546e-03 1.92440e-03 0.00000e+00
21.740000 -5.08566e-03 3.52182e-03 0.00000e+00
21.750000 -5.03624e-03 4.96538e-03 0.00000e+00
21.760000 -4.99038e-03 6.33293e-03 0.00000e+00
21.770000 -4.88744e-03 7.79142e-03 0.00000e+00
21.780000 -4.79171e-03 9.17510e-03 0.00000e+00
21.790000 -4.70082e-03 1.03729e-02 0.00000e+00
21.800000 -4.59261e-03 1.15450e-02 0.00000e+00
21.810000 -4.46230e-03 1.27087e-02 0.00000e+00
21.820000 -4.32665e-03 1.37543e-02 0.00000e+00
21.830000 -4.18275e-03 1.46943e-02 0.00000e+00
21.840000 -4.01441e-03 1.55921e-02 0.00000e+00
21.850000 -3.85272e-03 1.63819e-02 0.00000e+00
21.860000 -3.69854e-03 1.70772e-02 0.00000e+00
21.870000 -3.50520e-03 1.77122e-02 0.00000e+00
21.880000 -3.33408e-03 1.83047e-02 0.00000e+00
21.890000 -3.14400e-03 1.88689e-02 0.00000e+00
21.900000 -2.97331e-03 1.93753e-02 0.00000e+00
21.910000 -2.79548e-03 1.97669e-02 0.00000e+00
21.920000 -2.59707e-03 2.01063e-02 0.00000e+00
21.930000 -2.38042e-03 2.04289e-02 0.00000e+00
21.940000 -2.16438e-03 2.08483e-02 0.00000e+00
21.950000 -1.97440e-03 2.12759e-02 0.00000e+00
21.960000 -1.75475e-03 2.15144e-02 0.00000e+00
21.970000 -1.54053e-03 2.16853e-02 0.00000e+00
21.980000 -1.32388e-03 2.18890e-02 0.00000e+00
21.990000 -1.11219e-03 2.20170e-02 0.00000e+00
22.000000 -8.88540e-04 2.21357e-02 0.00000e+00
22.010000 -6.56796e-04 2.22647e-02 0.00000e+00
22.020000 -4.31925e-04 2.23084e-02 0.00000e+00
22.030000 -2.15239e-04 2.22311e-02 0.00000e+00
22.040000 1.98932e-05 2.21672e-02 0.00000e+00
22.050000 2.31696e-04 2.21257e-02 0.00000e+00
22.060000 4.52341e-04 2.20185e-02 0.00000e+00
22.070000 6.68602e-04 2.18298e-02 0.00000e+00
22.080000 8.79167e-04 2.14969e-02 0.00000e+00
22.090000 1.11235e-03 2.11539e-02 0.00000e+00
22.100000 1.34054e-03 2.08621e-02 0.00000e+00
22.110000 1.54513e-03 2.04999e-02 0.00000e+00
22.120000 1.72286e-03 1.99770e-02 0.00000e+00
22.130000 1.91647e-03 1.94351e-02 0.00000e+00
22.140000 2.11684e-03 1.89059e-02 0.00000e+00
22.150000 2.29984e-03 1.82714e-02 0.00000e+00
22.160000 2.46839e-03 1.75518e-02 0.00000e+00
22.170000 2.66255e-03 1.67947e-02 0.00000e+00
22.180000 2.79892e-03 1.60704e-02 0.00000e+00
22.190000 2.96867e-03 1.53321e-02 0.00000e+00
22.200000 3.11521e-03 1.44660e-02 0.00000e+00
22.210000 3.28141e-03 1.35996e-02 0.00000e+00
22.220000 3.40699e-03 1.26422e-02 0.00000e+00
22.230000 3.53249e-03 1.15586e-02 0.00000e+00
22.240000 3.63218e-03 1.04920e-02 0.00000e+00
22.250000 3.73711e-03 9.38987e-03 0.00000e+00
22.260000 3.83024e-03 8.31601e-03 0.00000e+00
22.270000 3.90605e-03 7.29332e-03 0.00000e+00
22.280000 3.95537e-03 6.21463e-03 0.00000e+00
22.290000 4.02846e-03 5.00180e-03 0.00000e+00
22.300000 4.07570e-03 3.74686e-03 0.00000e+00
22.310000 4.10646e-03 2.56450e-03 0.00000e+00
22.320000 4.11513e-03 1.31296e-03 0.00000e+00
22.330000 4.13743e-03 9.05570e-06 0.00000e+00
22.340000 4.13116e-03 -1.14383e-03 0.00000e+00
22.350000 4.12762e-03 -2.38846e-03 0.00000e+00
22.360000 4.07702e-03 -3.66897e-03 0.00000e+00
22.370000 4.03102e-03 -4.86083e-03 0.00000e+00
22.380000 3.97450e-03 -6.03858e-03 0.00000e+00
22.390000 3.89082e-03 -7.12202e-03 0.00000e+00
22.400000 3.82747e-03 -8.25805e-03 0.00000e+00
22.410000 3.75060e-03 -9.40596e-03 0.00000e+00
22.420000 3.65027e-03 -1.04640e-02 0.00000e+00
22.430000 3.54634e-03 -1.14452e-02 0.00000e+00
22.440000 3.42005e-03 -1.23861e-02 0.00000e+00
22.450000 3.28853e-03 -1.33447e-02 0.00000e+00
22.460000 3.14125e-03 -1.42152e-02 0.00000e+00
22.470000 2.99884e-03 -1.49619e-02 0.00000e+00
22.480000 2.83595e-03 -1.56998e-02 0.00000e+00
22.490000 2.66485e-03 -1.64920e-02 0.00000e+00
22.500000 2.51726e-03 -1.72247e-02 0.00000e+00
22.510000 2.33898e-03 -1.78887e-02 0.00000e+00
22.520000 2.13160e-03 -1.85081e-02 0.00000e+00
22.530000 1.96486e-03 -1.91335e-02 0.00000e+00
22.540000 1.75576e-03 -1.97719e-02 0.00000e+00
22.550000 1.57040e-03 -2.03049e-02 0.00000e+00
22.560000 1.37528e-03 -2.08302e-02 0.00000e+00
22.570000 1.15403e-03 -2.11747e-02 0.00000e+00
22.580000 9.70572e-04 -2.13516e-02 0.00000e+00
22.590000 7.61527e-04 -2.15499e-02 0.00000e+00
22.600000 5.49633e-04 -2.16467e-02 0.00000e+00
22.610000 3.33411e-04 -2.16011e-02 0.00000e+00
22.620000 1.11383e-04 -2.14704e-02 0.00000e+00
22.630000 -1.04819e-04 -2.12880e-02 0.00000e+00
22.640000 -3.33017e-04 -2.10150e-02 0.00000e+00
22.650000 -5.65951e-04 -2.06710e-02 0.00000e+00
22.660000 -7.97780e-04 -2.03232e-02 0.00000e+00
22.670000 -1.00010e-03 -1.98311e-02 0.00000e+00
22.680000 -1.21637e-03 -1.92948e-02 0.00000e+00
22.690000 -1.40585e-03 -1.88464e-02 0.00000e+00
22.700000 -1.60349e-03 -1.82439e-02 0.00000e+00
22.710000 -1.76693e-03 -1.75811e-02 0.00000e+00
22.720000 -1.93246e-03 -1.68558e-02 0.00000e+00
22.730000 -2.07808e-03 -1.59205e-02 0.00000e+00
22.740000 -2.20745e-03 -1.50331e-02 0.00000e+00
22.750000 -2.36724e-03 -1.40754e-02 0.00000e+00
22.760000 -2.48969e-03 -1.30183e-02 0.00000e+00
22.770000 -2.59169e-03 -1.20295e-02 0.00000e+00
22.780000 -2.70165e-03 -1.09991e-02 0.00000e+00
22.790000 -2.81647e-03 -9.98757e-03 0.00000e+00
22.800000 -2.92343e-03 -9.05073e-03 0.00000e+00
22.810000 -3.01729e-03 -8.14736e-03 0.00000e+00
22.820000 -3.11226e-03 -7.34720e-03 0.00000e+00
22.830000 -3.19146e-03 -6.62310e-03 0.00000e+00
22.840000 -3.25572e-03 -5.88533e-03 0.00000e+00
22.850000 -3.32437e-03 -5.14417e-03 0.00000e+00
22.860000 -3.34896e-03 -4.37257e-03 0.00000e+00
22.870000 -3.37030e-03 -3.64718e-03 0.00000e+00
22.880000 -3.39377e-03 -2.88795e-03 0.00000e+00
22.890000 -3.38316e-03 -2.11067e-03 0.00000e+00
22.900000 -3.39510e-03 -1.31818e-03 0.00000e+00
22.910000 -3.41905e-03 -3.70451e-04 0.00000e+00
22.920000 -3.40605e-03 4.72581e-04 0.00000e+00
22.930000 -3.41689e-03 1.28126e-03 0.00000e+00
22.940000 -3.40520e-03 2.21823e-03 0.00000e+00
22.950000 -3.38488e-03 3.09793e-03 0.00000e+00
22.960000 -3.38065e-03 3.86064e-03 0.00000e+00
22.970000 -3.35254e-03 4.64853e-03 0.00000e+00
22.980000 -3.30658e-03 5.42218e-03 0.00000e+00
22.990000 -3.26307e-03 6.10177e-03 0.00000e+00
23.000000 -3.18520e-03 6.76862e-03 0.00000e+00
23.010000 -3.11300e-03 7.41620e-03 0.00000e+00
23.020000 -3.01259e-03 8.01727e-03 0.00000e+00
23.030000 -2.92622e-03 8.69211e-03 0.00000e+00
23.040000 -2.83147e-03 9.49324e-03 0.00000e+00
23.050000 -2.71042e-03 1.02581e-02 0.00000e+00
23.060000 -2.60809e-03 1.11108e-02 0.00000e+00
23.070000 -2.46276e-03 1.19451e-02 0.00000e+00
23.080000 -2.34589e-03 1.25633e-02 0.00000e+00
23.090000 -2.23729e-03 1.32005e-02 0.00000e+00
23.100000 -2.09356e-03 1.38281e-02 0.00000e+00
23.110000 -1.97404e-03 1.43831e-02 0.00000e+00
23.120000 -1.84384e-03 1.50254e-02 0.00000e+00
23.130000 -1.69235e-03 1.56074e-02 0.00000e+00
23.140000 -1.52625e-03 1.60049e-02 0.00000e+00
23.150000 -1.39713e-03 1.63939e-02 0.00000e+00
23.160000 -1.22446e-03 1.67655e-02 0.00000e+00
23.170000 -1.05802e-03 1.71277e-02 0.00000e+00
23.180000 -8.82002e-04 1.74790e-02 0.00000e+00
23.190000 -6.91151e-04 1.77812e-02 0.00000e+00
23.200000 -4.94248e-04 1.80278e-02 0.00000e+00
23.210000 -3.08096e-04 1.81685e-02 0.00000e+00
23.220000 -1.31485e-04 1.83037e-02 0.00000e+00
23.230000 6.18160e-05 1.83389e-02 0.00000e+00
23.240000 2.14560e-04 1.83392e-02 0.00000e+00
23.250000 4.09946e-04 1.83134e-02 0.00000e+00
23.260000 6.07996e-04 1.80640e-02 0.00000e+00
23.270000 7.96548e-04 1.77448e-02 0.00000e+00
23.280000 9.85882e-04 1.73333e-02 0.00000e+00
23.290000 1.17481e-03 1.68042e-02 0.00000e+00
23.300000 1.31406e-03 1.63032e-02 0.00000e+00
23.310000 1.46926e-03 1.58092e-02 0.00000e+00
23.320000 1.64325e-03 1.51661e-02 0.00000e+00
23.330000 1.79200e-03 1.44797e-02 0.00000e+00
23.340000 1.93626e-03 1.37966e-02 0.00000e+00
23.350000 2.06424e-03 1.29948e-02 0.00000e+00
23.360000 2.18519e-03 1.22202e-02 0.00000e+00
23.370000 2.30211e-03 1.15219e-02 0.00000e+00
23.380000 2.40698e-03 1.08212e-02 0.00000e+00
23.390000 2.50727e-03 1.00125e-02 0.00000e+00
23.400000 2.58721e-03 9.17876e-03 0.00000e+00
23.410000 2.68136e-03 8.24303e-03 0.00000e+00
23.420000 2.74369e-03 7.27797e-03 0.00000e+00
23.430000 2.80638e-03 6.49776e-03 0.00000e+00
23.440000 2.87268e-03 5.73128e-03 0.00000e+00
23.450000 2.93188e-03 4.92507e-03 0.00000e+00
23.460000 2.99580e-03 4.18582e-03 0.00000e+00
23.470000 3.03917e-03 3.39137e-03 0.00000e+00
23.480000 3.06226e-03 2.47382e-03 0.00000e+00
23.490000 3.08249e-03 1.66487e-03 0.00000e+00
23.500000 3.09854e-03 8.81445e-04 0.00000e+00
23.510000 3.08830e-03 2.36574e-05 0.00000e+00
23.520000 3.08743e-03 -8.23726e-04 0.00000e+00
23.530000 3.09418e-03 -1.74696e-03 0.00000e+00
23.540000 3.07276e-03 -2.64246e-03 0.00000e+00
23.550000 3.03632e-03 -3.47402e-03 0.00000e+00
23.560000 2.98109e-03 -4.34869e-03 0.00000e+00
23.570000 2.94333e-03 -5.25228e-03 0.00000e+00
23.580000 2.88003e-03 -6.08980e-03 0.00000e+00
23.590000 2.84301e-03 -6.90360e-03 0.00000e+00
23.600000 2.77660e-03 -7.79526e-03 0.00000e+00
23.610000 2.68666e-03 -8.59745e-03 0.00000e+00
23.620000 2.59813e-03 -9.25591e-03 0.00000e+00
23.630000 2.51352e-03 -9.77831e-03 0.00000e+00
23.640000 2.39416e-03 -1.02794e-02 0.00000e+00
23.650000 2.27839e-03 -1.08011e-02 0.00000e+00
23.660000 2.17003e-03 -1.12072e-02 0.00000e+00
23.670000 2.03370e-03 -1.15789e-02 0.00000e+00
23.680000 1.91031e-03 -1.19485e-02 0.00000e+00
23.690000 1.78578e-03 -1.22809e-02 0.00000e+00
23.700000 1.64467e-03 -1.25126e-02 0.00000e+00
23.710000 1.54301e-03 -1.26670e-02 0.00000e+00
23.720000 1.39436e-03 -1.28167e-02 0.00000e+00
23.730000 1.26203e-03 -1.29249e-02 0.00000e+00
23.740000 1.13376e-03 -1.29587e-02 0.00000e+00
23.750000 1.01316e-03 -1.29803e-02 0.00000e+00
23.760000 8.74133e-04 -1.29895e-02 0.00000e+00
23.770000 7.52973e-04 -1.29074e-02 0.00000e+00
23.780000 6.51641e-04 -1.28995e-02 0.00000e+00
23.790000 5.33698e-04 -1.29036e-02 0.00000e+00
23.800000 4.05334e-04 -1.27723e-02 0.00000e+00
23.810000 2.62930e-04 -1.26957e-02 0.00000e+00
23.820000 1.52643e-04 -1.27505e-02 0.00000e+00
23.830000 2.52589e-05 -1.27680e-02 0.00000e+00
23.840000 -1.22791e-04 -1.27913e-02 0.00000e+00
23.850000 -2.36815e-04 -1.28729e-02 0.00000e+00
23.860000 -3.77478e-04 -1.29198e-02 0.00000e+00
23.870000 -4.87846e-04 -1.30331e-02 0.00000e+00
23.880000 -6.13730e-04 -1.30621e-02 0.00000e+00
23.890000 -7.31528e-04 -1.30213e-02 0.00000e+00
23.900000 -8.60888e-04 -1.30197e-02 0.00000e+00
23.910000 -1.00131e-03 -1.29115e-02 0.00000e+00
23.920000 -1.14309e-03 -1.27389e-02 0.00000e+00
23.930000 -1.27243e-03 -1.26047e-02 0.00000e+00
23.940000 -1.38724e-03 -1.25083e-02 0.00000e+00
23.950000 -1.52534e-03 -1.22240e-02 0.00000e+00
23.960000 -1.62713e-03 -1.18074e-02 0.00000e+00
23.970000 -1.75630e-03 -1.14505e-02 0.00000e+00
23.980000 -1.89567e-03 -1.11529e-02 0.00000e+00
23.990000 -2.01673e-03 -1.07398e-02 0.00000e+00
24.000000 -2.11351e-03 -1.02219e-02 0.00000e+00
24.010000 -2.22353e-03 -9.82241e-03 0.00000e+00
24.020000 -2.32099e-03 -9.30785e-03 0.00000e+00
24.030000 -2.40372e-03 -8.71142e-03 0.00000e+00
24.040000 -2.48581e-03 -8.08830e-03 0.00000e+00
24.050000 -2.53053e-03 -7.30427e-03 0.00000e+00
24.060000 -2.59775e-03 -6.44584e-03 0.00000e+00
24.070000 -2.65022e-03 -5.54804e-03 0.00000e+00
24.080000 -2.70473e-03 -4.71365e-03 0.00000e+00
24.090000 -2.76447e-03 -3.93343e-03 0.00000e+00
24.100000 -2.81337e-03 -3.15921e-03 0.00000e+00
24.110000 -2.83894e-03 -2.25063e-03 0.00000e+00
24.120000 -2.83604e-03 -1.28855e-03 0.00000e+00
24.130000 -2.86832e-03 -3.43862e-04 0.00000e+00
24.140000 -2.88139e-03 6.04199e-04 0.00000e+00
24.150000 -2.87374e-03 1.47991e-03 0.00000e+00
24.160000 -2.84407e-03 2.37812e-03 0.00000e+00
24.170000 -2.83110e-03 3.35673e-03 0.00000e+00
24.180000 -2.79225e-03 4.26009e-03 0.00000e+00
24.190000 -2.71738e-03 5.05114e-03 0.00000e+00
24.200000 -2.67393e-03 5.89061e-03 0.00000e+00
24.210000 -2.58575e-03 6.76392e-03 0.00000e+00
24.220000 -2.50464e-03 7.72953e-03 0.00000e+00
24.230000 -2.43068e-03 8.77067e-03 0.00000e+00
24.240000 -2.35390e-03 9.74912e-03 0.00000e+00
24.250000 -2.27148e-03 1.05897e-02 0.00000e+00
24.260000 -2.16231e-03 1.12690e-02 0.00000e+00
24.270000 -2.04442e-03 1.18644e-02 0.00000e+00
24.280000 -1.89648e-03 1.24324e-02 0.00000e+00
24.290000 -1.78804e-03 1.30519e-02 0.00000e+00
24.300000 -1.65716e-03 1.35348e-02 0.00000e+00
24.310000 -1.51641e-03 1.37793e-02 0.00000e+00
24.320000 -1.36455e-03 1.39490e-02 0.00000e+00
24.330000 -1.22387e-03 1.41127e-02 0.00000e+00
24.340000 -1.08555e-03 1.41968e-02 0.00000e+00
24.350000 -9.55758e-04 1.41670e-02 0.00000e+00
24.360000 -7.85025e-04 1.41968e-02 0.00000e+00
24.370000 -6.13658e-04 1.42014e-02 0.00000e+00
24.380000 -4.47677e-04 1.41553e-02 0.00000e+00
24.390000 -2.91395e-04 1.41160e-02 0.00000e+00
24.400000 -1.51035e-04 1.40189e-02 0.00000e+00
24.410000 -4.60451e-05 1.38544e-02 0.00000e+00
24.420000 6.86545e-05 1.35608e-02 0.00000e+00
24.430000 1.98254e-04 1.32214e-02 0.00000e+00
24.440000 3.29383e-04 1.28622e-02 0.00000e+00
24.450000 4.46679e-04 1.25807e-02 0.00000e+00
24.460000 5.64069e-04 1.22536e-02 0.00000e+00
24.470000 6.49452e-04 1.17664e-02 0.00000e+00
24.480000 7.60813e-04 1.14094e-02 0.00000e+00
24.490000 8.74340e-04 1.11003e-02 0.00000e+00
24.500000 9.98861e-04 1.07343e-02 0.00000e+00
24.510000 1.10511e-03 1.03183e-02 0.00000e+00
24.520000 1.22044e-03 9.81120e-03 0.00000e+00
24.530000 1.33639e-03 9.34649e-03 0.00000e+00
24.540000 1.44091e-03 9.04983e-03 0.00000e+00
24.550000 1.53039e-03 8.81998e-03 0.00000e+00
24.560000 1.62507e-03 8.50578e-03 0.00000e+00
24.570000 1.70637e-03 8.12332e-03 0.00000e+00
24.580000 1.76822e-03 7.65316e-03 0.00000e+00
24.590000 1.81963e-03 7.06746e-03 0.00000e+00
24.600000 1.89140e-03 6.54911e-03 0.00000e+00
24.610000 1.94630e-03 6.10159e-03 0.00000e+00
24.620000 2.02484e-03 5.54993e-03 0.00000e+00
24.630000 2.05403e-03 4.90399e-03 0.00000e+00
24.640000 2.11654e-03 4.11035e-03 0.00000e+00
24.650000 2.17601e-03 3.29676e-03 0.00000e+00
24.660000 2.18442e-03 2.59516e-03 0.00000e+00
24.670000 2.21589e-03 1.94860e-03 0.00000e+00
24.680000 2.22712e-03 1.29246e-03 0.00000e+00
24.690000 2.24557e-03 6.20514e-04 0.00000e+00
24.700000 2.26526e-03 9.53832e-05 0.00000e+00
24.710000 2.28143e-03 -3.72362e-04 0.00000e+00
24.720000 2.25820e-03 -8.98342e-04 0.00000e+00
24.730000 2.23056e-03 -1.38297e-03 0.00000e+00
24.740000 2.22261e-03 -1.80412e-03 0.00000e+00
24.750000 2.19436e-03 -2.31875e-03 0.00000e+00
24.760000 2.15972e-03 -2.92035e-03 0.00000e+00
24.770000 2.13394e-03 -3.48598e-03 0.00000e+00
24.780000 2.06761e-03 -3.98191e-03 0.00000e+00
24.790000 2.00141e-03 -4.33021e-03 0.00000e+00
24.800000 1.95031e-03 -4.74256e-03 0.00000e+00
24.810000 1.90000e-03 -5.10977e-03 0.00000e+00
24.820000 1.87650e-03 -5.26602e-03 0.00000e+00
24.830000 1.82314e-03 -5.56750e-03 0.00000e+00
24.840000 1.77306e-03 -5.92755e-03 0.00000e+00
24.850000 1.71063e-03 -6.23515e-03 0.00000e+00
24.860000 1.66714e-03 -6.57054e-03 0.00000e+00
24.870000 1.61825e-03 -6.89502e-03 0.00000e+00
24.880000 1.53309e-03 -7.09162e-03 0.00000e+00
24.890000 1.45983e-03 -7.30267e-03 0.00000e+00
24.900000 1.38733e-03 -7.66080e-03 0.00000e+00
24.910000 1.29698e-03 -7.98812e-03 0.00000e+00
24.920000 1.19533e-03 -8.24835e-03 0.00000e+00
24.930000 1.12229e-03 -8.54787e-03 0.00000e+00
24.940000 1.03923e-03 -8.80705e-03 0.00000e+00
24.950000 9.72810e-04 -9.14524e-03 0.00000e+00
24.960000 8.80249e-04 -9.66266e-03 0.00000e+00
24.970000 7.70063e-04 -1.01289e-02 0.00000e+00
24.980000 6.98817e-04 -1.05782e-02 0.00000e+00
24.990000 5.67932e-04 -1.08901e-02 0.00000e+00
25.000000 4.41555e-04 -1.11563e-02 0.00000e+00
25.010000 3.34346e-04 -1.14977e-02 0.00000e+00
25.020000 2.15281e-04 -1.18334e-02 0.00000e+00
25.030000 9.46636e-05 -1.20595e-02 0.00000e+00
25.040000 -1.37560e-05 -1.21168e-02 0.00000e+00
25.050000 -1.11886e-04 -1.22407e-02 0.00000e+00
25.060000 -2.60360e-04 -1.23568e-02 0.00000e+00
25.070000 -3.84519e-04 -1.24086e-02 0.00000e+00
25.080000 -5.06464e-04 -1.25153e-02 0.00000e+00
25.090000 -6.23453e-04 -1.26161e-02 0.00000e+00
25.100000 -7.67658e-04 -1.26097e-02 0.00000e+00
25.110000 -8.87547e-04 -1.25156e-02 0.00000e+00
25.120000 -1.04480e-03 -1.22392e-02 0.00000e+00
25.130000 -1.15821e-03 -1.18446e-02 0.00000e+00
25.140000 -1.27151e-03 -1.14566e-02 0.00000e+00
25.150000 -1.38821e-03 -1.09104e-02 0.00000e+00
25.160000 -1.47940e-03 -1.03539e-02 0.00000e+00
25.170000 -1.60879e-03 -9.87278e-03 0.00000e+00
25.180000 -1.69627e-03 -9.28857e-03 0.00000e+00
25.190000 -1.78519e-03 -8.65625e-03 0.00000e+00
25.200000 -1.84647e-03 -8.01367e-03 0.00000e+00
25.210000 -1.93809e-03 -7.29726e-03 0.00000e+00
25.220000 -2.02250e-03 -6.42570e-03 0.00000e+00
25.230000 -2.08546e-03 -5.59717e-03 0.00000e+00
25.240000 -2.16230e-03 -4.93171e-03 0.00000e+00
25.250000 -2.20479e-03 -4.17888e-03 0.00000e+00
25.260000 -2.22601e-03 -3.28313e-03 0.00000e+00
25.270000 -2.25079e-03 -2.45423e-03 0.00000e+00
25.280000 -2.25376e-03 -1.67495e-03 0.00000e+00
25.290000 -2.23892e-03 -9.80858e-04 0.00000e+00
25.300000 -2.25328e-03 -3.72144e-04 0.00000e+00
25.310000 -2.24107e-03 3.49757e-04 0.00000e+00
25.320000 -2.24331e-03 1.03467e-03 0.00000e+00
25.330000 -2.23576e-03 1.71591e-03 0.00000e+00
25.340000 -2.21691e-03 2.33792e-03 0.00000e+00
25.350000 -2.19194e-03 2.91411e-03 0.00000e+00
25.360000 -2.16534e-03 3.48753e-03 0.00000e+00
25.370000 -2.11971e-03 4.11781e-03 0.00000e+00
25.380000 -2.07599e-03 4.74943e-03 0.00000e+00
25.390000 -2.02051e-03 5.20466e-03 0.00000e+00
25.400000 -1.99448e-03 5.61351e-03 0.00000e+00
25.410000 -1.93690e-03 5.88928e-03 0.00000e+00
25.420000 -1.84414e-03 6.14578e-03 0.00000e+00
25.430000 -1.77953e-03 6.53998e-03 0.00000e+00
25.440000 -1.73200e-03 6.93804e-03 0.00000e+00
25.450000 -1.65786e-03 7.35973e-03 0.00000e+00
25.460000 -1.59580e-03 7.87646e-03 0.00000e+00
25.470000 -1.50519e-03 8.30559e-03 0.00000e+00
25.480000 -1.40756e-03 8.66210e-03 0.00000e+00
25.490000 -1.33338e-03 8.96796e-03 0.00000e+00
25.500000 -1.23248e-03 9.21982e-03 0.00000e+00
25.510000 -1.14686e-03 9.43676e-03 0.00000e+00
25.520000 -1.04722e-03 9.51524e-03 0.00000e+00
25.530000 -9.60571e-04 9.54924e-03 0.00000e+00
25.540000 -8.40260e-04 9.65649e-03 0.00000e+00
25.550000 -7.71111e-04 9.74185e-03 0.00000e+00
25.560000 -6.80371e-04 9.76179e-03 0.00000e+00
25.570000 -5.88714e-04 9.64482e-03 0.00000e+00
25.580000 -4.83642e-04 9.46748e-03 0.00000e+00
25.590000 -3.51247e-04 9.51687e-03 0.00000e+00
25.600000 -2.40789e-04 9.55592e-03 0.00000e+00
25.610000 -1.39198e-04 9.42728e-03 0.00000e+00
25.620000 -3.47892e-05 9.30213e-03 0.00000e+00
25.630000 4.98985e-05 9.13855e-03 0.00000e+00
25.640000 1.23640e-04 8.91861e-03 0.00000e+00
25.650000 2.08491e-04 8.81649e-03 0.00000e+00
25.660000 2.79282e-04 8.71195e-03 0.00000e+00
25.670000 3.64103e-04 8.58084e-03 0.00000e+00
25.680000 4.15605e-04 8.44668e-03 0.00000e+00
25.690000 4.94694e-04 8.28726e-03 0.00000e+00
25.700000 5.94552e-04 8.09555e-03 0.00000e+00
25.710000 6.77661e-04 7.97012e-03 0.00000e+00
25.720000 7.36619e-04 7.82286e-03 0.00000e+00
25.730000 8.17424e-04 7.56645e-03 0.00000e+00
25.740000 8.91838e-04 7.38040e-03 0.00000e+00
25.750000 9.97323e-04 7.18030e-03 0.00000e+00
25.760000 1.08193e-03 7.12583e-03 0.00000e+00
25.770000 1.13080e-03 7.12418e-03 0.00000e+00
25.780000 1.21090e-03 6.99290e-03 0.00000e+00
25.790000 1.27196e-03 6.86796e-03 0.00000e+00
25.800000 1.33329e-03 6.76026e-03 0.00000e+00
25.810000 1.40176e-03 6.54478e-03 0.00000e+00
25.820000 1.49017e-03 6.30850e-03 0.00000e+00
25.830000 1.53154e-03 6.02541e-03 0.00000e+00
25.840000 1.59239e-03 5.64235e-03 0.00000e+00
25.850000 1.63219e-03 5.21268e-03 0.00000e+00
25.860000 1.69163e-03 4.75368e-03 0.00000e+00
25.870000 1.73008e-03 4.37399e-03 0.00000e+00
25.880000 1.79581e-03 3.96162e-03 0.00000e+00
25.890000 1.81750e-03 3.42807e-03 0.00000e+00
25.900000 1.86672e-03 2.86844e-03 0.00000e+00
25.910000 1.89393e-03 2.30067e-03 0.00000e+00
25.920000 1.91477e-03 1.84189e-03 0.00000e+00
25.930000 1.94886e-03 1.42486e-03 0.00000e+00
25.940000 1.93528e-03 8.27663e-04 0.00000e+00
25.950000 1.94416e-03 2.29116e-04 0.00000e+00
25.960000 1.95377e-03 -4.19006e-04 0.00000e+00
25.970000 1.94657e-03 -1.11875e-03 0.00000e+00
25.980000 1.91627e-03 -1.76198e-03 0.00000e+00
25.990000 1.90376e-03 -2.32221e-03 0.00000e+00
26.000000 1.85417e-03 -2.89898e-03 0.00000e+00
26.010000 1.83009e-03 -3.58028e-03 0.00000e+00
26.020000 1.80103e-03 -4.30137e-03 0.00000e+00
26.030000 1.75379e-03 -5.00171e-03 0.00000e+00
26.040000 1.70026e-03 -5.65661e-03 0.00000e+00
26.050000 1.63631e-03 -6.20543e-03 0.00000e+00
26.060000 1.58358e-03 -6.71922e-03 0.00000e+00
26.070000 1.51565e-03 -7.23198e-03 0.00000e+00
26.080000 1.44910e-03 -7.67594e-03 0.00000e+00
26.090000 1.38119e-03 -8.15245e-03 0.00000e+00
26.100000 1.27433e-03 -8.53313e-03 0.00000e+00
26.110000 1.18464e-03 -8.96320e-03 0.00000e+00
26.120000 1.09029e-03 -9.38288e-03 0.00000e+00
26.130000 9.77387e-04 -9.57873e-03 0.00000e+00
26.140000 9.05265e-04 -9.74713e-03 0.00000e+00
26.150000 7.92049e-04 -1.00031e-02 0.00000e+00
26.160000 6.95640e-04 -1.01910e-02 0.00000e+00
26.170000 5.70863e-04 -1.03958e-02 0.00000e+00
26.180000 4.56760e-04 -1.05312e-02 0.00000e+00
26.190000 3.53290e-04 -1.04718e-02 0.00000e+00
26.200000 2.64165e-04 -1.04539e-02 0.00000e+00
26.210000 1.66536e-04 -1.04596e-02 0.00000e+00
26.220000 7.68900e-05 -1.03515e-02 0.00000e+00
26.230000 -3.90550e-05 -1.01616e-02 0.00000e+00
26.240000 -1.37471e-04 -9.92821e-03 0.00000e+00
26.250000 -2.46243e-04 -9.63389e-03 0.00000e+00
26.260000 -3.42548e-04 -9.28735e-03 0.00000e+00
26.270000 -4.31811e-04 -9.01499e-03 0.00000e+00
26.280000 -5.29446e-04 -8.73839e-03 0.00000e+00
26.290000 -5.90245e-04 -8.36786e-03 0.00000e+00
26.300000 -6.77987e-04 -8.11688e-03 0.00000e+00
26.310000 -7.81989e-04 -7.76506e-03 0.00000e+00
26.320000 -8.61911e-04 -7.33359e-03 0.00000e+00
26.330000 -9.26956e-04 -6.98082e-03 0.00000e+00
26.340000 -1.00409e-03 -6.66805e-03 0.00000e+00
26.350000 -1.03812e-03 -6.44215e-03 0.00000e+00
26.360000 -1.11563e-03 -6.16591e-03 0.00000e+00
26.370000 -1.17831e-03 -5.77846e-03 0.00000e+00
26.380000 -1.21610e-03 -5.33227e-03 0.00000e+00
26.390000 -1.24453e-03 -4.91800e-03 0.00000e+00
26.400000 -1.30929e-03 -4.58746e-03 0.00000e+00
26.410000 -1.33909e-03 -4.26966e-03 0.00000e+00
26.420000 -1.39148e-03 -3.95261e-03 0.00000e+00
26.430000 -1.42936e-03 -3.66799e-03 0.00000e+00
26.440000 -1.47484e-03 -3.34741e-03 0.00000e+00
26.450000 -1.48994e-03 -3.05756e-03 0.00000e+00
26.460000 -1.53827e-03 -2.69351e-03 0.00000e+00
26.470000 -1.56964e-03 -2.26988e-03 0.00000e+00
26.480000 -1.56982e-03 -1.95802e-03 0.00000e+00
26.490000 -1.60655e-03 -1.66479e-03 0.00000e+00
26.500000 -1.62787e-03 -1.31131e-03 0.00000e+00
26.510000 -1.64172e-03 -9.47730e-04 0.00000e+00
26.520000 -1.64789e-03 -4.99776e-04 0.00000e+00
26.530000 -1.63208e-03 -9.16021e-05 0.00000e+00
26.540000 -1.63144e-03 1.80524e-04 0.00000e+00
26.550000 -1.63190e-03 5.70153e-04 0.00000e+00
26.560000 -1.64544e-03 1.05934e-03 0.00000e+00
26.570000 -1.62569e-03 1.45129e-03 0.00000e+00
26.580000 -1.61188e-03 1.84409e-03 0.00000e+00
26.590000 -1.59191e-03 2.20418e-03 0.00000e+00
26.600000 -1.57067e-03 2.44968e-03 0.00000e+00
26.610000 -1.53277e-03 2.67275e-03 0.00000e+00
26.620000 -1.50570e-03 3.00292e-03 0.00000e+00
26.630000 -1.45009e-03 3.30470e-03 0.00000e+00
26.640000 -1.42193e-03 3.49147e-03 0.00000e+00
26.650000 -1.37684e-03 3.85983e-03 0.00000e+00
26.660000 -1.34186e-03 4.20708e-03 0.00000e+00
26.670000 -1.28948e-03 4.38951e-03 0.00000e+00
26.680000 -1.24844e-03 4.54735e-03 0.00000e+00
26.690000 -1.20069e-03 4.78309e-03 0.00000e+00
26.700000 -1.17178e-03 5.11939e-03 0.00000e+00
26.710000 -1.10825e-03 5.43573e-03 0.00000e+00
26.720000 -1.04801e-03 5.64061e-03 0.00000e+00
26.730000 -1.00304e-03 5.79463e-03 0.00000e+00
26.740000 -9.55858e-04 6.06629e-03 0.00000e+00
26.750000 -8.95243e-04 6.37416e-03 0.00000e+00
26.760000 -8.58803e-04 6.61230e-03 0.00000e+00
26.770000 -7.80180e-04 6.84889e-03 0.00000e+00
26.780000 -7.02457e-04 7.10248e-03 0.00000e+00
26.790000 -6.05967e-04 7.33256e-03 0.00000e+00
26.800000 -5.55812e-04 7.61960e-03 0.00000e+00
26.810000 -4.53417e-04 7.94702e-03 0.00000e+00
26.820000 -3.71561e-04 8.24318e-03 0.00000e+00
26.830000 -3.11649e-04 8.48351e-03 0.00000e+00
26.840000 -2.35514e-04 8.68225e-03 0.00000e+00
26.850000 -1.31737e-04 8.87557e-03 0.00000e+00
26.860000 -2.58041e-05 8.98846e-03 0.00000e+00
26.870000 5.50254e-05 9.03657e-03 0.00000e+00
26.880000 1.38592e-04 9.11826e-03 0.00000e+00
26.890000 2.31153e-04 9.23647e-03 0.00000e+00
26.900000 3.48229e-04 9.26174e-03 0.00000e+00
26.910000 4.46102e-04 9.19603e-03 0.00000e+00
26.920000 5.16104e-04 9.09807e-03 0.00000e+00
26.930000 6.08381e-04 8.90404e-03 0.00000e+00
26.940000 6.98582e-04 8.66411e-03 0.00000e+00
26.950000 7.87838e-04 8.50421e-03 0.00000e+00
26.960000 8.77825e-04 8.42735e-03 0.00000e+00
26.970000 9.76210e-04 8.19911e-03 0.00000e+00
26.980000 1.05036e-03 7.95328e-03 0.00000e+00
26.990000 1.11864e-03 7.79268e-03 0.00000e+00
27.000000 1.17515e-03 7.41972e-03 0.00000e+00
27.010000 1.25181e-03 6.92728e-03 0.00000e+00
27.020000 1.31369e-03 6.52239e-03 0.00000e+00
27.030000 1.37778e-03 6.21091e-03 0.00000e+00
27.040000 1.45057e-03 5.78336e-03 0.00000e+00
27.050000 1.50832e-03 5.24783e-03 0.00000e+00
27.060000 1.55170e-03 4.68433e-03 0.00000e+00
27.070000 1.59448e-03 4.17843e-03 0.00000e+00
27.080000 1.63244e-03 3.69820e-03 0.00000e+00
27.090000 1.66860e-03 3.03110e-03 0.00000e+00
27.100000 1.70029e-03 2.29041e-03 0.00000e+00
27.110000 1.73333e-03 1.59098e-03 0.00000e+00
27.120000 1.76913e-03 9.21414e-04 0.00000e+00
27.130000 1.77754e-03 3.23542e-04 0.00000e+00
27.140000 1.76354e-03 -2.47846e-04 0.00000e+00
27.150000 1.78096e-03 -8.31321e-04 0.00000e+00
27.160000 1.74492e-03 -1.49213e-03 0.00000e+00
27.170000 1.71707e-03 -2.22276e-03 0.00000e+00
27.180000 1.69774e-03 -2.84683e-03 0.00000e+00
27.190000 1.68047e-03 -3.41023e-03 0.00000e+00
27.200000 1.63093e-03 -3.94895e-03 0.00000e+00
27.210000 1.57075e-03 -4.41513e-03 0.00000e+00
27.220000 1.52281e-03 -4.85956e-03 0.00000e+00
27.230000 1.45912e-03 -5.29236e-03 0.00000e+00
27.240000 1.40658e-03 -5.68571e-03 0.00000e+00
27.250000 1.32902e-03 -6.07668e-03 0.00000e+00
27.260000 1.25523e-03 -6.40363e-03 0.00000e+00
27.270000 1.20299e-03 -6.68683e-03 0.00000e+00
27.280000 1.14699e-03 -6.96224e-03 0.00000e+00
27.290000 1.09408e-03 -7.04026e-03 0.00000e+00
27.300000 1.02464e-03 -7.07923e-03 0.00000e+00
27.310000 9.39715e-04 -7.20558e-03 0.00000e+00
27.320000 8.70723e-04 -7.16509e-03 0.00000e+00
27.330000 7.83486e-04 -7.09943e-03 0.00000e+00
27.340000 7.28593e-04 -7.16938e-03 0.00000e+00
27.350000 6.68079e-04 -7.20324e-03 0.00000e+00
27.360000 5.86951e-04 -7.14810e-03 0.00000e+00
27.370000 5.20245e-04 -7.10441e-03 0.00000e+00
27.380000 4.33601e-04 -7.15466e-03 0.00000e+00
27.390000 3.66106e-04 -7.21123e-03 0.00000e+00
27.400000 2.91994e-04 -7.24994e-03 0.00000e+00
27.410000 2.18967e-04 -7.27116e-03 0.00000e+00
27.420000 1.36667e-04 -7.28735e-03 0.00000e+00
27.430000 8.50683e-05 -7.31072e-03 0.00000e+00
27.440000 -1.29263e-06 -7.23996e-03 0.00000e+00
27.450000 -4.50753e-05 -7.12486e-03 0.00000e+00
27.460000 -9.57520e-05 -6.98787e-03 0.00000e+00
27.470000 -1.82726e-04 -6.81643e-03 0.00000e+00
27.480000 -2.38474e-04 -6.70180e-03 0.00000e+00
27.490000 -3.02100e-04 -6.57972e-03 0.00000e+00
27.500000 -3.99981e-04 -6.47331e-03 0.00000e+00
27.510000 -4.78510e-04 -6.33545e-03 0.00000e+00
27.520000 -5.44726e-04 -6.12148e-03 0.00000e+00
27.530000 -6.04675e-04 -5.95363e-03 0.00000e+00
27.540000 -6.75831e-04 -5.71907e-03 0.00000e+00
27.550000 -7.37180e-04 -5.52251e-03 0.00000e+00
27.560000 -7.91368e-04 -5.35019e-03 0.00000e+00
27.570000 -8.32249e-04 -5.12810e-03 0.00000e+00
27.580000 -8.78738e-04 -5.00455e-03 0.00000e+00
27.590000 -9.12259e-04 -4.95926e-03 0.00000e+00
27.600000 -9.56785e-04 -4.87913e-03 0.00000e+00
27.610000 -9.96511e-04 -4.77866e-03 0.00000e+00
27.620000 -1.05026e-03 -4.62107e-03 0.00000e+00
27.630000 -1.07765e-03 -4.34175e-03 0.00000e+00
27.640000 -1.12205e-03 -4.16960e-03 0.00000e+00
27.650000 -1.16173e-03 -4.03319e-03 0.00000e+00
27.660000 -1.20313e-03 -3.83412e-03 0.00000e+00
27.670000 -1.24228e-03 -3.72953e-03 0.00000e+00
27.680000 -1.27541e-03 -3.74031e-03 0.00000e+00
27.690000 -1.30948e-03 -3.71965e-03 0.00000e+00
27.700000 -1.33988e-03 -3.60005e-03 0.00000e+00
27.710000 -1.36698e-03 -3.43555e-03 0.00000e+00
27.720000 -1.43260e-03 -3.29320e-03 0.00000e+00
27.730000 -1.45228e-03 -3.10440e-03 0.00000e+00
27.740000 -1.51226e-03 -2.78796e-03 0.00000e+00
27.750000 -1.54830e-03 -2.48380e-03 0.00000e+00
27.760000 -1.57081e-03 -2.10051e-03 0.00000e+00
27.770000 -1.57495e-03 -1.60873e-03 0.00000e+00
27.780000 -1.58173e-03 -1.14885e-03 0.00000e+00
27.790000 -1.58627e-03 -7.26843e-04 0.00000e+00
27.800000 -1.60134e-03 -2.07956e-04 0.00000e+00
27.810000 -1.61419e-03 3.99212e-04 0.00000e+00
27.820000 -1.61129e-03 1.00048e-03 0.00000e+00
27.830000 -1.60471e-03 1.58628e-03 0.00000e+00
27.840000 -1.59575e-03 2.14876e-03 0.00000e+00
27.850000 -1.57833e-03 2.80039e-03 0.00000e+00
27.860000 -1.52493e-03 3.55649e-03 0.00000e+00
27.870000 -1.47517e-03 4.32106e-03 0.00000e+00
27.880000 -1.42677e-03 5.07088e-03 0.00000e+00
27.890000 -1.38391e-03 5.66718e-03 0.00000e+00
27.900000 -1.30963e-03 6.19881e-03 0.00000e+00
27.910000 -1.25009e-03 6.68840e-03 0.00000e+00
27.920000 -1.19184e-03 7.02892e-03 0.00000e+00
27.930000 -1.09239e-03 7.43975e-03 0.00000e+00
27.940000 -1.03288e-03 7.91893e-03 0.00000e+00
27.950000 -9.56856e-04 8.38852e-03 0.00000e+00
27.960000 -8.67056e-04 8.75018e-03 0.00000e+00
27.970000 -7.58282e-04 8.96176e-03 0.00000e+00
27.980000 -6.77487e-04 9.08386e-03 0.00000e+00
27.990000 -5.81077e-04 9.15254e-03 0.00000e+00
28.000000 -4.96336e-04 9.16455e-03 0.00000e+00
28.010000 -3.78261e-04 9.12967e-03 0.00000e+00
28.020000 -2.68110e-04 8.99725e-03 0.00000e+00
28.030000 -1.72253e-04 8.87935e-03 0.00000e+00
28.040000 -1.06728e-04 8.81802e-03 0.00000e+00
28.050000 -2.42665e-05 8.66485e-03 0.00000e+00
28.060000 3.84672e-05 8.40873e-03 0.00000e+00
28.070000 1.34419e-04 8.22843e-03 0.00000e+00
28.080000 2.07502e-04 8.08930e-03 0.00000e+00
28.090000 3.00273e-04 7.74899e-03 0.00000e+00
28.100000 3.94808e-04 7.43813e-03 0.00000e+00
28.110000 4.58664e-04 7.13353e-03 0.00000e+00
28.120000 5.16643e-04 6.73471e-03 0.00000e+00
28.130000 5.60117e-04 6.42425e-03 0.00000e+00
28.140000 6.25640e-04 6.16730e-03 0.00000e+00
28.150000 6.88954e-04 5.87715e-03 0.00000e+00
28.160000 7.42626e-04 5.56733e-03 0.00000e+00
28.170000 8.00210e-04 5.20016e-03 0.00000e+00
28.180000 8.53606e-04 4.81658e-03 0.00000e+00
28.190000 8.92234e-04 4.58486e-03 0.00000e+00
28.200000 9.54670e-04 4.34321e-03 0.00000e+00
28.210000 9.91778e-04 3.94181e-03 0.00000e+00
28.220000 1.02757e-03 3.52568e-03 0.00000e+00
28.230000 1.07087e-03 3.09737e-03 0.00000e+00
28.240000 1.11708e-03 2.73715e-03 0.00000e+00
28.250000 1.11916e-03 2.45272e-03 0.00000e+00
28.260000 1.12683e-03 2.14487e-03 0.00000e+00
28.270000 1.17269e-03 1.96529e-03 0.00000e+00
28.280000 1.18457e-03 1.74389e-03 0.00000e+00
28.290000 1.21225e-03 1.32598e-03 0.00000e+00
28.300000 1.22393e-03 8.96377e-04 0.00000e+00
28.310000 1.21839e-03 5.21998e-04 0.00000e+00
28.320000 1.22100e-03 2.17982e-04 0.00000e+00
28.330000 1.20925e-03 -6.92807e-05 0.00000e+00
28.340000 1.19260e-03 -3.42636e-04 0.00000e+00
28.350000 1.19704e-03 -5.67689e-04 0.00000e+00
28.360000 1.20841e-03 -8.28601e-04 0.00000e+00
28.370000 1.17508e-03 -1.05846e-03 0.00000e+00
28.380000 1.17321e-03 -1.20288e-03 0.00000e+00
28.390000 1.17046e-03 -1.34789e-03 0.00000e+00
28.400000 1.16099e-03 -1.43592e-03 0.00000e+00
28.410000 1.15946e-03 -1.40400e-03 0.00000e+00
28.420000 1.13201e-03 -1.51069e-03 0.00000e+00
28.430000 1.10623e-03 -1.76015e-03 0.00000e+00
28.440000 1.08964e-03 -1.81880e-03 0.00000e+00
28.450000 1.03217e-03 -1.78913e-03 0.00000e+00
28.460000 1.01017e-03 -1.82021e-03 0.00000e+00
28.470000 1.01369e-03 -1.91734e-03 0.00000e+00
28.480000 9.85257e-04 -2.11012e-03 0.00000e+00
28.490000 9.76934e-04 -2.31907e-03 0.00000e+00
28.500000 9.46185e-04 -2.59535e-03 0.00000e+00
28.510000 9.31269e-04 -2.97667e-03 0.00000e+00
28.520000 9.00580e-04 -3.28803e-03 0.00000e+00
28.530000 8.75519e-04 -3.41353e-03 0.00000e+00
28.540000 8.54930e-04 -3.63833e-03 0.00000e+00
28.550000 8.40811e-04 -3.96305e-03 0.00000e+00
28.560000 7.96954e-04 -4.24235e-03 0.00000e+00
28.570000 7.67301e-04 -4.55999e-03 0.00000e+00
28.580000 7.09361e-04 -4.82545e-03 0.00000e+00
28.590000 6.37821e-04 -5.15379e-03 0.00000e+00
28.600000 6.02461e-04 -5.55566e-03 0.00000e+00
28.610000 5.56074e-04 -5.84155e-03 0.00000e+00
28.620000 4.72786e-04 -6.20405e-03 0.00000e+00
28.630000 3.83177e-04 -6.65140e-03 0.00000e+00
28.640000 2.98725e-04 -6.91259e-03 0.00000e+00
28.650000 2.32380e-04 -7.15315e-03 0.00000e+00
28.660000 1.54477e-04 -7.37751e-03 0.00000e+00
28.670000 7.79340e-05 -7.54598e-03 0.00000e+00
28.680000 1.77256e-05 -7.72816e-03 0.00000e+00
28.690000 -3.19307e-05 -7.89383e-03 0.00000e+00
28.700000 -1.08405e-04 -8.04232e-03 0.00000e+00
28.710000 -2.18962e-04 -8.13054e-03 0.00000e+00
28.720000 -2.97133e-04 -8.11610e-03 0.00000e+00
28.730000 -3.86320e-04 -8.06535e-03 0.00000e+00
28.740000 -4.57999e-04 -7.91520e-03 0.00000e+00
28.750000 -5.31084e-04 -7.71659e-03 0.00000e+00
28.760000 -6.18443e-04 -7.60966e-03 0.00000e+00
28.770000 -6.72644e-04 -7.38994e-03 0.00000e+00
28.780000 -7.41283e-04 -7.08297e-03 0.00000e+00
28.790000 -8.32789e-04 -6.84923e-03 0.00000e+00
28.800000 -8.98008e-04 -6.63524e-03 0.00000e+00
28.810000 -9.54467e-04 -6.40506e-03 0.00000e+00
28.820000 -1.03183e-03 -6.05215e-03 0.00000e+00
28.830000 -1.08251e-03 -5.64794e-03 0.00000e+00
28.840000 -1.15717e-03 -5.29357e-03 0.00000e+00
28.850000 -1.21523e-03 -4.83845e-03 0.00000e+00
28.860000 -1.26687e-03 -4.28404e-03 0.00000e+00
28.870000 -1.30269e-03 -3.71813e-03 0.00000e+00
28.880000 -1.33784e-03 -3.29320e-03 0.00000e+00
28.890000 -1.35109e-03 -2.92509e-03 0.00000e+00
28.900000 -1.37454e-03 -2.53019e-03 0.00000e+00
28.910000 -1.37828e-03 -2.12310e-03 0.00000e+00
28.920000 -1.42112e-03 -1.60414e-03 0.00000e+00
28.930000 -1.42692e-03 -1.10684e-03 0.00000e+00
28.940000 -1.43931e-03 -6.14580e-04 0.00000e+00
28.950000 -1.44504e-03 -7.47744e-05 0.00000e+00
28.960000 -1.43434e-03 3.49413e-04 0.00000e+00
28.970000 -1.41335e-03 7.59033e-04 0.00000e+00
28.980000 -1.40859e-03 1.29961e-03 0.00000e+00
28.990000 -1.37701e-03 1.80571e-03 0.00000e+00
29.000000 -1.38747e-03 2.21817e-03 0.00000e+00
29.010000 -1.35540e-03 2.56883e-03 0.00000e+00
29.020000 -1.33392e-03 2.85757e-03 0.00000e+00
29.030000 -1.31076e-03 3.16644e-03 0.00000e+00
29.040000 -1.28569e-03 3.49807e-03 0.00000e+00
29.050000 -1.26192e-03 3.79244e-03 0.00000e+00
29.060000 -1.22189e-03 4.05549e-03 0.00000e+00
29.070000 -1.16972e-03 4.34452e-03 0.00000e+00
29.080000 -1.11216e-03 4.66204e-03 0.00000e+00
29.090000 -1.04675e-03 4.88617e-03 0.00000e+00
29.100000 -1.01578e-03 5.05220e-03 0.00000e+00
29.110000 -9.55257e-04 5.18645e-03 0.00000e+00
29.120000 -9.03735e-04 5.26225e-03 0.00000e+00
29.130000 -8.42960e-04 5.36949e-03 0.00000e+00
29.140000 -7.75913e-04 5.45668e-03 0.00000e+00
29.150000 -7.12590e-04 5.41922e-03 0.00000e+00
29.160000 -6.82868e-04 5.41975e-03 0.00000e+00
29.170000 -6.35247e-04 5.38064e-03 0.00000e+00
29.180000 -5.78675e-04 5.20509e-03 0.00000e+00
29.190000 -5.19087e-04 5.06162e-03 0.00000e+00
29.200000 -4.63605e-04 4.90728e-03 0.00000e+00
29.210000 -4.16387e-04 4.76864e-03 0.00000e+00
29.220000 -3.76226e-04 4.55138e-03 0.00000e+00
29.230000 -3.20642e-04 4.24949e-03 0.00000e+00
29.240000 -2.62124e-04 4.04703e-03 0.00000e+00
29.250000 -2.23089e-04 3.95105e-03 0.00000e+00
29.260000 -1.89553e-04 3.91873e-03 0.00000e+00
29.270000 -1.55223e-04 3.85330e-03 0.00000e+00
29.280000 -1.32515e-04 3.74422e-03 0.00000e+00
29.290000 -8.61988e-05 3.72983e-03 0.00000e+00
29.300000 -6.51607e-05 3.79027e-03 0.00000e+00
29.310000 -4.05088e-05 3.90797e-03 0.00000e+00
29.320000 -8.81149e-06 4.11684e-03 0.00000e+00
29.330000 5.13665e-05 4.22683e-03 0.00000e+00
29.340000 6.14133e-05 4.28019e-03 0.00000e+00
29.350000 1.03139e-04 4.45996e-03 0.00000e+00
29.360000 1.56136e-04 4.65617e-03 0.00000e+00
29.370000 2.04768e-04 4.82958e-03 0.00000e+00
29.380000 2.45433e-04 4.97109e-03 0.00000e+00
29.390000 2.76153e-04 5.10150e-03 0.00000e+00
29.400000 3.40650e-04 5.26212e-03 0.00000e+00
29.410000 4.24761e-04 5.50619e-03 0.00000e+00
29.420000 4.82292e-04 5.73197e-03 0.00000e+00
29.430000 5.47313e-04 5.84096e-03 0.00000e+00
29.440000 6.02393e-04 5.90843e-03 0.00000e+00
29.450000 6.67768e-04 5.89200e-03 0.00000e+00
29.460000 7.48645e-04 5.86044e-03 0.00000e+00
29.470000 8.04943e-04 5.80207e-03 0.00000e+00
29.480000 8.63741e-04 5.64927e-03 0.00000e+00
29.490000 9.20495e-04 5.47251e-03 0.00000e+00
29.500000 9.49700e-04 5.32449e-03 0.00000e+00
29.510000 1.01820e-03 5.02657e-03 0.00000e+00
29.520000 1.05658e-03 4.60089e-03 0.00000e+00
29.530000 1.08942e-03 4.22146e-03 0.00000e+00
29.540000 1.12937e-03 3.84344e-03 0.00000e+00
29.550000 1.17287e-03 3.40601e-03 0.00000e+00
29.560000 1.21715e-03 2.83262e-03 0.00000e+00
29.570000 1.24744e-03 2.23159e-03 0.00000e+00
29.580000 1.27854e-03 1.76587e-03 0.00000e+00
29.590000 1.27928e-03 1.33720e-03 0.00000e+00
29.600000 1.28711e-03 7.88270e-04 0.00000e+00
29.610000 1.29498e-03 2.16097e-04 0.00000e+00
29.620000 1.29149e-03 -3.26792e-04 0.00000e+00
29.630000 1.29865e-03 -7.97943e-04 0.00000e+00
29.640000 1.28490e-03 -1.27101e-03 0.00000e+00
29.650000 1.27191e-03 -1.79560e-03 0.00000e+00
29.660000 1.24244e-03 -2.31029e-03 0.00000e+00
29.670000 1.20803e-03 -2.89321e-03 0.00000e+00
29.680000 1.16050e-03 -3.43387e-03 0.00000e+00
29.690000 1.13740e-03 -3.94111e-03 0.00000e+00
29.700000 1.09272e-03 -4.51705e-03 0.00000e+00
29.710000 1.05741e-03 -5.07711e-03 0.00000e+00
29.720000 9.90240e-04 -5.54601e-03 0.00000e+00
29.730000 9.38349e-04 -5.84625e-03 0.00000e+00
29.740000 8.82820e-04 -6.14803e-03 0.00000e+00
29.750000 8.41019e-04 -6.44852e-03 0.00000e+00
29.760000 7.61903e-04 -6.69749e-03 0.00000e+00
29.770000 6.84144e-04 -6.92361e-03 0.00000e+00
29.780000 6.29249e-04 -7.03347e-03 0.00000e+00
29.790000 5.52045e-04 -7.15324e-03 0.00000e+00
29.800000 4.77245e-04 -7.25318e-03 0.00000e+00
29.810000 3.89785e-04 -7.27624e-03 0.00000e+00
29.820000 3.09029e-04 -7.28711e-03 0.00000e+00
29.830000 2.25877e-04 -7.30223e-03 0.00000e+00
29.840000 1.45684e-04 -7.30557e-03 0.00000e+00
29.850000 7.08606e-05 -7.28201e-03 0.00000e+00
29.860000 -8.06142e-06 -7.14422e-03 0.00000e+00
29.870000 -7.12048e-05 -6.95951e-03 0.00000e+00
29.880000 -1.31393e-04 -6.75734e-03 0.00000e+00
29.890000 -1.73810e-04 -6.51419e-03 0.00000e+00
29.900000 -2.31075e-04 -6.25878e-03 0.00000e+00
29.910000 -3.12842e-04 -5.93408e-03 0.00000e+00
29.920000 -3.48288e-04 -5.56771e-03 0.00000e+00
29.930000 -4.03226e-04 -5.19465e-03 0.00000e+00
29.940000 -4.53354e-04 -4.91568e-03 0.00000e+00
29.950000 -5.11209e-04 -4.59026e-03 0.00000e+00
29.960000 -5.80644e-04 -4.19519e-03 0.00000e+00
29.970000 -6.15625e-04 -3.85947e-03 0.00000e+00
29.980000 -6.58230e-04 -3.57720e-03 0.00000e+00
29.990000 -6.99677e-04 -3.38499e-03 0.00000e+00
30.000000 -7.31068e-04 -3.18751e-03 0.00000e+00
30.010000 -7.48630e-04 -2.92428e-03 0.00000e+00
30.020000 -7.69563e-04 -2.72277e-03 0.00000e+00
30.030000 -7.84444e-04 -2.57582e-03 0.00000e+00
30.040000 -8.16692e-04 -2.41488e-03 0.00000e+00
30.050000 -8.18294e-04 -2.29246e-03 0.00000e+00
30.060000 -8.36690e-04 -2.06116e-03 0.00000e+00
30.070000 -8.51414e-04 -1.78336e-03 0.00000e+00
30.080000 -8.72704e-04 -1.63895e-03 0.00000e+00
30.090000 -8.91532e-04 -1.42651e-03 0.00000e+00
30.100000 -9.02866e-04 -1.23055e-03 0.00000e+00
30.110000 -9.32329e-04 -1.14598e-03 0.00000e+00
30.120000 -9.29258e-04 -1.04967e-03 0.00000e+00
30.130000 -9.49625e-04 -1.02697e-03 0.00000e+00
30.140000 -9.72642e-04 -1.00518e-03 0.00000e+00
30.150000 -9.86870e-04 -9.41584e-04 0.00000e+00
30.160000 -1.00081e-03 -9.11359e-04 0.00000e+00
30.170000 -9.83433e-04 -8.39448e-04 0.00000e+00
30.180000 -9.98280e-04 -7.05388e-04 0.00000e+00
30.190000 -1.02145e-03 -5.68866e-04 0.00000e+00
30.200000 -1.01336e-03 -3.97827e-04 0.00000e+00
30.210000 -1.01914e-03 -2.47296e-04 0.00000e+00
30.220000 -1.01354e-03 -1.03534e-04 0.00000e+00
30.230000 -9.83743e-04 1.02320e-04 0.00000e+00
30.240000 -1.00446e-03 3.01923e-04 0.00000e+00
30.250000 -9.94978e-04 4.62167e-04 0.00000e+00
30.260000 -1.00268e-03 5.46105e-04 0.00000e+00
30.270000 -1.01881e-03 7.09754e-04 0.00000e+00
30.280000 -1.00288e-03 9.19902e-04 0.00000e+00
30.290000 -9.84428e-04 1.12672e-03 0.00000e+00
30.300000 -9.80724e-04 1.37227e-03 0.00000e+00
30.310000 -9.57753e-04 1.55212e-03 0.00000e+00
30.320000 -9.40422e-04 1.75361e-03 0.00000e+00
30.330000 -9.12238e-04 1.99941e-03 0.00000e+00
30.340000 -8.85179e-04 2.30973e-03 0.00000e+00
30.350000 -8.65780e-04 2.59115e-03 0.00000e+00
30.360000 -8.43134e-04 2.75513e-03 0.00000e+00
30.370000 -8.09089e-04 3.02703e-03 0.00000e+00
30.380000 -7.92928e-04 3.34379e-03 0.00000e+00
30.390000 -7.57203e-04 3.67491e-03 0.00000e+00
30.400000 -7.19098e-04 4.18211e-03 0.00000e+00
30.410000 -6.88188e-04 4.59978e-03 0.00000e+00
30.420000 -6.52628e-04 4.91166e-03 0.00000e+00
30.430000 -5.99857e-04 5.17703e-03 0.00000e+00
30.440000 -5.20179e-04 5.31842e-03 0.00000e+00
30.450000 -4.78762e-04 5.53935e-03 0.00000e+00
30.460000 -4.23261e-04 5.81667e-03 0.00000e+00
30.470000 -3.59939e-04 5.92932e-03 0.00000e+00
30.480000 -3.03018e-04 6.02186e-03 0.00000e+00
30.490000 -2.27889e-04 6.17395e-03 0.00000e+00
30.500000 -1.71430e-04 6.30751e-03 0.00000e+00
30.510000 -1.06417e-04 6.47576e-03 0.00000e+00
30.520000 -4.41399e-05 6.58011e-03 0.00000e+00
30.530000 4.38630e-05 6.59496e-03 0.00000e+00
30.540000 1.28631e-04 6.56668e-03 0.00000e+00
30.550000 1.92095e-04 6.47298e-03 0.00000e+00
30.560000 2.75336e-04 6.36151e-03 0.00000e+00
30.570000 3.29769e-04 6.28813e-03 0.00000e+00
30.580000 3.60979e-04 6.20120e-03 0.00000e+00
30.590000 4.17890e-04 6.07472e-03 0.00000e+00
30.600000 4.58950e-04 5.93069e-03 0.00000e+00
30.610000 5.32558e-04 5.87166e-03 0.00000e+00
30.620000 5.88390e-04 5.78467e-03 0.00000e+00
30.630000 6.26031e-04 5.56783e-03 0.00000e+00
30.640000 6.67111e-04 5.36086e-03 0.00000e+00
30.650000 7.52678e-04 5.12048e-03 0.00000e+00
30.660000 7.95841e-04 4.89257e-03 0.00000e+00
30.670000 8.52881e-04 4.65271e-03 0.00000e+00
30.680000 8.92378e-04 4.30071e-03 0.00000e+00
30.690000 9.22594e-04 3.93217e-03 0.00000e+00
30.700000 9.57872e-04 3.63310e-03 0.00000e+00
30.710000 9.98830e-04 3.43110e-03 0.00000e+00
30.720000 1.04666e-03 3.20231e-03 0.00000e+00
30.730000 1.09247e-03 2.93595e-03 0.00000e+00
30.740000 1.12894e-03 2.57870e-03 0.00000e+00
30.750000 1.15646e-03 2.03894e-03 0.00000e+00
30.760000 1.16826e-03 1.45472e-03 0.00000e+00
30.770000 1.17896e-03 8.37517e-04 0.00000e+00
30.780000 1.18898e-03 2.89131e-04 0.00000e+00
30.790000 1.18012e-03 -1.77550e-04 0.00000e+00
30.800000 1.16831e-03 -7.62475e-04 0.00000e+00
30.810000 1.16722e-03 -1.41479e-03 0.00000e+00
30.820000 1.14578e-03 -1.85948e-03 0.00000e+00
30.830000 1.13787e-03 -2.18293e-03 0.00000e+00
30.840000 1.09975e-03 -2.53625e-03 0.00000e+00
30.850000 1.07375e-03 -2.83454e-03 0.00000e+00
30.860000 1.05630e-03 -3.18253e-03 0.00000e+00
30.870000 1.02723e-03 -3.57329e-03 0.00000e+00
30.880000 9.87367e-04 -3.91743e-03 0.00000e+00
30.890000 9.24668e-04 -4.15595e-03 0.00000e+00
30.900000 8.56905e-04 -4.30668e-03 0.00000e+00
30.910000 7.90666e-04 -4.40740e-03 0.00000e+00
30.920000 7.41786e-04 -4.46077e-03 0.00000e+00
30.930000 6.94661e-04 -4.52065e-03 0.00000e+00
30.940000 6.55513e-04 -4.59747e-03 0.00000e+00
30.950000 6.29088e-04 -4.60992e-03 0.00000e+00
30.960000 5.78057e-04 -4.55273e-03 0.00000e+00
30.970000 5.35462e-04 -4.52323e-03 0.00000e+00
30.980000 5.12356e-04 -4.50622e-03 0.00000e+00
30.990000 4.98844e-04 -4.45230e-03 0.00000e+00
31.000000 4.46807e-04 -4.30908e-03 0.00000e+00
31.010000 3.99887e-04 -4.22682e-03 0.00000e+00
31.020000 3.49139e-04 -4.23233e-03 0.00000e+00
31.030000 2.85528e-04 -4.15482e-03 0.00000e+00
31.040000 2.41010e-04 -4.00960e-03 0.00000e+00
31.050000 2.06528e-04 -3.85926e-03 0.00000e+00
31.060000 1.73820e-04 -3.83578e-03 0.00000e+00
31.070000 1.31912e-04 -3.95879e-03 0.00000e+00
31.080000 9.59432e-05 -4.12939e-03 0.00000e+00
31.090000 5.33474e-05 -4.31857e-03 0.00000e+00
31.100000 7.94902e-06 -4.50581e-03 0.00000e+00
31.110000 -2.98050e-05 -4.67597e-03 0.00000e+00
31.120000 -5.85485e-05 -4.75163e-03 0.00000e+00
31.130000 -1.01869e-04 -4.77044e-03 0.00000e+00
31.140000 -1.63353e-04 -4.86108e-03 0.00000e+00
31.150000 -2.05251e-04 -4.87792e-03 0.00000e+00
31.160000 -2.39315e-04 -4.75143e-03 0.00000e+00
31.170000 -2.90757e-04 -4.68011e-03 0.00000e+00
31.180000 -3.64032e-04 -4.70812e-03 0.00000e+00
31.190000 -4.00205e-04 -4.76122e-03 0.00000e+00
31.200000 -4.44892e-04 -4.85877e-03 0.00000e+00
31.210000 -4.89213e-04 -4.96585e-03 0.00000e+00
31.220000 -5.60393e-04 -5.05325e-03 0.00000e+00
31.230000 -6.31682e-04 -5.04290e-03 0.00000e+00
31.240000 -6.88523e-04 -4.95907e-03 0.00000e+00
31.250000 -7.33161e-04 -4.79401e-03 0.00000e+00
31.260000 -7.85238e-04 -4.57506e-03 0.00000e+00
31.270000 -8.11213e-04 -4.41955e-03 0.00000e+00
31.280000 -8.43655e-04 -4.19936e-03 0.00000e+00
31.290000 -8.58526e-04 -3.81352e-03 0.00000e+00
31.300000 -9.00860e-04 -3.44500e-03 0.00000e+00
31.310000 -9.45269e-04 -3.17373e-03 0.00000e+00
31.320000 -9.66974e-04 -2.87924e-03 0.00000e+00
31.330000 -1.00966e-03 -2.54356e-03 0.00000e+00
31.340000 -1.05582e-03 -2.23285e-03 0.00000e+00
31.350000 -1.09056e-03 -1.96547e-03 0.00000e+00
31.360000 -1.11759e-03 -1.61553e-03 0.00000e+00
31.370000 -1.13249e-03 -1.22592e-03 0.00000e+00
31.380000 -1.14722e-03 -8.86021e-04 0.00000e+00
31.390000 -1.14121e-03 -6.20856e-04 0.00000e+00
31.400000 -1.11319e-03 -5.09308e-04 0.00000e+00
31.410000 -1.10794e-03 -3.99296e-04 0.00000e+00
31.420000 -1.09143e-03 -1.99384e-04 0.00000e+00
31.430000 -1.10442e-03 -3.65264e-05 0.00000e+00
31.440000 -1.09664e-03 1.38453e-04 0.00000e+00
31.450000 -1.07121e-03 3.94321e-04 0.00000e+00
31.460000 -1.06782e-03 7.21445e-04 0.00000e+00
31.470000 -1.08751e-03 1.02690e-03 0.00000e+00
31.480000 -1.07049e-03 1.25877e-03 0.00000e+00
31.490000 -1.06823e-03 1.56854e-03 0.00000e+00
31.500000 -1.05470e-03 1.88263e-03 0.00000e+00
31.510000 -1.03396e-03 2.06833e-03 0.00000e+00
31.520000 -1.00235e-03 2.29246e-03 0.00000e+00
31.530000 -9.92898e-04 2.57543e-03 0.00000e+00
31.540000 -9.87847e-04 2.84133e-03 0.00000e+00
31.550000 -9.70162e-04 3.08714e-03 0.00000e+00
31.560000 -9.47330e-04 3.36829e-03 0.00000e+00
31.570000 -9.22038e-04 3.78436e-03 0.00000e+00
31.580000 -8.59028e-04 4.16936e-03 0.00000e+00
31.590000 -8.20612e-04 4.55438e-03 0.00000e+00
31.600000 -7.72672e-04 4.91766e-03 0.00000e+00
31.610000 -7.09681e-04 5.20638e-03 0.00000e+00
31.620000 -6.39403e-04 5.59826e-03 0.00000e+00
31.630000 -5.80300e-04 5.94478e-03 0.00000e+00
31.640000 -5.18408e-04 6.07697e-03 0.00000e+00
31.650000 -4.47791e-04 6.25125e-03 0.00000e+00
31.660000 -3.75584e-04 6.47066e-03 0.00000e+00
31.670000 -3.20320e-04 6.60334e-03 0.00000e+00
31.680000 -2.50847e-04 6.77540e-03 0.00000e+00
31.690000 -1.65485e-04 6.90739e-03 0.00000e+00
31.700000 -1.15531e-04 6.88122e-03 0.00000e+00
31.710000 -5.37445e-05 6.76283e-03 0.00000e+00
31.720000 9.79153e-06 6.64635e-03 0.00000e+00
31.730000 8.46458e-05 6.49048e-03 0.00000e+00
31.740000 1.48035e-04 6.23072e-03 0.00000e+00
31.750000 2.02178e-04 6.06715e-03 0.00000e+00
31.760000 2.82236e-04 5.92645e-03 0.00000e+00
31.770000 3.25317e-04 5.62524e-03 0.00000e+00
31.780000 3.87674e-04 5.30743e-03 0.00000e+00
31.790000 4.40384e-04 5.05885e-03 0.00000e+00
31.800000 4.77267e-04 4.82537e-03 0.00000e+00
31.810000 5.30878e-04 4.56630e-03 0.00000e+00
31.820000 6.03271e-04 4.32862e-03 0.00000e+00
31.830000 6.26394e-04 4.12038e-03 0.00000e+00
31.840000 6.70268e-04 3.82451e-03 0.00000e+00
31.850000 6.99067e-04 3.45849e-03 0.00000e+00
31.860000 7.09474e-04 3.24375e-03 0.00000e+00
31.870000 7.42084e-04 3.02164e-03 0.00000e+00
31.880000 7.88357e-04 2.65888e-03 0.00000e+00
31.890000 8.08341e-04 2.31124e-03 0.00000e+00
31.900000 8.23566e-04 2.03743e-03 0.00000e+00
31.910000 8.39683e-04 1.76036e-03 0.00000e+00
31.920000 8.77099e-04 1.45306e-03 0.00000e+00
31.930000 8.60581e-04 1.18914e-03 0.00000e+00
31.940000 8.72682e-04 9.38500e-04 0.00000e+00
31.950000 8.90217e-04 6.40994e-04 0.00000e+00
31.960000 9.18882e-04 3.66575e-04 0.00000e+00
31.970000 9.18542e-04 6.23191e-05 0.00000e+00
31.980000 9.27092e-04 -2.12902e-04 0.00000e+00
31.990000 9.16937e-04 -2.69862e-04 0.00000e+00
32.000000 9.13120e-04 -3.22325e-04 0.00000e+00
32.010000 8.87136e-04 -4.75446e-04 0.00000e+00
32.020000 8.97934e-04 -6.05622e-04 0.00000e+00
32.030000 8.96391e-04 -7.81919e-04 0.00000e+00
32.040000 8.65239e-04 -9.19715e-04 0.00000e+00
32.050000 8.40923e-04 -9.75245e-04 0.00000e+00
32.060000 8.43096e-04 -1.03370e-03 0.00000e+00
32.070000 8.23306e-04 -1.14175e-03 0.00000e+00
32.080000 8.06340e-04 -1.26310e-03 0.00000e+00
32.090000 7.92731e-04 -1.26881e-03 0.00000e+00
32.100000 7.74299e-04 -1.34410e-03 0.00000e+00
32.110000 7.64770e-04 -1.50868e-03 0.00000e+00
32.120000 7.39684e-04 -1.57080e-03 0.00000e+00
32.130000 7.44227e-04 -1.53965e-03 0.00000e+00
32.140000 7.33040e-04 -1.52757e-03 0.00000e+00
32.150000 7.43406e-04 -1.59964e-03 0.00000e+00
32.160000 7.36591e-04 -1.77155e-03 0.00000e+00
32.170000 6.98700e-04 -1.96615e-03 0.00000e+00
32.180000 6.70108e-04 -2.21134e-03 0.00000e+00
32.190000 6.55547e-04 -2.42996e-03 0.00000e+00
32.200000 6.29484e-04 -2.55622e-03 0.00000e+00
32.210000 6.07468e-04 -2.74898e-03 0.00000e+00
32.220000 5.66014e-04 -3.07381e-03 0.00000e+00
32.230000 5.45851e-04 -3.35102e-03 0.00000e+00
32.240000 5.02812e-04 -3.56713e-03 0.00000e+00
32.250000 4.79466e-04 -3.90045e-03 0.00000e+00
32.260000 4.40425e-04 -4.28139e-03 0.00000e+00
32.270000 3.88014e-04 -4.68758e-03 0.00000e+00
32.280000 3.47326e-04 -5.01234e-03 0.00000e+00
32.290000 3.04445e-04 -5.37590e-03 0.00000e+00
32.300000 2.45124e-04 -5.68115e-03 0.00000e+00
32.310000 1.72907e-04 -5.87981e-03 0.00000e+00
32.320000 9.81294e-05 -6.02506e-03 0.00000e+00
32.330000 3.48791e-05 -6.08970e-03 0.00000e+00
32.340000 -9.68943e-06 -6.24446e-03 0.00000e+00
32.350000 -7.89838e-05 -6.46573e-03 0.00000e+00
32.360000 -1.23359e-04 -6.57794e-03 0.00000e+00
32.370000 -1.97155e-04 -6.62352e-03 0.00000e+00
32.380000 -2.63142e-04 -6.66805e-03 0.00000e+00
32.390000 -3.57474e-04 -6.69293e-03 0.00000e+00
32.400000 -4.01373e-04 -6.64487e-03 0.00000e+00
32.410000 -4.94543e-04 -6.56352e-03 0.00000e+00
32.420000 -5.69290e-04 -6.39689e-03 0.00000e+00
32.430000 -6.34487e-04 -6.09093e-03 0.00000e+00
32.440000 -6.80206e-04 -5.82565e-03 0.00000e+00
32.450000 -7.25445e-04 -5.55899e-03 0.00000e+00
32.460000 -7.94134e-04 -5.21852e-03 0.00000e+00
32.470000 -8.16391e-04 -4.87229e-03 0.00000e+00
32.480000 -8.80433e-04 -4.59473e-03 0.00000e+00
32.490000 -9.16867e-04 -4.35463e-03 0.00000e+00
32.500000 -9.75459e-04 -4.09084e-03 0.00000e+00
32.510000 -1.01754e-03 -3.71012e-03 0.00000e+00
32.520000 -1.05816e-03 -3.28154e-03 0.00000e+00
32.530000 -1.06908e-03 -2.76966e-03 0.00000e+00
32.540000 -1.11040e-03 -2.20079e-03 0.00000e+00
32.550000 -1.11913e-03 -1.66818e-03 0.00000e+00
32.560000 -1.13443e-03 -1.25259e-03 0.00000e+00
32.570000 -1.13205e-03 -8.06541e-04 0.00000e+00
32.580000 -1.14441e-03 -3.76650e-04 0.00000e+00
32.590000 -1.12166e-03 -8.33625e-05 0.00000e+00
32.600000 -1.13899e-03 2.95869e-04 0.00000e+00
32.610000 -1.14488e-03 7.62834e-04 0.00000e+00
32.620000 -1.14667e-03 1.26777e-03 0.00000e+00
32.630000 -1.12926e-03 1.64635e-03 0.00000e+00
32.640000 -1.12683e-03 2.07537e-03 0.00000e+00
32.650000 -1.10339e-03 2.50906e-03 0.00000e+00
32.660000 -1.07562e-03 2.78053e-03 0.00000e+00
32.670000 -1.02998e-03 3.03543e-03 0.00000e+00
32.680000 -9.82428e-04 3.32599e-03 0.00000e+00
32.690000 -9.33888e-04 3.55176e-03 0.00000e+00
32.700000 -8.87326e-04 3.80310e-03 0.00000e+00
32.710000 -8.56876e-04 4.02476e-03 0.00000e+00
32.720000 -8.30014e-04 4.13768e-03 0.00000e+00
32.730000 -8.03064e-04 4.27585e-03 0.00000e+00
32.740000 -7.46686e-04 4.41070e-03 0.00000e+00
32.750000 -7.14683e-04 4.49075e-03 0.00000e+00
32.760000 -6.51255e-04 4.62318e-03 0.00000e+00
32.770000 -5.91514e-04 4.73527e-03 0.00000e+00
32.780000 -5.48658e-04 4.63969e-03 0.00000e+00
32.790000 -5.11190e-04 4.51360e-03 0.00000e+00
32.800000 -4.77214e-04 4.39427e-03 0.00000e+00
32.810000 -4.16522e-04 4.23286e-03 0.00000e+00
32.820000 -3.97400e-04 4.00897e-03 0.00000e+00
32.830000 -3.51817e-04 3.76147e-03 0.00000e+00
32.840000 -2.89146e-04 3.63265e-03 0.00000e+00
32.850000 -2.46684e-04 3.56453e-03 0.00000e+00
32.860000 -2.33109e-04 3.50678e-03 0.00000e+00
32.870000 -1.75227e-04 3.48719e-03 0.00000e+00
32.880000 -1.69264e-04 3.35635e-03 0.00000e+00
32.890000 -1.25973e-04 3.14143e-03 0.00000e+00
32.900000 -9.51013e-05 2.95627e-03 0.00000e+00
32.910000 -6.08441e-05 2.89858e-03 0.00000e+00
32.920000 -3.94920e-05 2.86359e-03 0.00000e+00
32.930000 1.38175e-06 2.85905e-03 0.00000e+00
32.940000 -3.48986e-06 2.96621e-03 0.00000e+00
32.950000 1.42373e-05 2.96668e-03 0.00000e+00
32.960000 4.63218e-05 2.88385e-03 0.00000e+00
32.970000 6.56200e-05 2.84094e-03 0.00000e+00
32.980000 9.40467e-05 2.90011e-03 0.00000e+00
32.990000 1.16529e-04 2.89783e-03 0.00000e+00
33.000000 1.63438e-04 2.79456e-03 0.00000e+00
33.010000 2.16430e-04 2.90525e-03 0.00000e+00
33.020000 2.30473e-04 3.05284e-03 0.00000e+00
33.030000 2.75264e-04 3.01905e-03 0.00000e+00
33.040000 2.90255e-04 3.09214e-03 0.00000e+00
33.050000 3.17805e-04 3.16752e-03 0.00000e+00
33.060000 3.68349e-04 3.15944e-03 0.00000e+00
33.070000 4.20419e-04 3.25186e-03 0.00000e+00
33.080000 4.56357e-04 3.32505e-03 0.00000e+00
33.090000 4.78423e-04 3.32273e-03 0.00000e+00
33.100000 5.08621e-04 3.38839e-03 0.00000e+00
33.110000 5.23890e-04 3.34905e-03 0.00000e+00
33.120000 5.32018e-04 3.18584e-03 0.00000e+00
33.130000 5.82511e-04 3.13015e-03 0.00000e+00
33.140000 6.16662e-04 3.04431e-03 0.00000e+00
33.150000 6.45686e-04 2.96730e-03 0.00000e+00
33.160000 6.57666e-04 2.88587e-03 0.00000e+00
33.170000 7.03426e-04 2.85968e-03 0.00000e+00
33.180000 7.54174e-04 2.91696e-03 0.00000e+00
33.190000 7.54111e-04 2.85964e-03 0.00000e+00
33.200000 7.92766e-04 2.79736e-03 0.00000e+00
33.210000 8.33393e-04 2.67525e-03 0.00000e+00
33.220000 8.39873e-04 2.43803e-03 0.00000e+00
33.230000 8.69000e-04 2.25555e-03 0.00000e+00
33.240000 8.95159e-04 2.15616e-03 0.00000e+00
33.250000 8.98872e-04 2.01217e-03 0.00000e+00
33.260000 9.19692e-04 1.69498e-03 0.00000e+00
33.270000 9.43797e-04 1.32425e-03 0.00000e+00
33.280000 9.32870e-04 9.13349e-04 0.00000e+00
33.290000 9.67449e-04 3.70614e-04 0.00000e+00
33.300000 9.76278e-04 -9.20761e-05 0.00000e+00
33.310000 9.84085e-04 -4.82730e-04 0.00000e+00
33.320000 9.97318e-04 -1.01696e-03 0.00000e+00
33.330000 9.84085e-04 -1.63200e-03 0.00000e+00
33.340000 9.85262e-04 -2.14925e-03 0.00000e+00
33.350000 9.46395e-04 -2.50981e-03 0.00000e+00
33.360000 9.22379e-04 -2.98393e-03 0.00000e+00
33.370000 8.85662e-04 -3.49715e-03 0.00000e+00
33.380000 8.29712e-04 -3.90320e-03 0.00000e+00
33.390000 7.92415e-04 -4.35570e-03 0.00000e+00
33.400000 7.44517e-04 -4.76361e-03 0.00000e+00
33.410000 6.93296e-04 -5.05928e-03 0.00000e+00
33.420000 6.12004e-04 -5.41076e-03 0.00000e+00
33.430000 5.45707e-04 -5.75318e-03 0.00000e+00
33.440000 4.92856e-04 -5.90018e-03 0.00000e+00
33.450000 4.25572e-04 -6.01528e-03 0.00000e+00
33.460000 3.64154e-04 -6.01917e-03 0.00000e+00
33.470000 3.15630e-04 -5.94136e-03 0.00000e+00
33.480000 2.36361e-04 -5.92005e-03 0.00000e+00
33.490000 1.71342e-04 -5.80131e-03 0.00000e+00
33.500000 1.36179e-04 -5.59016e-03 0.00000e+00
33.510000 9.10657e-05 -5.29214e-03 0.00000e+00
33.520000 3.27828e-05 -5.05107e-03 0.00000e+00
33.530000 -3.69578e-05 -4.85112e-03 0.00000e+00
33.540000 -7.77374e-05 -4.63135e-03 0.00000e+00
33.550000 -1.31579e-04 -4.48466e-03 0.00000e+00
33.560000 -1.61315e-04 -4.28777e-03 0.00000e+00
33.570000 -1.98009e-04 -4.01380e-03 0.00000e+00
33.580000 -2.35028e-04 -3.71679e-03 0.00000e+00
33.590000 -2.78141e-04 -3.53298e-03 0.00000e+00
33.600000 -2.83992e-04 -3.44131e-03 0.00000e+00
33.610000 -3.00810e-04 -3.29978e-03 0.00000e+00
33.620000 -3.38815e-04 -3.23396e-03 0.00000e+00
33.630000 -3.70984e-04 -3.16557e-03 0.00000e+00
33.640000 -4.24961e-04 -2.98941e-03 0.00000e+00
33.650000 -4.44553e-04 -2.89814e-03 0.00000e+00
33.660000 -4.60407e-04 -2.89189e-03 0.00000e+00
33.670000 -4.78669e-04 -2.73062e-03 0.00000e+00
33.680000 -5.21429e-04 -2.52892e-03 0.00000e+00
33.690000 -5.66368e-04 -2.39963e-03 0.00000e+00
33.700000 -5.87692e-04 -2.30352e-03 0.00000e+00
33.710000 -6.20001e-04 -2.23260e-03 0.00000e+00
33.720000 -6.29507e-04 -2.13050e-03 0.00000e+00
33.730000 -6.40986e-04 -1.98704e-03 0.00000e+00
33.740000 -6.59460e-04 -1.81564e-03 0.00000e+00
33.750000 -6.87302e-04 -1.63295e-03 0.00000e+00
33.760000 -7.25712e-04 -1.49185e-03 0.00000e+00
33.770000 -7.37755e-04 -1.22685e-03 0.00000e+00
33.780000 -7.54723e-04 -8.26756e-04 0.00000e+00
33.790000 -7.64147e-04 -5.76470e-04 0.00000e+00
33.800000 -7.41373e-04 -4.10959e-04 0.00000e+00
33.810000 -7.53072e-04 -3.63345e-04 0.00000e+00
33.820000 -7.59202e-04 -2.99784e-04 0.00000e+00
33.830000 -7.49695e-04 -7.10257e-05 0.00000e+00
33.840000 -7.34114e-04 1.68954e-04 0.00000e+00
33.850000 -7.53212e-04 2.80878e-04 0.00000e+00
33.860000 -7.33320e-04 2.66466e-04 0.00000e+00
33.870000 -7.38018e-04 2.48141e-04 0.00000e+00
33.880000 -7.32031e-04 3.08269e-04 0.00000e+00
33.890000 -7.14078e-04 4.53796e-04 0.00000e+00
33.900000 -7.07221e-04 5.78431e-04 0.00000e+00
33.910000 -6.97069e-04 6.57204e-04 0.00000e+00
33.920000 -6.83470e-04 6.28336e-04 0.00000e+00
33.930000 -6.83911e-04 5.26472e-04 0.00000e+00
33.940000 -6.58796e-04 4.90035e-04 0.00000e+00
33.950000 -6.87260e-04 4.77778e-04 0.00000e+00
33.960000 -7.02517e-04 4.32528e-04 0.00000e+00
33.970000 -6.99719e-04 5.33812e-04 0.00000e+00
33.980000 -6.97530e-04 6.81562e-04 0.00000e+00
33.990000 -6.60968e-04 7.26311e-04 0.00000e+00
34.000000 -6.55691e-04 8.62826e-04 0.00000e+00
34.010000 -6.59556e-04 1.10847e-03 0.00000e+00
34.020000 -6.62073e-04 1.28979e-03 0.00000e+00
34.030000 -6.38843e-04 1.52317e-03 0.00000e+00
34.040000 -6.16373e-04 1.79699e-03 0.00000e+00
34.050000 -5.73240e-04 2.01598e-03 0.00000e+00
34.060000 -5.75831e-04 2.30666e-03 0.00000e+00
34.070000 -5.68492e-04 2.63867e-03 0.00000e+00
34.080000 -5.46355e-04 3.06216e-03 0.00000e+00
34.090000 -5.26343e-04 3.55674e-03 0.00000e+00
34.100000 -4.68180e-04 3.97919e-03 0.00000e+00
34.110000 -4.31438e-04 4.45391e-03 0.00000e+00
34.120000 -3.87770e-04 4.83873e-03 0.00000e+00
34.130000 -3.37797e-04 5.09534e-03 0.00000e+00
34.140000 -2.65944e-04 5.42899e-03 0.00000e+00
34.150000 -2.27828e-04 5.70601e-03 0.00000e+00
34.160000 -1.62364e-04 6.06190e-03 0.00000e+00
34.170000 -9.00663e-05 6.35713e-03 0.00000e+00
34.180000 -2.99949e-05 6.47334e-03 0.00000e+00
34.190000 3.10122e-05 6.60305e-03 0.00000e+00
34.200000 1.08033e-04 6.77188e-03 0.00000e+00
34.210000 1.60465e-04 6.90769e-03 0.00000e+00
34.220000 2.44772e-04 7.06973e-03 0.00000e+00
34.230000 3.23091e-04 7.09329e-03 0.00000e+00
34.240000 4.14604e-04 6.91907e-03 0.00000e+00
34.250000 4.94642e-04 6.79741e-03 0.00000e+00
34.260000 5.47349e-04 6.60359e-03 0.00000e+00
34.270000 6.01311e-04 6.41680e-03 0.00000e+00
34.280000 6.74155e-04 6.18070e-03 0.00000e+00
34.290000 7.11589e-04 5.76872e-03 0.00000e+00
34.300000 7.88679e-04 5.34766e-03 0.00000e+00
34.310000 8.24480e-04 4.99105e-03 0.00000e+00
34.320000 8.67671e-04 4.57220e-03 0.00000e+00
34.330000 9.20713e-04 4.06365e-03 0.00000e+00
34.340000 9.39511e-04 3.58246e-03 0.00000e+00
34.350000 1.00509e-03 3.04873e-03 0.00000e+00
34.360000 1.04672e-03 2.42108e-03 0.00000e+00
34.370000 1.06687e-03 1.81143e-03 0.00000e+00
34.380000 1.07677e-03 1.24354e-03 0.00000e+00
34.390000 1.09960e-03 7.53471e-04 0.00000e+00
34.400000 1.08284e-03 3.08713e-04 0.00000e+00
34.410000 1.10692e-03 -6.33876e-05 0.00000e+00
34.420000 1.10185e-03 -3.37992e-04 0.00000e+00
34.430000 1.07485e-03 -6.89068e-04 0.00000e+00
34.440000 1.06239e-03 -1.10525e-03 0.00000e+00
34.450000 1.01967e-03 -1.48387e-03 0.00000e+00
34.460000 1.00545e-03 -1.86094e-03 0.00000e+00
34.470000 9.95510e-04 -2.14848e-03 0.00000e+00
34.480000 9.69038e-04 -2.44895e-03 0.00000e+00
34.490000 9.29870e-04 -2.83882e-03 0.00000e+00
34.500000 8.92425e-04 -3.08201e-03 0.00000e+00
34.510000 8.60334e-04 -3.28720e-03 0.00000e+00
34.520000 8.24340e-04 -3.38286e-03 0.00000e+00
34.530000 7.99819e-04 -3.30157e-03 0.00000e+00
34.540000 7.90255e-04 -3.32054e-03 0.00000e+00
34.550000 7.77322e-04 -3.40795e-03 0.00000e+00
34.560000 7.45049e-04 -3.37402e-03 0.00000e+00
34.570000 7.03998e-04 -3.37013e-03 0.00000e+00
34.580000 6.82993e-04 -3.32787e-03 0.00000e+00
34.590000 6.30150e-04 -3.26317e-03 0.00000e+00
34.600000 5.79741e-04 -3.32438e-03 0.00000e+00
34.610000 5.33435e-04 -3.36254e-03 0.00000e+00
34.620000 4.94030e-04 -3.45738e-03 0.00000e+00
34.630000 4.63513e-04 -3.57352e-03 0.00000e+00
34.640000 4.26141e-04 -3.59462e-03 0.00000e+00
34.650000 3.76410e-04 -3.60890e-03 0.00000e+00
34.660000 3.66143e-04 -3.67617e-03 0.00000e+00
34.670000 3.53538e-04 -3.77789e-03 0.00000e+00
34.680000 3.24099e-04 -3.89604e-03 0.00000e+00
34.690000 2.97506e-04 -4.02440e-03 0.00000e+00
34.700000 2.54356e-04 -4.10286e-03 0.00000e+00
34.710000 1.93919e-04 -4.00889e-03 0.00000e+00
34.720000 1.75951e-04 -3.78545e-03 0.00000e+00
34.730000 1.37709e-04 -3.59629e-03 0.00000e+00
34.740000 8.38167e-05 -3.49048e-03 0.00000e+00
34.750000 4.36295e-05 -3.37419e-03 0.00000e+00
34.760000 -1.95593e-05 -3.26025e-03 0.00000e+00
34.770000 -4.71087e-05 -3.25939e-03 0.00000e+00
34.780000 -9.10427e-05 -3.26466e-03 0.00000e+00
34.790000 -1.31341e-04 -3.23902e-03 0.00000e+00
34.800000 -1.61935e-04 -3.17287e-03 0.00000e+00
34.810000 -1.89889e-04 -3.13208e-03 0.00000e+00
34.820000 -2.21368e-04 -3.19352e-03 0.00000e+00
34.830000 -2.51342e-04 -3.10930e-03 0.00000e+00
34.840000 -2.79416e-04 -2.90697e-03 0.00000e+00
34.850000 -3.00389e-04 -2.78204e-03 0.00000e+00
34.860000 -3.06332e-04 -2.69534e-03 0.00000e+00
34.870000 -3.07145e-04 -2.65640e-03 0.00000e+00
34.880000 -3.11213e-04 -2.77449e-03 0.00000e+00
34.890000 -3.49080e-04 -2.79567e-03 0.00000e+00
34.900000 -3.90152e-04 -2.71687e-03 0.00000e+00
34.910000 -4.29688e-04 -2.84285e-03 0.00000e+00
34.920000 -4.60565e-04 -2.99448e-03 0.00000e+00
34.930000 -4.94091e-04 -3.17667e-03 0.00000e+00
34.940000 -5.36962e-04 -3.29784e-03 0.00000e+00
34.950000 -5.54021e-04 -3.34020e-03 0.00000e+00
34.960000 -5.95387e-04 -3.52331e-03 0.00000e+00
34.970000 -6.23040e-04 -3.68473e-03 0.00000e+00
34.980000 -6.73993e-04 -3.74226e-03 0.00000e+00
34.990000 -6.91787e-04 -3.74804e-03 0.00000e+00
35.000000 -7.15724e-04 -3.76505e-03 0.00000e+00
35.010000 -7.76872e-04 -3.82440e-03 0.00000e+00
35.020000 -8.20857e-04 -3.80560e-03 0.00000e+00
35.030000 -8.64311e-04 -3.66186e-03 0.00000e+00
35.040000 -9.04453e-04 -3.35757e-03 0.00000e+00
35.050000 -9.41399e-04 -2.90927e-03 0.00000e+00
35.060000 -9.45125e-04 -2.50372e-03 0.00000e+00
35.070000 -1.00442e-03 -2.16982e-03 0.00000e+00
35.080000 -1.03550e-03 -1.81354e-03 0.00000e+00
35.090000 -1.03614e-03 -1.43496e-03 0.00000e+00
35.100000 -1.05358e-03 -9.89614e-04 0.00000e+00
35.110000 -1.04529e-03 -4.93738e-04 0.00000e+00
35.120000 -1.07593e-03 5.11723e-05 0.00000e+00
35.130000 -1.08308e-03 5.84248e-04 0.00000e+00
35.140000 -1.05269e-03 1.16018e-03 0.00000e+00
35.150000 -1.03778e-03 1.74286e-03 0.00000e+00
35.160000 -1.02144e-03 2.31250e-03 0.00000e+00
35.170000 -1.01235e-03 2.97843e-03 0.00000e+00
35.180000 -9.73182e-04 3.48850e-03 0.00000e+00
35.190000 -9.12421e-04 3.89217e-03 0.00000e+00
35.200000 -8.63908e-04 4.29130e-03 0.00000e+00
35.210000 -7.98468e-04 4.61268e-03 0.00000e+00
35.220000 -7.60904e-04 4.90499e-03 0.00000e+00
35.230000 -7.20860e-04 5.26220e-03 0.00000e+00
35.240000 -6.69104e-04 5.44676e-03 0.00000e+00
35.250000 -6.09323e-04 5.45875e-03 0.00000e+00
35.260000 -5.50851e-04 5.66805e-03 0.00000e+00
35.270000 -4.70601e-04 5.87531e-03 0.00000e+00
35.280000 -4.15028e-04 6.00244e-03 0.00000e+00
35.290000 -3.55651e-04 6.02869e-03 0.00000e+00
35.300000 -2.96764e-04 5.88541e-03 0.00000e+00
35.310000 -2.17969e-04 5.84665e-03 0.00000e+00
35.320000 -1.82064e-04 5.85563e-03 0.00000e+00
35.330000 -1.20034e-04 5.73556e-03 0.00000e+00
35.340000 -7.64002e-05 5.52698e-03 0.00000e+00
35.350000 -4.02694e-05 5.33233e-03 0.00000e+00
35.360000 1.78933e-05 5.24359e-03 0.00000e+00
35.370000 5.99593e-05 5.11658e-03 0.00000e+00
35.380000 1.10766e-04 4.94027e-03 0.00000e+00
35.390000 1.66549e-04 4.73781e-03 0.00000e+00
35.400000 2.10581e-04 4.43757e-03 0.00000e+00
35.410000 2.45258e-04 4.10314e-03 0.00000e+00
35.420000 3.20935e-04 3.83677e-03 0.00000e+00
35.430000 3.80354e-04 3.59301e-03 0.00000e+00
35.440000 3.90575e-04 3.42663e-03 0.00000e+00
35.450000 4.27973e-04 3.31453e-03 0.00000e+00
35.460000 4.48034e-04 3.09981e-03 0.00000e+00
35.470000 4.81972e-04 2.94281e-03 0.00000e+00
35.480000 5.25636e-04 2.87411e-03 0.00000e+00
35.490000 5.37648e-04 2.65990e-03 0.00000e+00
35.500000 5.50513e-04 2.35870e-03 0.00000e+00
35.510000 5.76499e-04 2.07583e-03 0.00000e+00
35.520000 5.92265e-04 1.70595e-03 0.00000e+00
35.530000 6.02747e-04 1.37875e-03 0.00000e+00
35.540000 5.94607e-04 1.05729e-03 0.00000e+00
35.550000 6.13695e-04 6.89166e-04 0.00000e+00
35.560000 6.21707e-04 4.08564e-04 0.00000e+00
35.570000 6.32195e-04 1.85696e-04 0.00000e+00
35.580000 6.46139e-04 -3.95059e-06 0.00000e+00
35.590000 6.75519e-04 -5.69488e-05 0.00000e+00
35.600000 6.72451e-04 1.21736e-05 0.00000e+00
35.610000 6.94513e-04 -3.59598e-05 0.00000e+00
35.620000 6.74577e-04 -1.31142e-04 0.00000e+00
35.630000 6.64895e-04 -1.39993e-04 0.00000e+00
35.640000 6.65596e-04 -1.62130e-04 0.00000e+00
35.650000 6.24513e-04 -9.99850e-05 0.00000e+00
35.660000 5.92441e-04 -5.04617e-05 0.00000e+00
35.670000 5.87868e-04 -1.25175e-04 0.00000e+00
35.680000 5.76348e-04 -1.24180e-04 0.00000e+00
35.690000 5.71532e-04 -4.54091e-05 0.00000e+00
35.700000 5.76626e-04 -6.23206e-05 0.00000e+00
35.710000 5.70697e-04 -1.43519e-04 0.00000e+00
35.720000 5.89419e-04 -1.66252e-04 0.00000e+00
35.730000 6.15839e-04 -1.36063e-04 0.00000e+00
35.740000 6.31748e-04 -1.50668e-04 0.00000e+00
35.750000 6.48976e-04 -2.46667e-04 0.00000e+00
35.760000 6.45810e-04 -2.27479e-04 0.00000e+00
35.770000 6.46299e-04 -1.60804e-04 0.00000e+00
35.780000 6.32120e-04 -1.29875e-04 0.00000e+00
35.790000 6.38034e-04 -2.16780e-04 0.00000e+00
35.800000 6.30811e-04 -4.76310e-04 0.00000e+00
35.810000 6.10064e-04 -6.88916e-04 0.00000e+00
35.820000 6.08265e-04 -9.87945e-04 0.00000e+00
35.830000 5.78432e-04 -1.40104e-03 0.00000e+00
35.840000 5.66095e-04 -1.78532e-03 0.00000e+00
35.850000 5.65229e-04 -2.16466e-03 0.00000e+00
35.860000 5.33699e-04 -2.53691e-03 0.00000e+00
35.870000 4.97400e-04 -2.87972e-03 0.00000e+00
35.880000 4.90820e-04 -3.27171e-03 0.00000e+00
35.890000 4.55784e-04 -3.62150e-03 0.00000e+00
35.900000 4.20847e-04 -3.86588e-03 0.00000e+00
35.910000 3.65479e-04 -4.07121e-03 0.00000e+00
35.920000 3.30818e-04 -4.26180e-03 0.00000e+00
35.930000 3.14120e-04 -4.52841e-03 0.00000e+00
35.940000 2.45532e-04 -4.71686e-03 0.00000e+00
35.950000 1.81084e-04 -4.81371e-03 0.00000e+00
35.960000 1.04118e-04 -4.95793e-03 0.00000e+00
35.970000 6.07052e-05 -5.08406e-03 0.00000e+00
35.980000 1.82339e-05 -5.26391e-03 0.00000e+00
35.990000 -3.74298e-05 -5.39629e-03 0.00000e+00
36.000000 -8.50160e-05 -5.46724e-03 0.00000e+00
36.010000 -1.43621e-04 -5.48624e-03 0.00000e+00
36.020000 -1.90205e-04 -5.28943e-03 0.00000e+00
36.030000 -2.42448e-04 -5.10018e-03 0.00000e+00
36.040000 -3.01026e-04 -5.07101e-03 0.00000e+00
36.050000 -3.57145e-04 -4.94943e-03 0.00000e+00
36.060000 -3.94376e-04 -4.78160e-03 0.00000e+00
36.070000 -4.50376e-04 -4.71092e-03 0.00000e+00
36.080000 -4.90111e-04 -4.62438e-03 0.00000e+00
36.090000 -5.47051e-04 -4.48906e-03 0.00000e+00
36.100000 -5.81717e-04 -4.21231e-03 0.00000e+00
36.110000 -5.96781e-04 -3.97570e-03 0.00000e+00
36.120000 -6.60887e-04 -3.89748e-03 0.00000e+00
36.130000 -7.18877e-04 -3.86970e-03 0.00000e+00
36.140000 -7.44855e-04 -3.80877e-03 0.00000e+00
36.150000 -7.82142e-04 -3.61248e-03 0.00000e+00
36.160000 -7.83080e-04 -3.35851e-03 0.00000e+00
36.170000 -8.07555e-04 -3.11358e-03 0.00000e+00
36.180000 -8.16431e-04 -2.89276e-03 0.00000e+00
36.190000 -8.51271e-04 -2.61916e-03 0.00000e+00
36.200000 -9.13236e-04 -2.35266e-03 0.00000e+00
36.210000 -9.51164e-04 -2.11544e-03 0.00000e+00
36.220000 -9.61649e-04 -1.83132e-03 0.00000e+00
36.230000 -9.98996e-04 -1.50819e-03 0.00000e+00
36.240000 -1.00697e-03 -1.17206e-03 0.00000e+00
36.250000 -1.00254e-03 -8.18477e-04 0.00000e+00
36.260000 -1.01585e-03 -4.27741e-04 0.00000e+00
36.270000 -1.01714e-03 2.95811e-06 0.00000e+00
36.280000 -1.03825e-03 5.40520e-04 0.00000e+00
36.290000 -1.03636e-03 1.02568e-03 0.00000e+00
36.300000 -1.02033e-03 1.38503e-03 0.00000e+00
36.310000 -9.93492e-04 1.81808e-03 0.00000e+00
36.320000 -9.56472e-04 2.22940e-03 0.00000e+00
36.330000 -9.35423e-04 2.70697e-03 0.00000e+00
36.340000 -9.17727e-04 3.24860e-03 0.00000e+00
36.350000 -8.83562e-04 3.75100e-03 0.00000e+00
36.360000 -8.42008e-04 4.22328e-03 0.00000e+00
36.370000 -8.16738e-04 4.45525e-03 0.00000e+00
36.380000 -7.50505e-04 4.55232e-03 0.00000e+00
36.390000 -7.06342e-04 4.70697e-03 0.00000e+00
36.400000 -6.53419e-04 4.80514e-03 0.00000e+00
36.410000 -5.94436e-04 4.80609e-03 0.00000e+00
36.420000 -5.32813e-04 4.86730e-03 0.00000e+00
36.430000 -4.72162e-04 4.82726e-03 0.00000e+00
36.440000 -4.21819e-04 4.67378e-03 0.00000e+00
36.450000 -3.73947e-04 4.41824e-03 0.00000e+00
36.460000 -3.29626e-04 4.08268e-03 0.00000e+00
36.470000 -2.87597e-04 3.80921e-03 0.00000e+00
36.480000 -2.42300e-04 3.51283e-03 0.00000e+00
36.490000 -2.16887e-04 3.28851e-03 0.00000e+00
36.500000 -1.55723e-04 3.04168e-03 0.00000e+00
36.510000 -1.46852e-04 2.69491e-03 0.00000e+00
36.520000 -1.16571e-04 2.39878e-03 0.00000e+00
36.530000 -1.17683e-04 2.14559e-03 0.00000e+00
36.540000 -1.12652e-04 1.87951e-03 0.00000e+00
36.550000 -9.51968e-05 1.72582e-03 0.00000e+00
36.560000 -7.56006e-05 1.57767e-03 0.00000e+00
36.570000 -7.35805e-05 1.35738e-03 0.00000e+00
36.580000 -6.50181e-05 1.26936e-03 0.00000e+00
36.590000 -5.40453e-05 1.29298e-03 0.00000e+00
36.600000 -6.66659e-05 1.42536e-03 0.00000e+00
36.610000 -4.56551e-05 1.54177e-03 0.00000e+00
36.620000 -4.09331e-05 1.59274e-03 0.00000e+00
36.630000 -8.42650e-06 1.75096e-03 0.00000e+00
36.640000 1.06352e-05 1.92944e-03 0.00000e+00
36.650000 3.04805e-05 2.09336e-03 0.00000e+00
36.660000 7.42137e-05 2.25168e-03 0.00000e+00
36.670000 7.82881e-05 2.51184e-03 0.00000e+00
36.680000 1.23653e-04 2.81435e-03 0.00000e+00
36.690000 1.51898e-04 3.05577e-03 0.00000e+00
36.700000 1.84322e-04 3.27529e-03 0.00000e+00
36.710000 2.17976e-04 3.40140e-03 0.00000e+00
36.720000 2.52211e-04 3.54031e-03 0.00000e+00
36.730000 2.62409e-04 3.71677e-03 0.00000e+00
36.740000 3.24433e-04 3.82324e-03 0.00000e+00
36.750000 3.77659e-04 3.81211e-03 0.00000e+00
36.760000 4.19367e-04 3.83633e-03 0.00000e+00
36.770000 4.53762e-04 3.83323e-03 0.00000e+00
36.780000 4.66325e-04 3.80293e-03 0.00000e+00
36.790000 5.13943e-04 3.73725e-03 0.00000e+00
36.800000 5.66036e-04 3.65987e-03 0.00000e+00
36.810000 5.77846e-04 3.59979e-03 0.00000e+00
36.820000 6.27973e-04 3.42460e-03 0.00000e+00
36.830000 6.63558e-04 3.28849e-03 0.00000e+00
36.840000 7.17437e-04 3.09588e-03 0.00000e+00
36.850000 7.37436e-04 2.86948e-03 0.00000e+00
36.860000 7.65010e-04 2.66817e-03 0.00000e+00
36.870000 7.81647e-04 2.42381e-03 0.00000e+00
36.880000 8.01093e-04 2.19924e-03 0.00000e+00
36.890000 8.21726e-04 1.90704e-03 0.00000e+00
36.900000 8.38474e-04 1.50255e-03 0.00000e+00
36.910000 8.42700e-04 1.18729e-03 0.00000e+00
36.920000 8.60814e-04 9.81779e-04 0.00000e+00
36.930000 8.93292e-04 6.70547e-04 0.00000e+00
36.940000 8.88678e-04 2.18258e-04 0.00000e+00
36.950000 8.87400e-04 -3.33088e-04 0.00000e+00
36.960000 8.72399e-04 -7.80000e-04 0.00000e+00
36.970000 8.75238e-04 -1.04877e-03 0.00000e+00
36.980000 8.51612e-04 -1.41544e-03 0.00000e+00
36.990000 8.36019e-04 -1.79825e-03 0.00000e+00
37.000000 8.29816e-04 -2.11862e-03 0.00000e+00
37.010000 8.00883e-04 -2.41144e-03 0.00000e+00
37.020000 7.84700e-04 -2.73527e-03 0.00000e+00
37.030000 7.49920e-04 -3.11867e-03 0.00000e+00
37.040000 7.26634e-04 -3.39951e-03 0.00000e+00
37.050000 6.80257e-04 -3.67225e-03 0.00000e+00
37.060000 6.30240e-04 -3.93547e-03 0.00000e+00
37.070000 5.95517e-04 -4.17608e-03 0.00000e+00
37.080000 5.54959e-04 -4.47652e-03 0.00000e+00
37.090000 4.86830e-04 -4.71223e-03 0.00000e+00
37.100000 4.23634e-04 -4.70517e-03 0.00000e+00
37.110000 3.76228e-04 -4.67201e-03 0.00000e+00
37.120000 3.58825e-04 -4.72511e-03 0.00000e+00
37.130000 3.32422e-04 -4.78137e-03 0.00000e+00
37.140000 2.81652e-04 -4.82684e-03 0.00000e+00
37.150000 2.13065e-04 -4.79782e-03 0.00000e+00
37.160000 1.72014e-04 -4.70149e-03 0.00000e+00
37.170000 1.08728e-04 -4.52734e-03 0.00000e+00
37.180000 6.91128e-05 -4.32456e-03 0.00000e+00
37.190000 1.13518e-05 -4.15392e-03 0.00000e+00
37.200000 -1.02727e-05 -3.93330e-03 0.00000e+00
37.210000 -4.52082e-05 -3.61199e-03 0.00000e+00
37.220000 -1.00122e-04 -3.31917e-03 0.00000e+00
37.230000 -1.33327e-04 -3.09957e-03 0.00000e+00
37.240000 -1.70912e-04 -2.83335e-03 0.00000e+00
37.250000 -1.93590e-04 -2.57157e-03 0.00000e+00
37.260000 -1.89971e-04 -2.39065e-03 0.00000e+00
37.270000 -2.06016e-04 -2.22213e-03 0.00000e+00
37.280000 -2.52730e-04 -2.00620e-03 0.00000e+00
37.290000 -2.75244e-04 -1.64571e-03 0.00000e+00
37.300000 -2.90313e-04 -1.18907e-03 0.00000e+00
37.310000 -2.95013e-04 -9.07441e-04 0.00000e+00
37.320000 -2.77954e-04 -7.63946e-04 0.00000e+00
37.330000 -2.90321e-04 -5.84476e-04 0.00000e+00
37.340000 -2.95983e-04 -4.68727e-04 0.00000e+00
37.350000 -3.03052e-04 -3.78332e-04 0.00000e+00
37.360000 -3.10471e-04 -2.64793e-04 0.00000e+00
37.370000 -2.87428e-04 -3.76606e-05 0.00000e+00
37.380000 -2.98025e-04 1.95198e-04 0.00000e+00
37.390000 -3.11383e-04 2.12076e-04 0.00000e+00
37.400000 -3.09723e-04 1.87385e-04 0.00000e+00
37.410000 -3.07722e-04 2.01490e-04 0.00000e+00
37.420000 -3.09923e-04 2.74306e-04 0.00000e+00
37.430000 -2.86168e-04 4.67271e-04 0.00000e+00
37.440000 -2.73947e-04 6.35930e-04 0.00000e+00
37.450000 -2.67405e-04 6.30191e-04 0.00000e+00
37.460000 -2.62981e-04 5.53942e-04 0.00000e+00
37.470000 -2.81302e-04 4.87273e-04 0.00000e+00
37.480000 -3.02653e-04 4.39108e-04 0.00000e+00
37.490000 -2.74480e-04 4.68941e-04 0.00000e+00
37.500000 -2.78220e-04 4.30780e-04 0.00000e+00
37.510000 -2.68141e-04 2.93047e-04 0.00000e+00
37.520000 -2.47037e-04 2.00532e-04 0.00000e+00
37.530000 -2.30538e-04 1.32809e-04 0.00000e+00
37.540000 -2.23795e-04 1.63195e-04 0.00000e+00
37.550000 -2.59078e-04 1.53519e-04 0.00000e+00
37.560000 -2.51639e-04 -1.05842e-05 0.00000e+00
37.570000 -2.34058e-04 -1.30942e-04 0.00000e+00
37.580000 -2.16926e-04 -1.92867e-04 0.00000e+00
37.590000 -2.10786e-04 -3.21167e-04 0.00000e+00
37.600000 -2.24729e-04 -3.79284e-04 0.00000e+00
37.610000 -2.49774e-04 -2.94192e-04 0.00000e+00
37.620000 -2.59286e-04 -2.28659e-04 0.00000e+00
37.630000 -2.70676e-04 -2.11039e-04 0.00000e+00
37.640000 -2.77134e-04 -2.90504e-04 0.00000e+00
37.650000 -2.80044e-04 -4.18207e-04 0.00000e+00
37.660000 -2.88490e-04 -3.66348e-04 0.00000e+00
37.670000 -3.01344e-04 -2.18307e-04 0.00000e+00
37.680000 -2.85952e-04 -6.47268e-05 0.00000e+00
37.690000 -2.72574e-04 1.88367e-04 0.00000e+00
37.700000 -2.71493e-04 4.63778e-04 0.00000e+00
37.710000 -2.74300e-04 6.94785e-04 0.00000e+00
37.720000 -2.92721e-04 7.72910e-04 0.00000e+00
37.730000 -2.80586e-04 8.04370e-04 0.00000e+00
37.740000 -2.62335e-04 9.93242e-04 0.00000e+00
37.750000 -2.56612e-04 1.27340e-03 0.00000e+00
37.760000 -2.47306e-04 1.56115e-03 0.00000e+00
37.770000 -2.06866e-04 1.76464e-03 0.00000e+00
37.780000 -1.93139e-04 1.89103e-03 0.00000e+00
37.790000 -1.89386e-04 1.96432e-03 0.00000e+00
37.800000 -1.73670e-04 1.97586e-03 0.00000e+00
37.810000 -1.45151e-04 1.96738e-03 0.00000e+00
37.820000 -9.58637e-05 1.94230e-03 0.00000e+00
37.830000 -6.01968e-05 1.88976e-03 0.00000e+00
37.840000 -3.89901e-05 1.80696e-03 0.00000e+00
37.850000 -1.97130e-05 1.73700e-03 0.00000e+00
37.860000 -1.34275e-05 1.70178e-03 0.00000e+00
37.870000 -1.39142e-05 1.60179e-03 0.00000e+00
37.880000 -8.10409e-06 1.36173e-03 0.00000e+00
37.890000 1.84644e-06 1.05515e-03 0.00000e+00
37.900000 2.56461e-05 8.25387e-04 0.00000e+00
37.910000 5.37636e-05 6.69862e-04 0.00000e+00
37.920000 5.98127e-05 4.41136e-04 0.00000e+00
37.930000 5.98469e-05 1.17673e-04 0.00000e+00
37.940000 4.92828e-05 -1.45694e-04 0.00000e+00
37.950000 4.74619e-05 -3.45004e-04 0.00000e+00
37.960000 2.02072e-05 -5.95080e-04 0.00000e+00
37.970000 2.01077e-05 -8.52083e-04 0.00000e+00
37.980000 1.34326e-05 -1.08127e-03 0.00000e+00
37.990000 8.35378e-06 -1.16744e-03 0.00000e+00
38.000000 1.32518e-06 -1.12243e-03 0.00000e+00
38.010000 -9.43405e-06 -1.08294e-03 0.00000e+00
38.020000 -3.36498e-05 -1.11476e-03 0.00000e+00
38.030000 -4.86010e-05 -1.24161e-03 0.00000e+00
38.040000 -7.83454e-05 -1.36822e-03 0.00000e+00
38.050000 -9.08553e-05 -1.42984e-03 0.00000e+00
38.060000 -8.28791e-05 -1.45107e-03 0.00000e+00
38.070000 -9.45840e-05 -1.42432e-03 0.00000e+00
38.080000 -1.23811e-04 -1.29623e-03 0.00000e+00
38.090000 -1.49119e-04 -1.14941e-03 0.00000e+00
38.100000 -1.60503e-04 -1.00397e-03 0.00000e+00
38.110000 -1.54782e-04 -8.11287e-04 0.00000e+00
38.120000 -1.52837e-04 -6.20613e-04 0.00000e+00
38.130000 -1.59541e-04 -4.73716e-04 0.00000e+00
38.140000 -1.64335e-04 -2.62746e-04 0.00000e+00
38.150000 -1.63781e-04 -2.17695e-05 0.00000e+00
38.160000 -1.46225e-04 1.89729e-04 0.00000e+00
38.170000 -1.57644e-04 4.45063e-04 0.00000e+00
38.180000 -1.72337e-04 6.47352e-04 0.00000e+00
38.190000 -1.95374e-04 7.25924e-04 0.00000e+00
38.200000 -1.81977e-04 8.57268e-04 0.00000e+00
38.210000 -1.57350e-04 1.01423e-03 0.00000e+00
38.220000 -1.43525e-04 1.10323e-03 0.00000e+00
38.230000 -1.34743e-04 1.26614e-03 0.00000e+00
38.240000 -1.14712e-04 1.38183e-03 0.00000e+00
38.250000 -8.84835e-05 1.27964e-03 0.00000e+00
38.260000 -6.80643e-05 1.07813e-03 0.00000e+00
38.270000 -3.84337e-05 9.12150e-04 0.00000e+00
38.280000 -2.25824e-05 7.92449e-04 0.00000e+00
38.290000 -2.00465e-05 7.34930e-04 0.00000e+00
38.300000 -1.04612e-07 7.29453e-04 0.00000e+00
38.310000 9.38842e-06 6.88524e-04 0.00000e+00
38.320000 -1.72510e-06 5.55202e-04 0.00000e+00
38.330000 9.99238e-06 4.83034e-04 0.00000e+00
38.340000 6.58830e-06 4.67022e-04 0.00000e+00
38.350000 -6.85946e-06 3.31420e-04 0.00000e+00
38.360000 1.38572e-06 8.26492e-05 0.00000e+00
38.370000 2.41405e-05 -1.19299e-04 0.00000e+00
38.380000 -4.28821e-06 -2.16347e-04 0.00000e+00
38.390000 -1.95142e-05 -3.26649e-04 0.00000e+00
38.400000 -3.92527e-05 -5.13523e-04 0.00000e+00
38.410000 -7.18264e-05 -7.12196e-04 0.00000e+00
38.420000 -8.50397e-05 -8.52296e-04 0.00000e+00
38.430000 -6.63874e-05 -9.00627e-04 0.00000e+00
38.440000 -5.71497e-05 -7.96695e-04 0.00000e+00
38.450000 -4.55733e-05 -6.47234e-04 0.00000e+00
38.460000 -2.91746e-05 -5.66124e-04 0.00000e+00
38.470000 -3.05651e-05 -4.05579e-04 0.00000e+00
38.480000 -5.59705e-05 -1.98787e-04 0.00000e+00
38.490000 -6.19390e-05 -8.17133e-05 0.00000e+00
38.500000 -4.59369e-05 5.05036e-05 0.00000e+00
38.510000 -5.73981e-05 1.89632e-04 0.00000e+00
38.520000 -8.40442e-05 2.54950e-04 0.00000e+00
38.530000 -8.75863e-05 3.41381e-04 0.00000e+00
38.540000 -9.02962e-05 5.24602e-04 0.00000e+00
38.550000 -9.98769e-05 6.13307e-04 0.00000e+00
38.560000 -1.06540e-04 5.70269e-04 0.00000e+00
38.570000 -1.03698e-04 5.03558e-04 0.00000e+00
38.580000 -8.03793e-05 3.48532e-04 0.00000e+00
38.590000 -4.85281e-05 1.58597e-04 0.00000e+00
38.600000 -8.03296e-06 7.48715e-05 0.00000e+00
38.610000 1.13514e-05 5.69492e-05 0.00000e+00
38.620000 6.49718e-06 4.95766e-05 0.00000e+00
38.630000 1.42823e-05 9.80731e-05 0.00000e+00
38.640000 2.47306e-05 1.58929e-04 0.00000e+00
38.650000 5.69177e-06 1.12753e-04 0.00000e+00
38.660000 4.09421e-06 6.06520e-05 0.00000e+00
38.670000 -4.97637e-06 1.50931e-04 0.00000e+00
38.680000 -1.56941e-05 2.14199e-04 0.00000e+00
38.690000 -2.40397e-05 1.18900e-04 0.00000e+00
38.700000 -3.09328e-05 -1.36501e-05 0.00000e+00
38.710000 -4.47611e-05 -1.28290e-04 0.00000e+00
38.720000 -6.29408e-05 -3.15492e-04 0.00000e+00
38.730000 -7.24098e-05 -5.18916e-04 0.00000e+00
38.740000 -7.81770e-05 -6.73771e-04 0.00000e+00
38.750000 -8.04200e-05 -7.70103e-04 0.00000e+00
38.760000 -7.39835e-05 -7.50697e-04 0.00000e+00
38.770000 -6.38305e-05 -5.73918e-04 0.00000e+00
38.780000 -5.65366e-05 -3.06173e-04 0.00000e+00
38.790000 -4.50007e-05 -1.38197e-04 0.00000e+00
38.800000 -3.77522e-05 -2.14496e-06 0.00000e+00
38.810000 -3.40817e-05 2.27868e-04 0.00000e+00
38.820000 -3.79310e-05 3.78977e-04 0.00000e+00
38.830000 -2.70200e-05 4.26102e-04 0.00000e+00
38.840000 -4.07168e-05 3.97594e-04 0.00000e+00
38.850000 -6.37723e-05 3.72041e-04 0.00000e+00
38.860000 -7.91278e-05 4.10272e-04 0.00000e+00
38.870000 -8.38826e-05 3.83224e-04 0.00000e+00
38.880000 -8.74819e-05 3.04134e-04 0.00000e+00
38.890000 -8.28101e-05 2.88423e-04 0.00000e+00
38.900000 -5.71570e-05 2.70047e-04 0.00000e+00
38.910000 -4.39687e-05 1.61186e-04 0.00000e+00
38.920000 -2.24872e-05 6.39137e-05 0.00000e+00
38.930000 6.54309e-06 2.27358e-05 0.00000e+00
38.940000 2.64263e-05 3.22382e-05 0.00000e+00
38.950000 2.48419e-05 1.04635e-04 0.00000e+00
38.960000 7.04360e-06 1.81343e-04 0.00000e+00
38.970000 1.17943e-05 2.12513e-04 0.00000e+00
38.980000 -3.74970e-06 2.26733e-04 0.00000e+00
38.990000 -3.16890e-05 2.68431e-04 0.00000e+00
39.000000 -4.73312e-05 3.97353e-04 0.00000e+00
39.010000 -5.04193e-05 4.32157e-04 0.00000e+00
39.020000 -2.29907e-05 2.69415e-04 0.00000e+00
39.030000 -3.39105e-05 1.01346e-04 0.00000e+00
39.040000 -4.03343e-05 -1.56151e-05 0.00000e+00
39.050000 -2.23519e-05 -1.42631e-04 0.00000e+00
39.060000 -9.06785e-06 -3.02101e-04 0.00000e+00
39.070000 -3.76546e-05 -3.77903e-04 0.00000e+00
39.080000 -3.39639e-05 -4.14195e-04 0.00000e+00
39.090000 -1.58226e-05 -4.85897e-04 0.00000e+00
39.100000 -8.48688e-06 -4.72955e-04 0.00000e+00
39.110000 -1.11887e-06 -3.73867e-04 0.00000e+00
39.120000 -1.10392e-06 -3.28700e-04 0.00000e+00
39.130000 -2.11538e-05 -4.81256e-04 0.00000e+00
39.140000 -2.43397e-05 -6.18910e-04 0.00000e+00
39.150000 -2.24000e-05 -6.64724e-04 0.00000e+00
39.160000 -2.17819e-05 -8.09851e-04 0.00000e+00
39.170000 -4.55016e-05 -9.90071e-04 0.00000e+00
39.180000 -9.01135e-05 -1.12448e-03 0.00000e+00
39.190000 -9.51290e-05 -1.13163e-03 0.00000e+00
39.200000 -9.35190e-05 -1.08757e-03 0.00000e+00
39.210000 -1.09585e-04 -1.07618e-03 0.00000e+00
39.220000 -1.27567e-04 -9.42433e-04 0.00000e+00
39.230000 -1.39101e-04 -7.07827e-04 0.00000e+00
39.240000 -1.37767e-04 -6.11061e-04 0.00000e+00
39.250000 -1.56505e-04 -5.57073e-04 0.00000e+00
39.260000 -1.57947e-04 -3.62163e-04 0.00000e+00
39.270000 -1.52908e-04 -1.16219e-04 0.00000e+00
39.280000 -1.61617e-04 1.66410e-04 0.00000e+00
39.290000 -1.84008e-04 4.60707e-04 0.00000e+00
39.300000 -1.91310e-04 6.45646e-04 0.00000e+00
39.310000 -1.52881e-04 7.84975e-04 0.00000e+00
39.320000 -1.48774e-04 9.70296e-04 0.00000e+00
39.330000 -1.41055e-04 1.22155e-03 0.00000e+00
39.340000 -1.20901e-04 1.48988e-03 0.00000e+00
39.350000 -9.52618e-05 1.60620e-03 0.00000e+00
39.360000 -6.34057e-05 1.66070e-03 0.00000e+00
39.370000 -3.50884e-05 1.77082e-03 0.00000e+00
39.380000 -1.28053e-05 1.86208e-03 0.00000e+00
39.390000 1.01426e-05 1.83629e-03 0.00000e+00
39.400000 1.27686e-05 1.72888e-03 0.00000e+00
39.410000 1.82233e-05 1.67492e-03 0.00000e+00
39.420000 4.50801e-05 1.55097e-03 0.00000e+00
39.430000 6.43977e-05 1.40114e-03 0.00000e+00
39.440000 8.10535e-05 1.32937e-03 0.00000e+00
39.450000 9.31482e-05 1.17997e-03 0.00000e+00
39.460000 8.98789e-05 8.77718e-04 0.00000e+00
39.470000 9.00811e-05 4.98057e-04 0.00000e+00
39.480000 1.07294e-04 3.22507e-04 0.00000e+00
39.490000 1.22817e-04 1.84927e-04 0.00000e+00
39.500000 1.42420e-04 -1.30141e-04 0.00000e+00
39.510000 1.32751e-04 -4.18766e-04 0.00000e+00
39.520000 1.07072e-04 -6.37202e-04 0.00000e+00
39.530000 9.40089e-05 -8.09250e-04 0.00000e+00
39.540000 8.47288e-05 -8.92714e-04 0.00000e+00
39.550000 7.24499e-05 -9.49351e-04 0.00000e+00
39.560000 4.38086e-05 -1.05079e-03 0.00000e+00
39.570000 4.41963e-05 -1.18377e-03 0.00000e+00
39.580000 3.88255e-05 -1.32224e-03 0.00000e+00
39.590000 1.80330e-05 -1.40359e-03 0.00000e+00
39.600000 2.24607e-05 -1.47192e-03 0.00000e+00
39.610000 -5.59224e-06 -1.44268e-03 0.00000e+00
39.620000 -3.24206e-05 -1.31001e-03 0.00000e+00
39.630000 -5.04287e-05 -1.25118e-03 0.00000e+00
39.640000 -5.17679e-05 -1.25750e-03 0.00000e+00
39.650000 -4.74635e-05 -1.19991e-03 0.00000e+00
39.660000 -9.20462e-05 -1.01457e-03 0.00000e+00
39.670000 -9.99494e-05 -7.38072e-04 0.00000e+00
39.680000 -9.50258e-05 -4.90124e-04 0.00000e+00
39.690000 -9.46961e-05 -3.78468e-04 0.00000e+00
39.700000 -9.41739e-05 -3.36478e-04 0.00000e+00
39.710000 -8.83504e-05 -2.35120e-04 0.00000e+00
39.720000 -1.10450e-04 -5.13848e-05 0.00000e+00
39.730000 -1.15399e-04 5.70272e-05 0.00000e+00
39.740000 -1.09297e-04 1.85729e-04 0.00000e+00
39.750000 -1.03822e-04 4.05026e-04 0.00000e+00
39.760000 -1.01259e-04 5.35334e-04 0.00000e+00
39.770000 -8.45374e-05 7.09420e-04 0.00000e+00
39.780000 -4.87222e-05 8.09632e-04 0.00000e+00
39.790000 -6.09137e-05 7.23303e-04 0.00000e+00
39.800000 -6.59367e-05 6.71211e-04 0.00000e+00
39.810000 -5.52959e-05 7.28451e-04 0.00000e+00
39.820000 -3.04451e-05 8.97269e-04 0.00000e+00
39.830000 -1.12434e-05 1.00209e-03 0.00000e+00
39.840000 -1.00210e-05 1.01748e-03 0.00000e+00
39.850000 -1.44454e-05 1.08318e-03 0.00000e+00
39.860000 -1.52928e-05 1.16702e-03 0.00000e+00
39.870000 8.54032e-07 1.22812e-03 0.00000e+00
39.880000 3.12494e-05 1.33827e-03 0.00000e+00
39.890000 4.29815e-05 1.42099e-03 0.00000e+00
39.900000 3.85081e-05 1.35805e-03 0.00000e+00
39.910000 6.17990e-05 1.24203e-03 0.00000e+00
39.920000 5.62188e-05 1.13876e-03 0.00000e+00
39.930000 5.75465e-05 1.04084e-03 0.00000e+00
39.940000 6.81398e-05 9.62602e-04 0.00000e+00
39.950000 5.28679e-05 9.63270e-04 0.00000e+00
39.960000 8.51557e-05 8.57052e-04 0.00000e+00
39.970000 1.24438e-04 5.67405e-04 0.00000e+00
39.980000 1.52467e-04 2.99439e-04 0.00000e+00
39.990000 1.67329e-04 1.38763e-04 0.00000e+00
40.000000 1.64672e-04 1.64402e-05 0.00000e+00
40.010000 1.53349e-04 -2.14082e-04 0.00000e+00
40.020000 1.56047e-04 -5.42136e-04 0.00000e+00
40.030000 1.53736e-04 -8.91969e-04 0.00000e+00
40.040000 1.47194e-04 -1.17302e-03 0.00000e+00
40.050000 1.40808e-04 -1.32645e-03 0.00000e+00
40.060000 1.02080e-04 -1.48180e-03 0.00000e+00
40.070000 5.94644e-05 -1.75700e-03 0.00000e+00
40.080000 4.58097e-05 -2.02508e-03 0.00000e+00
40.090000 3.54981e-05 -2.26658e-03 0.00000e+00
40.100000 1.54898e-05 -2.49588e-03 0.00000e+00
40.110000 -1.36402e-05 -2.61094e-03 0.00000e+00
40.120000 -4.68308e-05 -2.66680e-03 0.00000e+00
40.130000 -9.09032e-05 -2.58462e-03 0.00000e+00
40.140000 -1.13027e-04 -2.28608e-03 0.00000e+00
40.150000 -1.24822e-04 -1.90011e-03 0.00000e+00
40.160000 -1.43090e-04 -1.52173e-03 0.00000e+00
40.170000 -1.78325e-04 -1.18921e-03 0.00000e+00
40.180000 -2.07396e-04 -1.00085e-03 0.00000e+00
40.190000 -2.15905e-04 -8.08082e-04 0.00000e+00
40.200000 -2.21878e-04 -4.65224e-04 0.00000e+00
40.210000 -2.19426e-04 -1.04855e-04 0.00000e+00
40.220000 -2.30242e-04 2.36488e-04 0.00000e+00
40.230000 -2.44509e-04 4.52493e-04 0.00000e+00
40.240000 -2.43458e-04 5.01122e-04 0.00000e+00
40.250000 -2.19256e-04 5.52750e-04 0.00000e+00
40.260000 -1.85568e-04 6.93144e-04 0.00000e+00
40.270000 -1.42192e-04 8.66579e-04 0.00000e+00
40.280000 -1.04477e-04 9.74958e-04 0.00000e+00
40.290000 -6.89169e-05 1.00956e-03 0.00000e+00
40.300000 -5.13383e-05 1.00448e-03 0.00000e+00
40.310000 -4.07538e-05 1.04238e-03 0.00000e+00
40.320000 -4.79471e-05 1.14512e-03 0.00000e+00
40.330000 -5.97139e-05 1.21594e-03 0.00000e+00
40.340000 -7.20186e-05 1.15450e-03 0.00000e+00
40.350000 -8.51082e-05 9.56590e-04 0.00000e+00
40.360000 -4.95954e-05 7.36675e-04 0.00000e+00
40.370000 -4.65615e-05 5.65861e-04 0.00000e+00
40.380000 -6.24380e-05 4.67807e-04 0.00000e+00
40.390000 -7.73529e-05 3.21894e-04 0.00000e+00
40.400000 -9.31817e-05 5.40394e-05 0.00000e+00
40.410000 -8.91099e-05 -2.16314e-04 0.00000e+00
40.420000 -7.36584e-05 -3.65530e-04 0.00000e+00
40.430000 -5.21695e-05 -3.86265e-04 0.00000e+00
40.440000 -4.36337e-05 -3.08851e-04 0.00000e+00
40.450000 -4.30699e-05 -1.33140e-04 0.00000e+00
40.460000 -2.89123e-05 1.15303e-04 0.00000e+00
40.470000 -1.61019e-05 3.00171e-04 0.00000e+00
40.480000 -1.24312e-05 4.30735e-04 0.00000e+00
40.490000 -3.02977e-05 5.48482e-04 0.00000e+00
40.500000 -4.83337e-05 5.67420e-04 0.00000e+00
40.510000 -7.00006e-05 5.12371e-04 0.00000e+00
40.520000 -7.38304e-05 4.06682e-04 0.00000e+00
40.530000 -6.57989e-05 4.29531e-04 0.00000e+00
40.540000 -4.67505e-05 4.70876e-04 0.00000e+00
40.550000 -4.38246e-05 3.53318e-04 0.00000e+00
40.560000 -5.35344e-05 2.06037e-04 0.00000e+00
40.570000 -4.11635e-05 4.61088e-05 0.00000e+00
40.580000 -1.59491e-05 -8.04925e-05 0.00000e+00
40.590000 9.80494e-06 -1.29792e-04 0.00000e+00
40.600000 2.42622e-05 -1.10574e-04 0.00000e+00
40.610000 3.64332e-05 -3.12736e-05 0.00000e+00
40.620000 4.26549e-05 4.00930e-05 0.00000e+00
40.630000 3.10805e-05 9.70400e-05 0.00000e+00
40.640000 6.68638e-06 1.86511e-04 0.00000e+00
40.650000 1.09711e-05 3.33589e-04 0.00000e+00
40.660000 -9.04057e-06 4.22419e-04 0.00000e+00
40.670000 -2.84804e-05 3.79608e-04 0.00000e+00
40.680000 -3.78574e-05 2.75211e-04 0.00000e+00
40.690000 -4.07976e-05 1.47296e-04 0.00000e+00
40.700000 -3.76784e-05 3.66925e-05 0.00000e+00
40.710000 -5.61558e-05 1.70286e-05 0.00000e+00
40.720000 -3.99816e-05 2.32707e-05 0.00000e+00
40.730000 -2.91274e-05 -8.91214e-05 0.00000e+00
40.740000 -1.68667e-05 -1.98563e-04 0.00000e+00
40.750000 -3.44516e-06 -2.15561e-04 0.00000e+00
40.760000 1.15896e-05 -1.98447e-04 0.00000e+00
40.770000 2.68762e-05 -1.55073e-04 0.00000e+00
40.780000 4.08392e-05 -5.65680e-05 0.00000e+00
40.790000 3.27708e-05 8.47702e-05 0.00000e+00
40.800000 3.18507e-05 1.88508e-04 0.00000e+00
40.810000 3.62189e-05 1.98507e-04 0.00000e+00
40.820000 3.74244e-05 2.26481e-04 0.00000e+00
40.830000 5.28510e-06 2.07754e-04 0.00000e+00
40.840000 -9.06450e-06 6.69559e-05 0.00000e+00
40.850000 -1.99240e-05 -4.92166e-05 0.00000e+00
40.860000 -2.72983e-05 -1.19999e-04 0.00000e+00
40.870000 -2.71021e-05 -1.60398e-04 0.00000e+00
40.880000 -1.67995e-05 -2.33350e-04 0.00000e+00
40.890000 -3.21526e-05 -2.67414e-04 0.00000e+00
40.900000 -3.65294e-05 -2.01749e-04 0.00000e+00
40.910000 -2.58298e-05 -1.18264e-04 0.00000e+00
40.920000 -2.00390e-05 -1.10638e-05 0.00000e+00
40.930000 -7.29816e-06 1.17486e-04 0.00000e+00
40.940000 1.59407e-05 2.38282e-04 0.00000e+00
40.950000 2.87276e-05 3.63118e-04 0.00000e+00
40.960000 2.92005e-05 5.12920e-04 0.00000e+00
40.970000 2.11834e-05 6.80864e-04 0.00000e+00
40.980000 1.44683e-05 8.95421e-04 0.00000e+00
40.990000 1.03329e-05 1.13376e-03 0.00000e+00
41.000000 -2.38159e-07 1.23162e-03 0.00000e+00
41.010000 1.52641e-05 1.16751e-03 0.00000e+00
41.020000 3.51470e-05 1.07148e-03 0.00000e+00
41.030000 4.85078e-05 9.79057e-04 0.00000e+00
41.040000 6.44937e-05 9.38692e-04 0.00000e+00
41.050000 8.01125e-05 9.82416e-04 0.00000e+00
41.060000 9.92856e-05 9.56253e-04 0.00000e+00
41.070000 1.12570e-04 8.14336e-04 0.00000e+00
41.080000 1.21145e-04 6.87868e-04 0.00000e+00
41.090000 1.30071e-04 5.96327e-04 0.00000e+00
41.100000 1.37101e-04 5.51762e-04 0.00000e+00
41.110000 1.46557e-04 5.83973e-04 0.00000e+00
41.120000 1.69931e-04 5.86353e-04 0.00000e+00
41.130000 1.91445e-04 5.55365e-04 0.00000e+00
41.140000 1.89262e-04 5.13705e-04 0.00000e+00
41.150000 1.83717e-04 3.94794e-04 0.00000e+00
41.160000 1.61560e-04 2.28006e-04 0.00000e+00
41.170000 1.32723e-04 9.74418e-06 0.00000e+00
41.180000 1.18529e-04 -1.93831e-04 0.00000e+00
41.190000 1.27908e-04 -3.15086e-04 0.00000e+00
41.200000 1.37530e-04 -4.23171e-04 0.00000e+00
41.210000 1.46614e-04 -5.41460e-04 0.00000e+00
41.220000 1.36749e-04 -6.50989e-04 0.00000e+00
41.230000 1.14961e-04 -7.53591e-04 0.00000e+00
41.240000 1.09493e-04 -8.47597e-04 0.00000e+00
41.250000 1.14732e-04 -9.36553e-04 0.00000e+00
41.260000 1.23454e-04 -1.00585e-03 0.00000e+00
41.270000 1.24415e-04 -1.05997e-03 0.00000e+00
41.280000 1.13619e-04 -1.10324e-03 0.00000e+00
41.290000 9.42395e-05 -1.07520e-03 0.00000e+00
41.300000 9.77524e-05 -9.52538e-04 0.00000e+00
41.310000 6.99577e-05 -8.99642e-04 0.00000e+00
41.320000 4.57973e-05 -9.33741e-04 0.00000e+00
41.330000 2.91573e-05 -9.57043e-04 0.00000e+00
41.340000 1.68485e-05 -9.83100e-04 0.00000e+00
41.350000 9.25661e-06 -9.90461e-04 0.00000e+00
41.360000 3.39591e-06 -8.80775e-04 0.00000e+00
41.370000 -1.08464e-05 -6.22178e-04 0.00000e+00
41.380000 -2.05035e-05 -3.35385e-04 0.00000e+00
41.390000 -2.91538e-05 -1.79730e-04 0.00000e+00
41.400000 -3.37910e-05 -1.76506e-04 0.00000e+00
41.410000 -3.19342e-05 -1.69307e-04 0.00000e+00
41.420000 -2.90655e-05 -2.00454e-05 0.00000e+00
41.430000 -2.65522e-05 2.55096e-04 0.00000e+00
41.440000 -2.55880e-05 5.05690e-04 0.00000e+00
41.450000 -2.06189e-05 6.47677e-04 0.00000e+00
41.460000 -1.16143e-05 6.94988e-04 0.00000e+00
41.470000 -7.28509e-06 7.90459e-04 0.00000e+00
41.480000 -1.16272e-05 8.04024e-04 0.00000e+00
41.490000 1.83938e-05 6.13532e-04 0.00000e+00
41.500000 4.69647e-05 4.10310e-04 0.00000e+00
41.510000 6.72505e-05 2.69876e-04 0.00000e+00
41.520000 7.76834e-05 1.68512e-04 0.00000e+00
41.530000 9.45920e-05 1.20937e-04 0.00000e+00
41.540000 8.90474e-05 7.73549e-05 0.00000e+00
41.550000 6.06756e-05 -6.89139e-05 0.00000e+00
41.560000 3.67720e-05 -2.54593e-04 0.00000e+00
41.570000 4.56232e-05 -4.08434e-04 0.00000e+00
41.580000 6.14227e-05 -5.42485e-04 0.00000e+00
41.590000 7.44025e-05 -6.70811e-04 0.00000e+00
41.600000 5.17165e-05 -7.61220e-04 0.00000e+00
41.610000 1.42313e-05 -8.38007e-04 0.00000e+00
41.620000 -1.29592e-05 -9.43307e-04 0.00000e+00
41.630000 -3.13854e-05 -1.08176e-03 0.00000e+00
41.640000 -4.76025e-05 -1.23896e-03 0.00000e+00
41.650000 -8.90145e-05 -1.31812e-03 0.00000e+00
41.660000 -9.03768e-05 -1.20451e-03 0.00000e+00
41.670000 -7.41794e-05 -9.65751e-04 0.00000e+00
41.680000 -6.08151e-05 -7.46608e-04 0.00000e+00
41.690000 -6.24662e-05 -6.15663e-04 0.00000e+00
41.700000 -6.06425e-05 -5.09447e-04 0.00000e+00
41.710000 -8.64446e-05 -3.66568e-04 0.00000e+00
41.720000 -1.05011e-04 -3.19326e-04 0.00000e+00
41.730000 -9.83431e-05 -3.77760e-04 0.00000e+00
41.740000 -9.68058e-05 -3.35812e-04 0.00000e+00
41.750000 -1.01227e-04 -1.56663e-04 0.00000e+00
41.760000 -9.91790e-05 4.37739e-05 0.00000e+00
41.770000 -9.58535e-05 1.38648e-04 0.00000e+00
41.780000 -1.07505e-04 7.62356e-05 0.00000e+00
41.790000 -1.12243e-04 -6.14944e-05 0.00000e+00
41.800000 -1.06345e-04 -1.67196e-04 0.00000e+00
41.810000 -7.68713e-05 -2.31630e-04 0.00000e+00
41.820000 -4.25008e-05 -3.25448e-04 0.00000e+00
41.830000 -4.54160e-05 -3.69913e-04 0.00000e+00
41.840000 -6.91320e-05 -2.31084e-04 0.00000e+00
41.850000 -9.37685e-05 2.49886e-05 0.00000e+00
41.860000 -1.12146e-04 2.17298e-04 0.00000e+00
41.870000 -1.05342e-04 3.47189e-04 0.00000e+00
41.880000 -1.01663e-04 3.79466e-04 0.00000e+00
41.890000 -1.16196e-04 2.61641e-04 0.00000e+00
41.900000 -1.13428e-04 2.42023e-04 0.00000e+00
41.910000 -1.03339e-04 3.32838e-04 0.00000e+00
41.920000 -1.12289e-04 3.23395e-04 0.00000e+00
41.930000 -1.22336e-04 2.90591e-04 0.00000e+00
41.940000 -1.28932e-04 3.34606e-04 0.00000e+00
41.950000 -1.21906e-04 3.80304e-04 0.00000e+00
41.960000 -1.06758e-04 3.77113e-04 0.00000e+00
41.970000 -7.21039e-05 3.60501e-04 0.00000e+00
41.980000 -5.03801e-05 4.43253e-04 0.00000e+00
41.990000 -1.83361e-05 6.79575e-04 0.00000e+00
42.000000 -5.21760e-06 8.21925e-04 0.00000e+00
42.010000 1.37013e-05 7.17398e-04 0.00000e+00
42.020000 -2.49558e-06 5.09094e-04 0.00000e+00
42.030000 -2.47420e-05 3.49390e-04 0.00000e+00
42.040000 -3.52820e-05 3.41632e-04 0.00000e+00
42.050000 -4.73964e-05 4.07992e-04 0.00000e+00
42.060000 -4.56382e-05 3.44426e-04 0.00000e+00
42.070000 -1.63118e-05 1.80855e-04 0.00000e+00
42.080000 -3.11684e-05 4.24041e-05 0.00000e+00
42.090000 -3.67627e-05 -1.13236e-04 0.00000e+00
42.100000 -1.87545e-05 -3.13256e-04 0.00000e+00
42.110000 -1.06045e-05 -5.08345e-04 0.00000e+00
42.120000 -1.90881e-05 -7.22753e-04 0.00000e+00
42.130000 -3.15472e-05 -8.63029e-04 0.00000e+00
42.140000 -3.69804e-05 -8.08304e-04 0.00000e+00
42.150000 -3.30585e-05 -6.86937e-04 0.00000e+00
42.160000 -4.94854e-05 -5.15208e-04 0.00000e+00
42.170000 -8.48459e-05 -3.72186e-04 0.00000e+00
42.180000 -8.94118e-05 -3.08164e-04 0.00000e+00
42.190000 -7.00722e-05 -2.45587e-04 0.00000e+00
42.200000 -5.06417e-05 -2.52981e-04 0.00000e+00
42.210000 -5.43922e-05 -2.82521e-04 0.00000e+00
42.220000 -8.60596e-05 -2.96720e-04 0.00000e+00
42.230000 -1.17470e-04 -3.04625e-04 0.00000e+00
42.240000 -1.24936e-04 -1.63889e-04 0.00000e+00
42.250000 -1.19617e-04 -9.79731e-06 0.00000e+00
42.260000 -1.12184e-04 2.97929e-05 0.00000e+00
42.270000 -1.04419e-04 1.68637e-04 0.00000e+00
42.280000 -9.44163e-05 3.74872e-04 0.00000e+00
42.290000 -8.72613e-05 5.51184e-04 0.00000e+00
42.300000 -4.52509e-05 6.98788e-04 0.00000e+00
42.310000 -3.49489e-05 7.70569e-04 0.00000e+00
42.320000 -3.94963e-05 8.72694e-04 0.00000e+00
42.330000 -3.99627e-05 1.01903e-03 0.00000e+00
42.340000 -5.89500e-05 1.04158e-03 0.00000e+00
42.350000 -4.34392e-05 1.04011e-03 0.00000e+00
42.360000 -2.19650e-05 1.12884e-03 0.00000e+00
42.370000 -2.04301e-05 1.30999e-03 0.00000e+00
42.380000 -6.46635e-06 1.44150e-03 0.00000e+00
42.390000 6.93850e-06 1.32816e-03 0.00000e+00
42.400000 2.31734e-05 1.05607e-03 0.00000e+00
42.410000 4.97351e-05 8.32327e-04 0.00000e+00
42.420000 4.85513e-05 6.91020e-04 0.00000e+00
42.430000 6.14639e-05 5.40906e-04 0.00000e+00
42.440000 8.12688e-05 3.77533e-04 0.00000e+00
42.450000 8.44588e-05 2.18933e-04 0.00000e+00
42.460000 9.37461e-05 6.02864e-05 0.00000e+00
42.470000 8.66844e-05 1.76566e-05 0.00000e+00
42.480000 8.06690e-05 -5.78138e-05 0.00000e+00
42.490000 1.03178e-04 -3.01087e-04 0.00000e+00
42.500000 9.73561e-05 -5.33629e-04 0.00000e+00
42.510000 8.12804e-05 -7.81987e-04 0.00000e+00
42.520000 7.35950e-05 -9.64971e-04 0.00000e+00
42.530000 5.57606e-05 -9.15515e-04 0.00000e+00
42.540000 4.47885e-05 -9.05324e-04 0.00000e+00
42.550000 -5.37325e-07 -9.79013e-04 0.00000e+00
42.560000 -2.44053e-05 -9.80003e-04 0.00000e+00
42.570000 -2.48965e-05 -9.80347e-04 0.00000e+00
42.580000 -2.14778e-05 -9.11408e-04 0.00000e+00
42.590000 -3.87419e-05 -8.84840e-04 0.00000e+00
42.600000 -5.18271e-05 -9.07308e-04 0.00000e+00
42.610000 -5.81876e-05 -8.30839e-04 0.00000e+00
42.620000 -6.53877e-05 -7.29430e-04 0.00000e+00
42.630000 -7.21211e-05 -6.19718e-04 0.00000e+00
42.640000 -7.99995e-05 -5.20295e-04 0.00000e+00
42.650000 -1.06433e-04 -5.38598e-04 0.00000e+00
42.660000 -8.64569e-05 -4.39449e-04 0.00000e+00
42.670000 -6.70033e-05 -2.38413e-04 0.00000e+00
42.680000 -5.06827e-05 -1.65502e-04 0.00000e+00
42.690000 -3.10017e-05 -1.23380e-04 0.00000e+00
42.700000 -2.35245e-05 -1.27770e-04 0.00000e+00
42.710000 -6.84501e-05 -1.19271e-04 0.00000e+00
42.720000 -5.80445e-05 -1.44355e-04 0.00000e+00
42.730000 -6.99316e-05 -2.37026e-04 0.00000e+00
42.740000 -7.63889e-05 -2.30455e-04 0.00000e+00
42.750000 -7.98300e-05 -1.22268e-04 0.00000e+00
42.760000 -9.60814e-05 -1.11808e-04 0.00000e+00
42.770000 -8.74814e-05 -2.02197e-04 0.00000e+00
42.780000 -8.42340e-05 -2.08353e-04 0.00000e+00
42.790000 -8.79231e-05 -1.78516e-04 0.00000e+00
42.800000 -9.44171e-05 -1.85552e-04 0.00000e+00
42.810000 -1.05751e-04 -2.13805e-04 0.00000e+00
42.820000 -1.14950e-04 -3.02611e-04 0.00000e+00
42.830000 -8.16062e-05 -2.62002e-04 0.00000e+00
42.840000 -1.04248e-04 -2.45740e-05 0.00000e+00
42.850000 -1.09608e-04 2.29159e-04 0.00000e+00
42.860000 -1.10391e-04 5.16175e-04 0.00000e+00
42.870000 -1.03362e-04 8.02224e-04 0.00000e+00
42.880000 -8.02128e-05 8.91572e-04 0.00000e+00
42.890000 -7.70448e-05 9.83929e-04 0.00000e+00
42.900000 -6.83196e-05 1.13547e-03 0.00000e+00
42.910000 -5.69795e-05 1.18532e-03 0.00000e+00
42.920000 -5.64913e-05 1.23570e-03 0.00000e+00
42.930000 -6.65890e-05 1.23956e-03 0.00000e+00
42.940000 -3.64629e-05 1.31173e-03 0.00000e+00
42.950000 -1.12574e-05 1.42953e-03 0.00000e+00
42.960000 -4.59644e-06 1.42813e-03 0.00000e+00
42.970000 1.13571e-05 1.35893e-03 0.00000e+00
42.980000 3.79502e-05 1.26454e-03 0.00000e+00
42.990000 7.03940e-05 1.13949e-03 0.00000e+00
43.000000 1.13222e-04 1.14986e-03 0.00000e+00
43.010000 1.19490e-04 1.13526e-03 0.00000e+00
43.020000 1.23285e-04 9.47448e-04 0.00000e+00
43.030000 1.24787e-04 7.55079e-04 0.00000e+00
43.040000 1.17612e-04 5.53397e-04 0.00000e+00
43.050000 1.11775e-04 4.01133e-04 0.00000e+00
43.060000 1.24028e-04 2.63868e-04 0.00000e+00
43.070000 1.03974e-04 3.61754e-05 0.00000e+00
43.080000 1.07539e-04 -2.39843e-04 0.00000e+00
43.090000 1.07517e-04 -4.87290e-04 0.00000e+00
43.100000 1.10292e-04 -7.43772e-04 0.00000e+00
43.110000 1.12883e-04 -9.17602e-04 0.00000e+00
43.120000 8.25208e-05 -9.13072e-04 0.00000e+00
43.130000 6.75348e-05 -9.42095e-04 0.00000e+00
43.140000 6.79299e-05 -1.04799e-03 0.00000e+00
43.150000 6.57523e-05 -1.10427e-03 0.00000e+00
43.160000 5.96086e-05 -1.09965e-03 0.00000e+00
43.170000 5.55384e-05 -9.25999e-04 0.00000e+00
43.180000 1.92576e-05 -7.48211e-04 0.00000e+00
43.190000 2.56605e-07 -7.13105e-04 0.00000e+00
43.200000 -1.27625e-05 -6.64741e-04 0.00000e+00
43.210000 -2.39061e-05 -6.14642e-04 0.00000e+00
43.220000 -2.89226e-05 -5.69527e-04 0.00000e+00
43.230000 -4.12006e-05 -4.27367e-04 0.00000e+00
43.240000 -5.73291e-05 -2.97221e-04 0.00000e+00
43.250000 -4.18232e-05 -2.23610e-04 0.00000e+00
43.260000 -1.81351e-05 -1.24349e-04 0.00000e+00
43.270000 -1.06098e-05 -1.96677e-05 0.00000e+00
43.280000 2.07120e-06 1.01825e-04 0.00000e+00
43.290000 5.80326e-06 9.40261e-05 0.00000e+00
43.300000 -2.07746e-05 2.89340e-05 0.00000e+00
43.310000 -2.00334e-05 7.30299e-05 0.00000e+00
43.320000 -1.49777e-05 1.21179e-04 0.00000e+00
43.330000 -4.26537e-06 9.51266e-05 0.00000e+00
43.340000 1.05111e-05 3.63575e-05 0.00000e+00
43.350000 -1.84148e-05 -1.05780e-04 0.00000e+00
43.360000 -1.68376e-05 -3.78652e-04 0.00000e+00
43.370000 -8.46242e-06 -6.71603e-04 0.00000e+00
43.380000 -8.67253e-06 -9.24948e-04 0.00000e+00
43.390000 -6.35568e-06 -1.11925e-03 0.00000e+00
43.400000 -9.95432e-06 -1.30283e-03 0.00000e+00
43.410000 -3.42170e-05 -1.54026e-03 0.00000e+00
43.420000 -5.20696e-05 -1.66011e-03 0.00000e+00
43.430000 -6.79859e-05 -1.56891e-03 0.00000e+00
43.440000 -8.33841e-05 -1.45859e-03 0.00000e+00
43.450000 -1.05541e-04 -1.36283e-03 0.00000e+00
43.460000 -1.30364e-04 -1.22947e-03 0.00000e+00
43.470000 -1.31975e-04 -1.25291e-03 0.00000e+00
43.480000 -1.58582e-04 -1.26915e-03 0.00000e+00
43.490000 -1.94196e-04 -1.09516e-03 0.00000e+00
43.500000 -2.22148e-04 -8.65010e-04 0.00000e+00
43.510000 -2.37673e-04 -5.63243e-04 0.00000e+00
43.520000 -2.56576e-04 -3.94447e-04 0.00000e+00
43.530000 -2.70496e-04 -2.56904e-04 0.00000e+00
43.540000 -2.51590e-04 6.12350e-05 0.00000e+00
43.550000 -2.30118e-04 3.81160e-04 0.00000e+00
43.560000 -2.10464e-04 7.04046e-04 0.00000e+00
43.570000 -1.96923e-04 1.07943e-03 0.00000e+00
43.580000 -1.72200e-04 1.34169e-03 0.00000e+00
43.590000 -1.31791e-04 1.50974e-03 0.00000e+00
43.600000 -1.17454e-04 1.73289e-03 0.00000e+00
43.610000 -1.17129e-04 1.95927e-03 0.00000e+00
43.620000 -1.02575e-04 2.11335e-03 0.00000e+00
43.630000 -9.01577e-05 2.15321e-03 0.00000e+00
43.640000 -8.18181e-05 2.23631e-03 0.00000e+00
43.650000 -2.13362e-05 2.30368e-03 0.00000e+00
43.660000 -3.95742e-06 2.17370e-03 0.00000e+00
43.670000 1.29492e-05 1.95682e-03 0.00000e+00
43.680000 2.57479e-05 1.72469e-03 0.00000e+00
43.690000 3.09303e-05 1.45586e-03 0.00000e+00
43.700000 7.61543e-05 1.09949e-03 0.00000e+00
43.710000 9.04656e-05 8.09928e-04 0.00000e+00
43.720000 9.47517e-05 6.71615e-04 0.00000e+00
43.730000 1.11195e-04 5.38982e-04 0.00000e+00
43.740000 1.11169e-04 3.40957e-04 0.00000e+00
43.750000 9.64176e-05 1.33559e-04 0.00000e+00
43.760000 1.12480e-04 4.12064e-06 0.00000e+00
43.770000 1.15987e-04 -1.09343e-04 0.00000e+00
43.780000 1.00003e-04 -2.97360e-04 0.00000e+00
43.790000 8.33396e-05 -5.00898e-04 0.00000e+00
43.800000 7.05217e-05 -6.71321e-04 0.00000e+00
43.810000 7.42296e-05 -8.26272e-04 0.00000e+00
43.820000 3.96352e-05 -8.19939e-04 0.00000e+00
43.830000 2.33298e-05 -7.22686e-04 0.00000e+00
43.840000 1.70341e-05 -6.94405e-04 0.00000e+00
43.850000 1.02660e-05 -6.69176e-04 0.00000e+00
43.860000 5.14961e-06 -6.42206e-04 0.00000e+00
43.870000 2.88145e-06 -5.01313e-04 0.00000e+00
43.880000 2.37669e-05 -2.86577e-04 0.00000e+00
43.890000 2.05913e-05 -1.52229e-04 0.00000e+00
43.900000 3.78479e-06 -1.33264e-05 0.00000e+00
43.910000 -4.28464e-06 1.45896e-04 0.00000e+00
43.920000 6.84191e-07 2.58769e-04 0.00000e+00
43.930000 6.74768e-06 4.84202e-04 0.00000e+00
43.940000 1.46308e-05 7.82072e-04 0.00000e+00
43.950000 1.82945e-05 8.97928e-04 0.00000e+00
43.960000 2.96646e-05 9.14936e-04 0.00000e+00
43.970000 4.64830e-05 9.36146e-04 0.00000e+00
43.980000 6.47550e-05 1.02067e-03 0.00000e+00
43.990000 7.97636e-05 1.04332e-03 0.00000e+00
44.000000 8.69208e-05 9.63275e-04 0.00000e+00
44.010000 8.99518e-05 9.04725e-04 0.00000e+00
44.020000 1.01661e-04 7.92921e-04 0.00000e+00
44.030000 1.13032e-04 6.26577e-04 0.00000e+00
44.040000 1.22353e-04 4.23507e-04 0.00000e+00
44.050000 1.24857e-04 2.61853e-04 0.00000e+00
44.060000 1.24462e-04 7.61951e-05 0.00000e+00
44.070000 1.34701e-04 -2.16818e-04 0.00000e+00
44.080000 1.42712e-04 -5.28620e-04 0.00000e+00
44.090000 1.47812e-04 -8.15981e-04 0.00000e+00
44.100000 1.47794e-04 -1.08198e-03 0.00000e+00
44.110000 1.08698e-04 -1.33961e-03 0.00000e+00
44.120000 8.04739e-05 -1.56774e-03 0.00000e+00
44.130000 8.18408e-05 -1.77665e-03 0.00000e+00
44.140000 6.80771e-05 -1.94907e-03 0.00000e+00
44.150000 5.70946e-05 -2.05772e-03 0.00000e+00
44.160000 1.88629e-05 -2.10016e-03 0.00000e+00
44.170000 -5.75792e-06 -1.99413e-03 0.00000e+00
44.180000 -4.43825e-05 -1.89731e-03 0.00000e+00
44.190000 -7.86134e-05 -1.82318e-03 0.00000e+00
44.200000 -1.04350e-04 -1.63781e-03 0.00000e+00
44.210000 -1.27805e-04 -1.43207e-03 0.00000e+00
44.220000 -1.43286e-04 -1.20279e-03 0.00000e+00
44.230000 -1.64535e-04 -1.04251e-03 0.00000e+00
44.240000 -1.67942e-04 -8.43386e-04 0.00000e+00
44.250000 -1.76613e-04 -5.04568e-04 0.00000e+00
44.260000 -1.80036e-04 -1.42738e-04 0.00000e+00
44.270000 -1.78411e-04 2.29582e-04 0.00000e+00
44.280000 -1.69448e-04 4.58584e-04 0.00000e+00
44.290000 -1.54560e-04 6.04445e-04 0.00000e+00
44.300000 -1.45641e-04 8.53959e-04 0.00000e+00
44.310000 -1.18458e-04 1.14045e-03 0.00000e+00
44.320000 -8.88546e-05 1.43656e-03 0.00000e+00
44.330000 -5.33559e-05 1.65216e-03 0.00000e+00
44.340000 -2.38824e-05 1.75151e-03 0.00000e+00
44.350000 -4.65304e-05 1.72481e-03 0.00000e+00
44.360000 -1.39305e-05 1.57652e-03 0.00000e+00
44.370000 -7.10640e-06 1.38517e-03 0.00000e+00
44.380000 -1.45027e-06 1.13264e-03 0.00000e+00
44.390000 7.21833e-06 8.80655e-04 0.00000e+00
44.400000 4.32769e-06 6.87523e-04 0.00000e+00
44.410000 4.75837e-05 5.25807e-04 0.00000e+00
44.420000 5.18479e-05 3.42060e-04 0.00000e+00
44.430000 5.29586e-05 1.20646e-04 0.00000e+00
44.440000 4.90631e-05 -1.23118e-04 0.00000e+00
44.450000 4.08164e-05 -3.71731e-04 0.00000e+00
44.460000 5.69645e-05 -5.79910e-04 0.00000e+00
44.470000 4.86860e-05 -7.47135e-04 0.00000e+00
44.480000 4.46561e-05 -8.72097e-04 0.00000e+00
44.490000 2.40032e-05 -8.80001e-04 0.00000e+00
44.500000 -1.24113e-05 -7.53902e-04 0.00000e+00
44.510000 -4.71635e-05 -5.79871e-04 0.00000e+00
44.520000 -7.63382e-05 -5.85113e-04 0.00000e+00
44.530000 -8.30379e-05 -6.31633e-04 0.00000e+00
44.540000 -9.01779e-05 -5.70322e-04 0.00000e+00
44.550000 -8.42711e-05 -5.48954e-04 0.00000e+00
44.560000 -6.44931e-05 -5.38280e-04 0.00000e+00
44.570000 -5.46017e-05 -5.58372e-04 0.00000e+00
44.580000 -6.95908e-05 -4.68984e-04 0.00000e+00
44.590000 -7.79143e-05 -3.30182e-04 0.00000e+00
44.600000 -8.36722e-05 -2.49991e-04 0.00000e+00
44.610000 -8.38279e-05 -1.36415e-04 0.00000e+00
44.620000 -7.33678e-05 -2.49759e-05 0.00000e+00
44.630000 -5.54094e-05 1.53547e-04 0.00000e+00
44.640000 -4.03285e-05 2.44787e-04 0.00000e+00
44.650000 -2.99939e-05 3.31411e-04 0.00000e+00
44.660000 -9.38655e-06 4.35502e-04 0.00000e+00
44.670000 -1.67097e-05 3.49662e-04 0.00000e+00
44.680000 -3.75451e-05 2.29606e-04 0.00000e+00
44.690000 -6.03251e-05 1.85521e-04 0.00000e+00
44.700000 -5.43776e-05 1.89819e-04 0.00000e+00
44.710000 -5.31998e-05 2.15844e-04 0.00000e+00
44.720000 -5.96435e-05 3.01592e-04 0.00000e+00
44.730000 -5.97267e-05 4.63338e-04 0.00000e+00
44.740000 -5.38727e-05 6.38168e-04 0.00000e+00
44.750000 -3.98131e-05 6.83042e-04 0.00000e+00
44.760000 -3.64734e-05 6.89648e-04 0.00000e+00
44.770000 -1.79775e-05 7.04399e-04 0.00000e+00
44.780000 -1.32243e-05 6.73483e-04 0.00000e+00
44.790000 -1.15434e-05 6.61850e-04 0.00000e+00
44.800000 -1.44853e-05 6.68432e-04 0.00000e+00
44.810000 -2.45616e-05 7.20942e-04 0.00000e+00
44.820000 2.04459e-05 8.02851e-04 0.00000e+00
44.830000 2.25882e-06 9.17720e-04 0.00000e+00
44.840000 2.75139e-05 9.70711e-04 0.00000e+00
44.850000 6.35904e-05 8.78368e-04 0.00000e+00
44.860000 8.84432e-05 7.19744e-04 0.00000e+00
44.870000 8.57651e-05 5.65821e-04 0.00000e+00
44.880000 1.02385e-04 5.37318e-04 0.00000e+00
44.890000 1.03470e-04 4.75757e-04 0.00000e+00
44.900000 9.87504e-05 2.77253e-04 0.00000e+00
44.910000 8.59203e-05 8.93289e-05 0.00000e+00
44.920000 7.58278e-05 -5.28384e-05 0.00000e+00
44.930000 8.37470e-05 -1.95855e-04 0.00000e+00
44.940000 6.22667e-05 -3.02609e-04 0.00000e+00
44.950000 6.03009e-05 -4.22261e-04 0.00000e+00
44.960000 5.65171e-05 -6.34686e-04 0.00000e+00
44.970000 5.64896e-05 -8.59648e-04 0.00000e+00
44.980000 6.40298e-05 -1.10890e-03 0.00000e+00
44.990000 5.25601e-05 -1.12365e-03 0.00000e+00
45.000000 3.97128e-05 -1.12350e-03 0.00000e+00
45.010000 1.51015e-05 -1.19275e-03 0.00000e+00
45.020000 8.18867e-06 -1.02413e-03 0.00000e+00
45.030000 -1.62734e-07 -8.36936e-04 0.00000e+00
45.040000 -7.46268e-06 -8.02358e-04 0.00000e+00
45.050000 -4.04309e-06 -7.70972e-04 0.00000e+00
45.060000 -5.59390e-05 -7.13849e-04 0.00000e+00
45.070000 -6.57862e-05 -7.21441e-04 0.00000e+00
45.080000 -6.75107e-05 -6.92851e-04 0.00000e+00
45.090000 -7.24278e-05 -6.40070e-04 0.00000e+00
45.100000 -7.98014e-05 -5.48763e-04 0.00000e+00
45.110000 -8.39724e-05 -5.56969e-04 0.00000e+00
45.120000 -1.01408e-04 -5.91062e-04 0.00000e+00
45.130000 -9.41831e-05 -5.75096e-04 0.00000e+00
45.140000 -7.65128e-05 -5.58156e-04 0.00000e+00
45.150000 -5.96211e-05 -3.96545e-04 0.00000e+00
45.160000 -3.13775e-05 -1.65656e-04 0.00000e+00
45.170000 -6.55453e-05 -7.96751e-05 0.00000e+00
45.180000 -4.47670e-05 -4.82167e-05 0.00000e+00
45.190000 -6.08211e-05 4.63066e-05 0.00000e+00
45.200000 -8.96736e-05 1.19994e-04 0.00000e+00
45.210000 -1.06261e-04 1.96623e-04 0.00000e+00
45.220000 -9.26418e-05 3.93161e-04 0.00000e+00
45.230000 -1.05037e-04 4.41609e-04 0.00000e+00
45.240000 -8.79607e-05 3.75066e-04 0.00000e+00
45.250000 -7.88741e-05 4.52927e-04 0.00000e+00
45.260000 -8.53921e-05 4.98753e-04 0.00000e+00
45.270000 -9.48690e-05 4.57490e-04 0.00000e+00
45.280000 -1.00971e-04 4.01267e-04 0.00000e+00
45.290000 -7.10660e-05 3.29522e-04 0.00000e+00
45.300000 -6.69424e-05 2.66651e-04 0.00000e+00
45.310000 -3.20445e-05 3.22904e-04 0.00000e+00
45.320000 -1.07505e-05 4.29289e-04 0.00000e+00
45.330000 -1.85261e-05 5.64607e-04 0.00000e+00
45.340000 -4.00405e-05 4.87409e-04 0.00000e+00
45.350000 -4.46350e-06 3.92391e-04 0.00000e+00
45.360000 -1.48640e-05 3.44609e-04 0.00000e+00
45.370000 -8.08090e-06 1.20608e-04 0.00000e+00
45.380000 3.63853e-06 -6.56933e-05 0.00000e+00
45.390000 9.62891e-06 -1.40193e-04 0.00000e+00
45.400000 -2.73942e-05 -2.45335e-04 0.00000e+00
45.410000 -1.23261e-05 -3.48083e-04 0.00000e+00
45.420000 -2.86939e-05 -3.84239e-04 0.00000e+00
45.430000 -4.71670e-05 -5.14899e-04 0.00000e+00
45.440000 -5.61559e-05 -6.92172e-04 0.00000e+00
45.450000 -4.71553e-05 -8.76682e-04 0.00000e+00
45.460000 -5.20745e-05 -8.69811e-04 0.00000e+00
45.470000 -5.17925e-05 -7.72322e-04 0.00000e+00
45.480000 -5.65683e-05 -6.77335e-04 0.00000e+00
45.490000 -8.03475e-05 -5.00002e-04 0.00000e+00
45.500000 -1.01156e-04 -4.16578e-04 0.00000e+00
45.510000 -1.28933e-04 -4.55593e-04 0.00000e+00
45.520000 -1.01564e-04 -3.30935e-04 0.00000e+00
45.530000 -1.29234e-04 -1.50336e-04 0.00000e+00
45.540000 -1.05490e-04 -7.97916e-05 0.00000e+00
45.550000 -1.01446e-04 7.50077e-05 0.00000e+00
45.560000 -1.03360e-04 2.73055e-04 0.00000e+00
45.570000 -1.17280e-04 3.59146e-04 0.00000e+00
45.580000 -1.02897e-04 4.36538e-04 0.00000e+00
45.590000 -1.12521e-04 5.41354e-04 0.00000e+00
45.600000 -1.01915e-04 5.13048e-04 0.00000e+00
45.610000 -8.20617e-05 4.24713e-04 0.00000e+00
45.620000 -5.97004e-05 4.39839e-04 0.00000e+00
45.630000 -2.74268e-05 5.64300e-04 0.00000e+00
45.640000 -4.50121e-05 6.18930e-04 0.00000e+00
45.650000 -3.71486e-05 5.90186e-04 0.00000e+00
45.660000 -3.97369e-05 4.56706e-04 0.00000e+00
45.670000 -3.91817e-05 2.72730e-04 0.00000e+00
45.680000 -2.92813e-05 1.11056e-04 0.00000e+00
45.690000 -1.09686e-05 8.63717e-05 0.00000e+00
45.700000 -3.23656e-05 7.65012e-06 0.00000e+00
45.710000 -2.58240e-05 -7.80980e-05 0.00000e+00
45.720000 -2.20180e-05 -6.19753e-05 0.00000e+00
45.730000 -2.87851e-05 -1.68287e-04 0.00000e+00
45.740000 -4.33414e-05 -3.47578e-04 0.00000e+00
45.750000 -5.41774e-05 -4.94474e-04 0.00000e+00
45.760000 -6.91436e-05 -6.73860e-04 0.00000e+00
45.770000 -8.15213e-05 -8.27338e-04 0.00000e+00
45.780000 -7.67324e-05 -8.11637e-04 0.00000e+00
45.790000 -5.93972e-05 -7.54531e-04 0.00000e+00
45.800000 -7.50026e-05 -6.18168e-04 0.00000e+00
45.810000 -1.10078e-04 -5.56306e-04 0.00000e+00
45.820000 -1.13431e-04 -6.36180e-04 0.00000e+00
45.830000 -1.15337e-04 -6.24949e-04 0.00000e+00
45.840000 -9.51632e-05 -5.04733e-04 0.00000e+00
45.850000 -9.31843e-05 -3.56203e-04 0.00000e+00
45.860000 -9.76746e-05 -1.69398e-04 0.00000e+00
45.870000 -1.23145e-04 -8.20484e-05 0.00000e+00
45.880000 -1.08584e-04 -3.60418e-05 0.00000e+00
45.890000 -1.38789e-04 1.12294e-04 0.00000e+00
45.900000 -1.43217e-04 2.76479e-04 0.00000e+00
45.910000 -1.42367e-04 4.35257e-04 0.00000e+00
45.920000 -1.30283e-04 5.34604e-04 0.00000e+00
45.930000 -1.25190e-04 6.36182e-04 0.00000e+00
45.940000 -8.33418e-05 7.33102e-04 0.00000e+00
45.950000 -8.02520e-05 8.13610e-04 0.00000e+00
45.960000 -7.61858e-05 1.02921e-03 0.00000e+00
45.970000 -6.78406e-05 1.24440e-03 0.00000e+00
45.980000 -7.18551e-05 1.30012e-03 0.00000e+00
45.990000 -5.59574e-05 1.32861e-03 0.00000e+00
46.000000 -6.13878e-06 1.40672e-03 0.00000e+00
46.010000 -1.25323e-06 1.56628e-03 0.00000e+00
46.020000 -1.40859e-06 1.69431e-03 0.00000e+00
46.030000 4.27701e-06 1.65897e-03 0.00000e+00
46.040000 1.10593e-05 1.48838e-03 0.00000e+00
46.050000 4.11697e-05 1.39475e-03 0.00000e+00
46.060000 6.39827e-05 1.25139e-03 0.00000e+00
46.070000 8.19581e-05 1.00053e-03 0.00000e+00
46.080000 9.17772e-05 8.33540e-04 0.00000e+00
46.090000 9.22007e-05 6.58493e-04 0.00000e+00
46.100000 1.20147e-04 4.37404e-04 0.00000e+00
46.110000 1.13939e-04 3.41221e-04 0.00000e+00
46.120000 1.34230e-04 2.32336e-04 0.00000e+00
46.130000 1.51232e-04 -7.96815e-06 0.00000e+00
46.140000 1.39631e-04 -1.83631e-04 0.00000e+00
46.150000 1.30735e-04 -4.02452e-04 0.00000e+00
46.160000 1.21518e-04 -6.80216e-04 0.00000e+00
46.170000 1.12541e-04 -7.49529e-04 0.00000e+00
46.180000 9.32807e-05 -7.59519e-04 0.00000e+00
46.190000 5.23449e-05 -9.27685e-04 0.00000e+00
46.200000 3.46325e-05 -1.09516e-03 0.00000e+00
46.210000 3.16969e-05 -1.28065e-03 0.00000e+00
46.220000 3.78650e-05 -1.34463e-03 0.00000e+00
46.230000 4.41516e-06 -1.34954e-03 0.00000e+00
46.240000 1.32659e-05 -1.32773e-03 0.00000e+00
46.250000 -5.82228e-06 -1.22936e-03 0.00000e+00
46.260000 -2.12291e-05 -1.19897e-03 0.00000e+00
46.270000 -3.15024e-05 -1.04440e-03 0.00000e+00
46.280000 -2.48068e-05 -8.65697e-04 0.00000e+00
46.290000 -6.21120e-05 -7.09849e-04 0.00000e+00
46.300000 -4.81201e-05 -4.09606e-04 0.00000e+00
46.310000 -5.86616e-05 -1.30500e-04 0.00000e+00
46.320000 -6.99767e-05 3.25344e-05 0.00000e+00
46.330000 -7.14121e-05 1.26426e-04 0.00000e+00
46.340000 -4.36254e-05 2.24497e-04 0.00000e+00
46.350000 -7.34310e-05 3.21922e-04 0.00000e+00
46.360000 -7.01637e-05 2.80699e-04 0.00000e+00
46.370000 -6.92428e-05 2.14954e-04 0.00000e+00
46.380000 -5.97391e-05 2.75563e-04 0.00000e+00
46.390000 -3.20714e-05 3.83330e-04 0.00000e+00
46.400000 -3.71329e-05 4.06056e-04 0.00000e+00
46.410000 2.02739e-06 4.52960e-04 0.00000e+00
46.420000 -2.11185e-06 5.12739e-04 0.00000e+00
46.430000 6.33008e-06 4.19433e-04 0.00000e+00
46.440000 2.93509e-05 2.94956e-04 0.00000e+00
46.450000 1.15540e-05 2.72713e-04 0.00000e+00
46.460000 2.71057e-05 1.99181e-04 0.00000e+00
46.470000 2.16094e-05 1.23813e-04 0.00000e+00
46.480000 1.92873e-06 1.03895e-04 0.00000e+00
46.490000 -2.56481e-05 -4.01324e-05 0.00000e+00
46.500000 -2.50943e-05 -1.96316e-04 0.00000e+00
46.510000 -2.18577e-05 -2.43019e-04 0.00000e+00
46.520000 -2.27474e-05 -3.16254e-04 0.00000e+00
46.530000 -3.25082e-05 -4.85451e-04 0.00000e+00
46.540000 -9.08120e-06 -6.10581e-04 0.00000e+00
46.550000 -1.54260e-05 -6.75769e-04 0.00000e+00
46.560000 -2.12475e-05 -6.19221e-04 0.00000e+00
46.570000 -3.01679e-05 -5.96234e-04 0.00000e+00
46.580000 -3.22536e-05 -5.24253e-04 0.00000e+00
46.590000 -6.13558e-05 -4.26163e-04 0.00000e+00
46.600000 -6.76492e-05 -4.26321e-04 0.00000e+00
46.610000 -5.89865e-05 -2.92502e-04 0.00000e+00
46.620000 -4.54862e-05 -1.60884e-04 0.00000e+00
46.630000 -6.27452e-05 -5.34498e-05 0.00000e+00
46.640000 -5.90092e-05 9.94164e-05 0.00000e+00
46.650000 -7.95308e-05 1.54170e-04 0.00000e+00
46.660000 -8.28348e-05 1.24379e-04 0.00000e+00
46.670000 -7.57839e-05 1.60781e-04 0.00000e+00
46.680000 -6.58388e-05 2.39725e-04 0.00000e+00
46.690000 -6.43889e-05 3.25045e-04 0.00000e+00
46.700000 -6.51021e-05 3.40635e-04 0.00000e+00
46.710000 -4.47083e-05 4.50790e-04 0.00000e+00
46.720000 -3.12020e-05 6.24013e-04 0.00000e+00
46.730000 -2.34272e-05 6.45385e-04 0.00000e+00
46.740000 -3.08949e-05 6.81645e-04 0.00000e+00
46.750000 -1.26925e-05 7.58591e-04 0.00000e+00
46.760000 -2.07293e-05 7.32336e-04 0.00000e+00
46.770000 -7.47750e-07 6.69265e-04 0.00000e+00
46.780000 1.92999e-05 7.17926e-04 0.00000e+00
46.790000 1.75739e-05 8.01167e-04 0.00000e+00
46.800000 2.03510e-05 7.86991e-04 0.00000e+00
46.810000 2.38665e-05 6.59708e-04 0.00000e+00
46.820000 1.97427e-05 4.88545e-04 0.00000e+00
46.830000 3.25163e-05 2.98263e-04 0.00000e+00
46.840000 3.85903e-05 1.37421e-04 0.00000e+00
46.850000 3.13768e-05 -3.48494e-06 0.00000e+00
46.860000 4.39015e-05 -1.19002e-04 0.00000e+00
46.870000 3.20268e-05 -2.62418e-04 0.00000e+00
46.880000 6.35824e-05 -3.83247e-04 0.00000e+00
46.890000 3.31940e-05 -4.78130e-04 0.00000e+00
46.900000 3.75628e-05 -6.04513e-04 0.00000e+00
46.910000 4.54019e-05 -7.20640e-04 0.00000e+00
46.920000 3.60557e-05 -7.51605e-04 0.00000e+00
46.930000 1.90135e-05 -7.84227e-04 0.00000e+00
46.940000 2.38626e-05 -7.99706e-04 0.00000e+00
46.950000 4.12097e-06 -6.69378e-04 0.00000e+00
46.960000 -2.06783e-05 -5.45176e-04 0.00000e+00
46.970000 -4.87870e-05 -5.01972e-04 0.00000e+00
46.980000 -6.63878e-05 -4.70318e-04 0.00000e+00
46.990000 -6.27307e-05 -4.36637e-04 0.00000e+00
47.000000 -6.99623e-05 -3.70326e-04 0.00000e+00
47.010000 -7.22213e-05 -2.91850e-04 0.00000e+00
47.020000 -7.00512e-05 -2.59844e-04 0.00000e+00
47.030000 -6.45247e-05 -1.42032e-04 0.00000e+00
47.040000 -7.54606e-05 -2.73108e-05 0.00000e+00
47.050000 -6.69026e-05 2.06270e-04 0.00000e+00
47.060000 -6.51035e-05 4.10409e-04 0.00000e+00
47.070000 -4.12370e-05 4.51189e-04 0.00000e+00
47.080000 -1.89241e-05 6.32968e-04 0.00000e+00
47.090000 -6.05308e-06 8.55961e-04 0.00000e+00
47.100000 -4.60104e-06 9.37116e-04 0.00000e+00
47.110000 1.60878e-05 1.00885e-03 0.00000e+00
47.120000 2.05157e-05 1.08750e-03 0.00000e+00
47.130000 1.11059e-05 1.01276e-03 0.00000e+00
47.140000 1.30535e-06 8.48473e-04 0.00000e+00
47.150000 1.27749e-05 6.35910e-04 0.00000e+00
47.160000 1.75381e-05 4.99152e-04 0.00000e+00
47.170000 2.64552e-05 3.43684e-04 0.00000e+00
47.180000 3.02635e-05 1.30834e-04 0.00000e+00
47.190000 5.31952e-05 -2.97044e-05 0.00000e+00
47.200000 7.03411e-05 -1.75631e-04 0.00000e+00
47.210000 6.74530e-05 -3.49792e-04 0.00000e+00
47.220000 8.53628e-05 -5.30635e-04 0.00000e+00
47.230000 4.74168e-05 -7.07609e-04 0.00000e+00
47.240000 5.57410e-05 -7.55693e-04 0.00000e+00
47.250000 6.01911e-05 -6.54803e-04 0.00000e+00
47.260000 3.80867e-05 -5.96832e-04 0.00000e+00
47.270000 -5.71585e-08 -6.15306e-04 0.00000e+00
47.280000 1.59852e-06 -5.85305e-04 0.00000e+00
47.290000 -3.23910e-05 -5.70489e-04 0.00000e+00
47.300000 -5.14194e-05 -6.26379e-04 0.00000e+00
47.310000 -6.25113e-05 -6.48894e-04 0.00000e+00
47.320000 -6.72596e-05 -6.23632e-04 0.00000e+00
47.330000 -6.43642e-05 -5.31279e-04 0.00000e+00
47.340000 -8.31734e-05 -4.77113e-04 0.00000e+00
47.350000 -6.59241e-05 -4.13740e-04 0.00000e+00
47.360000 -6.30389e-05 -2.21912e-04 0.00000e+00
47.370000 -5.82209e-05 3.13078e-05 0.00000e+00
47.380000 -5.07282e-05 2.43934e-04 0.00000e+00
47.390000 -4.19795e-05 4.61065e-04 0.00000e+00
47.400000 -2.41503e-05 5.23909e-04 0.00000e+00
47.410000 6.04374e-06 5.71745e-04 0.00000e+00
47.420000 -8.09897e-06 8.03097e-04 0.00000e+00
47.430000 -1.91250e-05 9.44001e-04 0.00000e+00
47.440000 -1.84090e-05 9.34731e-04 0.00000e+00
47.450000 -7.47948e-06 9.50471e-04 0.00000e+00
47.460000 -1.36152e-05 9.29298e-04 0.00000e+00
47.470000 1.90144e-05 8.28951e-04 0.00000e+00
47.480000 2.86527e-05 7.72944e-04 0.00000e+00
47.490000 3.63835e-05 7.13907e-04 0.00000e+00
47.500000 4.64348e-05 6.56944e-04 0.00000e+00
47.510000 4.25000e-05 5.46571e-04 0.00000e+00
47.520000 7.60551e-05 4.88887e-04 0.00000e+00
47.530000 7.88205e-05 4.31256e-04 0.00000e+00
47.540000 7.61198e-05 2.89825e-04 0.00000e+00
47.550000 7.10474e-05 2.07089e-04 0.00000e+00
47.560000 6.61324e-05 1.81268e-04 0.00000e+00
47.570000 6.10735e-05 2.49086e-04 0.00000e+00
47.580000 9.48900e-05 4.38397e-04 0.00000e+00
47.590000 8.76176e-05 5.42702e-04 0.00000e+00
47.600000 7.63368e-05 4.96764e-04 0.00000e+00
47.610000 7.45302e-05 4.40355e-04 0.00000e+00
47.620000 7.63847e-05 3.81616e-04 0.00000e+00
47.630000 7.06274e-05 2.52551e-04 0.00000e+00
47.640000 8.17882e-05 2.29837e-04 0.00000e+00
47.650000 7.88168e-05 2.59263e-04 0.00000e+00
47.660000 7.70520e-05 1.53907e-04 0.00000e+00
47.670000 7.80661e-05 3.92070e-05 0.00000e+00
47.680000 8.29112e-05 -1.06138e-04 0.00000e+00
47.690000 8.98092e-05 -1.04797e-04 0.00000e+00
47.700000 7.78879e-05 -7.10558e-05 0.00000e+00
47.710000 1.05460e-04 -1.89932e-04 0.00000e+00
47.720000 1.28150e-04 -3.05778e-04 0.00000e+00
47.730000 1.42677e-04 -4.33329e-04 0.00000e+00
47.740000 1.49113e-04 -5.39335e-04 0.00000e+00
47.750000 1.31925e-04 -4.68208e-04 0.00000e+00
47.760000 1.00028e-04 -4.38334e-04 0.00000e+00
47.770000 8.10511e-05 -6.02775e-04 0.00000e+00
47.780000 6.03322e-05 -7.49415e-04 0.00000e+00
47.790000 4.20964e-05 -8.45980e-04 0.00000e+00
47.800000 3.28874e-05 -9.12602e-04 0.00000e+00
47.810000 3.63294e-05 -8.54264e-04 0.00000e+00
47.820000 -3.40613e-06 -8.01030e-04 0.00000e+00
47.830000 -1.08642e-05 -8.92566e-04 0.00000e+00
47.840000 -1.14853e-05 -9.78185e-04 0.00000e+00
47.850000 -8.61717e-06 -1.00447e-03 0.00000e+00
47.860000 3.52855e-07 -1.02324e-03 0.00000e+00
47.870000 -3.68425e-05 -1.05432e-03 0.00000e+00
47.880000 -3.30356e-05 -9.48296e-04 0.00000e+00
47.890000 -3.09251e-05 -7.34502e-04 0.00000e+00
47.900000 -3.30603e-05 -5.25811e-04 0.00000e+00
47.910000 -2.61669e-05 -3.30749e-04 0.00000e+00
47.920000 -3.79233e-05 -2.12621e-04 0.00000e+00
47.930000 -7.63338e-05 -2.09355e-04 0.00000e+00
47.940000 -7.07560e-05 -2.36777e-04 0.00000e+00
47.950000 -6.02034e-05 -2.82275e-04 0.00000e+00
47.960000 -5.21710e-05 -3.66264e-04 0.00000e+00
47.970000 -4.43417e-05 -3.82113e-04 0.00000e+00
47.980000 -4.77665e-05 -3.27660e-04 0.00000e+00
47.990000 -9.02780e-05 -3.55148e-04 0.00000e+00
48.000000 -9.51724e-05 -4.63256e-04 0.00000e+00
48.010000 -8.32217e-05 -4.92994e-04 0.00000e+00
48.020000 -7.89030e-05 -4.17653e-04 0.00000e+00
48.030000 -7.90143e-05 -2.66646e-04 0.00000e+00
48.040000 -6.15427e-05 -2.61436e-04 0.00000e+00
48.050000 -6.17544e-05 -3.19559e-04 0.00000e+00
48.060000 -8.11677e-05 -2.48460e-04 0.00000e+00
48.070000 -8.85864e-05 -1.85100e-04 0.00000e+00
48.080000 -1.07210e-04 -1.18197e-04 0.00000e+00
48.090000 -1.16374e-04 -1.04588e-04 0.00000e+00
48.100000 -1.28214e-04 -2.88423e-04 0.00000e+00
48.110000 -1.27008e-04 -4.15343e-04 0.00000e+00
48.120000 -1.35236e-04 -3.69291e-04 0.00000e+00
48.130000 -1.20188e-04 -2.92607e-04 0.00000e+00
48.140000 -1.10041e-04 -1.66988e-04 0.00000e+00
48.150000 -1.14695e-04 -5.32599e-06 0.00000e+00
48.160000 -1.15219e-04 2.73327e-05 0.00000e+00
48.170000 -1.14265e-04 -4.82299e-05 0.00000e+00
48.180000 -9.27175e-05 -2.86088e-05 0.00000e+00
48.190000 -8.65065e-05 3.81284e-05 0.00000e+00
48.200000 -9.84154e-05 8.83277e-05 0.00000e+00
48.210000 -1.18285e-04 2.08397e-04 0.00000e+00
48.220000 -1.07528e-04 3.87143e-04 0.00000e+00
48.230000 -1.08887e-04 4.49384e-04 0.00000e+00
48.240000 -1.20699e-04 4.45825e-04 0.00000e+00
48.250000 -1.25061e-04 4.77091e-04 0.00000e+00
48.260000 -1.34343e-04 5.31745e-04 0.00000e+00
48.270000 -1.21912e-04 5.12344e-04 0.00000e+00
48.280000 -8.19043e-05 5.27788e-04 0.00000e+00
48.290000 -7.46564e-05 5.67924e-04 0.00000e+00
48.300000 -5.78297e-05 5.58955e-04 0.00000e+00
48.310000 -5.04880e-05 5.99088e-04 0.00000e+00
48.320000 -4.95980e-05 5.54453e-04 0.00000e+00
48.330000 -6.89061e-05 4.41646e-04 0.00000e+00
48.340000 -6.95786e-05 3.19028e-04 0.00000e+00
48.350000 -5.42880e-05 2.87065e-04 0.00000e+00
48.360000 -4.58404e-05 3.07085e-04 0.00000e+00
48.370000 -3.49821e-05 1.97601e-04 0.00000e+00
48.380000 -2.34195e-05 -3.26526e-05 0.00000e+00
48.390000 -2.58088e-05 -2.54907e-04 0.00000e+00
48.400000 -3.89758e-05 -4.69496e-04 0.00000e+00
48.410000 -2.81551e-05 -7.14557e-04 0.00000e+00
48.420000 -2.41304e-05 -9.29373e-04 0.00000e+00
48.430000 -3.72469e-05 -1.15824e-03 0.00000e+00
48.440000 -6.23571e-05 -1.35697e-03 0.00000e+00
48.450000 -5.07095e-05 -1.33646e-03 0.00000e+00
48.460000 -9.47284e-05 -1.26298e-03 0.00000e+00
48.470000 -1.07929e-04 -1.22549e-03 0.00000e+00
48.480000 -1.29443e-04 -1.10387e-03 0.00000e+00
48.490000 -1.54260e-04 -9.57802e-04 0.00000e+00
48.500000 -1.62259e-04 -8.59178e-04 0.00000e+00
48.510000 -1.71817e-04 -7.69751e-04 0.00000e+00
48.520000 -1.72619e-04 -5.45670e-04 0.00000e+00
48.530000 -2.02819e-04 -2.54680e-04 0.00000e+00
48.540000 -2.24297e-04 4.52325e-05 0.00000e+00
48.550000 -2.32398e-04 3.87280e-04 0.00000e+00
48.560000 -2.29979e-04 7.02089e-04 0.00000e+00
48.570000 -2.19981e-04 8.35385e-04 0.00000e+00
48.580000 -1.91713e-04 9.96000e-04 0.00000e+00
48.590000 -1.75826e-04 1.32049e-03 0.00000e+00
48.600000 -1.54993e-04 1.55655e-03 0.00000e+00
48.610000 -1.19734e-04 1.66130e-03 0.00000e+00
48.620000 -7.84465e-05 1.80452e-03 0.00000e+00
48.630000 -7.05485e-05 1.77685e-03 0.00000e+00
48.640000 -3.20965e-05 1.62714e-03 0.00000e+00
48.650000 -5.63856e-06 1.56430e-03 0.00000e+00
48.660000 1.52411e-05 1.41655e-03 0.00000e+00
48.670000 2.87565e-05 1.24278e-03 0.00000e+00
48.680000 5.11515e-05 1.10042e-03 0.00000e+00
48.690000 6.95889e-05 1.01195e-03 0.00000e+00
48.700000 6.73943e-05 8.04963e-04 0.00000e+00
48.710000 6.71598e-05 4.99222e-04 0.00000e+00
48.720000 5.68677e-05 2.48077e-04 0.00000e+00
48.730000 3.70754e-05 -1.34406e-05 0.00000e+00
48.740000 1.84170e-05 -2.93865e-04 0.00000e+00
48.750000 5.19530e-05 -4.31816e-04 0.00000e+00
48.760000 3.33569e-05 -5.12376e-04 0.00000e+00
48.770000 2.64616e-06 -6.53566e-04 0.00000e+00
48.780000 -1.32029e-05 -7.01908e-04 0.00000e+00
48.790000 -3.12545e-05 -6.49393e-04 0.00000e+00
48.800000 -5.98428e-05 -6.66694e-04 0.00000e+00
48.810000 -3.11992e-05 -7.13741e-04 0.00000e+00
48.820000 -3.87547e-05 -6.06954e-04 0.00000e+00
48.830000 -4.15149e-05 -4.35231e-04 0.00000e+00
48.840000 -3.66226e-05 -2.81490e-04 0.00000e+00
48.850000 -2.58883e-05 -1.30539e-04 0.00000e+00
48.860000 -2.81344e-05 1.25539e-05 0.00000e+00
48.870000 -4.52080e-05 8.01756e-05 0.00000e+00
48.880000 -2.59588e-05 1.01782e-04 0.00000e+00
48.890000 -3.25917e-05 1.09386e-04 0.00000e+00
48.900000 -3.33055e-05 8.41373e-05 0.00000e+00
48.910000 -2.21643e-05 5.03410e-05 0.00000e+00
48.920000 5.28703e-06 1.57896e-04 0.00000e+00
48.930000 -1.73263e-05 3.06911e-04 0.00000e+00
48.940000 -6.28435e-06 2.90272e-04 0.00000e+00
48.950000 -1.79664e-06 2.17296e-04 0.00000e+00
48.960000 -3.85661e-06 1.32308e-04 0.00000e+00
48.970000 -1.22557e-05 -1.56172e-05 0.00000e+00
48.980000 5.38296e-06 3.45035e-05 0.00000e+00
48.990000 2.59312e-05 1.54390e-04 0.00000e+00
49.000000 1.07563e-05 1.48887e-04 0.00000e+00
49.010000 -5.24476e-06 1.95534e-04 0.00000e+00
49.020000 -2.25152e-05 2.89976e-04 0.00000e+00
49.030000 -3.32617e-05 4.35306e-04 0.00000e+00
49.040000 -3.45530e-05 4.61320e-04 0.00000e+00
49.050000 -2.42011e-05 4.82830e-04 0.00000e+00
49.060000 -1.34298e-05 5.49212e-04 0.00000e+00
49.070000 3.15302e-06 5.14979e-04 0.00000e+00
49.080000 1.37319e-05 4.74734e-04 0.00000e+00
49.090000 2.42784e-05 5.97396e-04 0.00000e+00
49.100000 2.41787e-05 6.82552e-04 0.00000e+00
49.110000 2.12454e-05 6.23882e-04 0.00000e+00
49.120000 2.96914e-05 6.31939e-04 0.00000e+00
49.130000 4.60164e-05 6.21903e-04 0.00000e+00
49.140000 6.89425e-05 5.05055e-04 0.00000e+00
49.150000 1.01021e-04 4.48368e-04 0.00000e+00
49.160000 7.70838e-05 5.13113e-04 0.00000e+00
49.170000 9.71406e-05 4.92259e-04 0.00000e+00
49.180000 1.00129e-04 3.53612e-04 0.00000e+00
49.190000 1.07582e-04 1.60844e-04 0.00000e+00
49.200000 1.01502e-04 -4.31942e-05 0.00000e+00
49.210000 7.24824e-05 -2.65664e-04 0.00000e+00
49.220000 8.06203e-05 -5.10192e-04 0.00000e+00
49.230000 6.50379e-05 -6.52668e-04 0.00000e+00
49.240000 5.70119e-05 -6.77987e-04 0.00000e+00
49.250000 6.20770e-05 -7.17281e-04 0.00000e+00
49.260000 7.40399e-05 -7.98342e-04 0.00000e+00
49.270000 3.41744e-05 -8.54817e-04 0.00000e+00
49.280000 2.26069e-05 -9.84127e-04 0.00000e+00
49.290000 2.17523e-05 -1.15301e-03 0.00000e+00
49.300000 1.02433e-06 -1.20034e-03 0.00000e+00
49.310000 -1.01030e-05 -1.15029e-03 0.00000e+00
49.320000 -4.35894e-08 -9.97602e-04 0.00000e+00
49.330000 -2.13386e-05 -9.84207e-04 0.00000e+00
49.340000 -3.86472e-05 -9.85823e-04 0.00000e+00
49.350000 -5.58529e-05 -8.47782e-04 0.00000e+00
49.360000 -6.54390e-05 -7.17771e-04 0.00000e+00
49.370000 -7.30432e-05 -5.75308e-04 0.00000e+00
49.380000 -8.41802e-05 -5.24742e-04 0.00000e+00
49.390000 -7.41395e-05 -4.03511e-04 0.00000e+00
49.400000 -4.79225e-05 -2.14701e-04 0.00000e+00
49.410000 -6.06670e-05 -7.89151e-05 0.00000e+00
49.420000 -7.65600e-05 1.31144e-04 0.00000e+00
49.430000 -8.00410e-05 4.54105e-04 0.00000e+00
49.440000 -7.55669e-05 6.51767e-04 0.00000e+00
49.450000 -9.55347e-05 6.87597e-04 0.00000e+00
49.460000 -6.72213e-05 8.58785e-04 0.00000e+00
49.470000 -4.87574e-05 1.01745e-03 0.00000e+00
49.480000 -3.98926e-05 1.07017e-03 0.00000e+00
49.490000 -3.43185e-05 1.23218e-03 0.00000e+00
49.500000 -3.84804e-05 1.33838e-03 0.00000e+00
49.510000 3.15411e-06 1.31685e-03 0.00000e+00
49.520000 1.02469e-05 1.21337e-03 0.00000e+00
49.530000 3.02830e-05 1.04128e-03 0.00000e+00
49.540000 4.45269e-05 9.17616e-04 0.00000e+00
49.550000 6.31094e-05 8.04930e-04 0.00000e+00
49.560000 9.16344e-05 7.31849e-04 0.00000e+00
49.570000 9.53623e-05 8.35840e-04 0.00000e+00
49.580000 1.08440e-04 8.73641e-04 0.00000e+00
49.590000 1.21259e-04 6.74517e-04 0.00000e+00
49.600000 1.20471e-04 4.90464e-04 0.00000e+00
49.610000 9.96682e-05 3.82066e-04 0.00000e+00
49.620000 1.03563e-04 2.18218e-04 0.00000e+00
49.630000 1.22101e-04 5.85121e-05 0.00000e+00
49.640000 9.20887e-05 1.52924e-06 0.00000e+00
49.650000 9.40524e-05 -9.90530e-05 0.00000e+00
49.660000 8.79828e-05 -2.75994e-04 0.00000e+00
49.670000 5.64307e-05 -4.85015e-04 0.00000e+00
49.680000 5.11842e-05 -5.07203e-04 0.00000e+00
49.690000 3.37522e-05 -4.89620e-04 0.00000e+00
49.700000 5.51106e-05 -5.40591e-04 0.00000e+00
49.710000 7.13743e-05 -5.10328e-04 0.00000e+00
49.720000 7.82812e-05 -5.03562e-04 0.00000e+00
49.730000 8.30826e-05 -4.70104e-04 0.00000e+00
49.740000 8.37474e-05 -4.28768e-04 0.00000e+00
49.750000 3.80287e-05 -3.89954e-04 0.00000e+00
49.760000 3.65372e-05 -3.31078e-04 0.00000e+00
49.770000 4.79422e-05 -3.23752e-04 0.00000e+00
49.780000 4.02471e-05 -4.30837e-04 0.00000e+00
49.790000 2.81203e-05 -5.72017e-04 0.00000e+00
49.800000 1.79106e-05 -5.95963e-04 0.00000e+00
49.810000 1.86387e-05 -6.57213e-04 0.00000e+00
49.820000 1.97898e-08 -8.03784e-04 0.00000e+00
49.830000 5.40294e-06 -9.24484e-04 0.00000e+00
49.840000 1.37130e-05 -1.11687e-03 0.00000e+00
49.850000 2.66188e-05 -1.32939e-03 0.00000e+00
49.860000 -1.25142e-05 -1.46174e-03 0.00000e+00
49.870000 -3.29202e-06 -1.43949e-03 0.00000e+00
49.880000 -2.74015e-05 -1.31902e-03 0.00000e+00
49.890000 -4.70848e-05 -1.20014e-03 0.00000e+00
49.900000 -6.07761e-05 -1.05040e-03 0.00000e+00
49.910000 -7.19480e-05 -8.56384e-04 0.00000e+00
49.920000 -9.68509e-05 -8.39492e-04 0.00000e+00
49.930000 -1.21757e-04 -8.80760e-04 0.00000e+00
49.940000 -1.48319e-04 -7.11443e-04 0.00000e+00
49.950000 -1.62881e-04 -5.59697e-04 0.00000e+00
49.960000 -1.71645e-04 -5.32482e-04 0.00000e+00
49.970000 -1.65958e-04 -5.57585e-04 0.00000e+00
49.980000 -1.81980e-04 -4.74524e-04 0.00000e+00
49.990000 -1.86436e-04 -3.56030e-04 0.00000e+00
50.000000 -1.78043e-04 -2.47945e-04 0.00000e+00
50.010000 -1.62144e-04 -5.72856e-05 0.00000e+00
50.020000 -1.43111e-04 1.61085e-04 0.00000e+00
50.030000 -1.07632e-04 2.95673e-04 0.00000e+00
50.040000 -1.00398e-04 4.24157e-04 0.00000e+00
50.050000 -1.00727e-04 5.79536e-04 0.00000e+00
50.060000 -9.25422e-05 6.42845e-04 0.00000e+00
50.070000 -9.01271e-05 7.16005e-04 0.00000e+00
50.080000 -9.63715e-05 8.49668e-04 0.00000e+00
50.090000 -1.16954e-04 9.09705e-04 0.00000e+00
50.100000 -9.47703e-05 9.05964e-04 0.00000e+00
50.110000 -9.49281e-05 8.40037e-04 0.00000e+00
50.120000 -1.13658e-04 6.80930e-04 0.00000e+00
50.130000 -1.10017e-04 5.48797e-04 0.00000e+00
50.140000 -9.07490e-05 4.86507e-04 0.00000e+00
50.150000 -5.61064e-05 4.70126e-04 0.00000e+00
50.160000 -6.39681e-05 3.97162e-04 0.00000e+00
50.170000 -5.09402e-05 2.90087e-04 0.00000e+00
50.180000 -4.86757e-05 2.56996e-04 0.00000e+00
50.190000 -4.16782e-05 2.84114e-04 0.00000e+00
50.200000 -3.46685e-05 3.85062e-04 0.00000e+00
50.210000 -3.17467e-05 4.32773e-04 0.00000e+00
50.220000 -3.02245e-05 3.41382e-04 0.00000e+00
50.230000 -2.93775e-05 2.99003e-04 0.00000e+00
50.240000 -2.02639e-05 2.74368e-04 0.00000e+00
50.250000 -2.25450e-05 1.55941e-04 0.00000e+00
50.260000 -4.47737e-05 -8.87784e-05 0.00000e+00
50.270000 -3.98589e-05 -2.79745e-04 0.00000e+00
50.280000 -6.52492e-05 -3.90846e-04 0.00000e+00
50.290000 -5.44337e-05 -6.31138e-04 0.00000e+00
50.300000 -4.05103e-05 -8.83491e-04 0.00000e+00
50.310000 -3.00788e-05 -9.86439e-04 0.00000e+00
50.320000 -3.15394e-05 -9.48948e-04 0.00000e+00
50.330000 -5.88166e-05 -9.09374e-04 0.00000e+00
50.340000 -6.10787e-05 -9.40149e-04 0.00000e+00
50.350000 -5.87283e-05 -9.32188e-04 0.00000e+00
50.360000 -7.71095e-05 -8.33268e-04 0.00000e+00
50.370000 -9.42130e-05 -6.67839e-04 0.00000e+00
50.380000 -1.29081e-04 -5.66948e-04 0.00000e+00
50.390000 -1.32846e-04 -4.79813e-04 0.00000e+00
50.400000 -1.37961e-04 -3.92340e-04 0.00000e+00
50.410000 -1.66240e-04 -3.17608e-04 0.00000e+00
50.420000 -1.83639e-04 -1.51020e-04 0.00000e+00
50.430000 -1.88981e-04 -1.38244e-05 0.00000e+00
50.440000 -1.74136e-04 7.71907e-05 0.00000e+00
50.450000 -1.73538e-04 1.24059e-04 0.00000e+00
50.460000 -1.66367e-04 1.81911e-04 0.00000e+00
50.470000 -1.37814e-04 4.02580e-04 0.00000e+00
50.480000 -1.11687e-04 7.17251e-04 0.00000e+00
50.490000 -9.95473e-05 9.81519e-04 0.00000e+00
50.500000 -8.74476e-05 1.04347e-03 0.00000e+00
50.510000 -8.58913e-05 1.06396e-03 0.00000e+00
50.520000 -5.01995e-05 1.20649e-03 0.00000e+00
50.530000 -4.16038e-05 1.31392e-03 0.00000e+00
50.540000 -4.34215e-05 1.35813e-03 0.00000e+00
50.550000 -5.91802e-05 1.29879e-03 0.00000e+00
50.560000 -3.22858e-05 1.19137e-03 0.00000e+00
50.570000 -4.04715e-05 1.08557e-03 0.00000e+00
50.580000 -8.64437e-06 9.17759e-04 0.00000e+00
50.590000 8.57508e-06 7.13785e-04 0.00000e+00
50.600000 5.29158e-06 5.04257e-04 0.00000e+00
50.610000 2.45031e-06 3.29624e-04 0.00000e+00
50.620000 2.20910e-05 1.94121e-04 0.00000e+00
50.630000 3.66231e-05 1.04951e-05 0.00000e+00
50.640000 5.96302e-05 -8.44186e-05 0.00000e+00
50.650000 4.21750e-05 -3.45481e-05 0.00000e+00
50.660000 2.02617e-05 -2.36637e-05 0.00000e+00
50.670000 2.02505e-06 -5.29202e-05 0.00000e+00
50.680000 2.71508e-05 -1.09736e-04 0.00000e+00
50.690000 2.07086e-05 -1.10326e-04 0.00000e+00
50.700000 1.26590e-05 -5.80237e-05 0.00000e+00
50.710000 -3.98224e-06 -1.08323e-04 0.00000e+00
50.720000 -2.00518e-05 -2.67299e-04 0.00000e+00
50.730000 -2.81680e-05 -2.85919e-04 0.00000e+00
50.740000 -2.90890e-05 -2.54719e-04 0.00000e+00
50.750000 -1.81408e-05 -2.02259e-04 0.00000e+00
50.760000 -2.20931e-05 -2.86635e-05 0.00000e+00
50.770000 -2.17382e-05 2.35394e-05 0.00000e+00
50.780000 -1.42832e-05 -3.51892e-05 0.00000e+00
50.790000 -1.14901e-06 1.98724e-05 0.00000e+00
50.800000 -3.50923e-06 1.59273e-04 0.00000e+00
50.810000 2.75654e-05 3.24959e-04 0.00000e+00
50.820000 1.97569e-05 4.41688e-04 0.00000e+00
50.830000 1.08414e-05 3.98026e-04 0.00000e+00
50.840000 9.49072e-06 3.15299e-04 0.00000e+00
50.850000 8.45348e-06 3.55235e-04 0.00000e+00
50.860000 1.12431e-05 3.66669e-04 0.00000e+00
50.870000 1.27294e-05 3.27786e-04 0.00000e+00
50.880000 7.08318e-06 2.97056e-04 0.00000e+00
50.890000 2.51760e-05 1.53882e-04 0.00000e+00
50.900000 4.98941e-05 5.06173e-07 0.00000e+00
50.910000 3.54797e-05 -1.43840e-04 0.00000e+00
50.920000 4.71560e-05 -2.53729e-04 0.00000e+00
50.930000 3.01877e-05 -3.49984e-04 0.00000e+00
50.940000 1.40134e-05 -4.61086e-04 0.00000e+00
50.950000 2.02316e-05 -5.48049e-04 0.00000e+00
50.960000 3.81376e-05 -5.69653e-04 0.00000e+00
50.970000 1.84855e-05 -6.26952e-04 0.00000e+00
50.980000 1.83970e-05 -6.21222e-04 0.00000e+00
50.990000 -5.75936e-06 -5.75738e-04 0.00000e+00
51.000000 -1.60309e-05 -6.49804e-04 0.00000e+00
51.010000 -2.06816e-05 -7.18464e-04 0.00000e+00
51.020000 -2.70305e-05 -7.12936e-04 0.00000e+00
51.030000 -5.08664e-05 -6.47862e-04 0.00000e+00
51.040000 -3.18251e-05 -5.47663e-04 0.00000e+00
51.050000 -6.56060e-05 -4.45464e-04 0.00000e+00
51.060000 -7.17547e-05 -2.76966e-04 0.00000e+00
51.070000 -7.41930e-05 1.98014e-05 0.00000e+00
51.080000 -7.48646e-05 1.91630e-04 0.00000e+00
51.090000 -6.91433e-05 3.02112e-04 0.00000e+00
51.100000 -6.27024e-05 4.49122e-04 0.00000e+00
51.110000 -5.94167e-05 5.00557e-04 0.00000e+00
51.120000 -5.19763e-05 6.00646e-04 0.00000e+00
51.130000 -4.28844e-05 8.37764e-04 0.00000e+00
51.140000 -4.45140e-05 1.01412e-03 0.00000e+00
51.150000 -1.85691e-05 1.07733e-03 0.00000e+00
51.160000 -1.75856e-05 1.12109e-03 0.00000e+00
51.170000 -7.62274e-07 1.12742e-03 0.00000e+00
51.180000 2.63407e-05 1.11385e-03 0.00000e+00
51.190000 5.79563e-05 1.06443e-03 0.00000e+00
51.200000 7.03654e-05 9.18567e-04 0.00000e+00
51.210000 8.70736e-05 8.88891e-04 0.00000e+00
51.220000 9.15119e-05 8.15872e-04 0.00000e+00
51.230000 1.01407e-04 6.01598e-04 0.00000e+00
51.240000 9.22756e-05 4.66349e-04 0.00000e+00
51.250000 7.47082e-05 3.08174e-04 0.00000e+00
51.260000 9.33097e-05 1.21659e-04 0.00000e+00
51.270000 9.36715e-05 2.43644e-05 0.00000e+00
51.280000 9.25647e-05 -1.03630e-04 0.00000e+00
51.290000 1.03352e-04 -2.81772e-04 0.00000e+00
51.300000 9.62149e-05 -3.73244e-04 0.00000e+00
51.310000 7.32179e-05 -4.86070e-04 0.00000e+00
51.320000 6.03279e-05 -5.53054e-04 0.00000e+00
51.330000 6.04935e-05 -6.34078e-04 0.00000e+00
51.340000 3.97481e-05 -7.25362e-04 0.00000e+00
51.350000 3.00416e-05 -6.92392e-04 0.00000e+00
51.360000 2.27600e-05 -5.71275e-04 0.00000e+00
51.370000 2.53565e-05 -4.38528e-04 0.00000e+00
51.380000 3.75506e-05 -3.54850e-04 0.00000e+00
51.390000 3.49336e-06 -2.98023e-04 0.00000e+00
51.400000 1.46536e-05 -2.49292e-04 0.00000e+00
51.410000 8.61352e-06 -2.28717e-04 0.00000e+00
51.420000 4.28500e-06 -2.57873e-04 0.00000e+00
51.430000 8.61612e-06 -2.10078e-04 0.00000e+00
51.440000 2.63463e-05 -8.42806e-05 0.00000e+00
51.450000 -2.39854e-06 -4.78609e-05 0.00000e+00
51.460000 2.60836e-05 1.45957e-05 0.00000e+00
51.470000 2.61037e-05 1.35038e-04 0.00000e+00
51.480000 2.54545e-05 1.63417e-04 0.00000e+00
51.490000 2.74182e-05 1.51938e-04 0.00000e+00
51.500000 2.47252e-05 1.89161e-04 0.00000e+00
51.510000 4.33782e-05 1.89027e-04 0.00000e+00
51.520000 4.63169e-05 1.42592e-04 0.00000e+00
51.530000 4.37135e-05 1.05766e-04 0.00000e+00
51.540000 3.22336e-05 9.33272e-05 0.00000e+00
51.550000 1.87426e-05 1.63860e-04 0.00000e+00
51.560000 2.16716e-05 1.50506e-04 0.00000e+00
51.570000 2.04227e-05 1.44578e-04 0.00000e+00
51.580000 2.87998e-05 1.69709e-04 0.00000e+00
51.590000 3.45108e-05 1.15955e-04 0.00000e+00
51.600000 4.05482e-05 1.19411e-04 0.00000e+00
51.610000 3.84489e-05 2.83653e-04 0.00000e+00
51.620000 2.96029e-05 4.24366e-04 0.00000e+00
51.630000 5.43999e-05 5.40261e-04 0.00000e+00
51.640000 5.23619e-05 6.78843e-04 0.00000e+00
51.650000 5.02820e-05 7.01427e-04 0.00000e+00
51.660000 5.46190e-05 7.20683e-04 0.00000e+00
51.670000 5.83685e-05 7.27314e-04 0.00000e+00
51.680000 5.84413e-05 8.60668e-04 0.00000e+00
51.690000 6.90152e-05 1.00058e-03 0.00000e+00
51.700000 7.71190e-05 9.62183e-04 0.00000e+00
51.710000 9.50857e-05 8.56562e-04 0.00000e+00
51.720000 1.07161e-04 7.05854e-04 0.00000e+00
51.730000 1.11773e-04 5.39268e-04 0.00000e+00
51.740000 1.27787e-04 3.84542e-04 0.00000e+00
51.750000 1.22847e-04 2.40264e-04 0.00000e+00
51.760000 1.51083e-04 4.32843e-05 0.00000e+00
51.770000 1.72756e-04 -2.03987e-04 0.00000e+00
51.780000 1.91147e-04 -4.60582e-04 0.00000e+00
51.790000 1.62066e-04 -7.34877e-04 0.00000e+00
51.800000 1.46855e-04 -9.01173e-04 0.00000e+00
51.810000 1.21752e-04 -1.06636e-03 0.00000e+00
51.820000 1.14511e-04 -1.30268e-03 0.00000e+00
51.830000 1.08453e-04 -1.47656e-03 0.00000e+00
51.840000 9.77331e-05 -1.63804e-03 0.00000e+00
51.850000 8.77373e-05 -1.81367e-03 0.00000e+00
51.860000 2.12277e-05 -1.96607e-03 0.00000e+00
51.870000 -5.64870e-06 -2.07595e-03 0.00000e+00
51.880000 -2.66414e-05 -2.13052e-03 0.00000e+00
51.890000 -4.98784e-05 -2.13838e-03 0.00000e+00
51.900000 -7.74792e-05 -2.13046e-03 0.00000e+00
51.910000 -9.47127e-05 -2.09991e-03 0.00000e+00
51.920000 -1.26747e-04 -2.06940e-03 0.00000e+00
51.930000 -1.53145e-04 -1.88137e-03 0.00000e+00
51.940000 -1.58247e-04 -1.52167e-03 0.00000e+00
51.950000 -1.59298e-04 -1.13281e-03 0.00000e+00
51.960000 -1.60478e-04 -8.55278e-04 0.00000e+00
51.970000 -1.63676e-04 -7.39311e-04 0.00000e+00
51.980000 -1.84971e-04 -5.67046e-04 0.00000e+00
51.990000 -1.74340e-04 -2.54866e-04 0.00000e+00
52.000000 -1.80201e-04 1.25039e-04 0.00000e+00
52.010000 -1.85901e-04 4.97779e-04 0.00000e+00
52.020000 -1.84851e-04 8.59851e-04 0.00000e+00
52.030000 -1.78294e-04 1.01562e-03 0.00000e+00
52.040000 -1.67816e-04 1.02274e-03 0.00000e+00
52.050000 -1.55361e-04 1.15162e-03 0.00000e+00
52.060000 -1.42207e-04 1.28796e-03 0.00000e+00
52.070000 -1.23641e-04 1.35235e-03 0.00000e+00
52.080000 -1.07450e-04 1.42550e-03 0.00000e+00
52.090000 -7.02744e-05 1.53071e-03 0.00000e+00
52.100000 -3.43543e-05 1.57457e-03 0.00000e+00
52.110000 -3.12731e-05 1.59512e-03 0.00000e+00
52.120000 -2.54717e-05 1.66963e-03 0.00000e+00
52.130000 -2.45381e-05 1.75775e-03 0.00000e+00
52.140000 -2.89479e-06 1.79685e-03 0.00000e+00
52.150000 5.16279e-05 1.70574e-03 0.00000e+00
52.160000 6.36836e-05 1.68365e-03 0.00000e+00
52.170000 6.49305e-05 1.70265e-03 0.00000e+00
52.180000 6.15278e-05 1.56989e-03 0.00000e+00
52.190000 5.87141e-05 1.37661e-03 0.00000e+00
52.200000 4.98308e-05 1.17344e-03 0.00000e+00
52.210000 7.47698e-05 9.19597e-04 0.00000e+00
52.220000 1.03284e-04 6.51487e-04 0.00000e+00
52.230000 1.06820e-04 4.22845e-04 0.00000e+00
52.240000 1.26316e-04 1.87063e-04 0.00000e+00
52.250000 1.46987e-04 -5.46706e-05 0.00000e+00
52.260000 1.58623e-04 -2.13313e-04 0.00000e+00
52.270000 1.42897e-04 -3.43527e-04 0.00000e+00
52.280000 1.47839e-04 -5.39289e-04 0.00000e+00
52.290000 1.46804e-04 -7.36551e-04 0.00000e+00
52.300000 1.35751e-04 -9.47283e-04 0.00000e+00
52.310000 1.15184e-04 -1.15555e-03 0.00000e+00
52.320000 1.05697e-04 -1.13953e-03 0.00000e+00
52.330000 1.06868e-04 -1.04284e-03 0.00000e+00
52.340000 5.70523e-05 -1.12874e-03 0.00000e+00
52.350000 2.70358e-05 -1.26951e-03 0.00000e+00
52.360000 4.17034e-06 -1.35249e-03 0.00000e+00
52.370000 -1.28646e-05 -1.40319e-03 0.00000e+00
52.380000 -3.57004e-05 -1.38242e-03 0.00000e+00
52.390000 -2.94936e-05 -1.14948e-03 0.00000e+00
52.400000 -4.19617e-05 -8.81508e-04 0.00000e+00
52.410000 -5.27311e-05 -6.39427e-04 0.00000e+00
52.420000 -5.62667e-05 -3.64974e-04 0.00000e+00
52.430000 -5.69791e-05 -1.21735e-04 0.00000e+00
52.440000 -7.26921e-05 4.73419e-05 0.00000e+00
52.450000 -5.11411e-05 2.27808e-04 0.00000e+00
52.460000 -5.03557e-05 4.75616e-04 0.00000e+00
52.470000 -4.70871e-05 6.66698e-04 0.00000e+00
52.480000 -3.68348e-05 7.60994e-04 0.00000e+00
52.490000 -6.44863e-06 8.23291e-04 0.00000e+00
52.500000 -2.46114e-05 9.43883e-04 0.00000e+00
52.510000 -1.97138e-05 8.90268e-04 0.00000e+00
52.520000 1.04010e-05 6.34754e-04 0.00000e+00
52.530000 4.29567e-05 4.10075e-04 0.00000e+00
52.540000 5.79208e-05 2.39326e-04 0.00000e+00
52.550000 7.98164e-05 8.47636e-05 0.00000e+00
52.560000 1.00959e-04 5.99940e-05 0.00000e+00
52.570000 7.66809e-05 6.37051e-05 0.00000e+00
52.580000 6.71134e-05 -7.82975e-05 0.00000e+00
52.590000 4.54571e-05 -2.27534e-04 0.00000e+00
52.600000 4.08043e-05 -3.43955e-04 0.00000e+00
52.610000 3.36621e-05 -5.23666e-04 0.00000e+00
52.620000 3.17420e-05 -5.99068e-04 0.00000e+00
52.630000 9.65355e-06 -5.85422e-04 0.00000e+00
52.640000 -1.58524e-05 -6.76819e-04 0.00000e+00
52.650000 -3.74108e-05 -7.49982e-04 0.00000e+00
52.660000 -4.99439e-05 -6.95947e-04 0.00000e+00
52.670000 -6.75224e-05 -7.16710e-04 0.00000e+00
52.680000 -9.61015e-05 -8.52923e-04 0.00000e+00
52.690000 -8.43059e-05 -7.79676e-04 0.00000e+00
52.700000 -6.06311e-05 -5.21772e-04 0.00000e+00
52.710000 -3.99573e-05 -2.90494e-04 0.00000e+00
52.720000 -2.84306e-05 -8.92066e-05 0.00000e+00
52.730000 -1.78725e-05 1.60001e-04 0.00000e+00
52.740000 -5.13725e-05 2.53624e-04 0.00000e+00
52.750000 -5.54170e-05 2.18001e-04 0.00000e+00
52.760000 -4.67449e-05 2.13494e-04 0.00000e+00
52.770000 -4.10194e-05 2.64372e-04 0.00000e+00
52.780000 -3.70357e-05 3.91950e-04 0.00000e+00
52.790000 -1.22291e-05 5.00241e-04 0.00000e+00
52.800000 -3.23116e-05 4.52369e-04 0.00000e+00
52.810000 -3.15879e-05 3.24082e-04 0.00000e+00
52.820000 -1.90584e-05 2.45960e-04 0.00000e+00
52.830000 -1.07187e-05 1.73601e-04 0.00000e+00
52.840000 -2.03449e-05 8.85171e-05 0.00000e+00
52.850000 3.33306e-06 -5.96969e-05 0.00000e+00
52.860000 3.05078e-05 -1.71826e-04 0.00000e+00
52.870000 1.64208e-05 -8.48411e-05 0.00000e+00
52.880000 -4.34023e-06 1.12592e-04 0.00000e+00
52.890000 -1.42292e-05 2.63382e-04 0.00000e+00
52.900000 -2.51474e-05 3.98283e-04 0.00000e+00
52.910000 -4.39924e-05 4.78576e-04 0.00000e+00
52.920000 -2.33042e-05 4.82020e-04 0.00000e+00
52.930000 -9.08749e-06 5.16104e-04 0.00000e+00
52.940000 1.98921e-06 5.73106e-04 0.00000e+00
52.950000 -6.83439e-06 6.26470e-04 0.00000e+00
52.960000 -2.40667e-05 7.69167e-04 0.00000e+00
52.970000 -2.93947e-05 8.83524e-04 0.00000e+00
52.980000 9.50611e-06 8.87380e-04 0.00000e+00
52.990000 2.04968e-05 8.94948e-04 0.00000e+00
53.000000 3.31105e-05 8.98311e-04 0.00000e+00
53.010000 4.84644e-05 8.30920e-04 0.00000e+00
53.020000 6.80140e-05 7.71812e-04 0.00000e+00
53.030000 9.32252e-05 7.90719e-04 0.00000e+00
53.040000 1.25798e-04 6.64132e-04 0.00000e+00
53.050000 1.19168e-04 3.74735e-04 0.00000e+00
53.060000 1.16936e-04 1.15211e-04 0.00000e+00
53.070000 1.24684e-04 -1.07228e-04 0.00000e+00
53.080000 1.24186e-04 -3.64334e-04 0.00000e+00
53.090000 1.05582e-04 -5.14156e-04 0.00000e+00
53.100000 1.07510e-04 -5.69013e-04 0.00000e+00
53.110000 1.04494e-04 -6.87889e-04 0.00000e+00
53.120000 1.02286e-04 -8.59401e-04 0.00000e+00
53.130000 9.24534e-05 -1.09624e-03 0.00000e+00
53.140000 6.15086e-05 -1.37025e-03 0.00000e+00
53.150000 2.71028e-05 -1.51331e-03 0.00000e+00
53.160000 1.10216e-06 -1.55645e-03 0.00000e+00
53.170000 -2.00681e-05 -1.63089e-03 0.00000e+00
53.180000 -4.55005e-05 -1.68060e-03 0.00000e+00
53.190000 -6.58435e-05 -1.70702e-03 0.00000e+00
53.200000 -8.94009e-05 -1.63010e-03 0.00000e+00
53.210000 -1.10116e-04 -1.36765e-03 0.00000e+00
53.220000 -9.88491e-05 -1.15968e-03 0.00000e+00
53.230000 -8.94859e-05 -1.03573e-03 0.00000e+00
53.240000 -8.96642e-05 -7.85200e-04 0.00000e+00
53.250000 -9.12797e-05 -4.79377e-04 0.00000e+00
53.260000 -8.94864e-05 -2.78835e-04 0.00000e+00
53.270000 -1.14600e-04 -4.27405e-05 0.00000e+00
53.280000 -1.24556e-04 2.80875e-04 0.00000e+00
53.290000 -1.24062e-04 5.83718e-04 0.00000e+00
53.300000 -1.26472e-04 8.76188e-04 0.00000e+00
53.310000 -1.23658e-04 1.08082e-03 0.00000e+00
53.320000 -1.05703e-04 1.18393e-03 0.00000e+00
53.330000 -9.60732e-05 1.21788e-03 0.00000e+00
53.340000 -8.65881e-05 1.20762e-03 0.00000e+00
53.350000 -6.81728e-05 1.12864e-03 0.00000e+00
53.360000 -4.52045e-05 9.93563e-04 0.00000e+00
53.370000 -3.44755e-06 8.41146e-04 0.00000e+00
53.380000 1.30365e-05 7.17349e-04 0.00000e+00
53.390000 9.03774e-06 7.08477e-04 0.00000e+00
53.400000 3.95422e-05 7.41091e-04 0.00000e+00
53.410000 5.56372e-05 6.93389e-04 0.00000e+00
53.420000 5.21657e-05 6.03246e-04 0.00000e+00
53.430000 4.92805e-05 5.18414e-04 0.00000e+00
53.440000 7.06189e-05 3.46919e-04 0.00000e+00
53.450000 5.36455e-05 9.57405e-05 0.00000e+00
53.460000 4.61153e-05 -1.46774e-04 0.00000e+00
53.470000 2.84875e-05 -4.09792e-04 0.00000e+00
53.480000 9.91226e-06 -6.80363e-04 0.00000e+00
53.490000 -1.16076e-05 -8.91529e-04 0.00000e+00
53.500000 -3.19831e-05 -9.89216e-04 0.00000e+00
53.510000 -4.26413e-05 -1.08418e-03 0.00000e+00
53.520000 -4.98957e-05 -1.22819e-03 0.00000e+00
53.530000 -4.28984e-05 -1.30338e-03 0.00000e+00
53.540000 -3.37972e-05 -1.22791e-03 0.00000e+00
53.550000 -2.54395e-05 -1.15975e-03 0.00000e+00
53.560000 -4.28590e-05 -1.19472e-03 0.00000e+00
53.570000 -7.03079e-05 -1.13458e-03 0.00000e+00
53.580000 -8.98823e-05 -9.83580e-04 0.00000e+00
53.590000 -9.85133e-05 -8.70596e-04 0.00000e+00
53.600000 -1.15934e-04 -7.42564e-04 0.00000e+00
53.610000 -1.33400e-04 -4.78423e-04 0.00000e+00
53.620000 -1.45551e-04 -2.78505e-04 0.00000e+00
53.630000 -1.51792e-04 -1.62973e-04 0.00000e+00
53.640000 -1.51140e-04 -4.54564e-05 0.00000e+00
53.650000 -1.40231e-04 5.20565e-05 0.00000e+00
53.660000 -1.28443e-04 1.79074e-04 0.00000e+00
53.670000 -1.14467e-04 2.34374e-04 0.00000e+00
53.680000 -1.39156e-04 2.27129e-04 0.00000e+00
53.690000 -1.31349e-04 2.81261e-04 0.00000e+00
53.700000 -1.15476e-04 4.28173e-04 0.00000e+00
53.710000 -1.08013e-04 6.06220e-04 0.00000e+00
53.720000 -1.18817e-04 7.68335e-04 0.00000e+00
53.730000 -9.23258e-05 7.91120e-04 0.00000e+00
53.740000 -7.97174e-05 6.85975e-04 0.00000e+00
53.750000 -6.51071e-05 6.15870e-04 0.00000e+00
53.760000 -5.32982e-05 5.98004e-04 0.00000e+00
53.770000 -3.51685e-05 5.22300e-04 0.00000e+00
53.780000 -3.89261e-05 3.73264e-04 0.00000e+00
53.790000 -5.52246e-05 2.60188e-04 0.00000e+00
53.800000 -3.95632e-05 1.62086e-04 0.00000e+00
53.810000 -4.33811e-05 5.14118e-05 0.00000e+00
53.820000 -3.03973e-05 -7.87490e-06 0.00000e+00
53.830000 -4.06176e-05 5.69715e-08 0.00000e+00
53.840000 -5.77470e-05 5.35743e-05 0.00000e+00
53.850000 -5.21899e-05 -2.87486e-05 0.00000e+00
53.860000 -3.75738e-05 -1.37457e-04 0.00000e+00
53.870000 -5.09780e-05 -9.17149e-05 0.00000e+00
53.880000 -6.85278e-05 -5.34735e-05 0.00000e+00
53.890000 -8.67939e-05 -1.11638e-04 0.00000e+00
53.900000 -9.89819e-05 -1.44195e-04 0.00000e+00
53.910000 -7.92892e-05 -1.23109e-04 0.00000e+00
53.920000 -6.85558e-05 -8.27903e-05 0.00000e+00
53.930000 -7.47692e-05 -4.85567e-06 0.00000e+00
53.940000 -8.15751e-05 1.06182e-04 0.00000e+00
53.950000 -6.79827e-05 2.04632e-04 0.00000e+00
53.960000 -5.45982e-05 1.62936e-04 0.00000e+00
53.970000 -5.84143e-05 1.97884e-04 0.00000e+00
53.980000 -4.79517e-05 2.99636e-04 0.00000e+00
53.990000 -3.54476e-05 4.04553e-04 0.00000e+00
54.000000 -2.82769e-05 5.07533e-04 0.00000e+00
54.010000 -3.11756e-05 4.82351e-04 0.00000e+00
54.020000 -3.95413e-05 5.26207e-04 0.00000e+00
54.030000 -1.61649e-05 6.91800e-04 0.00000e+00
54.040000 -2.08324e-05 7.18609e-04 0.00000e+00
54.050000 -3.06054e-05 5.82603e-04 0.00000e+00
54.060000 -3.23216e-05 4.21988e-04 0.00000e+00
54.070000 -2.47099e-05 2.60194e-04 0.00000e+00
54.080000 -1.72772e-05 2.53885e-04 0.00000e+00
54.090000 -4.55540e-07 3.45365e-04 0.00000e+00
54.100000 -1.14434e-06 3.06389e-04 0.00000e+00
54.110000 5.97185e-06 1.63424e-04 0.00000e+00
54.120000 6.59654e-07 9.16778e-05 0.00000e+00
54.130000 2.56217e-06 1.00100e-04 0.00000e+00
54.140000 2.91997e-05 -2.27550e-05 0.00000e+00
54.150000 1.60294e-05 -1.99844e-04 0.00000e+00
54.160000 2.48381e-05 -2.65387e-04 0.00000e+00
54.170000 6.52940e-06 -3.05790e-04 0.00000e+00
54.180000 5.75749e-06 -4.04666e-04 0.00000e+00
54.190000 9.52240e-06 -5.76129e-04 0.00000e+00
54.200000 -1.77189e-05 -6.78369e-04 0.00000e+00
54.210000 -5.09180e-05 -8.15202e-04 0.00000e+00
54.220000 -4.22659e-05 -1.03653e-03 0.00000e+00
54.230000 -3.80858e-05 -1.19240e-03 0.00000e+00
54.240000 -2.93761e-05 -1.29606e-03 0.00000e+00
54.250000 -2.66842e-05 -1.33223e-03 0.00000e+00
54.260000 -6.01028e-05 -1.33909e-03 0.00000e+00
54.270000 -8.90870e-05 -1.34059e-03 0.00000e+00
54.280000 -9.71791e-05 -1.28323e-03 0.00000e+00
54.290000 -1.03383e-04 -1.18903e-03 0.00000e+00
54.300000 -1.31748e-04 -1.08014e-03 0.00000e+00
54.310000 -1.61915e-04 -8.50871e-04 0.00000e+00
54.320000 -1.49842e-04 -6.25943e-04 0.00000e+00
54.330000 -1.53698e-04 -4.33160e-04 0.00000e+00
54.340000 -1.71423e-04 -2.29920e-04 0.00000e+00
54.350000 -1.88189e-04 2.41510e-06 0.00000e+00
54.360000 -1.94177e-04 3.66431e-04 0.00000e+00
54.370000 -1.92472e-04 6.41562e-04 0.00000e+00
54.380000 -1.99999e-04 8.08463e-04 0.00000e+00
54.390000 -1.65280e-04 1.08978e-03 0.00000e+00
54.400000 -1.49918e-04 1.44048e-03 0.00000e+00
54.410000 -1.29788e-04 1.79287e-03 0.00000e+00
54.420000 -1.07380e-04 2.14351e-03 0.00000e+00
54.430000 -9.20265e-05 2.32818e-03 0.00000e+00
54.440000 -5.26929e-05 2.33518e-03 0.00000e+00
54.450000 -2.24692e-05 2.34584e-03 0.00000e+00
54.460000 1.97566e-06 2.36240e-03 0.00000e+00
54.470000 2.68948e-05 2.24347e-03 0.00000e+00
54.480000 5.30110e-05 1.97668e-03 0.00000e+00
54.490000 6.98449e-05 1.76953e-03 0.00000e+00
54.500000 1.00205e-04 1.56335e-03 0.00000e+00
54.510000 1.28387e-04 1.19735e-03 0.00000e+00
54.520000 1.60665e-04 7.71523e-04 0.00000e+00
54.530000 1.72402e-04 3.87399e-04 0.00000e+00
54.540000 1.65206e-04 6.98700e-05 0.00000e+00
54.550000 1.86054e-04 -2.57947e-04 0.00000e+00
54.560000 1.77976e-04 -5.11107e-04 0.00000e+00
54.570000 1.60882e-04 -7.58041e-04 0.00000e+00
54.580000 1.40477e-04 -1.05908e-03 0.00000e+00
54.590000 1.07142e-04 -1.27118e-03 0.00000e+00
54.600000 6.61885e-05 -1.45173e-03 0.00000e+00
54.610000 4.11332e-05 -1.55606e-03 0.00000e+00
54.620000 1.81331e-05 -1.63075e-03 0.00000e+00
54.630000 -1.57356e-05 -1.75385e-03 0.00000e+00
54.640000 -4.62974e-05 -1.81549e-03 0.00000e+00
54.650000 -6.27629e-05 -1.80365e-03 0.00000e+00
54.660000 -7.48870e-05 -1.76632e-03 0.00000e+00
54.670000 -1.01521e-04 -1.69107e-03 0.00000e+00
54.680000 -1.00540e-04 -1.55511e-03 0.00000e+00
54.690000 -8.83106e-05 -1.32099e-03 0.00000e+00
54.700000 -7.75976e-05 -1.00496e-03 0.00000e+00
54.710000 -7.97385e-05 -7.13437e-04 0.00000e+00
54.720000 -8.93288e-05 -3.73304e-04 0.00000e+00
54.730000 -9.73943e-05 -8.82526e-05 0.00000e+00
54.740000 -1.14991e-04 6.07532e-05 0.00000e+00
54.750000 -9.83299e-05 2.28334e-04 0.00000e+00
54.760000 -9.17947e-05 4.12091e-04 0.00000e+00
54.770000 -9.59932e-05 5.58259e-04 0.00000e+00
54.780000 -9.89025e-05 6.88597e-04 0.00000e+00
54.790000 -1.11611e-04 7.95435e-04 0.00000e+00
54.800000 -9.65289e-05 8.47171e-04 0.00000e+00
54.810000 -7.65718e-05 8.60050e-04 0.00000e+00
54.820000 -6.90996e-05 8.24686e-04 0.00000e+00
54.830000 -5.78046e-05 7.49014e-04 0.00000e+00
54.840000 -4.77963e-05 6.19257e-04 0.00000e+00
54.850000 -2.56946e-05 6.01037e-04 0.00000e+00
54.860000 -2.43559e-06 7.59836e-04 0.00000e+00
54.870000 8.55563e-06 9.29151e-04 0.00000e+00
54.880000 2.46868e-06 9.89499e-04 0.00000e+00
54.890000 -3.55909e-06 8.84481e-04 0.00000e+00
54.900000 -1.98410e-05 7.19432e-04 0.00000e+00
54.910000 6.90558e-06 5.62166e-04 0.00000e+00
54.920000 2.83545e-05 5.27913e-04 0.00000e+00
54.930000 4.20451e-05 5.34965e-04 0.00000e+00
54.940000 3.67341e-05 4.14053e-04 0.00000e+00
54.950000 3.15115e-05 2.60067e-04 0.00000e+00
54.960000 1.96440e-05 5.74248e-05 0.00000e+00
54.970000 2.45260e-05 -1.56325e-04 0.00000e+00
54.980000 1.26998e-05 -2.99203e-04 0.00000e+00
54.990000 6.67061e-06 -4.36347e-04 0.00000e+00
55.000000 1.52323e-05 -5.91564e-04 0.00000e+00
55.010000 3.82734e-05 -7.74427e-04 0.00000e+00
55.020000 5.98592e-05 -9.46769e-04 0.00000e+00
55.030000 3.69094e-05 -9.92297e-04 0.00000e+00
55.040000 1.08877e-07 -9.66748e-04 0.00000e+00
55.050000 -3.52596e-05 -1.06267e-03 0.00000e+00
55.060000 -5.11892e-05 -1.22698e-03 0.00000e+00
55.070000 -3.98650e-05 -1.36632e-03 0.00000e+00
55.080000 -3.81835e-05 -1.39931e-03 0.00000e+00
55.090000 -4.53185e-05 -1.29140e-03 0.00000e+00
55.100000 -8.98442e-05 -1.16845e-03 0.00000e+00
55.110000 -1.06050e-04 -1.07278e-03 0.00000e+00
55.120000 -1.21633e-04 -9.98136e-04 0.00000e+00
55.130000 -1.41573e-04 -9.43930e-04 0.00000e+00
55.140000 -1.55068e-04 -8.52557e-04 0.00000e+00
55.150000 -1.59687e-04 -7.90280e-04 0.00000e+00
55.160000 -1.71129e-04 -8.01609e-04 0.00000e+00
55.170000 -1.79697e-04 -7.10122e-04 0.00000e+00
55.180000 -1.86576e-04 -4.83009e-04 0.00000e+00
55.190000 -1.71215e-04 -1.76874e-04 0.00000e+00
55.200000 -1.54734e-04 8.04063e-05 0.00000e+00
55.210000 -1.64180e-04 2.00704e-04 0.00000e+00
55.220000 -1.77971e-04 2.43620e-04 0.00000e+00
55.230000 -1.50697e-04 2.98808e-04 0.00000e+00
55.240000 -1.37724e-04 4.78568e-04 0.00000e+00
55.250000 -1.22730e-04 7.33318e-04 0.00000e+00
55.260000 -1.17140e-04 9.55424e-04 0.00000e+00
55.270000 -1.13342e-04 1.04642e-03 0.00000e+00
55.280000 -1.09139e-04 1.12785e-03 0.00000e+00
55.290000 -1.06401e-04 1.32313e-03 0.00000e+00
55.300000 -1.05387e-04 1.43052e-03 0.00000e+00
55.310000 -9.72918e-05 1.40812e-03 0.00000e+00
55.320000 -1.00716e-04 1.39302e-03 0.00000e+00
55.330000 -7.30475e-05 1.40228e-03 0.00000e+00
55.340000 -4.15530e-05 1.39102e-03 0.00000e+00
55.350000 -2.59880e-05 1.33987e-03 0.00000e+00
55.360000 -1.08391e-05 1.31166e-03 0.00000e+00
55.370000 1.79335e-06 1.34940e-03 0.00000e+00
55.380000 8.09748e-06 1.27299e-03 0.00000e+00
55.390000 2.43755e-05 1.05741e-03 0.00000e+00
55.400000 4.36658e-05 9.48924e-04 0.00000e+00
55.410000 6.70251e-05 8.58653e-04 0.00000e+00
55.420000 7.46672e-05 6.72620e-04 0.00000e+00
55.430000 8.53516e-05 4.70302e-04 0.00000e+00
55.440000 9.19062e-05 2.36407e-04 0.00000e+00
55.450000 1.10780e-04 8.72701e-06 0.00000e+00
55.460000 9.53293e-05 -2.21946e-04 0.00000e+00
55.470000 6.46971e-05 -5.07487e-04 0.00000e+00
55.480000 5.85455e-05 -8.11587e-04 0.00000e+00
55.490000 6.94407e-05 -1.09452e-03 0.00000e+00
55.500000 6.21996e-05 -1.30393e-03 0.00000e+00
55.510000 4.94357e-05 -1.37006e-03 0.00000e+00
55.520000 2.76709e-05 -1.36861e-03 0.00000e+00
55.530000 1.63327e-05 -1.31360e-03 0.00000e+00
55.540000 -9.81614e-06 -1.22459e-03 0.00000e+00
55.550000 -4.21496e-05 -1.18772e-03 0.00000e+00
55.560000 -5.37520e-05 -1.16135e-03 0.00000e+00
55.570000 -6.77510e-05 -1.09869e-03 0.00000e+00
55.580000 -1.08617e-04 -9.85406e-04 0.00000e+00
55.590000 -1.13409e-04 -8.67211e-04 0.00000e+00
55.600000 -1.22003e-04 -7.48956e-04 0.00000e+00
55.610000 -1.23481e-04 -5.21795e-04 0.00000e+00
55.620000 -1.26353e-04 -1.84934e-04 0.00000e+00
55.630000 -1.30995e-04 9.67434e-05 0.00000e+00
55.640000 -1.32841e-04 1.85482e-04 0.00000e+00
55.650000 -1.11057e-04 1.98699e-04 0.00000e+00
55.660000 -8.72983e-05 3.37992e-04 0.00000e+00
55.670000 -6.48137e-05 5.57189e-04 0.00000e+00
55.680000 -3.86556e-05 7.82589e-04 0.00000e+00
55.690000 -2.41679e-05 9.16059e-04 0.00000e+00
55.700000 -1.84909e-05 9.96171e-04 0.00000e+00
55.710000 -3.28532e-05 1.11712e-03 0.00000e+00
55.720000 -4.18542e-05 1.13439e-03 0.00000e+00
55.730000 -3.71468e-05 1.09587e-03 0.00000e+00
55.740000 -2.90987e-05 1.03434e-03 0.00000e+00
55.750000 -1.30941e-05 8.33835e-04 0.00000e+00
55.760000 -1.08601e-06 5.78154e-04 0.00000e+00
55.770000 2.25441e-05 3.67372e-04 0.00000e+00
55.780000 4.20087e-05 1.74653e-04 0.00000e+00
55.790000 2.75920e-05 -2.09608e-05 0.00000e+00
55.800000 8.19421e-06 -2.17407e-04 0.00000e+00
55.810000 -5.36382e-06 -3.94547e-04 0.00000e+00
55.820000 7.49208e-06 -4.47326e-04 0.00000e+00
55.830000 3.45495e-05 -3.58313e-04 0.00000e+00
55.840000 3.72434e-05 -2.61290e-04 0.00000e+00
55.850000 3.22330e-05 -1.76338e-04 0.00000e+00
55.860000 1.69957e-06 -1.19763e-04 0.00000e+00
55.870000 1.00162e-05 -1.36167e-04 0.00000e+00
55.880000 -7.39706e-06 -2.19785e-04 0.00000e+00
55.890000 -4.01560e-05 -3.04976e-04 0.00000e+00
55.900000 -5.76086e-05 -3.88322e-04 0.00000e+00
55.910000 -7.60552e-05 -5.17875e-04 0.00000e+00
55.920000 -8.24254e-05 -6.38559e-04 0.00000e+00
55.930000 -8.08560e-05 -6.85040e-04 0.00000e+00
55.940000 -6.52203e-05 -5.99809e-04 0.00000e+00
55.950000 -5.57780e-05 -3.95122e-04 0.00000e+00
55.960000 -4.37669e-05 -3.03596e-04 0.00000e+00
55.970000 -2.41371e-05 -3.64525e-04 0.00000e+00
55.980000 -1.02893e-05 -4.26572e-04 0.00000e+00
55.990000 4.67225e-06 -4.56389e-04 0.00000e+00
56.000000 -1.08917e-05 -3.47070e-04 0.00000e+00
56.010000 -3.64392e-05 -1.37507e-04 0.00000e+00
56.020000 -5.67837e-05 6.84095e-05 0.00000e+00
56.030000 -7.36227e-05 1.80002e-04 0.00000e+00
56.040000 -8.49944e-05 2.89413e-04 0.00000e+00
56.050000 -8.37895e-05 3.81080e-04 0.00000e+00
56.060000 -9.16027e-05 2.52163e-04 0.00000e+00
56.070000 -1.11811e-04 2.72064e-05 0.00000e+00
56.080000 -1.09823e-04 -1.70384e-04 0.00000e+00
56.090000 -8.71607e-05 -3.19082e-04 0.00000e+00
56.100000 -6.00418e-05 -4.65246e-04 0.00000e+00
56.110000 -4.56857e-05 -4.85745e-04 0.00000e+00
56.120000 -5.47188e-05 -3.98451e-04 0.00000e+00
56.130000 -7.90072e-05 -3.71943e-04 0.00000e+00
56.140000 -7.06426e-05 -2.92821e-04 0.00000e+00
56.150000 -6.38640e-05 -1.50592e-04 0.00000e+00
56.160000 -5.67162e-05 -4.49871e-05 0.00000e+00
56.170000 -2.83542e-05 -6.44194e-06 0.00000e+00
56.180000 -2.90173e-05 -7.98572e-05 0.00000e+00
56.190000 -4.39828e-05 -2.60914e-04 0.00000e+00
56.200000 -7.79514e-05 -4.25771e-04 0.00000e+00
56.210000 -9.96228e-05 -5.21020e-04 0.00000e+00
56.220000 -1.40886e-04 -5.32494e-04 0.00000e+00
56.230000 -1.58960e-04 -5.39327e-04 0.00000e+00
56.240000 -1.52843e-04 -6.57991e-04 0.00000e+00
56.250000 -1.34735e-04 -7.55846e-04 0.00000e+00
56.260000 -1.29347e-04 -7.04561e-04 0.00000e+00
56.270000 -1.24505e-04 -5.34143e-04 0.00000e+00
56.280000 -9.68625e-05 -3.62414e-04 0.00000e+00
56.290000 -1.20253e-04 -2.98887e-04 0.00000e+00
56.300000 -1.31834e-04 -3.29362e-04 0.00000e+00
56.310000 -1.28047e-04 -3.08036e-04 0.00000e+00
56.320000 -1.46890e-04 -2.19720e-04 0.00000e+00
56.330000 -1.65291e-04 -1.49137e-04 0.00000e+00
56.340000 -1.66575e-04 -1.11592e-05 0.00000e+00
56.350000 -1.78750e-04 2.15057e-04 0.00000e+00
56.360000 -1.71795e-04 4.10474e-04 0.00000e+00
56.370000 -1.41866e-04 4.76684e-04 0.00000e+00
56.380000 -1.30868e-04 4.50327e-04 0.00000e+00
56.390000 -1.22616e-04 3.50417e-04 0.00000e+00
56.400000 -1.33971e-04 1.96030e-04 0.00000e+00
56.410000 -1.26219e-04 1.74663e-04 0.00000e+00
56.420000 -1.07522e-04 3.32250e-04 0.00000e+00
56.430000 -9.78951e-05 4.92781e-04 0.00000e+00
56.440000 -9.95488e-05 5.83830e-04 0.00000e+00
56.450000 -1.09923e-04 7.55971e-04 0.00000e+00
56.460000 -1.09651e-04 8.50164e-04 0.00000e+00
56.470000 -9.72220e-05 8.24052e-04 0.00000e+00
56.480000 -8.96898e-05 8.95790e-04 0.00000e+00
56.490000 -8.54687e-05 9.42043e-04 0.00000e+00
56.500000 -7.36188e-05 9.15382e-04 0.00000e+00
56.510000 -5.06383e-05 9.10595e-04 0.00000e+00
56.520000 -3.01865e-05 8.86789e-04 0.00000e+00
56.530000 -3.91340e-05 8.67034e-04 0.00000e+00
56.540000 -4.65308e-05 9.54845e-04 0.00000e+00
56.550000 -4.04627e-05 1.07349e-03 0.00000e+00
56.560000 -2.41609e-05 1.20651e-03 0.00000e+00
56.570000 -1.28359e-06 1.30741e-03 0.00000e+00
56.580000 3.72559e-05 1.31336e-03 0.00000e+00
56.590000 4.57712e-05 1.38522e-03 0.00000e+00
56.600000 4.00789e-05 1.48365e-03 0.00000e+00
56.610000 4.79278e-05 1.46504e-03 0.00000e+00
56.620000 6.38979e-05 1.31461e-03 0.00000e+00
56.630000 6.19801e-05 1.15214e-03 0.00000e+00
56.640000 9.12688e-05 1.07366e-03 0.00000e+00
56.650000 1.05508e-04 9.56570e-04 0.00000e+00
56.660000 1.12518e-04 7.91467e-04 0.00000e+00
56.670000 1.26248e-04 6.27744e-04 0.00000e+00
56.680000 1.35213e-04 4.95421e-04 0.00000e+00
56.690000 1.44832e-04 4.60005e-04 0.00000e+00
56.700000 1.60396e-04 3.14016e-04 0.00000e+00
56.710000 1.70364e-04 2.53920e-05 0.00000e+00
56.720000 1.77773e-04 -2.17734e-04 0.00000e+00
56.730000 1.81937e-04 -4.18059e-04 0.00000e+00
56.740000 1.58151e-04 -5.67243e-04 0.00000e+00
56.750000 1.38521e-04 -5.76181e-04 0.00000e+00
56.760000 1.39401e-04 -5.65736e-04 0.00000e+00
56.770000 1.06624e-04 -7.22625e-04 0.00000e+00
56.780000 8.47751e-05 -9.21193e-04 0.00000e+00
56.790000 7.18158e-05 -1.04505e-03 0.00000e+00
56.800000 7.88688e-05 -1.12782e-03 0.00000e+00
56.810000 6.22029e-05 -1.06629e-03 0.00000e+00
56.820000 4.09314e-05 -9.87656e-04 0.00000e+00
56.830000 4.05301e-05 -9.83996e-04 0.00000e+00
56.840000 2.85880e-05 -9.19633e-04 0.00000e+00
56.850000 2.83689e-05 -8.66189e-04 0.00000e+00
56.860000 2.16649e-05 -8.05359e-04 0.00000e+00
56.870000 -1.34418e-05 -7.59304e-04 0.00000e+00
56.880000 -4.14178e-06 -7.11956e-04 0.00000e+00
56.890000 -5.08407e-06 -5.98813e-04 0.00000e+00
56.900000 -4.43676e-06 -4.61237e-04 0.00000e+00
56.910000 1.07478e-06 -4.05939e-04 0.00000e+00
56.920000 4.80237e-06 -4.38904e-04 0.00000e+00
56.930000 -2.02977e-05 -3.37546e-04 0.00000e+00
56.940000 -3.19038e-05 -3.00247e-04 0.00000e+00
56.950000 -1.96144e-05 -4.01530e-04 0.00000e+00
56.960000 -5.85420e-06 -4.32587e-04 0.00000e+00
56.970000 6.46221e-06 -3.77537e-04 0.00000e+00
56.980000 3.69388e-06 -3.21406e-04 0.00000e+00
56.990000 -3.41088e-05 -3.66297e-04 0.00000e+00
57.000000 -2.54874e-05 -4.08173e-04 0.00000e+00
57.010000 -4.28890e-05 -4.38897e-04 0.00000e+00
57.020000 -5.81425e-05 -4.62087e-04 0.00000e+00
57.030000 -6.45628e-05 -4.79698e-04 0.00000e+00
57.040000 -8.16608e-05 -5.73021e-04 0.00000e+00
57.050000 -6.48853e-05 -6.23695e-04 0.00000e+00
57.060000 -6.54203e-05 -5.64055e-04 0.00000e+00
57.070000 -7.24266e-05 -4.82606e-04 0.00000e+00
57.080000 -8.14079e-05 -3.89668e-04 0.00000e+00
57.090000 -7.72906e-05 -2.89023e-04 0.00000e+00
57.100000 -6.89960e-05 -2.69204e-04 0.00000e+00
57.110000 -1.06401e-04 -3.65011e-04 0.00000e+00
57.120000 -8.83249e-05 -3.22976e-04 0.00000e+00
57.130000 -8.98460e-05 -1.00351e-04 0.00000e+00
57.140000 -8.88946e-05 1.26294e-04 0.00000e+00
57.150000 -1.03771e-04 2.95705e-04 0.00000e+00
57.160000 -1.08408e-04 2.97792e-04 0.00000e+00
57.170000 -1.09451e-04 2.74510e-04 0.00000e+00
57.180000 -1.02436e-04 2.90788e-04 0.00000e+00
57.190000 -9.67234e-05 2.44985e-04 0.00000e+00
57.200000 -8.83226e-05 1.98118e-04 0.00000e+00
57.210000 -7.34153e-05 1.52591e-04 0.00000e+00
57.220000 -6.11709e-05 2.25522e-04 0.00000e+00
57.230000 -5.01216e-05 2.89614e-04 0.00000e+00
57.240000 -5.09714e-05 3.00870e-04 0.00000e+00
57.250000 -5.53198e-05 3.92132e-04 0.00000e+00
57.260000 -5.37641e-05 5.09341e-04 0.00000e+00
57.270000 -5.50519e-05 6.52608e-04 0.00000e+00
57.280000 -4.53175e-05 6.20571e-04 0.00000e+00
57.290000 -7.30861e-06 5.83343e-04 0.00000e+00
57.300000 -1.85032e-05 6.52141e-04 0.00000e+00
57.310000 -3.55372e-05 6.52516e-04 0.00000e+00
57.320000 -4.90455e-05 6.08966e-04 0.00000e+00
57.330000 -5.70711e-05 4.69610e-04 0.00000e+00
57.340000 -4.87946e-05 3.51542e-04 0.00000e+00
57.350000 -3.99019e-05 2.94875e-04 0.00000e+00
57.360000 -2.92379e-05 2.64805e-04 0.00000e+00
57.370000 -1.50501e-05 2.84357e-04 0.00000e+00
57.380000 7.14850e-06 3.14668e-04 0.00000e+00
57.390000 2.08596e-05 2.77106e-04 0.00000e+00
57.400000 1.08308e-05 2.83681e-04 0.00000e+00
57.410000 4.91019e-05 2.89047e-04 0.00000e+00
57.420000 4.70587e-05 1.90121e-04 0.00000e+00
57.430000 3.59903e-05 1.28220e-04 0.00000e+00
57.440000 2.06262e-05 6.88966e-05 0.00000e+00
57.450000 4.04794e-06 -4.66236e-05 0.00000e+00
57.460000 1.82789e-05 7.84766e-06 0.00000e+00
57.470000 3.35438e-06 6.07937e-05 0.00000e+00
57.480000 -2.58066e-06 -8.77215e-05 0.00000e+00
57.490000 -8.20169e-06 -2.09510e-04 0.00000e+00
57.500000 -1.54175e-05 -3.05158e-04 0.00000e+00
57.510000 1.11440e-05 -3.35844e-04 0.00000e+00
57.520000 6.86728e-06 -2.84767e-04 0.00000e+00
57.530000 1.68480e-05 -2.00031e-04 0.00000e+00
57.540000 6.62218e-06 -9.51657e-05 0.00000e+00
57.550000 -8.40603e-06 3.25905e-05 0.00000e+00
57.560000 -1.93587e-05 1.40630e-04 0.00000e+00
57.570000 3.93077e-06 1.59352e-04 0.00000e+00
57.580000 -2.51435e-05 2.51638e-04 0.00000e+00
57.590000 -1.45382e-05 3.59284e-04 0.00000e+00
57.600000 -1.17430e-05 3.46065e-04 0.00000e+00
57.610000 -1.67105e-05 3.04628e-04 0.00000e+00
57.620000 -1.44034e-05 2.22224e-04 0.00000e+00
57.630000 1.95766e-05 2.40724e-04 0.00000e+00
57.640000 -4.69205e-06 2.61646e-04 0.00000e+00
57.650000 2.00095e-05 2.05627e-04 0.00000e+00
57.660000 3.94115e-05 1.73506e-04 0.00000e+00
57.670000 4.97238e-05 9.93026e-05 0.00000e+00
57.680000 6.34505e-05 1.01618e-04 0.00000e+00
57.690000 6.43925e-05 7.76801e-05 0.00000e+00
57.700000 5.70459e-05 4.99947e-05 0.00000e+00
57.710000 4.25926e-05 -5.26628e-07 0.00000e+00
57.720000 2.74944e-05 -1.95416e-04 0.00000e+00
57.730000 1.23235e-05 -3.73499e-04 0.00000e+00
57.740000 8.35303e-06 -4.02893e-04 0.00000e+00
57.750000 4.16430e-06 -5.10809e-04 0.00000e+00
57.760000 -7.92058e-06 -6.59708e-04 0.00000e+00
57.770000 -4.59195e-06 -7.16806e-04 0.00000e+00
57.780000 -5.98903e-06 -8.59869e-04 0.00000e+00
57.790000 -7.10324e-06 -9.85510e-04 0.00000e+00
57.800000 -2.00381e-06 -9.15868e-04 0.00000e+00
57.810000 -2.67863e-05 -8.95436e-04 0.00000e+00
57.820000 -2.71251e-05 -8.84734e-04 0.00000e+00
57.830000 -4.43671e-05 -7.29995e-04 0.00000e+00
57.840000 -5.65860e-05 -6.23884e-04 0.00000e+00
57.850000 -6.47127e-05 -4.66284e-04 0.00000e+00
57.860000 -8.45187e-05 -2.93569e-04 0.00000e+00
57.870000 -7.46675e-05 -1.64217e-04 0.00000e+00
57.880000 -1.07085e-04 -4.98847e-05 0.00000e+00
57.890000 -9.45300e-05 2.86729e-05 0.00000e+00
57.900000 -8.47482e-05 5.12462e-05 0.00000e+00
57.910000 -7.98347e-05 7.78541e-05 0.00000e+00
57.920000 -1.00414e-04 8.69541e-05 0.00000e+00
57.930000 -7.52415e-05 1.28556e-04 0.00000e+00
57.940000 -8.80654e-05 2.38901e-04 0.00000e+00
57.950000 -6.96820e-05 3.14040e-04 0.00000e+00
57.960000 -4.80808e-05 4.07388e-04 0.00000e+00
57.970000 -2.55235e-05 5.72496e-04 0.00000e+00
57.980000 -4.28790e-05 6.27746e-04 0.00000e+00
57.990000 -1.40085e-05 6.83888e-04 0.00000e+00
58.000000 -3.00726e-05 7.29327e-04 0.00000e+00
58.010000 -1.52643e-05 6.61484e-04 0.00000e+00
58.020000 -8.06238e-06 6.05529e-04 0.00000e+00
58.030000 -9.32002e-06 5.07919e-04 0.00000e+00
58.040000 -1.03393e-05 4.15413e-04 0.00000e+00
58.050000 -9.35611e-06 2.77091e-04 0.00000e+00
58.060000 -2.22303e-05 1.48609e-04 0.00000e+00
58.070000 -2.09459e-05 1.26910e-04 0.00000e+00
58.080000 -1.60579e-05 9.38983e-05 0.00000e+00
58.090000 -8.66635e-06 -3.88913e-05 0.00000e+00
58.100000 1.88762e-05 -1.36476e-04 0.00000e+00
58.110000 6.84464e-06 -2.10307e-04 0.00000e+00
58.120000 6.49224e-06 -2.52193e-04 0.00000e+00
58.130000 2.01910e-05 -1.79355e-04 0.00000e+00
58.140000 8.45624e-06 -1.03829e-04 0.00000e+00
58.150000 -8.88776e-06 -1.40987e-04 0.00000e+00
58.160000 -1.33967e-06 -1.91819e-04 0.00000e+00
58.170000 -3.65272e-05 -2.30505e-04 0.00000e+00
58.180000 -3.09554e-05 -1.99205e-04 0.00000e+00
58.190000 -3.65537e-05 -4.24038e-05 0.00000e+00
58.200000 -3.56669e-05 5.45265e-05 0.00000e+00
58.210000 -3.81252e-05 8.87327e-05 0.00000e+00
58.220000 -2.72639e-05 1.18475e-04 0.00000e+00
58.230000 -2.40822e-05 1.09675e-04 0.00000e+00
58.240000 -2.02253e-05 8.47680e-05 0.00000e+00
58.250000 -2.57063e-05 1.19989e-04 0.00000e+00
58.260000 -2.15797e-05 1.68353e-04 0.00000e+00
58.270000 -1.14462e-05 2.82339e-04 0.00000e+00
58.280000 -2.59603e-06 3.40414e-04 0.00000e+00
58.290000 9.80028e-06 3.61453e-04 0.00000e+00
58.300000 2.78499e-07 5.12420e-04 0.00000e+00
58.310000 -3.77587e-06 6.30355e-04 0.00000e+00
58.320000 -2.60214e-06 6.36011e-04 0.00000e+00
58.330000 1.46851e-05 6.62039e-04 0.00000e+00
58.340000 3.79614e-05 6.42502e-04 0.00000e+00
58.350000 6.56000e-05 6.14993e-04 0.00000e+00
58.360000 5.07143e-05 6.03552e-04 0.00000e+00
58.370000 4.23606e-05 5.45892e-04 0.00000e+00
58.380000 3.57774e-05 5.02719e-04 0.00000e+00
58.390000 4.55330e-05 5.04827e-04 0.00000e+00
58.400000 4.27263e-05 4.72001e-04 0.00000e+00
58.410000 5.77416e-05 4.39665e-04 0.00000e+00
58.420000 6.16308e-05 4.36389e-04 0.00000e+00
58.430000 6.71972e-05 3.76402e-04 0.00000e+00
58.440000 7.41648e-05 3.20510e-04 0.00000e+00
58.450000 7.95651e-05 3.40659e-04 0.00000e+00
58.460000 1.03800e-04 4.60060e-04 0.00000e+00
58.470000 1.04021e-04 4.90443e-04 0.00000e+00
58.480000 9.27250e-05 3.80082e-04 0.00000e+00
58.490000 9.31462e-05 2.52716e-04 0.00000e+00
58.500000 9.51718e-05 2.02529e-04 0.00000e+00
58.510000 9.78732e-05 3.18712e-04 0.00000e+00
58.520000 9.51974e-05 4.84125e-04 0.00000e+00
58.530000 8.60424e-05 4.97469e-04 0.00000e+00
58.540000 9.56454e-05 3.91625e-04 0.00000e+00
58.550000 1.00612e-04 2.44991e-04 0.00000e+00
58.560000 1.04761e-04 9.26647e-05 0.00000e+00
58.570000 9.57886e-05 -8.96730e-05 0.00000e+00
58.580000 1.22447e-04 -2.41844e-04 0.00000e+00
58.590000 1.09294e-04 -3.60971e-04 0.00000e+00
58.600000 1.10319e-04 -5.26037e-04 0.00000e+00
58.610000 1.18538e-04 -6.91736e-04 0.00000e+00
58.620000 1.35529e-04 -8.43134e-04 0.00000e+00
58.630000 1.16651e-04 -9.65552e-04 0.00000e+00
58.640000 8.37238e-05 -1.09272e-03 0.00000e+00
58.650000 7.46308e-05 -1.21606e-03 0.00000e+00
58.660000 7.99607e-05 -1.30561e-03 0.00000e+00
58.670000 8.55430e-05 -1.37595e-03 0.00000e+00
58.680000 7.70508e-05 -1.38985e-03 0.00000e+00
58.690000 2.45936e-05 -1.41237e-03 0.00000e+00
58.700000 -4.36427e-06 -1.49773e-03 0.00000e+00
58.710000 -3.41090e-05 -1.51527e-03 0.00000e+00
58.720000 -5.89747e-05 -1.47654e-03 0.00000e+00
58.730000 -7.79317e-05 -1.43851e-03 0.00000e+00
58.740000 -9.10172e-05 -1.36630e-03 0.00000e+00
58.750000 -9.35813e-05 -1.11409e-03 0.00000e+00
58.760000 -1.13657e-04 -8.54054e-04 0.00000e+00
58.770000 -1.22766e-04 -7.04942e-04 0.00000e+00
58.780000 -1.27303e-04 -4.24389e-04 0.00000e+00
58.790000 -1.26185e-04 -6.55031e-06 0.00000e+00
58.800000 -1.28159e-04 3.24547e-04 0.00000e+00
58.810000 -1.08145e-04 4.50514e-04 0.00000e+00
58.820000 -9.07009e-05 6.04257e-04 0.00000e+00
58.830000 -9.18390e-05 8.97105e-04 0.00000e+00
58.840000 -8.34411e-05 1.23221e-03 0.00000e+00
58.850000 -7.15701e-05 1.49548e-03 0.00000e+00
58.860000 -7.65545e-05 1.51397e-03 0.00000e+00
58.870000 -5.59818e-05 1.37931e-03 0.00000e+00
58.880000 -3.15040e-05 1.25266e-03 0.00000e+00
58.890000 -1.50744e-05 1.09837e-03 0.00000e+00
58.900000 1.58663e-05 9.24044e-04 0.00000e+00
58.910000 4.96473e-05 7.43501e-04 0.00000e+00
58.920000 7.07097e-05 6.47850e-04 0.00000e+00
58.930000 5.54311e-05 4.86525e-04 0.00000e+00
58.940000 7.62245e-05 2.17357e-04 0.00000e+00
58.950000 9.48718e-05 -1.10860e-05 0.00000e+00
58.960000 8.31685e-05 -2.36834e-04 0.00000e+00
58.970000 5.53242e-05 -4.48502e-04 0.00000e+00
58.980000 5.17835e-05 -4.87115e-04 0.00000e+00
58.990000 5.98817e-05 -3.79155e-04 0.00000e+00
59.000000 4.04017e-05 -3.86591e-04 0.00000e+00
59.010000 7.77841e-06 -4.68486e-04 0.00000e+00
59.020000 -3.14618e-05 -5.16350e-04 0.00000e+00
59.030000 -6.03485e-05 -6.21716e-04 0.00000e+00
59.040000 -6.35136e-05 -7.68460e-04 0.00000e+00
59.050000 -6.35622e-05 -8.02600e-04 0.00000e+00
59.060000 -6.60699e-05 -7.44623e-04 0.00000e+00
59.070000 -6.43364e-05 -6.40760e-04 0.00000e+00
59.080000 -5.93140e-05 -4.93288e-04 0.00000e+00
59.090000 -5.10795e-05 -3.40498e-04 0.00000e+00
59.100000 -7.73731e-05 -2.58523e-04 0.00000e+00
59.110000 -5.52447e-05 -9.71802e-05 0.00000e+00
59.120000 -4.23598e-05 2.23507e-04 0.00000e+00
59.130000 -2.22137e-05 4.17202e-04 0.00000e+00
59.140000 5.74555e-06 4.37644e-04 0.00000e+00
59.150000 3.20276e-05 5.06257e-04 0.00000e+00
59.160000 3.92996e-06 6.34355e-04 0.00000e+00
59.170000 -2.28001e-05 6.57291e-04 0.00000e+00
59.180000 -2.59620e-05 5.51944e-04 0.00000e+00
59.190000 -3.15956e-05 4.06410e-04 0.00000e+00
59.200000 -3.85379e-05 2.41637e-04 0.00000e+00
59.210000 -3.00200e-05 9.09630e-05 0.00000e+00
59.220000 -1.75209e-06 3.65545e-05 0.00000e+00
59.230000 6.84920e-07 -2.66658e-05 0.00000e+00
59.240000 -2.79728e-06 -1.60575e-04 0.00000e+00
59.250000 -4.14483e-06 -3.17108e-04 0.00000e+00
59.260000 6.19082e-06 -4.56136e-04 0.00000e+00
59.270000 1.44537e-05 -6.62444e-04 0.00000e+00
59.280000 2.39100e-05 -7.97550e-04 0.00000e+00
59.290000 -1.55824e-06 -7.71876e-04 0.00000e+00
59.300000 -3.43202e-05 -7.23771e-04 0.00000e+00
59.310000 -3.68411e-05 -6.14226e-04 0.00000e+00
59.320000 -4.26916e-05 -4.28565e-04 0.00000e+00
59.330000 -7.20899e-05 -3.42665e-04 0.00000e+00
59.340000 -8.00652e-05 -4.15248e-04 0.00000e+00
59.350000 -7.98222e-05 -4.52738e-04 0.00000e+00
59.360000 -7.42036e-05 -4.74983e-04 0.00000e+00
59.370000 -9.00822e-05 -5.58034e-04 0.00000e+00
59.380000 -9.36642e-05 -6.37924e-04 0.00000e+00
59.390000 -9.64071e-05 -6.25839e-04 0.00000e+00
59.400000 -1.25002e-04 -5.63674e-04 0.00000e+00
59.410000 -1.31780e-04 -5.39653e-04 0.00000e+00
59.420000 -1.30022e-04 -5.25200e-04 0.00000e+00
59.430000 -1.13998e-04 -4.19114e-04 0.00000e+00
59.440000 -1.02618e-04 -2.56446e-04 0.00000e+00
59.450000 -7.64986e-05 -1.16762e-04 0.00000e+00
59.460000 -7.76357e-05 -5.72334e-05 0.00000e+00
59.470000 -7.87996e-05 -1.49393e-04 0.00000e+00
59.480000 -8.27229e-05 -2.04545e-04 0.00000e+00
59.490000 -8.58705e-05 -1.46233e-04 0.00000e+00
59.500000 -1.06213e-04 -1.29574e-04 0.00000e+00
59.510000 -1.15623e-04 -5.24158e-05 0.00000e+00
59.520000 -1.26614e-04 7.36438e-05 0.00000e+00
59.530000 -1.42461e-04 1.95255e-04 0.00000e+00
59.540000 -1.48220e-04 2.46523e-04 0.00000e+00
59.550000 -1.41951e-04 2.59020e-04 0.00000e+00
59.560000 -1.30406e-04 3.45504e-04 0.00000e+00
59.570000 -1.16599e-04 3.06447e-04 0.00000e+00
59.580000 -1.15500e-04 2.09381e-04 0.00000e+00
59.590000 -1.03892e-04 2.09373e-04 0.00000e+00
59.600000 -9.46891e-05 3.20647e-04 0.00000e+00
59.610000 -1.05201e-04 4.90676e-04 0.00000e+00
59.620000 -1.07363e-04 6.79635e-04 0.00000e+00
59.630000 -1.00264e-04 8.33948e-04 0.00000e+00
59.640000 -9.19182e-05 8.85306e-04 0.00000e+00
59.650000 -5.53068e-05 9.03779e-04 0.00000e+00
59.660000 -3.86670e-05 9.37734e-04 0.00000e+00
59.670000 -2.10605e-05 9.50948e-04 0.00000e+00
59.680000 -9.53037e-06 9.39585e-04 0.00000e+00
59.690000 -3.10171e-05 9.17220e-04 0.00000e+00
59.700000 -2.42088e-05 7.91471e-04 0.00000e+00
59.710000 -3.46060e-05 5.59125e-04 0.00000e+00
59.720000 -1.23564e-05 3.56902e-04 0.00000e+00
59.730000 -1.57776e-05 2.09666e-04 0.00000e+00
59.740000 -1.91176e-05 7.68098e-05 0.00000e+00
59.750000 4.62169e-06 -6.47338e-05 0.00000e+00
59.760000 1.96661e-05 -2.06039e-04 0.00000e+00
59.770000 2.72546e-05 -3.36528e-04 0.00000e+00
59.780000 1.26018e-05 -5.45431e-04 0.00000e+00
59.790000 -5.25829e-07 -7.91514e-04 0.00000e+00
59.800000 -1.64060e-05 -9.92144e-04 0.00000e+00
59.810000 -2.77631e-05 -1.23383e-03 0.00000e+00
59.820000 -2.72462e-05 -1.35720e-03 0.00000e+00
59.830000 -3.08457e-05 -1.32459e-03 0.00000e+00
59.840000 -4.59905e-05 -1.24931e-03 0.00000e+00
59.850000 -7.05540e-05 -1.12715e-03 0.00000e+00
59.860000 -1.03152e-04 -1.14353e-03 0.00000e+00
59.870000 -1.39045e-04 -1.18807e-03 0.00000e+00
59.880000 -1.53894e-04 -1.17070e-03 0.00000e+00
59.890000 -1.50564e-04 -1.02098e-03 0.00000e+00
59.900000 -1.62938e-04 -7.91684e-04 0.00000e+00
59.910000 -1.68625e-04 -6.66245e-04 0.00000e+00
59.920000 -1.77683e-04 -4.47197e-04 0.00000e+00
59.930000 -1.87195e-04 -1.33762e-04 0.00000e+00
59.940000 -1.98008e-04 1.36939e-04 0.00000e+00
59.950000 -2.01951e-04 3.06842e-04 0.00000e+00
59.960000 -1.94084e-04 3.59229e-04 0.00000e+00
59.970000 -1.88516e-04 3.85911e-04 0.00000e+00
59.980000 -1.78255e-04 4.71937e-04 0.00000e+00
59.990000 -1.26647e-04 6.20189e-04 0.00000e+00
60.000000 -1.13171e-04 7.58933e-04 0.00000e+00
60.010000 -9.64583e-05 9.18104e-04 0.00000e+00
60.020000 -1.01464e-04 1.08475e-03 0.00000e+00
60.030000 -9.90051e-05 1.13757e-03 0.00000e+00
60.040000 -6.92729e-05 1.03885e-03 0.00000e+00
60.050000 -4.81243e-05 9.45630e-04 0.00000e+00
60.060000 -2.38488e-05 9.83550e-04 0.00000e+00
60.070000 -3.94434e-05 9.69844e-04 0.00000e+00
60.080000 -4.17051e-05 8.46508e-04 0.00000e+00
60.090000 -3.40027e-05 7.75396e-04 0.00000e+00
60.100000 -5.02764e-05 6.93447e-04 0.00000e+00
60.110000 -6.37842e-05 4.61467e-04 0.00000e+00
60.120000 -7.28992e-05 1.74624e-04 0.00000e+00
60.130000 -6.80772e-05 -1.42351e-05 0.00000e+00
60.140000 -4.17043e-05 -1.25917e-04 0.00000e+00
60.150000 -2.12066e-05 -2.57858e-04 0.00000e+00
60.160000 -1.77066e-05 -1.90749e-04 0.00000e+00
60.170000 -1.01260e-05 1.65352e-05 0.00000e+00
60.180000 8.39761e-06 1.54769e-04 0.00000e+00
60.190000 -9.33354e-06 1.94465e-04 0.00000e+00
60.200000 -3.01416e-05 1.20863e-04 0.00000e+00
60.210000 -3.70898e-05 8.23068e-05 0.00000e+00
60.220000 -2.13699e-05 1.51692e-04 0.00000e+00
60.230000 -3.09332e-05 3.46874e-04 0.00000e+00
60.240000 -5.30831e-05 4.50756e-04 0.00000e+00
60.250000 -4.99988e-05 3.95832e-04 0.00000e+00
60.260000 -3.83025e-05 3.66142e-04 0.00000e+00
60.270000 -6.46756e-05 2.93084e-04 0.00000e+00
60.280000 -6.65846e-05 1.14385e-04 0.00000e+00
60.290000 -3.42936e-05 -4.99597e-05 0.00000e+00
60.300000 -1.23730e-06 -1.45261e-04 0.00000e+00
60.310000 1.29204e-05 -1.37036e-04 0.00000e+00
60.320000 2.62245e-05 -5.88720e-05 0.00000e+00
60.330000 6.00689e-05 -1.17579e-05 0.00000e+00
60.340000 3.95610e-05 5.82818e-05 0.00000e+00
60.350000 1.93136e-05 2.34738e-04 0.00000e+00
60.360000 -7.99044e-06 3.23339e-04 0.00000e+00
60.370000 -9.61533e-06 2.15004e-04 0.00000e+00
60.380000 -3.88634e-06 1.15113e-04 0.00000e+00
60.390000 1.88046e-05 1.55163e-04 0.00000e+00
60.400000 7.79365e-06 2.18402e-04 0.00000e+00
60.410000 -2.66501e-05 2.00294e-04 0.00000e+00
60.420000 -3.83349e-05 1.79963e-04 0.00000e+00
60.430000 -3.48014e-05 2.05814e-04 0.00000e+00
60.440000 -3.78561e-05 1.65894e-04 0.00000e+00
60.450000 -2.76729e-05 1.18578e-04 0.00000e+00
60.460000 -2.79927e-06 2.47072e-04 0.00000e+00
60.470000 9.33500e-06 4.52231e-04 0.00000e+00
60.480000 2.34145e-05 6.10918e-04 0.00000e+00
60.490000 3.09132e-05 7.18762e-04 0.00000e+00
60.500000 4.25086e-05 8.67404e-04 0.00000e+00
60.510000 5.55886e-05 9.24983e-04 0.00000e+00
60.520000 5.11528e-05 8.12053e-04 0.00000e+00
60.530000 3.08042e-05 6.31463e-04 0.00000e+00
60.540000 3.89245e-05 4.26308e-04 0.00000e+00
60.550000 6.73437e-05 2.43155e-04 0.00000e+00
60.560000 8.18413e-05 1.59767e-04 0.00000e+00
60.570000 8.43113e-05 7.46840e-05 0.00000e+00
60.580000 8.70913e-05 -2.53734e-04 0.00000e+00
60.590000 8.25779e-05 -6.52188e-04 0.00000e+00
60.600000 8.75062e-05 -8.92012e-04 0.00000e+00
60.610000 9.17828e-05 -1.06151e-03 0.00000e+00
60.620000 9.58615e-05 -1.24071e-03 0.00000e+00
60.630000 7.84146e-05 -1.29301e-03 0.00000e+00
60.640000 4.61453e-05 -1.24921e-03 0.00000e+00
60.650000 2.32081e-05 -1.21418e-03 0.00000e+00
60.660000 -6.75506e-06 -1.17739e-03 0.00000e+00
60.670000 -3.05318e-05 -1.12372e-03 0.00000e+00
60.680000 -6.35588e-05 -1.04310e-03 0.00000e+00
60.690000 -8.30021e-05 -1.04462e-03 0.00000e+00
60.700000 -1.04353e-04 -1.11241e-03 0.00000e+00
60.710000 -1.18702e-04 -1.08875e-03 0.00000e+00
60.720000 -1.25158e-04 -8.96371e-04 0.00000e+00
60.730000 -1.19596e-04 -6.24335e-04 0.00000e+00
60.740000 -1.42064e-04 -4.18063e-04 0.00000e+00
60.750000 -1.48821e-04 -2.23356e-04 0.00000e+00
60.760000 -1.15863e-04 -4.34053e-05 0.00000e+00
60.770000 -8.74531e-05 1.44521e-04 0.00000e+00
60.780000 -8.18536e-05 4.20960e-04 0.00000e+00
60.790000 -6.95079e-05 6.99706e-04 0.00000e+00
60.800000 -4.22228e-05 8.29275e-04 0.00000e+00
60.810000 -4.47963e-05 8.67655e-04 0.00000e+00
60.820000 -4.58803e-05 9.87989e-04 0.00000e+00
60.830000 -4.52010e-05 1.05359e-03 0.00000e+00
60.840000 -4.25094e-05 1.01114e-03 0.00000e+00
60.850000 -4.32840e-05 9.58696e-04 0.00000e+00
60.860000 -3.77228e-05 9.43979e-04 0.00000e+00
60.870000 -2.36569e-06 9.13259e-04 0.00000e+00
60.880000 1.36525e-05 8.10277e-04 0.00000e+00
60.890000 2.65339e-05 6.96117e-04 0.00000e+00
60.900000 2.25326e-05 5.98414e-04 0.00000e+00
60.910000 1.70601e-05 4.41789e-04 0.00000e+00
60.920000 2.71536e-05 2.53109e-04 0.00000e+00
60.930000 2.17853e-05 2.10402e-04 0.00000e+00
60.940000 3.61688e-05 2.87848e-04 0.00000e+00
60.950000 3.38866e-05 3.51817e-04 0.00000e+00
60.960000 1.82561e-05 3.91979e-04 0.00000e+00
60.970000 1.31200e-05 5.04979e-04 0.00000e+00
60.980000 4.79052e-05 5.78999e-04 0.00000e+00
60.990000 5.11193e-05 5.32394e-04 0.00000e+00
61.000000 3.09734e-05 4.67851e-04 0.00000e+00
61.010000 4.26427e-05 3.87043e-04 0.00000e+00
61.020000 5.82541e-05 2.72695e-04 0.00000e+00
61.030000 5.98472e-05 1.72316e-04 0.00000e+00
61.040000 4.37300e-05 2.22498e-04 0.00000e+00
61.050000 4.25621e-05 2.81256e-04 0.00000e+00
61.060000 4.77866e-05 2.37301e-04 0.00000e+00
61.070000 5.60587e-05 1.70633e-04 0.00000e+00
61.080000 6.99066e-05 6.66383e-05 0.00000e+00
61.090000 8.86661e-05 1.60684e-05 0.00000e+00
61.100000 1.00654e-04 -8.20160e-05 0.00000e+00
61.110000 1.05854e-04 -1.91273e-04 0.00000e+00
61.120000 1.05289e-04 -2.59554e-04 0.00000e+00
61.130000 9.53616e-05 -3.64529e-04 0.00000e+00
61.140000 8.70407e-05 -4.26752e-04 0.00000e+00
61.150000 6.02633e-05 -3.40078e-04 0.00000e+00
61.160000 4.97072e-05 -2.69847e-04 0.00000e+00
61.170000 4.23317e-05 -3.91753e-04 0.00000e+00
61.180000 3.51690e-05 -4.13766e-04 0.00000e+00
61.190000 3.34514e-05 -2.92577e-04 0.00000e+00
61.200000 3.76636e-05 -2.03004e-04 0.00000e+00
61.210000 3.07200e-05 -2.10669e-04 0.00000e+00
61.220000 -3.48853e-07 -2.93097e-04 0.00000e+00
61.230000 1.63102e-06 -3.92669e-04 0.00000e+00
61.240000 3.63607e-06 -4.75983e-04 0.00000e+00
61.250000 2.77673e-06 -4.57490e-04 0.00000e+00
61.260000 4.61647e-06 -3.81575e-04 0.00000e+00
61.270000 -8.50875e-06 -2.80551e-04 0.00000e+00
61.280000 1.78100e-05 -9.65655e-05 0.00000e+00
61.290000 2.31148e-05 9.20306e-05 0.00000e+00
61.300000 4.52245e-05 1.63419e-04 0.00000e+00
61.310000 4.34963e-05 1.47731e-04 0.00000e+00
61.320000 3.88638e-05 4.10326e-05 0.00000e+00
61.330000 1.39617e-05 -5.91322e-05 0.00000e+00
61.340000 2.95128e-05 -8.12308e-05 0.00000e+00
61.350000 4.56940e-05 -1.37580e-04 0.00000e+00
61.360000 2.36386e-05 -1.90642e-04 0.00000e+00
61.370000 5.48327e-06 -2.06837e-04 0.00000e+00
61.380000 -1.58542e-05 -2.59787e-04 0.00000e+00
61.390000 -2.87405e-05 -4.84604e-04 0.00000e+00
61.400000 -2.67642e-05 -7.04862e-04 0.00000e+00
61.410000 -8.64352e-06 -7.78559e-04 0.00000e+00
61.420000 7.51572e-06 -8.62940e-04 0.00000e+00
61.430000 8.15428e-09 -9.79292e-04 0.00000e+00
61.440000 1.15889e-05 -1.06652e-03 0.00000e+00
61.450000 2.99661e-06 -9.64286e-04 0.00000e+00
61.460000 -3.37496e-05 -7.78930e-04 0.00000e+00
61.470000 -6.63795e-05 -5.91230e-04 0.00000e+00
61.480000 -7.55866e-05 -4.23879e-04 0.00000e+00
61.490000 -8.24122e-05 -3.70676e-04 0.00000e+00
61.500000 -6.98620e-05 -4.17715e-04 0.00000e+00
61.510000 -8.72509e-05 -3.60755e-04 0.00000e+00
61.520000 -9.99106e-05 -8.11828e-05 0.00000e+00
61.530000 -1.04915e-04 8.20607e-05 0.00000e+00
61.540000 -1.17141e-04 8.69897e-05 0.00000e+00
61.550000 -1.30042e-04 8.10001e-05 0.00000e+00
61.560000 -1.30867e-04 5.65545e-05 0.00000e+00
61.570000 -9.72243e-05 3.92742e-05 0.00000e+00
61.580000 -8.54542e-05 1.64601e-04 0.00000e+00
61.590000 -7.79632e-05 4.04810e-04 0.00000e+00
61.600000 -5.33090e-05 5.57896e-04 0.00000e+00
61.610000 -1.51460e-05 7.26629e-04 0.00000e+00
61.620000 4.24369e-08 9.23304e-04 0.00000e+00
61.630000 -1.72748e-05 9.27150e-04 0.00000e+00
61.640000 -1.82309e-05 8.46072e-04 0.00000e+00
61.650000 -3.65449e-05 8.21397e-04 0.00000e+00
61.660000 -3.08536e-05 7.86618e-04 0.00000e+00
61.670000 -1.76528e-05 7.69223e-04 0.00000e+00
61.680000 1.79045e-05 7.43742e-04 0.00000e+00
61.690000 9.22997e-06 6.43350e-04 0.00000e+00
61.700000 -1.45106e-05 4.96801e-04 0.00000e+00
61.710000 -9.18878e-06 3.23175e-04 0.00000e+00
61.720000 4.87836e-07 1.48084e-04 0.00000e+00
61.730000 5.01708e-06 -3.23589e-05 0.00000e+00
61.740000 2.29859e-05 -9.11826e-05 0.00000e+00
61.750000 4.94283e-05 -4.55052e-05 0.00000e+00
61.760000 4.04135e-05 -4.19302e-05 0.00000e+00
61.770000 3.38164e-05 -1.96859e-05 0.00000e+00
61.780000 4.24487e-05 1.08914e-04 0.00000e+00
61.790000 2.35536e-05 2.51894e-04 0.00000e+00
61.800000 1.25822e-05 2.69047e-04 0.00000e+00
61.810000 2.40737e-05 2.03310e-04 0.00000e+00
61.820000 1.07900e-05 8.85924e-05 0.00000e+00
61.830000 2.36917e-06 1.88893e-05 0.00000e+00
61.840000 4.89624e-06 5.63479e-05 0.00000e+00
61.850000 5.66643e-06 1.97404e-04 0.00000e+00
61.860000 -1.60111e-06 3.38015e-04 0.00000e+00
61.870000 -7.86292e-07 3.25930e-04 0.00000e+00
61.880000 1.77437e-05 2.79981e-04 0.00000e+00
61.890000 3.01036e-05 2.82695e-04 0.00000e+00
61.900000 3.83248e-05 2.72373e-04 0.00000e+00
61.910000 6.12683e-05 2.43074e-04 0.00000e+00
61.920000 6.47886e-05 2.98562e-04 0.00000e+00
61.930000 6.10547e-05 3.62685e-04 0.00000e+00
61.940000 6.16114e-05 3.56689e-04 0.00000e+00
61.950000 6.48708e-05 3.90964e-04 0.00000e+00
61.960000 5.59148e-05 3.81079e-04 0.00000e+00
61.970000 5.41599e-05 2.29629e-04 0.00000e+00
61.980000 5.09916e-05 1.43417e-04 0.00000e+00
61.990000 6.78121e-05 9.23616e-05 0.00000e+00
62.000000 8.52914e-05 -5.46879e-05 0.00000e+00
62.010000 8.77178e-05 -1.80869e-04 0.00000e+00
62.020000 8.71953e-05 -2.35789e-04 0.00000e+00
62.030000 7.61485e-05 -3.36327e-04 0.00000e+00
62.040000 5.59768e-05 -4.75952e-04 0.00000e+00
62.050000 4.49452e-05 -5.11121e-04 0.00000e+00
62.060000 3.85845e-05 -5.08373e-04 0.00000e+00
62.070000 3.18881e-05 -5.20249e-04 0.00000e+00
62.080000 3.06501e-05 -4.74313e-04 0.00000e+00
62.090000 4.62321e-05 -4.13544e-04 0.00000e+00
62.100000 3.97062e-05 -3.88819e-04 0.00000e+00
62.110000 3.21665e-05 -3.43676e-04 0.00000e+00
62.120000 2.09399e-05 -2.65129e-04 0.00000e+00
62.130000 4.17299e-06 -1.20440e-04 0.00000e+00
62.140000 -7.23488e-06 6.44105e-05 0.00000e+00
62.150000 1.48516e-05 1.91258e-04 0.00000e+00
62.160000 2.88085e-06 3.59232e-04 0.00000e+00
62.170000 6.80234e-06 6.38358e-04 0.00000e+00
62.180000 1.73314e-05 8.41421e-04 0.00000e+00
62.190000 2.84316e-05 9.08107e-04 0.00000e+00
62.200000 1.72329e-05 9.89913e-04 0.00000e+00
62.210000 4.03021e-05 1.07237e-03 0.00000e+00
62.220000 5.10218e-05 1.08992e-03 0.00000e+00
62.230000 5.93616e-05 1.07771e-03 0.00000e+00
62.240000 7.59533e-05 1.01549e-03 0.00000e+00
62.250000 9.53024e-05 9.09514e-04 0.00000e+00
62.260000 1.11578e-04 8.64419e-04 0.00000e+00
62.270000 1.36769e-04 8.50831e-04 0.00000e+00
62.280000 1.57172e-04 7.14017e-04 0.00000e+00
62.290000 1.79257e-04 4.96383e-04 0.00000e+00
62.300000 1.99928e-04 2.72709e-04 0.00000e+00
62.310000 1.84308e-04 3.92275e-05 0.00000e+00
62.320000 1.71429e-04 -1.05426e-04 0.00000e+00
62.330000 1.77164e-04 -2.73263e-04 0.00000e+00
62.340000 1.58216e-04 -5.09444e-04 0.00000e+00
62.350000 1.27510e-04 -6.83958e-04 0.00000e+00
62.360000 1.22838e-04 -8.69352e-04 0.00000e+00
62.370000 1.35159e-04 -1.10063e-03 0.00000e+00
62.380000 1.05981e-04 -1.21439e-03 0.00000e+00
62.390000 8.08931e-05 -1.24230e-03 0.00000e+00
62.400000 5.73913e-05 -1.34682e-03 0.00000e+00
62.410000 3.95914e-05 -1.42711e-03 0.00000e+00
62.420000 2.91421e-05 -1.39720e-03 0.00000e+00
62.430000 2.81126e-05 -1.29910e-03 0.00000e+00
62.440000 8.14203e-06 -1.15134e-03 0.00000e+00
62.450000 -1.83655e-05 -9.23397e-04 0.00000e+00
62.460000 -1.32120e-05 -6.42477e-04 0.00000e+00
62.470000 -1.21496e-05 -3.18518e-04 0.00000e+00
62.480000 -1.86958e-05 -1.23969e-04 0.00000e+00
62.490000 -2.26191e-05 -7.91517e-05 0.00000e+00
62.500000 -3.74481e-05 3.02657e-08 0.00000e+00
62.510000 -3.10053e-05 4.44960e-05 0.00000e+00
62.520000 -3.09372e-05 1.49624e-05 0.00000e+00
62.530000 -2.69649e-05 4.80137e-05 0.00000e+00
62.540000 -3.78621e-06 2.19627e-04 0.00000e+00
62.550000 1.36320e-05 3.58075e-04 0.00000e+00
62.560000 3.43639e-06 3.65689e-04 0.00000e+00
62.570000 1.08122e-05 2.86901e-04 0.00000e+00
62.580000 3.40634e-05 1.89525e-04 0.00000e+00
62.590000 5.38926e-05 1.28767e-04 0.00000e+00
62.600000 5.57815e-05 1.08989e-04 0.00000e+00
62.610000 5.86691e-05 1.00831e-04 0.00000e+00
62.620000 5.66810e-05 3.23170e-06 0.00000e+00
62.630000 3.83627e-05 -8.07818e-05 0.00000e+00
62.640000 1.58008e-05 -6.63240e-05 0.00000e+00
62.650000 -1.95053e-05 -8.27368e-05 0.00000e+00
62.660000 -2.01987e-05 -1.55242e-04 0.00000e+00
62.670000 -2.16100e-05 -2.04771e-04 0.00000e+00
62.680000 -1.50272e-05 -2.04284e-04 0.00000e+00
62.690000 8.54987e-07 -2.14682e-04 0.00000e+00
62.700000 8.53452e-06 -2.30575e-04 0.00000e+00
62.710000 6.24059e-06 -1.56627e-04 0.00000e+00
62.720000 -9.03760e-06 -3.07433e-05 0.00000e+00
62.730000 -2.44138e-05 3.04177e-05 0.00000e+00
62.740000 -2.94495e-05 4.90886e-05 0.00000e+00
62.750000 -1.08392e-05 1.44858e-04 0.00000e+00
62.760000 -4.36545e-06 3.32880e-04 0.00000e+00
62.770000 8.61505e-06 4.59714e-04 0.00000e+00
62.780000 1.36114e-05 5.26579e-04 0.00000e+00
62.790000 1.04627e-05 6.86976e-04 0.00000e+00
62.800000 2.36799e-05 8.03807e-04 0.00000e+00
62.810000 3.37441e-05 7.20689e-04 0.00000e+00
62.820000 2.94886e-05 5.07093e-04 0.00000e+00
62.830000 4.29401e-05 3.76585e-04 0.00000e+00
62.840000 6.15875e-05 3.43399e-04 0.00000e+00
62.850000 5.60198e-05 2.64640e-04 0.00000e+00
62.860000 5.62361e-05 2.40864e-04 0.00000e+00
62.870000 6.84009e-05 2.71973e-04 0.00000e+00
62.880000 7.10206e-05 2.29022e-04 0.00000e+00
62.890000 6.79816e-05 9.83968e-05 0.00000e+00
62.900000 6.61243e-05 -6.25370e-05 0.00000e+00
62.910000 6.30522e-05 -2.42872e-04 0.00000e+00
62.920000 6.93878e-05 -3.18522e-04 0.00000e+00
62.930000 6.71555e-05 -3.02273e-04 0.00000e+00
62.940000 5.00694e-05 -3.19124e-04 0.00000e+00
62.950000 5.97312e-05 -3.68770e-04 0.00000e+00
62.960000 5.71825e-05 -5.06401e-04 0.00000e+00
62.970000 1.51076e-05 -6.08176e-04 0.00000e+00
62.980000 -5.84463e-06 -5.75897e-04 0.00000e+00
62.990000 6.58192e-06 -5.58997e-04 0.00000e+00
63.000000 1.80520e-05 -5.98089e-04 0.00000e+00
63.010000 2.96601e-06 -6.09802e-04 0.00000e+00
63.020000 -7.22882e-06 -6.76598e-04 0.00000e+00
63.030000 2.17575e-06 -7.41635e-04 0.00000e+00
63.040000 -1.38075e-05 -7.62972e-04 0.00000e+00
63.050000 -2.73402e-05 -8.14810e-04 0.00000e+00
63.060000 -2.85796e-05 -8.58967e-04 0.00000e+00
63.070000 -2.71430e-05 -8.90005e-04 0.00000e+00
63.080000 -3.42031e-05 -8.99627e-04 0.00000e+00
63.090000 -2.01561e-05 -8.63484e-04 0.00000e+00
63.100000 -4.28922e-05 -7.84176e-04 0.00000e+00
63.110000 -6.10579e-05 -7.21320e-04 0.00000e+00
63.120000 -7.69911e-05 -6.26165e-04 0.00000e+00
63.130000 -8.15869e-05 -5.29541e-04 0.00000e+00
63.140000 -6.89415e-05 -6.34113e-04 0.00000e+00
63.150000 -7.53523e-05 -8.21166e-04 0.00000e+00
63.160000 -1.08665e-04 -8.75810e-04 0.00000e+00
63.170000 -1.30918e-04 -8.07120e-04 0.00000e+00
63.180000 -1.40264e-04 -7.66711e-04 0.00000e+00
63.190000 -1.47714e-04 -8.02716e-04 0.00000e+00
63.200000 -1.40156e-04 -7.09429e-04 0.00000e+00
63.210000 -1.61044e-04 -5.57951e-04 0.00000e+00
63.220000 -1.51818e-04 -5.16171e-04 0.00000e+00
63.230000 -1.44523e-04 -4.57463e-04 0.00000e+00
63.240000 -1.41056e-04 -3.18399e-04 0.00000e+00
63.250000 -1.35332e-04 -2.17781e-04 0.00000e+00
63.260000 -1.34266e-04 -5.25746e-05 0.00000e+00
63.270000 -1.34158e-04 1.26480e-04 0.00000e+00
63.280000 -1.46202e-04 1.55828e-04 0.00000e+00
63.290000 -1.63102e-04 1.77466e-04 0.00000e+00
63.300000 -1.84656e-04 2.72566e-04 0.00000e+00
63.310000 -1.89533e-04 4.55278e-04 0.00000e+00
63.320000 -1.68510e-04 6.39528e-04 0.00000e+00
63.330000 -1.54674e-04 6.88782e-04 0.00000e+00
63.340000 -1.35571e-04 6.25932e-04 0.00000e+00
63.350000 -1.31513e-04 6.04222e-04 0.00000e+00
63.360000 -1.12659e-04 6.58805e-04 0.00000e+00
63.370000 -8.47968e-05 7.45953e-04 0.00000e+00
63.380000 -9.23360e-05 7.17894e-04 0.00000e+00
63.390000 -9.38461e-05 7.40882e-04 0.00000e+00
63.400000 -7.46081e-05 9.16369e-04 0.00000e+00
63.410000 -6.71177e-05 1.05715e-03 0.00000e+00
63.420000 -6.57193e-05 1.20455e-03 0.00000e+00
63.430000 -4.07621e-05 1.29741e-03 0.00000e+00
63.440000 -4.96987e-05 1.26319e-03 0.00000e+00
63.450000 -4.47757e-05 1.18498e-03 0.00000e+00
63.460000 -1.94375e-05 1.09000e-03 0.00000e+00
63.470000 -5.57597e-06 9.17987e-04 0.00000e+00
63.480000 -2.25954e-06 7.39694e-04 0.00000e+00
63.490000 -1.58672e-06 6.86389e-04 0.00000e+00
63.500000 -3.04680e-07 6.52792e-04 0.00000e+00
63.510000 1.20371e-05 6.65859e-04 0.00000e+00
63.520000 4.03576e-05 7.49095e-04 0.00000e+00
63.530000 5.19408e-05 8.12511e-04 0.00000e+00
63.540000 5.46730e-05 9.59283e-04 0.00000e+00
63.550000 6.28960e-05 1.04095e-03 0.00000e+00
63.560000 1.05888e-04 9.65434e-04 0.00000e+00
63.570000 9.24436e-05 8.70598e-04 0.00000e+00
63.580000 8.69195e-05 7.89473e-04 0.00000e+00
63.590000 7.47128e-05 7.05150e-04 0.00000e+00
63.600000 5.27464e-05 6.66346e-04 0.00000e+00
63.610000 5.08463e-05 5.75986e-04 0.00000e+00
63.620000 7.72389e-05 3.87730e-04 0.00000e+00
63.630000 8.26209e-05 2.47652e-04 0.00000e+00
63.640000 9.36533e-05 1.30593e-04 0.00000e+00
63.650000 1.14592e-04 -3.44216e-05 0.00000e+00
63.660000 1.32341e-04 -2.29890e-04 0.00000e+00
63.670000 1.34825e-04 -4.31473e-04 0.00000e+00
63.680000 1.67071e-04 -6.04732e-04 0.00000e+00
63.690000 1.53046e-04 -7.02394e-04 0.00000e+00
63.700000 1.39809e-04 -7.73414e-04 0.00000e+00
63.710000 1.24182e-04 -8.76628e-04 0.00000e+00
63.720000 8.60636e-05 -9.71006e-04 0.00000e+00
63.730000 6.03761e-05 -9.49302e-04 0.00000e+00
63.740000 4.74189e-05 -9.36606e-04 0.00000e+00
63.750000 4.64355e-05 -1.01035e-03 0.00000e+00
63.760000 3.43511e-05 -1.07725e-03 0.00000e+00
63.770000 1.16538e-05 -1.17991e-03 0.00000e+00
63.780000 -1.37046e-05 -1.26283e-03 0.00000e+00
63.790000 -3.15138e-05 -1.22597e-03 0.00000e+00
63.800000 -4.05774e-05 -1.13952e-03 0.00000e+00
63.810000 -4.94094e-05 -1.05331e-03 0.00000e+00
63.820000 -5.44059e-05 -8.96828e-04 0.00000e+00
63.830000 -5.67807e-05 -8.07825e-04 0.00000e+00
63.840000 -5.76971e-05 -7.00681e-04 0.00000e+00
63.850000 -5.71550e-05 -5.75396e-04 0.00000e+00
63.860000 -5.51546e-05 -4.31970e-04 0.00000e+00
63.870000 -5.16957e-05 -2.70403e-04 0.00000e+00
63.880000 -4.67783e-05 -9.06958e-05 0.00000e+00
63.890000 -4.04026e-05 1.07153e-04 0.00000e+00
63.900000 -3.25685e-05 3.23142e-04 0.00000e+00
63.910000 -2.32759e-05 5.57272e-04 0.00000e+00
63.920000 -1.25249e-05 8.09543e-04 0.00000e+00
63.930000 -3.15489e-07 1.07996e-03 0.00000e+00
63.940000 1.33523e-05 1.36851e-03 0.00000e+00
63.950000 2.84786e-05 1.67520e-03 0.00000e+00
63.960000 4.50633e-05 2.00004e-03 0.00000e+00
63.970000 6.31064e-05 2.34301e-03 0.00000e+00
63.980000 8.26079e-05 2.70413e-03 0.00000e+00
63.990000 1.03568e-04 3.08339e-03 0.00000e+00
