# focused wave waveinput_round2\waveinput_370060.dat
@v301
# Wavedata CFDwavemaker
[wave type]
piston

[general input data]
depth 0.6

[wave input piston]
# number of timesteps to read
6400
# Time[sec], paddle position[m], paddle velocity[m/s], surface_elevation[m]
0.000000 -0.00000e+00 -5.36088e-05 0.00000e+00
0.010000 -8.39421e-07 -4.41311e-05 0.00000e+00
0.020000 -1.48770e-06 -3.54758e-05 0.00000e+00
0.030000 -1.96244e-06 -2.76428e-05 0.00000e+00
0.040000 -2.28125e-06 -2.06321e-05 0.00000e+00
0.050000 -2.46173e-06 -1.44438e-05 0.00000e+00
0.060000 -2.52149e-06 -9.07782e-06 0.00000e+00
0.070000 -2.47814e-06 -4.53418e-06 0.00000e+00
0.080000 -2.34928e-06 -8.12882e-07 0.00000e+00
0.090000 -2.15251e-06 2.08608e-06 0.00000e+00
0.100000 -1.90544e-06 4.16269e-06 0.00000e+00
0.110000 -1.62568e-06 5.41697e-06 0.00000e+00
0.120000 -1.33083e-06 5.84890e-06 0.00000e+00
0.130000 -1.03850e-06 5.45849e-06 0.00000e+00
0.140000 -7.66290e-07 4.24574e-06 0.00000e+00
0.150000 -5.31809e-07 2.21066e-06 0.00000e+00
0.160000 -3.52662e-07 -6.46776e-07 0.00000e+00
0.170000 -2.46454e-07 -4.32655e-06 0.00000e+00
0.180000 -3.95948e-07 -1.61124e-05 0.00000e+00
0.190000 6.19433e-07 -2.81063e-05 0.00000e+00
0.200000 1.67461e-06 -4.27419e-05 0.00000e+00
0.210000 -3.71469e-08 -5.25555e-05 0.00000e+00
0.220000 -1.04110e-06 -6.26407e-05 0.00000e+00
0.230000 -2.28550e-06 -7.97789e-05 0.00000e+00
0.240000 -3.67169e-06 -9.64940e-05 0.00000e+00
0.250000 -3.61581e-06 -1.10538e-04 0.00000e+00
0.260000 -3.79797e-06 -1.14827e-04 0.00000e+00
0.270000 -3.76633e-06 -1.09240e-04 0.00000e+00
0.280000 -6.46088e-06 -1.00549e-04 0.00000e+00
0.290000 -8.89324e-06 -8.75410e-05 0.00000e+00
0.300000 -1.07565e-05 -7.24784e-05 0.00000e+00
0.310000 -9.89103e-06 -6.68604e-05 0.00000e+00
0.320000 -1.31909e-05 -7.46112e-05 0.00000e+00
0.330000 -1.52784e-05 -6.89438e-05 0.00000e+00
0.340000 -1.56912e-05 -5.70175e-05 0.00000e+00
0.350000 -1.58555e-05 -4.83429e-05 0.00000e+00
0.360000 -1.67925e-05 -2.83145e-05 0.00000e+00
0.370000 -1.69089e-05 -4.93031e-06 0.00000e+00
0.380000 -1.61830e-05 3.14414e-06 0.00000e+00
0.390000 -1.80714e-05 -4.68803e-06 0.00000e+00
0.400000 -1.68870e-05 -1.48313e-06 0.00000e+00
0.410000 -1.44515e-05 2.34605e-06 0.00000e+00
0.420000 -1.15781e-05 2.36613e-07 0.00000e+00
0.430000 -8.18037e-06 1.05213e-05 0.00000e+00
0.440000 -7.94789e-06 2.50968e-05 0.00000e+00
0.450000 -8.19012e-06 2.58986e-05 0.00000e+00
0.460000 -9.14974e-06 2.57811e-05 0.00000e+00
0.470000 -1.16196e-05 3.14725e-05 0.00000e+00
0.480000 -1.42801e-05 4.27918e-05 0.00000e+00
0.490000 -1.27442e-05 5.18999e-05 0.00000e+00
0.500000 -7.97607e-06 4.09831e-05 0.00000e+00
0.510000 -1.11791e-05 3.82980e-05 0.00000e+00
0.520000 -8.95707e-06 5.05207e-05 0.00000e+00
0.530000 -1.07036e-05 5.68584e-05 0.00000e+00
0.540000 -1.28940e-05 5.33792e-05 0.00000e+00
0.550000 -1.54140e-05 5.22068e-05 0.00000e+00
0.560000 -1.32700e-05 4.34117e-05 0.00000e+00
0.570000 -9.71659e-06 2.64286e-05 0.00000e+00
0.580000 -1.15025e-05 3.27959e-05 0.00000e+00
0.590000 -8.61538e-06 5.55733e-05 0.00000e+00
0.600000 -5.70435e-06 7.48043e-05 0.00000e+00
0.610000 -6.28781e-06 7.48509e-05 0.00000e+00
0.620000 -4.90805e-06 6.20427e-05 0.00000e+00
0.630000 -1.12168e-06 5.95893e-05 0.00000e+00
0.640000 -1.77638e-06 4.44882e-05 0.00000e+00
0.650000 -9.14802e-07 5.13826e-06 0.00000e+00
0.660000 -1.89171e-06 -2.33817e-05 0.00000e+00
0.670000 -2.45656e-06 -5.60767e-06 0.00000e+00
0.680000 1.76729e-06 1.32806e-05 0.00000e+00
0.690000 -4.94426e-07 3.22374e-05 0.00000e+00
0.700000 -2.54296e-06 4.83799e-05 0.00000e+00
0.710000 -4.48678e-06 2.38578e-05 0.00000e+00
0.720000 -3.34807e-06 -1.36717e-06 0.00000e+00
0.730000 -5.42843e-06 -1.06116e-05 0.00000e+00
0.740000 -3.10657e-06 2.72042e-06 0.00000e+00
0.750000 -9.50771e-07 -2.02006e-06 0.00000e+00
0.760000 -4.80582e-06 -5.75902e-06 0.00000e+00
0.770000 -9.10375e-06 1.25045e-05 0.00000e+00
0.780000 -1.09363e-05 -2.15095e-07 0.00000e+00
0.790000 -8.34688e-06 -1.66261e-05 0.00000e+00
0.800000 -6.57576e-06 5.00729e-07 0.00000e+00
0.810000 -9.74185e-06 1.60152e-05 0.00000e+00
0.820000 -4.99230e-06 2.24962e-05 0.00000e+00
0.830000 1.93513e-06 3.27598e-05 0.00000e+00
0.840000 7.91172e-06 2.33142e-05 0.00000e+00
0.850000 2.95623e-06 2.39348e-05 0.00000e+00
0.860000 3.85163e-06 1.73937e-05 0.00000e+00
0.870000 -5.84954e-06 -2.81838e-05 0.00000e+00
0.880000 -5.08366e-06 -7.11635e-05 0.00000e+00
0.890000 -1.68699e-06 -9.77702e-05 0.00000e+00
0.900000 -1.81553e-06 -1.24834e-04 0.00000e+00
0.910000 -2.21848e-06 -1.56017e-04 0.00000e+00
0.920000 -7.21011e-06 -1.59347e-04 0.00000e+00
0.930000 -3.25037e-06 -1.47864e-04 0.00000e+00
0.940000 -9.62946e-06 -1.58848e-04 0.00000e+00
0.950000 -1.18622e-05 -1.75401e-04 0.00000e+00
0.960000 -6.94091e-06 -1.70481e-04 0.00000e+00
0.970000 -7.42904e-06 -1.49938e-04 0.00000e+00
0.980000 -1.29927e-05 -1.51164e-04 0.00000e+00
0.990000 -1.53406e-05 -1.42341e-04 0.00000e+00
1.000000 -2.10266e-05 -9.15183e-05 0.00000e+00
1.010000 -2.78009e-05 -2.52917e-05 0.00000e+00
1.020000 -2.80478e-05 1.67304e-05 0.00000e+00
1.030000 -3.51919e-05 2.16020e-05 0.00000e+00
1.040000 -3.38860e-05 -6.81089e-06 0.00000e+00
1.050000 -2.82703e-05 -6.84436e-06 0.00000e+00
1.060000 -2.59577e-05 5.70795e-05 0.00000e+00
1.070000 -2.27345e-05 1.04726e-04 0.00000e+00
1.080000 -1.80154e-05 1.42607e-04 0.00000e+00
1.090000 -8.06842e-06 1.73029e-04 0.00000e+00
1.100000 -7.46470e-06 2.12122e-04 0.00000e+00
1.110000 -8.53627e-06 2.41235e-04 0.00000e+00
1.120000 -4.92701e-06 2.42615e-04 0.00000e+00
1.130000 -2.17006e-06 2.91196e-04 0.00000e+00
1.140000 -1.14430e-06 3.78539e-04 0.00000e+00
1.150000 -8.17447e-07 4.23786e-04 0.00000e+00
1.160000 5.94015e-06 4.20511e-04 0.00000e+00
1.170000 6.28954e-06 4.06459e-04 0.00000e+00
1.180000 6.19337e-06 3.71646e-04 0.00000e+00
1.190000 3.52469e-06 3.14881e-04 0.00000e+00
1.200000 4.03049e-06 2.23031e-04 0.00000e+00
1.210000 1.43266e-05 1.39061e-04 0.00000e+00
1.220000 2.84893e-05 1.08996e-04 0.00000e+00
1.230000 2.76392e-05 7.42439e-05 0.00000e+00
1.240000 2.49114e-05 1.42461e-05 0.00000e+00
1.250000 3.07237e-05 -4.70637e-05 0.00000e+00
1.260000 2.91913e-05 -6.37515e-05 0.00000e+00
1.270000 3.25850e-05 -5.51607e-05 0.00000e+00
1.280000 2.96629e-05 -9.60586e-05 0.00000e+00
1.290000 3.50315e-05 -1.58013e-04 0.00000e+00
1.300000 3.73689e-05 -2.27761e-04 0.00000e+00
1.310000 3.02353e-05 -3.10414e-04 0.00000e+00
1.320000 1.16454e-05 -3.69484e-04 0.00000e+00
1.330000 5.14437e-06 -3.92630e-04 0.00000e+00
1.340000 -7.66926e-07 -4.16190e-04 0.00000e+00
1.350000 -8.97139e-06 -4.56777e-04 0.00000e+00
1.360000 -1.74190e-05 -4.83657e-04 0.00000e+00
1.370000 -1.66113e-05 -4.92870e-04 0.00000e+00
1.380000 -1.18920e-05 -4.51148e-04 0.00000e+00
1.390000 -1.45447e-05 -3.46936e-04 0.00000e+00
1.400000 -2.39806e-05 -2.75805e-04 0.00000e+00
1.410000 -2.49237e-05 -2.38570e-04 0.00000e+00
1.420000 -2.48361e-05 -1.55666e-04 0.00000e+00
1.430000 -2.02958e-05 -6.76112e-05 0.00000e+00
1.440000 -3.10839e-05 2.50232e-05 0.00000e+00
1.450000 -4.23935e-05 1.23893e-04 0.00000e+00
1.460000 -4.38786e-05 2.33957e-04 0.00000e+00
1.470000 -4.28896e-05 3.63905e-04 0.00000e+00
1.480000 -3.30071e-05 4.63057e-04 0.00000e+00
1.490000 -2.14778e-05 4.76883e-04 0.00000e+00
1.500000 -1.82368e-05 4.50706e-04 0.00000e+00
1.510000 -1.24004e-05 4.71217e-04 0.00000e+00
1.520000 -2.87295e-06 4.80287e-04 0.00000e+00
1.530000 1.09950e-05 4.62196e-04 0.00000e+00
1.540000 1.70282e-05 4.35441e-04 0.00000e+00
1.550000 2.74979e-05 4.49804e-04 0.00000e+00
1.560000 2.73617e-05 4.62286e-04 0.00000e+00
1.570000 2.86103e-05 3.95809e-04 0.00000e+00
1.580000 3.97093e-05 3.28284e-04 0.00000e+00
1.590000 4.50332e-05 2.68827e-04 0.00000e+00
1.600000 4.40078e-05 2.55721e-04 0.00000e+00
1.610000 4.99586e-05 2.37445e-04 0.00000e+00
1.620000 4.56480e-05 1.23410e-04 0.00000e+00
1.630000 4.69036e-05 -1.54141e-05 0.00000e+00
1.640000 3.77521e-05 -1.31000e-04 0.00000e+00
1.650000 3.30976e-05 -1.74353e-04 0.00000e+00
1.660000 2.19241e-05 -1.83721e-04 0.00000e+00
1.670000 2.88496e-05 -2.11680e-04 0.00000e+00
1.680000 3.00012e-05 -2.44973e-04 0.00000e+00
1.690000 2.21798e-05 -2.64565e-04 0.00000e+00
1.700000 2.00068e-05 -2.25309e-04 0.00000e+00
1.710000 1.44898e-05 -2.11637e-04 0.00000e+00
1.720000 1.97691e-05 -2.26327e-04 0.00000e+00
1.730000 5.69271e-06 -2.21684e-04 0.00000e+00
1.740000 5.27364e-06 -2.28452e-04 0.00000e+00
1.750000 1.01276e-05 -1.96611e-04 0.00000e+00
1.760000 8.99190e-06 -1.60694e-04 0.00000e+00
1.770000 1.86767e-05 -1.82538e-04 0.00000e+00
1.780000 9.15210e-07 -1.93201e-04 0.00000e+00
1.790000 -3.45926e-06 -1.76710e-04 0.00000e+00
1.800000 -9.86727e-07 -1.51297e-04 0.00000e+00
1.810000 1.11391e-05 -1.36630e-04 0.00000e+00
1.820000 1.62192e-05 -1.40591e-04 0.00000e+00
1.830000 7.88111e-06 -1.80836e-04 0.00000e+00
1.840000 9.28705e-06 -1.69051e-04 0.00000e+00
1.850000 5.57955e-06 -5.98173e-05 0.00000e+00
1.860000 5.38300e-06 -1.38910e-05 0.00000e+00
1.870000 3.57951e-06 6.69217e-07 0.00000e+00
1.880000 -1.37071e-05 -2.97487e-06 0.00000e+00
1.890000 -4.58527e-06 4.89372e-05 0.00000e+00
1.900000 -6.32596e-06 9.50510e-05 0.00000e+00
1.910000 -6.88367e-06 6.17968e-05 0.00000e+00
1.920000 -1.07925e-05 1.00977e-04 0.00000e+00
1.930000 -1.69408e-05 1.77342e-04 0.00000e+00
1.940000 -1.50445e-05 3.09374e-04 0.00000e+00
1.950000 7.58238e-08 3.88153e-04 0.00000e+00
1.960000 5.80863e-06 3.88244e-04 0.00000e+00
1.970000 1.21145e-05 4.28625e-04 0.00000e+00
1.980000 1.27877e-05 5.00415e-04 0.00000e+00
1.990000 2.10278e-05 5.81698e-04 0.00000e+00
2.000000 2.51831e-05 5.93580e-04 0.00000e+00
2.010000 5.03090e-05 6.21985e-04 0.00000e+00
2.020000 4.58793e-05 6.60448e-04 0.00000e+00
2.030000 3.94245e-05 6.35649e-04 0.00000e+00
2.040000 4.80885e-05 6.00734e-04 0.00000e+00
2.050000 5.19843e-05 5.09694e-04 0.00000e+00
2.060000 7.32932e-05 4.39773e-04 0.00000e+00
2.070000 6.12197e-05 3.67386e-04 0.00000e+00
2.080000 7.53444e-05 2.48201e-04 0.00000e+00
2.090000 9.41695e-05 1.45608e-04 0.00000e+00
2.100000 9.75281e-05 -7.59242e-06 0.00000e+00
2.110000 1.00819e-04 -1.52356e-04 0.00000e+00
2.120000 8.06130e-05 -1.71705e-04 0.00000e+00
2.130000 8.48175e-05 -1.84243e-04 0.00000e+00
2.140000 7.76090e-05 -2.79180e-04 0.00000e+00
2.150000 7.55573e-05 -3.70291e-04 0.00000e+00
2.160000 6.66852e-05 -4.21094e-04 0.00000e+00
2.170000 6.16996e-05 -4.68697e-04 0.00000e+00
2.180000 6.22246e-05 -4.35266e-04 0.00000e+00
2.190000 3.89829e-05 -3.96854e-04 0.00000e+00
2.200000 2.88277e-05 -4.71927e-04 0.00000e+00
2.210000 2.47532e-05 -5.64571e-04 0.00000e+00
2.220000 1.57736e-05 -6.17977e-04 0.00000e+00
2.230000 1.36419e-05 -5.83342e-04 0.00000e+00
2.240000 -2.94588e-06 -5.73504e-04 0.00000e+00
2.250000 7.49206e-06 -5.66804e-04 0.00000e+00
2.260000 3.38322e-06 -4.77775e-04 0.00000e+00
2.270000 2.86112e-06 -3.56027e-04 0.00000e+00
2.280000 1.51480e-05 -2.75075e-04 0.00000e+00
2.290000 1.75019e-05 -2.74046e-04 0.00000e+00
2.300000 -7.34563e-06 -2.70322e-04 0.00000e+00
2.310000 -5.84973e-06 -2.57808e-04 0.00000e+00
2.320000 1.56090e-06 -2.27830e-04 0.00000e+00
2.330000 1.61873e-06 -1.64798e-04 0.00000e+00
2.340000 -4.94518e-06 -1.28813e-04 0.00000e+00
2.350000 -4.76327e-07 -7.18402e-05 0.00000e+00
2.360000 -2.38906e-05 -8.27117e-05 0.00000e+00
2.370000 -2.82230e-05 -1.71389e-04 0.00000e+00
2.380000 -3.19784e-05 -1.94307e-04 0.00000e+00
2.390000 -1.29292e-05 -1.80773e-04 0.00000e+00
2.400000 -1.57656e-05 -1.38610e-04 0.00000e+00
2.410000 -1.54116e-05 -1.40651e-04 0.00000e+00
2.420000 -1.56354e-05 -1.35580e-04 0.00000e+00
2.430000 -1.69133e-05 -1.06919e-04 0.00000e+00
2.440000 -1.70368e-05 -8.09041e-05 0.00000e+00
2.450000 -3.59930e-05 4.27599e-05 0.00000e+00
2.460000 -2.91239e-05 1.31981e-04 0.00000e+00
2.470000 -3.31413e-05 8.57405e-05 0.00000e+00
2.480000 -2.65556e-05 5.31903e-05 0.00000e+00
2.490000 -1.81993e-05 1.13890e-04 0.00000e+00
2.500000 -2.14861e-05 1.93112e-04 0.00000e+00
2.510000 -3.09164e-05 2.00243e-04 0.00000e+00
2.520000 -2.76645e-05 1.88597e-04 0.00000e+00
2.530000 -3.90076e-05 9.97548e-05 0.00000e+00
2.540000 -2.40052e-05 -8.17133e-05 0.00000e+00
2.550000 -1.07919e-05 -2.58648e-04 0.00000e+00
2.560000 -5.52649e-06 -3.35228e-04 0.00000e+00
2.570000 -7.68391e-06 -3.67899e-04 0.00000e+00
2.580000 -1.75588e-05 -4.47014e-04 0.00000e+00
2.590000 -1.26297e-05 -5.31089e-04 0.00000e+00
2.600000 -1.66757e-05 -6.30460e-04 0.00000e+00
2.610000 -8.96481e-06 -6.90077e-04 0.00000e+00
2.620000 -2.21719e-05 -7.80732e-04 0.00000e+00
2.630000 -4.79693e-05 -8.01851e-04 0.00000e+00
2.640000 -4.61214e-05 -7.90556e-04 0.00000e+00
2.650000 -4.89528e-05 -7.73842e-04 0.00000e+00
2.660000 -6.14226e-05 -6.72413e-04 0.00000e+00
2.670000 -8.25909e-05 -6.31035e-04 0.00000e+00
2.680000 -1.12521e-04 -6.84175e-04 0.00000e+00
2.690000 -1.24100e-04 -6.59018e-04 0.00000e+00
2.700000 -1.49522e-04 -5.79183e-04 0.00000e+00
2.710000 -1.49761e-04 -4.68021e-04 0.00000e+00
2.720000 -1.46500e-04 -2.11869e-04 0.00000e+00
2.730000 -1.26581e-04 1.11233e-04 0.00000e+00
2.740000 -1.37304e-04 3.59327e-04 0.00000e+00
2.750000 -1.27590e-04 4.71959e-04 0.00000e+00
2.760000 -1.28632e-04 6.19374e-04 0.00000e+00
2.770000 -1.06450e-04 8.61778e-04 0.00000e+00
2.780000 -9.04953e-05 1.15877e-03 0.00000e+00
2.790000 -7.43749e-05 1.41555e-03 0.00000e+00
2.800000 -5.25648e-05 1.51759e-03 0.00000e+00
2.810000 -5.70070e-05 1.60662e-03 0.00000e+00
2.820000 -3.02042e-05 1.73254e-03 0.00000e+00
2.830000 -2.91190e-05 1.81698e-03 0.00000e+00
2.840000 -2.14653e-05 1.88513e-03 0.00000e+00
2.850000 6.83700e-06 1.83721e-03 0.00000e+00
2.860000 5.49327e-05 1.70469e-03 0.00000e+00
2.870000 6.86368e-05 1.50515e-03 0.00000e+00
2.880000 9.96676e-05 1.21897e-03 0.00000e+00
2.890000 1.19808e-04 9.84853e-04 0.00000e+00
2.900000 1.18123e-04 8.56261e-04 0.00000e+00
2.910000 9.94779e-05 6.86055e-04 0.00000e+00
2.920000 1.12756e-04 3.74874e-04 0.00000e+00
2.930000 1.42028e-04 6.30963e-05 0.00000e+00
2.940000 1.50784e-04 -2.12218e-04 0.00000e+00
2.950000 1.41409e-04 -4.73898e-04 0.00000e+00
2.960000 1.18412e-04 -6.86279e-04 0.00000e+00
2.970000 1.03618e-04 -8.45868e-04 0.00000e+00
2.980000 1.00360e-04 -1.07111e-03 0.00000e+00
2.990000 8.85262e-05 -1.35360e-03 0.00000e+00
3.000000 7.76414e-05 -1.59662e-03 0.00000e+00
3.010000 5.63242e-05 -1.84231e-03 0.00000e+00
3.020000 9.44263e-06 -1.98478e-03 0.00000e+00
3.030000 -1.02177e-05 -1.93098e-03 0.00000e+00
3.040000 -4.13544e-05 -1.88608e-03 0.00000e+00
3.050000 -5.29508e-05 -1.81248e-03 0.00000e+00
3.060000 -5.20603e-05 -1.63825e-03 0.00000e+00
3.070000 -6.92905e-05 -1.53975e-03 0.00000e+00
3.080000 -1.06229e-04 -1.50313e-03 0.00000e+00
3.090000 -1.31743e-04 -1.39085e-03 0.00000e+00
3.100000 -1.24342e-04 -1.09225e-03 0.00000e+00
3.110000 -1.43149e-04 -7.67420e-04 0.00000e+00
3.120000 -1.39515e-04 -5.09346e-04 0.00000e+00
3.130000 -1.40172e-04 -2.70540e-04 0.00000e+00
3.140000 -1.56015e-04 -9.11954e-05 0.00000e+00
3.150000 -1.69712e-04 8.21001e-05 0.00000e+00
3.160000 -1.70961e-04 3.07544e-04 0.00000e+00
3.170000 -1.41941e-04 5.75362e-04 0.00000e+00
3.180000 -1.36239e-04 7.68848e-04 0.00000e+00
3.190000 -1.06376e-04 7.98605e-04 0.00000e+00
3.200000 -1.01812e-04 8.31133e-04 0.00000e+00
3.210000 -9.70164e-05 8.65014e-04 0.00000e+00
3.220000 -7.37234e-05 8.63873e-04 0.00000e+00
3.230000 -7.17682e-05 9.76936e-04 0.00000e+00
3.240000 -6.50687e-05 1.06996e-03 0.00000e+00
3.250000 -3.92317e-05 9.63952e-04 0.00000e+00
3.260000 -2.73984e-05 7.95620e-04 0.00000e+00
3.270000 -1.13370e-05 7.75033e-04 0.00000e+00
3.280000 -2.40162e-05 7.04504e-04 0.00000e+00
3.290000 -7.41398e-06 5.64313e-04 0.00000e+00
3.300000 -1.54821e-05 4.88297e-04 0.00000e+00
3.310000 -2.21706e-05 3.42233e-04 0.00000e+00
3.320000 -1.53542e-05 1.17810e-04 0.00000e+00
3.330000 -6.48253e-08 -1.42041e-04 0.00000e+00
3.340000 -1.19472e-05 -2.59904e-04 0.00000e+00
3.350000 -2.97450e-05 -2.81982e-04 0.00000e+00
3.360000 -2.75752e-05 -3.20092e-04 0.00000e+00
3.370000 -1.71857e-05 -3.37502e-04 0.00000e+00
3.380000 -3.06524e-05 -3.82061e-04 0.00000e+00
3.390000 -2.22131e-05 -3.58963e-04 0.00000e+00
3.400000 -2.45234e-05 -3.41204e-04 0.00000e+00
3.410000 -4.80978e-05 -3.36342e-04 0.00000e+00
3.420000 -5.98368e-05 -2.43182e-04 0.00000e+00
3.430000 -4.37591e-05 -1.70827e-04 0.00000e+00
3.440000 -5.07759e-05 -1.24567e-04 0.00000e+00
3.450000 -7.57959e-05 -1.36594e-04 0.00000e+00
3.460000 -6.60098e-05 -1.03259e-04 0.00000e+00
3.470000 -6.96666e-05 -2.34489e-05 0.00000e+00
3.480000 -7.61228e-05 1.15878e-05 0.00000e+00
3.490000 -7.28175e-05 8.50523e-05 0.00000e+00
3.500000 -6.36560e-05 1.81560e-04 0.00000e+00
3.510000 -3.10462e-05 2.39412e-04 0.00000e+00
3.520000 -3.73925e-05 2.18474e-04 0.00000e+00
3.530000 -3.39320e-05 2.68368e-04 0.00000e+00
3.540000 -2.38716e-05 4.41668e-04 0.00000e+00
3.550000 -2.03260e-05 5.71833e-04 0.00000e+00
3.560000 -1.61781e-05 6.48651e-04 0.00000e+00
3.570000 -2.16256e-05 7.17568e-04 0.00000e+00
3.580000 -1.20172e-05 6.83177e-04 0.00000e+00
3.590000 -2.49703e-05 5.40688e-04 0.00000e+00
3.600000 -3.13392e-05 4.09243e-04 0.00000e+00
3.610000 -2.27606e-05 2.80118e-04 0.00000e+00
3.620000 -1.50841e-05 7.05259e-05 0.00000e+00
3.630000 6.92453e-06 -9.91065e-05 0.00000e+00
3.640000 1.28903e-06 -2.14379e-04 0.00000e+00
3.650000 1.03362e-05 -4.07857e-04 0.00000e+00
3.660000 1.15485e-06 -6.28583e-04 0.00000e+00
3.670000 3.41875e-06 -7.84725e-04 0.00000e+00
3.680000 8.01840e-06 -8.39950e-04 0.00000e+00
3.690000 1.53366e-05 -8.84244e-04 0.00000e+00
3.700000 2.28060e-05 -9.73693e-04 0.00000e+00
3.710000 4.16636e-06 -9.64899e-04 0.00000e+00
3.720000 -2.79011e-05 -9.18320e-04 0.00000e+00
3.730000 -5.71268e-05 -8.90031e-04 0.00000e+00
3.740000 -8.36361e-05 -8.41969e-04 0.00000e+00
3.750000 -1.12219e-04 -8.20530e-04 0.00000e+00
3.760000 -1.39013e-04 -8.29688e-04 0.00000e+00
3.770000 -1.45373e-04 -7.95701e-04 0.00000e+00
3.780000 -1.44682e-04 -7.38123e-04 0.00000e+00
3.790000 -1.42916e-04 -5.86161e-04 0.00000e+00
3.800000 -1.46052e-04 -3.19463e-04 0.00000e+00
3.810000 -1.51472e-04 -7.77123e-05 0.00000e+00
3.820000 -1.60431e-04 2.00758e-04 0.00000e+00
3.830000 -1.44675e-04 4.53085e-04 0.00000e+00
3.840000 -1.27744e-04 5.96443e-04 0.00000e+00
3.850000 -1.13915e-04 8.04595e-04 0.00000e+00
3.860000 -9.61002e-05 1.11573e-03 0.00000e+00
3.870000 -8.23001e-05 1.41359e-03 0.00000e+00
3.880000 -5.76652e-05 1.63999e-03 0.00000e+00
3.890000 -6.19488e-05 1.70923e-03 0.00000e+00
3.900000 -4.51912e-05 1.61434e-03 0.00000e+00
3.910000 -3.76417e-05 1.47064e-03 0.00000e+00
3.920000 -3.20440e-05 1.31371e-03 0.00000e+00
3.930000 1.67210e-06 1.08224e-03 0.00000e+00
3.940000 2.81334e-05 7.93734e-04 0.00000e+00
3.950000 3.48684e-05 6.11441e-04 0.00000e+00
3.960000 7.96068e-05 4.92802e-04 0.00000e+00
3.970000 6.87148e-05 2.95750e-04 0.00000e+00
3.980000 8.25037e-05 6.16180e-05 0.00000e+00
3.990000 7.51299e-05 -2.13604e-04 0.00000e+00
4.000000 5.65713e-05 -4.51493e-04 0.00000e+00
4.010000 4.88441e-05 -5.96247e-04 0.00000e+00
4.020000 6.95162e-05 -7.61292e-04 0.00000e+00
4.030000 4.50187e-05 -8.56216e-04 0.00000e+00
4.040000 1.59045e-05 -8.25172e-04 0.00000e+00
4.050000 -1.21330e-05 -7.90247e-04 0.00000e+00
4.060000 -5.06478e-05 -8.40853e-04 0.00000e+00
4.070000 -7.05801e-05 -8.83734e-04 0.00000e+00
4.080000 -6.89649e-05 -8.75704e-04 0.00000e+00
4.090000 -8.05100e-05 -9.25159e-04 0.00000e+00
4.100000 -9.24992e-05 -8.14914e-04 0.00000e+00
4.110000 -9.06923e-05 -5.96601e-04 0.00000e+00
4.120000 -6.53391e-05 -4.62031e-04 0.00000e+00
4.130000 -8.86650e-05 -1.75720e-04 0.00000e+00
4.140000 -9.06230e-05 9.95993e-05 0.00000e+00
4.150000 -8.63505e-05 2.97316e-04 0.00000e+00
4.160000 -7.96766e-05 5.06248e-04 0.00000e+00
4.170000 -6.26847e-05 6.34565e-04 0.00000e+00
4.180000 -4.80932e-05 7.13931e-04 0.00000e+00
4.190000 -3.78438e-05 8.96055e-04 0.00000e+00
4.200000 6.65979e-07 1.08756e-03 0.00000e+00
4.210000 -3.26059e-06 1.09146e-03 0.00000e+00
4.220000 -1.47382e-05 1.03937e-03 0.00000e+00
4.230000 -9.34348e-06 9.29328e-04 0.00000e+00
4.240000 9.78072e-06 7.80829e-04 0.00000e+00
4.250000 1.31176e-05 6.75376e-04 0.00000e+00
4.260000 2.96417e-05 5.73252e-04 0.00000e+00
4.270000 6.13981e-05 4.13584e-04 0.00000e+00
4.280000 4.39056e-05 2.38937e-04 0.00000e+00
4.290000 6.03170e-05 1.98254e-04 0.00000e+00
4.300000 7.02645e-05 1.56568e-04 0.00000e+00
4.310000 4.75931e-05 -2.05708e-06 0.00000e+00
4.320000 5.27811e-05 -1.10414e-04 0.00000e+00
4.330000 3.71071e-05 -1.87797e-04 0.00000e+00
4.340000 3.95736e-05 -2.42910e-04 0.00000e+00
4.350000 2.36120e-05 -2.52103e-04 0.00000e+00
4.360000 4.02504e-05 -2.43188e-04 0.00000e+00
4.370000 1.33745e-05 -1.30220e-04 0.00000e+00
4.380000 4.74746e-06 -7.10000e-05 0.00000e+00
4.390000 1.60103e-06 -1.69328e-04 0.00000e+00
4.400000 -2.16533e-06 -2.50817e-04 0.00000e+00
4.410000 -7.70740e-06 -2.20456e-04 0.00000e+00
4.420000 -6.07784e-06 -1.73001e-04 0.00000e+00
4.430000 -4.11926e-06 -1.20583e-04 0.00000e+00
4.440000 -4.50876e-07 1.02946e-04 0.00000e+00
4.450000 1.02740e-05 2.22172e-04 0.00000e+00
4.460000 3.33094e-05 3.04359e-04 0.00000e+00
4.470000 2.49887e-05 5.01567e-04 0.00000e+00
4.480000 2.49213e-05 5.45259e-04 0.00000e+00
4.490000 3.73663e-05 5.06133e-04 0.00000e+00
4.500000 3.80678e-05 4.09902e-04 0.00000e+00
4.510000 4.56364e-05 3.58233e-04 0.00000e+00
4.520000 5.28955e-05 3.35671e-04 0.00000e+00
4.530000 5.44246e-05 3.21274e-04 0.00000e+00
4.540000 5.21855e-05 2.96574e-04 0.00000e+00
4.550000 3.37662e-05 1.60616e-04 0.00000e+00
4.560000 4.86361e-05 -7.71972e-06 0.00000e+00
4.570000 5.73479e-05 -1.56532e-04 0.00000e+00
4.580000 7.59042e-05 -2.61845e-04 0.00000e+00
4.590000 6.90509e-05 -3.60717e-04 0.00000e+00
4.600000 8.49111e-05 -4.09459e-04 0.00000e+00
4.610000 7.98657e-05 -4.48720e-04 0.00000e+00
4.620000 4.90924e-05 -5.42018e-04 0.00000e+00
4.630000 5.84483e-05 -5.31146e-04 0.00000e+00
4.640000 2.48163e-05 -4.67111e-04 0.00000e+00
4.650000 6.35996e-07 -4.81756e-04 0.00000e+00
4.660000 -1.06313e-05 -4.18878e-04 0.00000e+00
4.670000 -1.00062e-05 -3.10531e-04 0.00000e+00
4.680000 1.18264e-05 -2.68138e-04 0.00000e+00
4.690000 -9.58125e-06 -1.86458e-04 0.00000e+00
4.700000 -6.66439e-06 -9.12172e-05 0.00000e+00
4.710000 -2.27053e-05 -3.64035e-05 0.00000e+00
4.720000 -3.11207e-05 -3.99354e-05 0.00000e+00
4.730000 -3.02320e-05 -1.54720e-05 0.00000e+00
4.740000 -2.33898e-06 5.66696e-05 0.00000e+00
4.750000 8.61337e-07 1.79583e-04 0.00000e+00
4.760000 1.01245e-05 3.66542e-04 0.00000e+00
4.770000 1.76847e-05 5.51483e-04 0.00000e+00
4.780000 1.33764e-05 7.14306e-04 0.00000e+00
4.790000 2.00212e-05 7.19184e-04 0.00000e+00
4.800000 5.84624e-05 7.26467e-04 0.00000e+00
4.810000 5.30981e-05 6.82666e-04 0.00000e+00
4.820000 5.83607e-05 4.95076e-04 0.00000e+00
4.830000 6.85270e-05 2.88871e-04 0.00000e+00
4.840000 6.04837e-05 1.54350e-04 0.00000e+00
4.850000 5.06818e-05 1.96162e-04 0.00000e+00
4.860000 6.94992e-05 1.56107e-04 0.00000e+00
4.870000 5.22681e-05 6.83743e-06 0.00000e+00
4.880000 6.07275e-05 -1.31483e-04 0.00000e+00
4.890000 5.25617e-05 -3.02532e-04 0.00000e+00
4.900000 6.56788e-05 -4.27763e-04 0.00000e+00
4.910000 5.93695e-05 -4.20802e-04 0.00000e+00
4.920000 8.31558e-05 -3.80924e-04 0.00000e+00
4.930000 6.72754e-05 -4.20923e-04 0.00000e+00
4.940000 4.71129e-05 -4.88179e-04 0.00000e+00
4.950000 2.12428e-05 -5.63300e-04 0.00000e+00
4.960000 4.77210e-06 -6.25063e-04 0.00000e+00
4.970000 -5.78460e-06 -5.72973e-04 0.00000e+00
4.980000 -2.27463e-05 -4.84292e-04 0.00000e+00
4.990000 -2.31875e-05 -4.59291e-04 0.00000e+00
5.000000 -1.85817e-05 -3.71117e-04 0.00000e+00
5.010000 4.29122e-06 -2.87620e-04 0.00000e+00
5.020000 6.84253e-07 -2.93789e-04 0.00000e+00
5.030000 -2.51453e-05 -2.15218e-04 0.00000e+00
5.040000 -1.57288e-05 -1.60518e-04 0.00000e+00
5.050000 -1.22958e-05 -1.81744e-04 0.00000e+00
5.060000 -3.28849e-06 -2.28307e-04 0.00000e+00
5.070000 2.22864e-06 -2.23104e-04 0.00000e+00
5.080000 4.76318e-06 -1.05257e-04 0.00000e+00
5.090000 -1.38267e-05 5.39860e-05 0.00000e+00
5.100000 -2.22031e-05 2.28866e-04 0.00000e+00
5.110000 -2.04747e-05 3.04563e-04 0.00000e+00
5.120000 -5.39473e-06 3.13562e-04 0.00000e+00
5.130000 -5.32885e-06 2.94808e-04 0.00000e+00
5.140000 8.21333e-06 2.79317e-04 0.00000e+00
5.150000 9.62788e-06 2.33514e-04 0.00000e+00
5.160000 8.48526e-06 1.56431e-04 0.00000e+00
5.170000 1.29081e-05 1.20530e-04 0.00000e+00
5.180000 1.11547e-06 2.53815e-04 0.00000e+00
5.190000 -4.84471e-06 4.25439e-04 0.00000e+00
5.200000 2.49191e-06 3.97864e-04 0.00000e+00
5.210000 -1.67379e-05 4.06598e-04 0.00000e+00
5.220000 -4.82001e-06 5.24018e-04 0.00000e+00
5.230000 3.94443e-06 6.20604e-04 0.00000e+00
5.240000 4.77080e-05 6.87822e-04 0.00000e+00
5.250000 5.34158e-05 6.87215e-04 0.00000e+00
5.260000 5.72329e-05 5.92047e-04 0.00000e+00
5.270000 6.04952e-05 4.38367e-04 0.00000e+00
5.280000 5.17402e-05 2.83147e-04 0.00000e+00
5.290000 5.15283e-05 2.17694e-04 0.00000e+00
5.300000 5.07541e-05 2.15651e-04 0.00000e+00
5.310000 5.42062e-05 2.20146e-04 0.00000e+00
5.320000 5.74195e-05 2.71647e-04 0.00000e+00
5.330000 6.76914e-05 2.42147e-04 0.00000e+00
5.340000 9.36901e-05 1.51220e-04 0.00000e+00
5.350000 1.12783e-04 -7.69380e-06 0.00000e+00
5.360000 9.01582e-05 -2.00547e-04 0.00000e+00
5.370000 8.14518e-05 -3.37315e-04 0.00000e+00
5.380000 9.43114e-05 -5.55329e-04 0.00000e+00
5.390000 7.11818e-05 -7.60996e-04 0.00000e+00
5.400000 5.16051e-05 -8.05408e-04 0.00000e+00
5.410000 2.64206e-05 -7.03734e-04 0.00000e+00
5.420000 1.29796e-05 -5.82508e-04 0.00000e+00
5.430000 7.01981e-06 -5.11760e-04 0.00000e+00
5.440000 8.49769e-06 -3.96492e-04 0.00000e+00
5.450000 1.23100e-05 -3.21145e-04 0.00000e+00
5.460000 3.34111e-05 -3.50127e-04 0.00000e+00
5.470000 2.43967e-05 -4.08434e-04 0.00000e+00
5.480000 1.70614e-05 -4.05620e-04 0.00000e+00
5.490000 1.08502e-06 -3.63557e-04 0.00000e+00
5.500000 -3.33243e-05 -2.93437e-04 0.00000e+00
5.510000 -3.59390e-05 -1.09258e-04 0.00000e+00
5.520000 -4.37247e-05 1.39251e-04 0.00000e+00
5.530000 -2.42808e-05 2.69257e-04 0.00000e+00
5.540000 -2.46025e-05 2.71384e-04 0.00000e+00
5.550000 -8.64293e-06 3.76193e-04 0.00000e+00
5.560000 2.34306e-05 4.26630e-04 0.00000e+00
5.570000 5.02567e-05 3.14914e-04 0.00000e+00
5.580000 4.78862e-05 2.10638e-04 0.00000e+00
5.590000 5.13725e-05 1.31409e-04 0.00000e+00
5.600000 5.12606e-05 9.45584e-05 0.00000e+00
5.610000 4.62838e-05 1.48406e-04 0.00000e+00
5.620000 2.06124e-05 2.26162e-04 0.00000e+00
5.630000 1.35887e-05 3.70786e-04 0.00000e+00
5.640000 2.84067e-05 5.46835e-04 0.00000e+00
5.650000 4.86036e-05 5.85930e-04 0.00000e+00
5.660000 4.70773e-05 5.23822e-04 0.00000e+00
5.670000 5.86572e-05 3.73272e-04 0.00000e+00
5.680000 5.67244e-05 2.07332e-04 0.00000e+00
5.690000 4.49492e-05 5.84168e-05 0.00000e+00
5.700000 2.86585e-05 1.34033e-06 0.00000e+00
5.710000 2.42456e-05 7.59742e-06 0.00000e+00
5.720000 3.47514e-05 5.62902e-05 0.00000e+00
5.730000 1.59469e-05 2.50063e-04 0.00000e+00
5.740000 3.75816e-05 4.93454e-04 0.00000e+00
5.750000 6.27402e-05 6.03019e-04 0.00000e+00
5.760000 7.94047e-05 6.57194e-04 0.00000e+00
5.770000 9.70286e-05 7.26104e-04 0.00000e+00
5.780000 1.12391e-04 7.23752e-04 0.00000e+00
5.790000 1.01854e-04 5.84723e-04 0.00000e+00
5.800000 1.13678e-04 4.14785e-04 0.00000e+00
5.810000 9.16786e-05 3.89822e-04 0.00000e+00
5.820000 7.13288e-05 4.55643e-04 0.00000e+00
5.830000 7.33440e-05 4.63401e-04 0.00000e+00
5.840000 8.48818e-05 4.02455e-04 0.00000e+00
5.850000 9.26837e-05 3.01943e-04 0.00000e+00
5.860000 1.16053e-04 1.15133e-04 0.00000e+00
5.870000 1.42911e-04 -5.65853e-05 0.00000e+00
5.880000 1.52882e-04 -2.01939e-04 0.00000e+00
5.890000 1.64685e-04 -3.75121e-04 0.00000e+00
5.900000 1.53733e-04 -5.95998e-04 0.00000e+00
5.910000 1.29190e-04 -7.04252e-04 0.00000e+00
5.920000 1.05011e-04 -6.60905e-04 0.00000e+00
5.930000 1.07151e-04 -5.90860e-04 0.00000e+00
5.940000 8.04255e-05 -5.10650e-04 0.00000e+00
5.950000 6.81711e-05 -4.38871e-04 0.00000e+00
5.960000 5.59571e-05 -4.23158e-04 0.00000e+00
5.970000 7.31205e-05 -3.93989e-04 0.00000e+00
5.980000 6.51645e-05 -3.89861e-04 0.00000e+00
5.990000 4.82546e-05 -4.76443e-04 0.00000e+00
6.000000 2.05444e-05 -5.40194e-04 0.00000e+00
6.010000 1.01752e-05 -5.68186e-04 0.00000e+00
6.020000 2.86082e-06 -6.13054e-04 0.00000e+00
6.030000 1.25268e-05 -6.01128e-04 0.00000e+00
6.040000 2.65516e-05 -4.49115e-04 0.00000e+00
6.050000 1.34521e-05 -2.39251e-04 0.00000e+00
6.060000 1.46942e-05 -8.15960e-05 0.00000e+00
6.070000 4.19658e-05 -4.18638e-05 0.00000e+00
6.080000 6.12956e-05 -9.19081e-05 0.00000e+00
6.090000 5.43149e-05 -1.77549e-04 0.00000e+00
6.100000 5.42322e-05 -2.03518e-04 0.00000e+00
6.110000 3.92410e-05 -2.42865e-04 0.00000e+00
6.120000 3.34289e-05 -3.50643e-04 0.00000e+00
6.130000 2.76880e-05 -5.24348e-04 0.00000e+00
6.140000 2.45467e-05 -5.89846e-04 0.00000e+00
6.150000 8.55670e-06 -5.64530e-04 0.00000e+00
6.160000 1.20647e-06 -6.50949e-04 0.00000e+00
6.170000 -1.60785e-05 -7.58258e-04 0.00000e+00
6.180000 -2.26072e-05 -8.45704e-04 0.00000e+00
6.190000 -2.72270e-05 -9.23179e-04 0.00000e+00
6.200000 -1.22075e-05 -9.54262e-04 0.00000e+00
6.210000 -1.77534e-05 -8.62932e-04 0.00000e+00
6.220000 -3.49582e-05 -8.02225e-04 0.00000e+00
6.230000 -7.45484e-05 -8.38593e-04 0.00000e+00
6.240000 -8.25691e-05 -7.33725e-04 0.00000e+00
6.250000 -8.59604e-05 -4.67458e-04 0.00000e+00
6.260000 -8.82095e-05 -2.34958e-04 0.00000e+00
6.270000 -9.49814e-05 -9.20509e-06 0.00000e+00
6.280000 -1.05134e-04 1.81142e-04 0.00000e+00
6.290000 -1.13185e-04 3.10580e-04 0.00000e+00
6.300000 -1.12073e-04 4.73085e-04 0.00000e+00
6.310000 -7.33671e-05 5.84680e-04 0.00000e+00
6.320000 -8.05238e-05 6.75743e-04 0.00000e+00
6.330000 -6.76949e-05 7.99754e-04 0.00000e+00
6.340000 -4.95694e-05 8.31112e-04 0.00000e+00
6.350000 -4.53832e-05 8.09817e-04 0.00000e+00
6.360000 -3.35589e-05 8.74686e-04 0.00000e+00
6.370000 -1.28354e-05 1.00448e-03 0.00000e+00
6.380000 6.68453e-06 1.15455e-03 0.00000e+00
6.390000 4.29336e-06 1.25590e-03 0.00000e+00
6.400000 2.40875e-05 1.21772e-03 0.00000e+00
6.410000 6.33519e-05 1.15742e-03 0.00000e+00
6.420000 7.52106e-05 1.10198e-03 0.00000e+00
6.430000 7.63130e-05 9.98652e-04 0.00000e+00
6.440000 7.96143e-05 8.90873e-04 0.00000e+00
6.450000 6.32994e-05 6.99183e-04 0.00000e+00
6.460000 6.77345e-05 4.74603e-04 0.00000e+00
6.470000 6.70121e-05 3.06788e-04 0.00000e+00
6.480000 5.90806e-05 2.42942e-04 0.00000e+00
6.490000 8.14564e-05 2.08421e-04 0.00000e+00
6.500000 7.11289e-05 9.97935e-05 0.00000e+00
6.510000 6.55123e-05 5.96846e-05 0.00000e+00
6.520000 8.80310e-05 1.79346e-05 0.00000e+00
6.530000 1.06166e-04 -1.14821e-04 0.00000e+00
6.540000 1.00226e-04 -2.10646e-04 0.00000e+00
6.550000 1.07510e-04 -2.45481e-04 0.00000e+00
6.560000 8.86103e-05 -3.39740e-04 0.00000e+00
6.570000 7.42879e-05 -4.69640e-04 0.00000e+00
6.580000 6.27122e-05 -4.37121e-04 0.00000e+00
6.590000 4.04759e-05 -3.60286e-04 0.00000e+00
6.600000 4.25563e-05 -3.64436e-04 0.00000e+00
6.610000 3.86196e-05 -4.10106e-04 0.00000e+00
6.620000 3.12787e-05 -5.55646e-04 0.00000e+00
6.630000 5.05748e-05 -6.70238e-04 0.00000e+00
6.640000 5.22909e-05 -7.19033e-04 0.00000e+00
6.650000 5.08041e-05 -8.22044e-04 0.00000e+00
6.660000 5.02301e-05 -7.72842e-04 0.00000e+00
6.670000 2.89996e-05 -7.20381e-04 0.00000e+00
6.680000 3.27732e-05 -7.50020e-04 0.00000e+00
6.690000 3.50029e-07 -6.19831e-04 0.00000e+00
6.700000 -8.58243e-06 -4.25841e-04 0.00000e+00
6.710000 -8.24464e-06 -2.95393e-04 0.00000e+00
6.720000 -1.38039e-05 -1.14645e-04 0.00000e+00
6.730000 -2.75335e-05 -1.00217e-05 0.00000e+00
6.740000 -2.41927e-05 5.24298e-06 0.00000e+00
6.750000 -1.49042e-05 3.24952e-05 0.00000e+00
6.760000 -3.25086e-05 -2.53172e-06 0.00000e+00
6.770000 -3.83252e-05 3.14126e-05 0.00000e+00
6.780000 -4.98951e-05 9.19107e-05 0.00000e+00
6.790000 -4.16276e-05 8.09149e-05 0.00000e+00
6.800000 -1.74478e-05 1.36194e-04 0.00000e+00
6.810000 -1.41030e-05 2.35206e-04 0.00000e+00
6.820000 3.59853e-06 2.35601e-04 0.00000e+00
6.830000 3.06893e-05 2.70735e-04 0.00000e+00
6.840000 1.07294e-05 2.35543e-04 0.00000e+00
6.850000 4.18995e-05 1.87558e-04 0.00000e+00
6.860000 3.85716e-05 1.12399e-04 0.00000e+00
6.870000 3.22405e-05 -4.18480e-05 0.00000e+00
6.880000 3.00784e-05 -8.69158e-05 0.00000e+00
6.890000 3.32992e-05 -1.19502e-04 0.00000e+00
6.900000 -3.35020e-06 -1.94043e-04 0.00000e+00
6.910000 1.64247e-05 -2.31252e-04 0.00000e+00
6.920000 -6.75166e-06 -2.29624e-04 0.00000e+00
6.930000 7.06956e-06 -3.09556e-04 0.00000e+00
6.940000 -2.13443e-06 -3.63576e-04 0.00000e+00
6.950000 -1.51621e-05 -3.66433e-04 0.00000e+00
6.960000 -2.64780e-05 -3.80869e-04 0.00000e+00
6.970000 -1.98302e-05 -2.74828e-04 0.00000e+00
6.980000 -3.90583e-05 -1.40135e-04 0.00000e+00
6.990000 -4.14905e-05 -3.62887e-05 0.00000e+00
7.000000 -3.19190e-05 1.65440e-04 0.00000e+00
7.010000 -5.03594e-05 2.99778e-04 0.00000e+00
7.020000 -2.92800e-05 4.35175e-04 0.00000e+00
7.030000 -3.83716e-05 6.03360e-04 0.00000e+00
7.040000 -1.68935e-05 7.01331e-04 0.00000e+00
7.050000 -3.94458e-06 8.51136e-04 0.00000e+00
7.060000 1.84049e-07 9.94908e-04 0.00000e+00
7.070000 1.34533e-05 9.47813e-04 0.00000e+00
7.080000 2.48504e-05 9.18547e-04 0.00000e+00
7.090000 3.00997e-05 9.22500e-04 0.00000e+00
7.100000 5.12417e-05 8.95507e-04 0.00000e+00
7.110000 8.32643e-05 8.79657e-04 0.00000e+00
7.120000 8.17323e-05 7.54089e-04 0.00000e+00
7.130000 9.20589e-05 5.94249e-04 0.00000e+00
7.140000 1.07717e-04 4.17861e-04 0.00000e+00
7.150000 1.02636e-04 2.23296e-04 0.00000e+00
7.160000 1.05437e-04 -3.97108e-05 0.00000e+00
7.170000 1.12203e-04 -2.51707e-04 0.00000e+00
7.180000 9.96307e-05 -4.56938e-04 0.00000e+00
7.190000 1.02174e-04 -6.27359e-04 0.00000e+00
7.200000 9.04636e-05 -7.52407e-04 0.00000e+00
7.210000 9.54854e-05 -8.21190e-04 0.00000e+00
7.220000 7.67439e-05 -7.73097e-04 0.00000e+00
7.230000 4.56795e-05 -7.52231e-04 0.00000e+00
7.240000 2.24504e-05 -7.64603e-04 0.00000e+00
7.250000 3.07228e-05 -7.45488e-04 0.00000e+00
7.260000 3.43783e-06 -7.22732e-04 0.00000e+00
7.270000 -5.69434e-07 -6.69974e-04 0.00000e+00
7.280000 -3.04537e-05 -4.95027e-04 0.00000e+00
7.290000 -3.56103e-05 -3.65065e-04 0.00000e+00
7.300000 -5.07788e-05 -3.34009e-04 0.00000e+00
7.310000 -5.30514e-05 -2.41948e-04 0.00000e+00
7.320000 -4.57655e-05 -1.36769e-04 0.00000e+00
7.330000 -4.76555e-05 -1.33272e-04 0.00000e+00
7.340000 -1.72564e-05 -6.80796e-05 0.00000e+00
7.350000 -6.35180e-06 5.21203e-05 0.00000e+00
7.360000 1.41954e-05 1.15220e-04 0.00000e+00
7.370000 2.74171e-05 1.55554e-04 0.00000e+00
7.380000 4.57000e-05 2.19739e-04 0.00000e+00
7.390000 4.08413e-05 2.57689e-04 0.00000e+00
7.400000 3.12752e-05 1.94821e-04 0.00000e+00
7.410000 2.28767e-05 7.09912e-05 0.00000e+00
7.420000 3.02807e-05 4.53460e-05 0.00000e+00
7.430000 1.92584e-05 1.17816e-05 0.00000e+00
7.440000 2.07833e-05 -7.89936e-05 0.00000e+00
7.450000 9.19839e-06 -1.77621e-04 0.00000e+00
7.460000 -1.31751e-05 -3.23006e-04 0.00000e+00
7.470000 -2.16871e-05 -4.61294e-04 0.00000e+00
7.480000 -1.59253e-05 -6.18737e-04 0.00000e+00
7.490000 -2.84593e-05 -7.07553e-04 0.00000e+00
7.500000 -3.92989e-05 -7.69916e-04 0.00000e+00
7.510000 -1.30595e-05 -7.18246e-04 0.00000e+00
7.520000 -3.21340e-05 -6.05391e-04 0.00000e+00
7.530000 -4.55211e-05 -5.06745e-04 0.00000e+00
7.540000 -4.66080e-05 -3.40692e-04 0.00000e+00
7.550000 -4.91182e-05 -1.39805e-04 0.00000e+00
7.560000 -5.85438e-05 2.92779e-05 0.00000e+00
7.570000 -5.68711e-05 7.84164e-05 0.00000e+00
7.580000 -6.16135e-05 1.23173e-04 0.00000e+00
7.590000 -4.59836e-05 2.72201e-04 0.00000e+00
7.600000 -6.23886e-05 3.98613e-04 0.00000e+00
7.610000 -5.00403e-05 4.86807e-04 0.00000e+00
7.620000 -5.67948e-05 5.49050e-04 0.00000e+00
7.630000 -5.01101e-05 5.03460e-04 0.00000e+00
7.640000 -4.29842e-05 4.52594e-04 0.00000e+00
7.650000 -2.70606e-05 4.94078e-04 0.00000e+00
7.660000 -5.16557e-06 5.48314e-04 0.00000e+00
7.670000 9.02295e-06 5.44122e-04 0.00000e+00
7.680000 2.88297e-05 6.71388e-04 0.00000e+00
7.690000 2.28320e-05 7.90488e-04 0.00000e+00
7.700000 3.84767e-05 7.19698e-04 0.00000e+00
7.710000 4.23085e-05 6.66538e-04 0.00000e+00
7.720000 4.01638e-05 6.91088e-04 0.00000e+00
7.730000 3.31632e-05 6.88988e-04 0.00000e+00
7.740000 3.15134e-05 6.33823e-04 0.00000e+00
7.750000 5.41497e-05 5.73835e-04 0.00000e+00
7.760000 5.20696e-05 5.80350e-04 0.00000e+00
7.770000 4.09101e-05 5.63061e-04 0.00000e+00
7.780000 4.20677e-05 5.28119e-04 0.00000e+00
7.790000 3.85548e-05 4.67715e-04 0.00000e+00
7.800000 4.82696e-05 3.35212e-04 0.00000e+00
7.810000 6.87668e-05 2.72617e-04 0.00000e+00
7.820000 8.18856e-05 2.25991e-04 0.00000e+00
7.830000 8.74046e-05 1.85786e-04 0.00000e+00
7.840000 8.96348e-05 1.47826e-04 0.00000e+00
7.850000 1.00707e-04 8.41296e-05 0.00000e+00
7.860000 7.54025e-05 -1.26354e-05 0.00000e+00
7.870000 7.59771e-05 -9.86855e-05 0.00000e+00
7.880000 9.08289e-05 -1.87806e-04 0.00000e+00
7.890000 9.55638e-05 -3.43461e-04 0.00000e+00
7.900000 7.93865e-05 -5.38820e-04 0.00000e+00
7.910000 7.72873e-05 -7.50477e-04 0.00000e+00
7.920000 8.02919e-05 -8.67357e-04 0.00000e+00
7.930000 7.95914e-05 -9.76666e-04 0.00000e+00
7.940000 5.97693e-05 -1.20595e-03 0.00000e+00
7.950000 4.85136e-05 -1.43018e-03 0.00000e+00
7.960000 1.91875e-05 -1.61092e-03 0.00000e+00
7.970000 1.63131e-05 -1.65936e-03 0.00000e+00
7.980000 6.83547e-06 -1.52997e-03 0.00000e+00
7.990000 -2.18591e-05 -1.36074e-03 0.00000e+00
8.000000 -3.72059e-05 -1.21134e-03 0.00000e+00
8.010000 -5.68659e-05 -1.07661e-03 0.00000e+00
8.020000 -7.36314e-05 -8.41645e-04 0.00000e+00
8.030000 -7.97535e-05 -5.81843e-04 0.00000e+00
8.040000 -9.82490e-05 -3.54065e-04 0.00000e+00
8.050000 -1.14927e-04 -2.65923e-05 0.00000e+00
8.060000 -1.21940e-04 3.76093e-04 0.00000e+00
8.070000 -1.21783e-04 7.58861e-04 0.00000e+00
8.080000 -1.17331e-04 1.15510e-03 0.00000e+00
8.090000 -1.03307e-04 1.61341e-03 0.00000e+00
8.100000 -1.01875e-04 2.01911e-03 0.00000e+00
8.110000 -7.49217e-05 2.33824e-03 0.00000e+00
8.120000 -3.21675e-05 2.61388e-03 0.00000e+00
8.130000 1.88690e-05 2.84750e-03 0.00000e+00
8.140000 7.79402e-05 3.12737e-03 0.00000e+00
8.150000 1.04384e-04 3.40412e-03 0.00000e+00
8.160000 1.28057e-04 3.46094e-03 0.00000e+00
8.170000 1.61979e-04 3.40877e-03 0.00000e+00
8.180000 2.04002e-04 3.31027e-03 0.00000e+00
8.190000 2.58961e-04 3.14645e-03 0.00000e+00
8.200000 2.83592e-04 2.95018e-03 0.00000e+00
8.210000 3.12606e-04 2.57650e-03 0.00000e+00
8.220000 3.45645e-04 2.04871e-03 0.00000e+00
8.230000 3.77102e-04 1.49806e-03 0.00000e+00
8.240000 3.91058e-04 9.39504e-04 0.00000e+00
8.250000 4.02473e-04 3.24724e-04 0.00000e+00
8.260000 3.92960e-04 -3.22843e-04 0.00000e+00
8.270000 3.78898e-04 -9.86996e-04 0.00000e+00
8.280000 3.80490e-04 -1.68636e-03 0.00000e+00
8.290000 3.68021e-04 -2.26089e-03 0.00000e+00
8.300000 3.57084e-04 -2.65926e-03 0.00000e+00
8.310000 3.24894e-04 -2.94575e-03 0.00000e+00
8.320000 2.60779e-04 -3.28254e-03 0.00000e+00
8.330000 2.03695e-04 -3.72467e-03 0.00000e+00
8.340000 1.71242e-04 -4.13314e-03 0.00000e+00
8.350000 1.15442e-04 -4.40585e-03 0.00000e+00
8.360000 6.96240e-05 -4.50417e-03 0.00000e+00
8.370000 -3.39492e-06 -4.53351e-03 0.00000e+00
8.380000 -6.88627e-05 -4.56636e-03 0.00000e+00
8.390000 -1.03478e-04 -4.48420e-03 0.00000e+00
8.400000 -1.41279e-04 -4.25494e-03 0.00000e+00
8.410000 -1.83337e-04 -4.01273e-03 0.00000e+00
8.420000 -2.27117e-04 -3.70702e-03 0.00000e+00
8.430000 -2.51137e-04 -3.33901e-03 0.00000e+00
8.440000 -2.75177e-04 -2.95743e-03 0.00000e+00
8.450000 -2.98283e-04 -2.47215e-03 0.00000e+00
8.460000 -2.89638e-04 -1.92702e-03 0.00000e+00
8.470000 -3.12681e-04 -1.32691e-03 0.00000e+00
8.480000 -3.39317e-04 -6.75438e-04 0.00000e+00
8.490000 -3.74286e-04 -1.62415e-04 0.00000e+00
8.500000 -3.75100e-04 2.75704e-04 0.00000e+00
8.510000 -3.66225e-04 8.07115e-04 0.00000e+00
8.520000 -3.37526e-04 1.26925e-03 0.00000e+00
8.530000 -3.27103e-04 1.70789e-03 0.00000e+00
8.540000 -3.06838e-04 2.14129e-03 0.00000e+00
8.550000 -2.93704e-04 2.45948e-03 0.00000e+00
8.560000 -2.46995e-04 2.82970e-03 0.00000e+00
8.570000 -2.25571e-04 3.19445e-03 0.00000e+00
8.580000 -1.90417e-04 3.46068e-03 0.00000e+00
8.590000 -1.39691e-04 3.67419e-03 0.00000e+00
8.600000 -1.01173e-04 3.82997e-03 0.00000e+00
8.610000 -5.77313e-05 3.95380e-03 0.00000e+00
8.620000 -1.45849e-05 4.02195e-03 0.00000e+00
8.630000 2.45635e-05 4.17282e-03 0.00000e+00
8.640000 7.48666e-05 4.31572e-03 0.00000e+00
8.650000 1.06006e-04 4.19579e-03 0.00000e+00
8.660000 1.31881e-04 3.85507e-03 0.00000e+00
8.670000 1.79935e-04 3.47987e-03 0.00000e+00
8.680000 2.10853e-04 3.12914e-03 0.00000e+00
8.690000 2.38123e-04 2.78728e-03 0.00000e+00
8.700000 2.96341e-04 2.42388e-03 0.00000e+00
8.710000 3.12881e-04 1.95945e-03 0.00000e+00
8.720000 3.34065e-04 1.42123e-03 0.00000e+00
8.730000 3.48728e-04 8.76018e-04 0.00000e+00
8.740000 3.44649e-04 2.94152e-04 0.00000e+00
8.750000 3.53040e-04 -3.22305e-04 0.00000e+00
8.760000 3.51790e-04 -8.47890e-04 0.00000e+00
8.770000 3.37066e-04 -1.38191e-03 0.00000e+00
8.780000 3.36422e-04 -2.00422e-03 0.00000e+00
8.790000 3.15841e-04 -2.63152e-03 0.00000e+00
8.800000 3.01172e-04 -3.21554e-03 0.00000e+00
8.810000 2.29619e-04 -3.70510e-03 0.00000e+00
8.820000 1.64772e-04 -4.20223e-03 0.00000e+00
8.830000 1.19209e-04 -4.75092e-03 0.00000e+00
8.840000 8.68348e-05 -5.18785e-03 0.00000e+00
8.850000 3.05872e-05 -5.56957e-03 0.00000e+00
8.860000 -1.42655e-05 -5.89871e-03 0.00000e+00
8.870000 -8.11920e-05 -5.97053e-03 0.00000e+00
8.880000 -1.48470e-04 -5.93540e-03 0.00000e+00
8.890000 -2.11871e-04 -5.89210e-03 0.00000e+00
8.900000 -2.74044e-04 -5.78181e-03 0.00000e+00
8.910000 -3.31183e-04 -5.60898e-03 0.00000e+00
8.920000 -3.81031e-04 -5.27809e-03 0.00000e+00
8.930000 -4.43229e-04 -4.81921e-03 0.00000e+00
8.940000 -5.13747e-04 -4.38614e-03 0.00000e+00
8.950000 -5.70567e-04 -3.89698e-03 0.00000e+00
8.960000 -5.99794e-04 -3.27623e-03 0.00000e+00
8.970000 -6.29958e-04 -2.55090e-03 0.00000e+00
8.980000 -6.57316e-04 -1.88489e-03 0.00000e+00
8.990000 -6.96144e-04 -1.30908e-03 0.00000e+00
9.000000 -6.94851e-04 -5.99120e-04 0.00000e+00
9.010000 -6.94059e-04 1.98679e-04 0.00000e+00
9.020000 -6.80152e-04 9.28426e-04 0.00000e+00
9.030000 -6.41130e-04 1.63611e-03 0.00000e+00
9.040000 -6.07127e-04 2.35245e-03 0.00000e+00
9.050000 -5.94962e-04 2.93635e-03 0.00000e+00
9.060000 -5.56433e-04 3.49082e-03 0.00000e+00
9.070000 -5.23060e-04 4.03744e-03 0.00000e+00
9.080000 -4.54140e-04 4.59127e-03 0.00000e+00
9.090000 -4.10930e-04 5.14386e-03 0.00000e+00
9.100000 -3.65459e-04 5.56117e-03 0.00000e+00
9.110000 -3.28802e-04 5.83524e-03 0.00000e+00
9.120000 -2.44091e-04 5.95710e-03 0.00000e+00
9.130000 -1.78067e-04 6.06488e-03 0.00000e+00
9.140000 -1.06547e-04 6.16814e-03 0.00000e+00
9.150000 -5.93221e-05 6.11780e-03 0.00000e+00
9.160000 1.88392e-05 5.94902e-03 0.00000e+00
9.170000 7.17241e-05 5.80685e-03 0.00000e+00
9.180000 1.16085e-04 5.63863e-03 0.00000e+00
9.190000 1.62267e-04 5.39582e-03 0.00000e+00
9.200000 2.31930e-04 5.21950e-03 0.00000e+00
9.210000 2.77183e-04 5.02635e-03 0.00000e+00
9.220000 3.23204e-04 4.65947e-03 0.00000e+00
9.230000 3.90086e-04 4.20845e-03 0.00000e+00
9.240000 4.31760e-04 3.66507e-03 0.00000e+00
9.250000 4.79958e-04 3.15611e-03 0.00000e+00
9.260000 4.87769e-04 2.63511e-03 0.00000e+00
9.270000 5.02281e-04 1.99558e-03 0.00000e+00
9.280000 5.16044e-04 1.28179e-03 0.00000e+00
9.290000 5.17665e-04 6.21749e-04 0.00000e+00
9.300000 5.44129e-04 1.45583e-04 0.00000e+00
9.310000 5.34779e-04 -2.92723e-04 0.00000e+00
9.320000 5.33729e-04 -7.72463e-04 0.00000e+00
9.330000 5.43083e-04 -1.28060e-03 0.00000e+00
9.340000 5.33322e-04 -1.79457e-03 0.00000e+00
9.350000 4.98374e-04 -2.43227e-03 0.00000e+00
9.360000 4.82276e-04 -3.03384e-03 0.00000e+00
9.370000 4.43266e-04 -3.47279e-03 0.00000e+00
9.380000 3.85242e-04 -3.89531e-03 0.00000e+00
9.390000 3.26738e-04 -4.33477e-03 0.00000e+00
9.400000 2.75147e-04 -4.65499e-03 0.00000e+00
9.410000 2.12723e-04 -4.86130e-03 0.00000e+00
9.420000 1.87169e-04 -5.03225e-03 0.00000e+00
9.430000 1.13285e-04 -5.23638e-03 0.00000e+00
9.440000 8.40794e-05 -5.47836e-03 0.00000e+00
9.450000 2.58012e-05 -5.57096e-03 0.00000e+00
9.460000 1.15538e-05 -5.59639e-03 0.00000e+00
9.470000 -3.41549e-05 -5.47337e-03 0.00000e+00
9.480000 -9.85862e-05 -5.25173e-03 0.00000e+00
9.490000 -1.74313e-04 -5.04614e-03 0.00000e+00
9.500000 -2.42505e-04 -4.61409e-03 0.00000e+00
9.510000 -2.97656e-04 -4.05909e-03 0.00000e+00
9.520000 -3.45030e-04 -3.52807e-03 0.00000e+00
9.530000 -3.55077e-04 -2.93363e-03 0.00000e+00
9.540000 -4.00852e-04 -2.28913e-03 0.00000e+00
9.550000 -4.33861e-04 -1.67464e-03 0.00000e+00
9.560000 -4.54187e-04 -1.06184e-03 0.00000e+00
9.570000 -4.62655e-04 -4.40244e-04 0.00000e+00
9.580000 -4.69082e-04 1.93928e-04 0.00000e+00
9.590000 -4.81163e-04 9.29992e-04 0.00000e+00
9.600000 -4.68137e-04 1.60773e-03 0.00000e+00
9.610000 -4.42056e-04 2.22835e-03 0.00000e+00
9.620000 -3.86361e-04 2.81310e-03 0.00000e+00
9.630000 -3.64023e-04 3.43914e-03 0.00000e+00
9.640000 -2.92995e-04 4.15298e-03 0.00000e+00
9.650000 -2.65785e-04 4.71060e-03 0.00000e+00
9.660000 -1.90017e-04 5.11817e-03 0.00000e+00
9.670000 -1.21912e-04 5.35309e-03 0.00000e+00
9.680000 -7.30472e-05 5.53482e-03 0.00000e+00
9.690000 -1.72800e-05 5.68513e-03 0.00000e+00
9.700000 4.21820e-05 5.83555e-03 0.00000e+00
9.710000 9.77342e-05 5.82650e-03 0.00000e+00
9.720000 1.61902e-04 5.59512e-03 0.00000e+00
9.730000 2.11851e-04 5.34403e-03 0.00000e+00
9.740000 2.65248e-04 5.06504e-03 0.00000e+00
9.750000 3.19095e-04 4.72810e-03 0.00000e+00
9.760000 3.59877e-04 4.23719e-03 0.00000e+00
9.770000 3.83366e-04 3.68484e-03 0.00000e+00
9.780000 4.25998e-04 3.12295e-03 0.00000e+00
9.790000 4.54768e-04 2.56748e-03 0.00000e+00
9.800000 5.14090e-04 1.95697e-03 0.00000e+00
9.810000 5.24424e-04 1.31629e-03 0.00000e+00
9.820000 5.33196e-04 6.38810e-04 0.00000e+00
9.830000 5.27006e-04 -1.60946e-05 0.00000e+00
9.840000 5.18535e-04 -5.74621e-04 0.00000e+00
9.850000 5.24215e-04 -1.18289e-03 0.00000e+00
9.860000 4.95565e-04 -1.76909e-03 0.00000e+00
9.870000 4.67883e-04 -2.35402e-03 0.00000e+00
9.880000 4.16160e-04 -2.98356e-03 0.00000e+00
9.890000 4.01297e-04 -3.57452e-03 0.00000e+00
9.900000 3.68596e-04 -4.15628e-03 0.00000e+00
9.910000 3.25990e-04 -4.72450e-03 0.00000e+00
9.920000 2.68400e-04 -5.20216e-03 0.00000e+00
9.930000 2.04200e-04 -5.68403e-03 0.00000e+00
9.940000 1.52977e-04 -6.22042e-03 0.00000e+00
9.950000 7.86812e-05 -6.70904e-03 0.00000e+00
9.960000 1.97571e-05 -7.07255e-03 0.00000e+00
9.970000 -5.14891e-05 -7.20821e-03 0.00000e+00
9.980000 -1.16823e-04 -7.26928e-03 0.00000e+00
9.990000 -1.81806e-04 -7.40355e-03 0.00000e+00
10.000000 -2.39829e-04 -7.47147e-03 0.00000e+00
10.010000 -3.21490e-04 -7.47831e-03 0.00000e+00
10.020000 -3.87235e-04 -7.29920e-03 0.00000e+00
10.030000 -4.71534e-04 -6.96358e-03 0.00000e+00
10.040000 -5.63999e-04 -6.65400e-03 0.00000e+00
10.050000 -6.40884e-04 -6.33530e-03 0.00000e+00
10.060000 -7.04208e-04 -5.77898e-03 0.00000e+00
10.070000 -7.75872e-04 -5.03987e-03 0.00000e+00
10.080000 -8.23729e-04 -4.30484e-03 0.00000e+00
10.090000 -8.81459e-04 -3.57228e-03 0.00000e+00
10.100000 -9.32402e-04 -2.85989e-03 0.00000e+00
10.110000 -9.59707e-04 -2.03780e-03 0.00000e+00
10.120000 -9.67530e-04 -1.15930e-03 0.00000e+00
10.130000 -9.57913e-04 -2.69162e-04 0.00000e+00
10.140000 -9.51903e-04 6.80689e-04 0.00000e+00
10.150000 -9.61313e-04 1.59078e-03 0.00000e+00
10.160000 -9.37443e-04 2.49600e-03 0.00000e+00
10.170000 -8.91149e-04 3.46655e-03 0.00000e+00
10.180000 -8.40831e-04 4.41821e-03 0.00000e+00
10.190000 -7.64696e-04 5.34388e-03 0.00000e+00
10.200000 -7.11642e-04 6.17912e-03 0.00000e+00
10.210000 -6.57224e-04 6.80364e-03 0.00000e+00
10.220000 -5.61295e-04 7.34467e-03 0.00000e+00
10.230000 -4.70029e-04 7.91529e-03 0.00000e+00
10.240000 -4.13245e-04 8.39103e-03 0.00000e+00
10.250000 -3.36078e-04 8.79138e-03 0.00000e+00
10.260000 -2.56622e-04 9.04744e-03 0.00000e+00
10.270000 -1.59926e-04 9.09925e-03 0.00000e+00
10.280000 -5.40201e-05 9.05600e-03 0.00000e+00
10.290000 3.17478e-05 8.98780e-03 0.00000e+00
10.300000 1.26236e-04 8.93772e-03 0.00000e+00
10.310000 2.15007e-04 8.75563e-03 0.00000e+00
10.320000 2.93322e-04 8.34957e-03 0.00000e+00
10.330000 3.97017e-04 7.83059e-03 0.00000e+00
10.340000 4.85096e-04 7.34659e-03 0.00000e+00
10.350000 5.61283e-04 6.82012e-03 0.00000e+00
10.360000 6.23219e-04 6.23016e-03 0.00000e+00
10.370000 6.69567e-04 5.57176e-03 0.00000e+00
10.380000 7.25910e-04 4.77096e-03 0.00000e+00
10.390000 7.91993e-04 3.97779e-03 0.00000e+00
10.400000 8.36890e-04 3.23883e-03 0.00000e+00
10.410000 8.52786e-04 2.36243e-03 0.00000e+00
10.420000 8.72037e-04 1.40442e-03 0.00000e+00
10.430000 8.55413e-04 4.71246e-04 0.00000e+00
10.440000 8.69321e-04 -4.26968e-04 0.00000e+00
10.450000 8.57936e-04 -1.24601e-03 0.00000e+00
10.460000 8.61397e-04 -2.05191e-03 0.00000e+00
10.470000 8.23932e-04 -2.92215e-03 0.00000e+00
10.480000 7.75435e-04 -3.75865e-03 0.00000e+00
10.490000 7.32969e-04 -4.51564e-03 0.00000e+00
10.500000 6.90279e-04 -5.16394e-03 0.00000e+00
10.510000 6.39982e-04 -5.69813e-03 0.00000e+00
10.520000 5.65401e-04 -6.17862e-03 0.00000e+00
10.530000 4.97638e-04 -6.60614e-03 0.00000e+00
10.540000 4.28952e-04 -7.01462e-03 0.00000e+00
10.550000 3.50491e-04 -7.33077e-03 0.00000e+00
10.560000 2.81050e-04 -7.46363e-03 0.00000e+00
10.570000 2.04276e-04 -7.47667e-03 0.00000e+00
10.580000 1.23739e-04 -7.47593e-03 0.00000e+00
10.590000 5.31674e-05 -7.34816e-03 0.00000e+00
10.600000 -2.31954e-05 -7.20864e-03 0.00000e+00
10.610000 -9.60460e-05 -6.98086e-03 0.00000e+00
10.620000 -1.71782e-04 -6.52218e-03 0.00000e+00
10.630000 -2.45816e-04 -5.95028e-03 0.00000e+00
10.640000 -3.21829e-04 -5.36558e-03 0.00000e+00
10.650000 -3.52218e-04 -4.83290e-03 0.00000e+00
10.660000 -4.02205e-04 -4.24728e-03 0.00000e+00
10.670000 -4.42177e-04 -3.54443e-03 0.00000e+00
10.680000 -4.79760e-04 -2.74593e-03 0.00000e+00
10.690000 -5.03146e-04 -1.98391e-03 0.00000e+00
10.700000 -5.27653e-04 -1.26659e-03 0.00000e+00
10.710000 -5.36520e-04 -5.05646e-04 0.00000e+00
10.720000 -5.33726e-04 2.84124e-04 0.00000e+00
10.730000 -5.21222e-04 1.04964e-03 0.00000e+00
10.740000 -5.05539e-04 1.81073e-03 0.00000e+00
10.750000 -4.74814e-04 2.56721e-03 0.00000e+00
10.760000 -4.31804e-04 3.31871e-03 0.00000e+00
10.770000 -4.10011e-04 4.03687e-03 0.00000e+00
10.780000 -3.34901e-04 4.66066e-03 0.00000e+00
10.790000 -2.88029e-04 5.24254e-03 0.00000e+00
10.800000 -2.46545e-04 5.76266e-03 0.00000e+00
10.810000 -2.01714e-04 6.09272e-03 0.00000e+00
10.820000 -1.34828e-04 6.46721e-03 0.00000e+00
10.830000 -6.70533e-05 6.85440e-03 0.00000e+00
10.840000 1.48663e-05 7.00142e-03 0.00000e+00
10.850000 7.61352e-05 7.01925e-03 0.00000e+00
10.860000 1.40483e-04 7.02800e-03 0.00000e+00
10.870000 2.10886e-04 6.96976e-03 0.00000e+00
10.880000 2.95540e-04 6.74469e-03 0.00000e+00
10.890000 3.65011e-04 6.40856e-03 0.00000e+00
10.900000 4.30764e-04 6.03128e-03 0.00000e+00
10.910000 5.08055e-04 5.60455e-03 0.00000e+00
10.920000 5.71013e-04 5.11123e-03 0.00000e+00
10.930000 6.22794e-04 4.55516e-03 0.00000e+00
10.940000 6.66195e-04 3.85139e-03 0.00000e+00
10.950000 7.01919e-04 3.20951e-03 0.00000e+00
10.960000 7.45390e-04 2.57203e-03 0.00000e+00
10.970000 7.51686e-04 1.69486e-03 0.00000e+00
10.980000 7.60727e-04 8.10705e-04 0.00000e+00
10.990000 7.88098e-04 -6.96909e-06 0.00000e+00
11.000000 7.53530e-04 -8.64111e-04 0.00000e+00
11.010000 7.29083e-04 -1.67025e-03 0.00000e+00
11.020000 7.22782e-04 -2.48288e-03 0.00000e+00
11.030000 7.01058e-04 -3.40639e-03 0.00000e+00
11.040000 6.42320e-04 -4.34545e-03 0.00000e+00
11.050000 5.83220e-04 -5.18293e-03 0.00000e+00
11.060000 5.36167e-04 -5.86042e-03 0.00000e+00
11.070000 4.85748e-04 -6.47078e-03 0.00000e+00
11.080000 4.15406e-04 -7.01554e-03 0.00000e+00
11.090000 3.36829e-04 -7.47373e-03 0.00000e+00
11.100000 2.52966e-04 -7.89291e-03 0.00000e+00
11.110000 1.76440e-04 -8.31476e-03 0.00000e+00
11.120000 1.06357e-04 -8.65314e-03 0.00000e+00
11.130000 -9.23810e-06 -8.78121e-03 0.00000e+00
11.140000 -9.36762e-05 -8.90844e-03 0.00000e+00
11.150000 -1.60427e-04 -8.99867e-03 0.00000e+00
11.160000 -2.69947e-04 -8.80910e-03 0.00000e+00
11.170000 -3.68906e-04 -8.60776e-03 0.00000e+00
11.180000 -4.52926e-04 -8.46621e-03 0.00000e+00
11.190000 -5.63664e-04 -8.11392e-03 0.00000e+00
11.200000 -6.49512e-04 -7.60419e-03 0.00000e+00
11.210000 -7.16815e-04 -7.10881e-03 0.00000e+00
11.220000 -7.61257e-04 -6.62835e-03 0.00000e+00
11.230000 -8.14064e-04 -6.05282e-03 0.00000e+00
11.240000 -8.87485e-04 -5.36588e-03 0.00000e+00
11.250000 -9.47697e-04 -4.61200e-03 0.00000e+00
11.260000 -9.95746e-04 -3.83799e-03 0.00000e+00
11.270000 -1.04027e-03 -3.03434e-03 0.00000e+00
11.280000 -1.06854e-03 -2.15839e-03 0.00000e+00
11.290000 -1.06121e-03 -1.16816e-03 0.00000e+00
11.300000 -1.06654e-03 -2.10723e-04 0.00000e+00
11.310000 -1.07951e-03 7.35760e-04 0.00000e+00
11.320000 -1.03623e-03 1.83828e-03 0.00000e+00
11.330000 -1.02003e-03 2.81166e-03 0.00000e+00
11.340000 -1.00728e-03 3.68444e-03 0.00000e+00
11.350000 -9.66108e-04 4.64512e-03 0.00000e+00
11.360000 -9.08030e-04 5.49341e-03 0.00000e+00
11.370000 -8.66021e-04 6.19505e-03 0.00000e+00
11.380000 -8.05195e-04 6.90148e-03 0.00000e+00
11.390000 -7.41840e-04 7.63071e-03 0.00000e+00
11.400000 -6.53497e-04 8.35022e-03 0.00000e+00
11.410000 -5.65025e-04 8.89978e-03 0.00000e+00
11.420000 -4.57539e-04 9.21552e-03 0.00000e+00
11.430000 -3.64831e-04 9.42762e-03 0.00000e+00
11.440000 -2.46729e-04 9.59184e-03 0.00000e+00
11.450000 -1.41669e-04 9.65851e-03 0.00000e+00
11.460000 -2.12041e-05 9.71994e-03 0.00000e+00
11.470000 7.33522e-05 9.76080e-03 0.00000e+00
11.480000 1.86534e-04 9.60047e-03 0.00000e+00
11.490000 2.72118e-04 9.44043e-03 0.00000e+00
11.500000 3.55084e-04 9.24129e-03 0.00000e+00
11.510000 4.66015e-04 8.79675e-03 0.00000e+00
11.520000 5.42518e-04 8.22739e-03 0.00000e+00
11.530000 6.01795e-04 7.59977e-03 0.00000e+00
11.540000 6.70381e-04 6.86171e-03 0.00000e+00
11.550000 7.40830e-04 6.01809e-03 0.00000e+00
11.560000 7.95888e-04 5.11056e-03 0.00000e+00
11.570000 8.45023e-04 4.18915e-03 0.00000e+00
11.580000 8.63047e-04 3.22713e-03 0.00000e+00
11.590000 8.93139e-04 2.33422e-03 0.00000e+00
11.600000 9.36098e-04 1.50453e-03 0.00000e+00
11.610000 9.66409e-04 6.53527e-04 0.00000e+00
11.620000 9.71653e-04 -1.55691e-04 0.00000e+00
11.630000 9.86770e-04 -8.67974e-04 0.00000e+00
11.640000 9.69473e-04 -1.57533e-03 0.00000e+00
11.650000 9.41183e-04 -2.35453e-03 0.00000e+00
11.660000 9.14497e-04 -3.06186e-03 0.00000e+00
11.670000 8.50687e-04 -3.75037e-03 0.00000e+00
11.680000 7.90483e-04 -4.26202e-03 0.00000e+00
11.690000 7.27020e-04 -4.65619e-03 0.00000e+00
11.700000 6.68891e-04 -5.14109e-03 0.00000e+00
11.710000 6.10971e-04 -5.59198e-03 0.00000e+00
11.720000 5.48248e-04 -5.96858e-03 0.00000e+00
11.730000 4.88575e-04 -6.28363e-03 0.00000e+00
11.740000 4.30988e-04 -6.45358e-03 0.00000e+00
11.750000 3.71021e-04 -6.61768e-03 0.00000e+00
11.760000 3.38488e-04 -6.77385e-03 0.00000e+00
11.770000 2.58143e-04 -6.71041e-03 0.00000e+00
11.780000 1.94015e-04 -6.48432e-03 0.00000e+00
11.790000 1.33628e-04 -6.24275e-03 0.00000e+00
11.800000 7.42136e-05 -5.92030e-03 0.00000e+00
11.810000 -1.23661e-05 -5.51263e-03 0.00000e+00
11.820000 -6.63215e-05 -5.18408e-03 0.00000e+00
11.830000 -9.66634e-05 -4.84158e-03 0.00000e+00
11.840000 -1.52424e-04 -4.49975e-03 0.00000e+00
11.850000 -1.82408e-04 -4.26852e-03 0.00000e+00
11.860000 -2.54186e-04 -4.03652e-03 0.00000e+00
11.870000 -3.01808e-04 -3.69618e-03 0.00000e+00
11.880000 -3.41221e-04 -3.29136e-03 0.00000e+00
11.890000 -3.67726e-04 -2.85206e-03 0.00000e+00
11.900000 -3.74303e-04 -2.39770e-03 0.00000e+00
11.910000 -3.76130e-04 -1.91125e-03 0.00000e+00
11.920000 -4.07251e-04 -1.37309e-03 0.00000e+00
11.930000 -3.92012e-04 -7.44372e-04 0.00000e+00
11.940000 -3.88290e-04 -1.28574e-04 0.00000e+00
11.950000 -3.88072e-04 3.65159e-04 0.00000e+00
11.960000 -3.96959e-04 9.03824e-04 0.00000e+00
11.970000 -3.82995e-04 1.47951e-03 0.00000e+00
11.980000 -3.90805e-04 1.93699e-03 0.00000e+00
11.990000 -3.92310e-04 2.38612e-03 0.00000e+00
12.000000 -3.67147e-04 2.94063e-03 0.00000e+00
12.010000 -3.45375e-04 3.38570e-03 0.00000e+00
12.020000 -3.21167e-04 3.79541e-03 0.00000e+00
12.030000 -2.53050e-04 4.16951e-03 0.00000e+00
12.040000 -1.97337e-04 4.38359e-03 0.00000e+00
12.050000 -1.47590e-04 4.61377e-03 0.00000e+00
12.060000 -9.16623e-05 4.84538e-03 0.00000e+00
12.070000 -4.13102e-05 5.03448e-03 0.00000e+00
12.080000 2.38726e-05 5.20595e-03 0.00000e+00
12.090000 8.14418e-05 5.26718e-03 0.00000e+00
12.100000 1.35570e-04 5.34915e-03 0.00000e+00
12.110000 1.86775e-04 5.40837e-03 0.00000e+00
12.120000 2.32328e-04 5.28952e-03 0.00000e+00
12.130000 3.05348e-04 5.09731e-03 0.00000e+00
12.140000 3.43026e-04 4.85802e-03 0.00000e+00
12.150000 3.91694e-04 4.50089e-03 0.00000e+00
12.160000 4.37209e-04 4.00974e-03 0.00000e+00
12.170000 4.65953e-04 3.52297e-03 0.00000e+00
12.180000 4.88926e-04 3.00879e-03 0.00000e+00
12.190000 5.42344e-04 2.38279e-03 0.00000e+00
12.200000 5.57404e-04 1.84319e-03 0.00000e+00
12.210000 5.75820e-04 1.37634e-03 0.00000e+00
12.220000 6.01377e-04 8.10945e-04 0.00000e+00
12.230000 5.96369e-04 2.52142e-04 0.00000e+00
12.240000 5.92373e-04 -3.60361e-04 0.00000e+00
12.250000 5.93249e-04 -9.43777e-04 0.00000e+00
12.260000 5.83115e-04 -1.45205e-03 0.00000e+00
12.270000 5.68451e-04 -2.06045e-03 0.00000e+00
12.280000 5.14063e-04 -2.59985e-03 0.00000e+00
12.290000 4.94274e-04 -3.07909e-03 0.00000e+00
12.300000 4.63790e-04 -3.49312e-03 0.00000e+00
12.310000 4.18598e-04 -3.85030e-03 0.00000e+00
12.320000 3.72283e-04 -4.22078e-03 0.00000e+00
12.330000 3.33710e-04 -4.49775e-03 0.00000e+00
12.340000 2.84995e-04 -4.80114e-03 0.00000e+00
12.350000 2.29389e-04 -5.09517e-03 0.00000e+00
12.360000 1.75596e-04 -5.21041e-03 0.00000e+00
12.370000 1.37185e-04 -5.27092e-03 0.00000e+00
12.380000 6.46129e-05 -5.35609e-03 0.00000e+00
12.390000 8.01106e-06 -5.35418e-03 0.00000e+00
12.400000 -4.75206e-05 -5.42627e-03 0.00000e+00
12.410000 -1.15392e-04 -5.56142e-03 0.00000e+00
12.420000 -1.48464e-04 -5.52330e-03 0.00000e+00
12.430000 -2.15460e-04 -5.37223e-03 0.00000e+00
12.440000 -2.67777e-04 -5.17044e-03 0.00000e+00
12.450000 -2.83185e-04 -5.08429e-03 0.00000e+00
12.460000 -3.52081e-04 -4.95072e-03 0.00000e+00
12.470000 -3.86265e-04 -4.63984e-03 0.00000e+00
12.480000 -4.41471e-04 -4.43410e-03 0.00000e+00
12.490000 -4.81291e-04 -4.26520e-03 0.00000e+00
12.500000 -5.26786e-04 -4.01589e-03 0.00000e+00
12.510000 -5.73286e-04 -3.77166e-03 0.00000e+00
12.520000 -5.93788e-04 -3.59174e-03 0.00000e+00
12.530000 -6.33736e-04 -3.42485e-03 0.00000e+00
12.540000 -6.79424e-04 -3.23032e-03 0.00000e+00
12.550000 -7.18102e-04 -3.04673e-03 0.00000e+00
12.560000 -7.55050e-04 -2.81281e-03 0.00000e+00
12.570000 -7.91352e-04 -2.44783e-03 0.00000e+00
12.580000 -7.77674e-04 -2.10317e-03 0.00000e+00
12.590000 -7.67588e-04 -1.67004e-03 0.00000e+00
12.600000 -7.82894e-04 -1.16368e-03 0.00000e+00
12.610000 -7.92870e-04 -7.10412e-04 0.00000e+00
12.620000 -8.15563e-04 -6.50559e-05 0.00000e+00
12.630000 -7.88835e-04 5.81521e-04 0.00000e+00
12.640000 -8.14598e-04 1.15445e-03 0.00000e+00
12.650000 -8.26519e-04 1.77947e-03 0.00000e+00
12.660000 -8.09297e-04 2.43032e-03 0.00000e+00
12.670000 -7.98051e-04 3.10418e-03 0.00000e+00
12.680000 -7.90873e-04 3.69164e-03 0.00000e+00
12.690000 -7.58650e-04 4.25930e-03 0.00000e+00
12.700000 -7.14255e-04 4.82979e-03 0.00000e+00
12.710000 -6.53305e-04 5.36963e-03 0.00000e+00
12.720000 -5.68701e-04 5.89411e-03 0.00000e+00
12.730000 -4.80102e-04 6.36749e-03 0.00000e+00
12.740000 -4.02572e-04 6.79322e-03 0.00000e+00
12.750000 -3.31660e-04 7.31632e-03 0.00000e+00
12.760000 -2.32972e-04 7.88346e-03 0.00000e+00
12.770000 -1.56982e-04 8.33022e-03 0.00000e+00
12.780000 -6.98082e-05 8.73917e-03 0.00000e+00
12.790000 2.75160e-05 9.01649e-03 0.00000e+00
12.800000 9.29834e-05 9.22907e-03 0.00000e+00
12.810000 1.86366e-04 9.29908e-03 0.00000e+00
12.820000 2.73960e-04 9.09381e-03 0.00000e+00
12.830000 3.60577e-04 8.88934e-03 0.00000e+00
12.840000 4.27149e-04 8.59723e-03 0.00000e+00
12.850000 5.01166e-04 8.12636e-03 0.00000e+00
12.860000 5.87106e-04 7.55062e-03 0.00000e+00
12.870000 6.86162e-04 6.95503e-03 0.00000e+00
12.880000 7.72186e-04 6.34103e-03 0.00000e+00
12.890000 8.44686e-04 5.78095e-03 0.00000e+00
12.900000 9.09354e-04 5.30749e-03 0.00000e+00
12.910000 9.78880e-04 4.75426e-03 0.00000e+00
12.920000 1.02817e-03 4.06898e-03 0.00000e+00
12.930000 1.06036e-03 3.39157e-03 0.00000e+00
12.940000 1.09788e-03 2.72623e-03 0.00000e+00
12.950000 1.11729e-03 1.95157e-03 0.00000e+00
12.960000 1.09431e-03 1.21260e-03 0.00000e+00
12.970000 1.09362e-03 3.97887e-04 0.00000e+00
12.980000 1.06387e-03 -4.82248e-04 0.00000e+00
12.990000 1.05601e-03 -1.34574e-03 0.00000e+00
13.000000 1.04069e-03 -2.19467e-03 0.00000e+00
13.010000 9.98653e-04 -3.03165e-03 0.00000e+00
13.020000 9.74610e-04 -3.93746e-03 0.00000e+00
13.030000 9.35378e-04 -4.79820e-03 0.00000e+00
13.040000 9.14723e-04 -5.55064e-03 0.00000e+00
13.050000 8.64568e-04 -6.18934e-03 0.00000e+00
13.060000 8.32435e-04 -6.77353e-03 0.00000e+00
13.070000 7.56317e-04 -7.32489e-03 0.00000e+00
13.080000 6.73388e-04 -7.79041e-03 0.00000e+00
13.090000 5.88643e-04 -8.22163e-03 0.00000e+00
13.100000 5.12287e-04 -8.58668e-03 0.00000e+00
13.110000 4.12517e-04 -8.80052e-03 0.00000e+00
13.120000 3.06034e-04 -8.87590e-03 0.00000e+00
13.130000 2.18461e-04 -9.02172e-03 0.00000e+00
13.140000 9.66588e-05 -9.20118e-03 0.00000e+00
13.150000 6.03853e-06 -9.24616e-03 0.00000e+00
13.160000 -1.01822e-04 -9.19130e-03 0.00000e+00
13.170000 -1.77994e-04 -8.99656e-03 0.00000e+00
13.180000 -2.89715e-04 -8.77170e-03 0.00000e+00
13.190000 -3.83981e-04 -8.46256e-03 0.00000e+00
13.200000 -4.65163e-04 -8.07230e-03 0.00000e+00
13.210000 -5.35846e-04 -7.55281e-03 0.00000e+00
13.220000 -5.99877e-04 -6.92848e-03 0.00000e+00
13.230000 -6.69534e-04 -6.24723e-03 0.00000e+00
13.240000 -7.29636e-04 -5.46197e-03 0.00000e+00
13.250000 -7.78786e-04 -4.65340e-03 0.00000e+00
13.260000 -8.18126e-04 -3.81674e-03 0.00000e+00
13.270000 -8.25104e-04 -2.98172e-03 0.00000e+00
13.280000 -8.56691e-04 -2.12408e-03 0.00000e+00
13.290000 -8.75290e-04 -1.29369e-03 0.00000e+00
13.300000 -9.18475e-04 -4.57950e-04 0.00000e+00
13.310000 -9.05293e-04 3.01641e-04 0.00000e+00
13.320000 -8.91783e-04 1.04058e-03 0.00000e+00
13.330000 -8.83714e-04 1.76219e-03 0.00000e+00
13.340000 -8.62059e-04 2.49500e-03 0.00000e+00
13.350000 -8.39664e-04 3.23259e-03 0.00000e+00
13.360000 -8.00904e-04 3.83529e-03 0.00000e+00
13.370000 -7.64642e-04 4.42274e-03 0.00000e+00
13.380000 -6.95934e-04 4.96701e-03 0.00000e+00
13.390000 -6.47237e-04 5.56994e-03 0.00000e+00
13.400000 -5.70101e-04 6.14199e-03 0.00000e+00
13.410000 -4.92407e-04 6.52467e-03 0.00000e+00
13.420000 -4.29657e-04 6.81576e-03 0.00000e+00
13.430000 -3.73943e-04 7.10205e-03 0.00000e+00
13.440000 -3.08996e-04 7.47693e-03 0.00000e+00
13.450000 -2.22389e-04 7.72786e-03 0.00000e+00
13.460000 -1.61899e-04 7.79534e-03 0.00000e+00
13.470000 -8.55319e-05 7.72959e-03 0.00000e+00
13.480000 -1.63904e-05 7.65053e-03 0.00000e+00
13.490000 7.64405e-05 7.59375e-03 0.00000e+00
13.500000 1.41786e-04 7.36164e-03 0.00000e+00
13.510000 2.42365e-04 7.04292e-03 0.00000e+00
13.520000 3.01021e-04 6.60677e-03 0.00000e+00
13.530000 3.70076e-04 6.09387e-03 0.00000e+00
13.540000 4.35907e-04 5.53443e-03 0.00000e+00
13.550000 5.02262e-04 4.99422e-03 0.00000e+00
13.560000 5.74602e-04 4.44409e-03 0.00000e+00
13.570000 5.88423e-04 3.81466e-03 0.00000e+00
13.580000 6.19161e-04 3.24863e-03 0.00000e+00
13.590000 6.63943e-04 2.61786e-03 0.00000e+00
13.600000 7.02624e-04 1.79523e-03 0.00000e+00
13.610000 7.14640e-04 9.43674e-04 0.00000e+00
13.620000 6.92061e-04 2.93687e-04 0.00000e+00
13.630000 7.04658e-04 -3.65569e-04 0.00000e+00
13.640000 6.91207e-04 -1.14037e-03 0.00000e+00
13.650000 6.84086e-04 -1.80019e-03 0.00000e+00
13.660000 6.32819e-04 -2.33934e-03 0.00000e+00
13.670000 6.00382e-04 -2.87853e-03 0.00000e+00
13.680000 5.60624e-04 -3.32659e-03 0.00000e+00
13.690000 5.13373e-04 -3.71227e-03 0.00000e+00
13.700000 4.83664e-04 -4.20262e-03 0.00000e+00
13.710000 4.38582e-04 -4.62439e-03 0.00000e+00
13.720000 3.99384e-04 -4.93362e-03 0.00000e+00
13.730000 3.35217e-04 -5.15859e-03 0.00000e+00
13.740000 2.76878e-04 -5.41732e-03 0.00000e+00
13.750000 2.28001e-04 -5.72052e-03 0.00000e+00
13.760000 1.47619e-04 -5.90279e-03 0.00000e+00
13.770000 9.57532e-05 -5.90829e-03 0.00000e+00
13.780000 7.02708e-05 -5.91107e-03 0.00000e+00
13.790000 3.22070e-05 -6.06292e-03 0.00000e+00
13.800000 -5.68531e-05 -6.11715e-03 0.00000e+00
13.810000 -9.73492e-05 -6.02502e-03 0.00000e+00
13.820000 -1.36241e-04 -5.87716e-03 0.00000e+00
13.830000 -2.08477e-04 -5.76695e-03 0.00000e+00
13.840000 -2.74562e-04 -5.68745e-03 0.00000e+00
13.850000 -3.33712e-04 -5.53892e-03 0.00000e+00
13.860000 -4.12073e-04 -5.41122e-03 0.00000e+00
13.870000 -4.82977e-04 -5.26097e-03 0.00000e+00
13.880000 -5.16286e-04 -5.03560e-03 0.00000e+00
13.890000 -5.75218e-04 -4.76277e-03 0.00000e+00
13.900000 -6.22769e-04 -4.54787e-03 0.00000e+00
13.910000 -6.69529e-04 -4.37923e-03 0.00000e+00
13.920000 -7.09224e-04 -4.07399e-03 0.00000e+00
13.930000 -7.39341e-04 -3.77601e-03 0.00000e+00
13.940000 -7.61129e-04 -3.48321e-03 0.00000e+00
13.950000 -8.15504e-04 -2.95375e-03 0.00000e+00
13.960000 -8.24222e-04 -2.34433e-03 0.00000e+00
13.970000 -8.25941e-04 -1.92683e-03 0.00000e+00
13.980000 -8.35621e-04 -1.46037e-03 0.00000e+00
13.990000 -8.53326e-04 -7.54230e-04 0.00000e+00
14.000000 -8.70267e-04 -8.55666e-05 0.00000e+00
14.010000 -8.77616e-04 5.13993e-04 0.00000e+00
14.020000 -8.81048e-04 1.12673e-03 0.00000e+00
14.030000 -8.84976e-04 1.67822e-03 0.00000e+00
14.040000 -8.67818e-04 2.13942e-03 0.00000e+00
14.050000 -8.41457e-04 2.74670e-03 0.00000e+00
14.060000 -8.21771e-04 3.36421e-03 0.00000e+00
14.070000 -7.94209e-04 3.88062e-03 0.00000e+00
14.080000 -7.34473e-04 4.49029e-03 0.00000e+00
14.090000 -6.69898e-04 5.06692e-03 0.00000e+00
14.100000 -6.24720e-04 5.55750e-03 0.00000e+00
14.110000 -5.50658e-04 6.03151e-03 0.00000e+00
14.120000 -4.80608e-04 6.37769e-03 0.00000e+00
14.130000 -4.33073e-04 6.74854e-03 0.00000e+00
14.140000 -3.54008e-04 7.27966e-03 0.00000e+00
14.150000 -2.49822e-04 7.75262e-03 0.00000e+00
14.160000 -1.70840e-04 8.11447e-03 0.00000e+00
14.170000 -1.06369e-04 8.32636e-03 0.00000e+00
14.180000 -2.73652e-05 8.38139e-03 0.00000e+00
14.190000 4.49115e-05 8.33340e-03 0.00000e+00
14.200000 1.29043e-04 8.18962e-03 0.00000e+00
14.210000 2.13542e-04 8.00717e-03 0.00000e+00
14.220000 3.20438e-04 7.86061e-03 0.00000e+00
14.230000 3.73006e-04 7.60053e-03 0.00000e+00
14.240000 4.76570e-04 7.22401e-03 0.00000e+00
14.250000 5.49141e-04 6.93221e-03 0.00000e+00
14.260000 5.99559e-04 6.70748e-03 0.00000e+00
14.270000 6.63694e-04 6.35054e-03 0.00000e+00
14.280000 7.41976e-04 5.91291e-03 0.00000e+00
14.290000 8.08904e-04 5.49783e-03 0.00000e+00
14.300000 8.96992e-04 4.99078e-03 0.00000e+00
14.310000 9.31979e-04 4.48546e-03 0.00000e+00
14.320000 9.57876e-04 4.10519e-03 0.00000e+00
14.330000 9.72646e-04 3.78161e-03 0.00000e+00
14.340000 9.78877e-04 3.40273e-03 0.00000e+00
14.350000 9.93834e-04 2.92627e-03 0.00000e+00
14.360000 1.02402e-03 2.36772e-03 0.00000e+00
14.370000 1.04815e-03 1.81894e-03 0.00000e+00
14.380000 1.07645e-03 1.26080e-03 0.00000e+00
14.390000 1.09011e-03 7.89788e-04 0.00000e+00
14.400000 1.08344e-03 2.92396e-04 0.00000e+00
14.410000 1.10491e-03 -1.74804e-04 0.00000e+00
14.420000 1.10989e-03 -5.56722e-04 0.00000e+00
14.430000 1.09085e-03 -1.14271e-03 0.00000e+00
14.440000 1.06256e-03 -1.79583e-03 0.00000e+00
14.450000 1.05361e-03 -2.36700e-03 0.00000e+00
14.460000 1.04093e-03 -2.84399e-03 0.00000e+00
14.470000 1.02335e-03 -3.22942e-03 0.00000e+00
14.480000 1.00408e-03 -3.72986e-03 0.00000e+00
14.490000 9.68623e-04 -4.39784e-03 0.00000e+00
14.500000 9.28857e-04 -5.07304e-03 0.00000e+00
14.510000 8.51134e-04 -5.79833e-03 0.00000e+00
14.520000 7.68415e-04 -6.50343e-03 0.00000e+00
14.530000 7.01822e-04 -7.12027e-03 0.00000e+00
14.540000 6.41483e-04 -7.65608e-03 0.00000e+00
14.550000 5.59401e-04 -8.11028e-03 0.00000e+00
14.560000 5.05568e-04 -8.52637e-03 0.00000e+00
14.570000 4.03948e-04 -8.94010e-03 0.00000e+00
14.580000 3.26636e-04 -9.25554e-03 0.00000e+00
14.590000 1.97133e-04 -9.48290e-03 0.00000e+00
14.600000 8.98093e-05 -9.73593e-03 0.00000e+00
14.610000 -6.46494e-06 -9.93906e-03 0.00000e+00
14.620000 -9.53355e-05 -9.98563e-03 0.00000e+00
14.630000 -1.96280e-04 -9.88025e-03 0.00000e+00
14.640000 -3.15808e-04 -9.67389e-03 0.00000e+00
14.650000 -4.38977e-04 -9.40704e-03 0.00000e+00
14.660000 -5.21428e-04 -9.07054e-03 0.00000e+00
14.670000 -6.11531e-04 -8.65484e-03 0.00000e+00
14.680000 -6.96767e-04 -8.25332e-03 0.00000e+00
14.690000 -7.69316e-04 -7.93240e-03 0.00000e+00
14.700000 -8.45812e-04 -7.48927e-03 0.00000e+00
14.710000 -9.08511e-04 -6.82347e-03 0.00000e+00
14.720000 -9.76244e-04 -6.14274e-03 0.00000e+00
14.730000 -1.03578e-03 -5.36065e-03 0.00000e+00
14.740000 -1.08448e-03 -4.54184e-03 0.00000e+00
14.750000 -1.13263e-03 -3.75238e-03 0.00000e+00
14.760000 -1.17058e-03 -3.02557e-03 0.00000e+00
14.770000 -1.18930e-03 -2.43316e-03 0.00000e+00
14.780000 -1.19072e-03 -1.77915e-03 0.00000e+00
14.790000 -1.20525e-03 -1.02465e-03 0.00000e+00
14.800000 -1.21252e-03 -2.52908e-04 0.00000e+00
14.810000 -1.22196e-03 3.88854e-04 0.00000e+00
14.820000 -1.22213e-03 9.47281e-04 0.00000e+00
14.830000 -1.20081e-03 1.65747e-03 0.00000e+00
14.840000 -1.18328e-03 2.47284e-03 0.00000e+00
14.850000 -1.15474e-03 3.23530e-03 0.00000e+00
14.860000 -1.11527e-03 4.01792e-03 0.00000e+00
14.870000 -1.04013e-03 4.74799e-03 0.00000e+00
14.880000 -9.95474e-04 5.41809e-03 0.00000e+00
14.890000 -9.54066e-04 6.08186e-03 0.00000e+00
14.900000 -8.89276e-04 6.64731e-03 0.00000e+00
14.910000 -8.48242e-04 7.12940e-03 0.00000e+00
14.920000 -7.86181e-04 7.56083e-03 0.00000e+00
14.930000 -7.29739e-04 7.96450e-03 0.00000e+00
14.940000 -6.48483e-04 8.36593e-03 0.00000e+00
14.950000 -5.46367e-04 8.79038e-03 0.00000e+00
14.960000 -4.43758e-04 9.12557e-03 0.00000e+00
14.970000 -3.50589e-04 9.27446e-03 0.00000e+00
14.980000 -2.46863e-04 9.32508e-03 0.00000e+00
14.990000 -1.16237e-04 9.30773e-03 0.00000e+00
15.000000 4.64188e-06 9.22898e-03 0.00000e+00
15.010000 9.34850e-05 9.13200e-03 0.00000e+00
15.020000 1.82942e-04 9.04185e-03 0.00000e+00
15.030000 2.71842e-04 8.86905e-03 0.00000e+00
15.040000 3.41400e-04 8.70634e-03 0.00000e+00
15.050000 4.31137e-04 8.46704e-03 0.00000e+00
15.060000 5.04343e-04 8.01679e-03 0.00000e+00
15.070000 5.66090e-04 7.48216e-03 0.00000e+00
15.080000 6.42087e-04 6.86951e-03 0.00000e+00
15.090000 7.16637e-04 6.20094e-03 0.00000e+00
15.100000 7.83268e-04 5.47255e-03 0.00000e+00
15.110000 8.31406e-04 4.73201e-03 0.00000e+00
15.120000 8.73720e-04 4.10420e-03 0.00000e+00
15.130000 8.92282e-04 3.55133e-03 0.00000e+00
15.140000 9.23318e-04 2.90418e-03 0.00000e+00
15.150000 9.66017e-04 2.20844e-03 0.00000e+00
15.160000 9.92485e-04 1.70649e-03 0.00000e+00
15.170000 1.01550e-03 1.35184e-03 0.00000e+00
15.180000 1.04495e-03 9.33389e-04 0.00000e+00
15.190000 1.04085e-03 4.07410e-04 0.00000e+00
15.200000 1.01285e-03 -1.64206e-04 0.00000e+00
15.210000 1.00401e-03 -7.60363e-04 0.00000e+00
15.220000 9.61763e-04 -1.30295e-03 0.00000e+00
15.230000 9.44143e-04 -1.78854e-03 0.00000e+00
15.240000 9.16025e-04 -2.36847e-03 0.00000e+00
15.250000 9.11954e-04 -2.87905e-03 0.00000e+00
15.260000 8.80433e-04 -3.28577e-03 0.00000e+00
15.270000 8.59330e-04 -3.69065e-03 0.00000e+00
15.280000 8.33421e-04 -4.09302e-03 0.00000e+00
15.290000 8.07356e-04 -4.46991e-03 0.00000e+00
15.300000 7.52670e-04 -4.86239e-03 0.00000e+00
15.310000 6.96433e-04 -5.27471e-03 0.00000e+00
15.320000 6.65596e-04 -5.52313e-03 0.00000e+00
15.330000 6.32257e-04 -5.64534e-03 0.00000e+00
15.340000 5.54816e-04 -5.80181e-03 0.00000e+00
15.350000 4.76431e-04 -5.85857e-03 0.00000e+00
15.360000 3.87853e-04 -5.87591e-03 0.00000e+00
15.370000 3.25312e-04 -6.03976e-03 0.00000e+00
15.380000 2.62173e-04 -6.18732e-03 0.00000e+00
15.390000 2.01327e-04 -6.36554e-03 0.00000e+00
15.400000 1.24657e-04 -6.50771e-03 0.00000e+00
15.410000 5.35870e-05 -6.56621e-03 0.00000e+00
15.420000 9.94064e-06 -6.50648e-03 0.00000e+00
15.430000 -6.90622e-05 -6.36696e-03 0.00000e+00
15.440000 -1.22694e-04 -6.26620e-03 0.00000e+00
15.450000 -1.79854e-04 -6.07014e-03 0.00000e+00
15.460000 -2.25806e-04 -5.81591e-03 0.00000e+00
15.470000 -2.86962e-04 -5.64049e-03 0.00000e+00
15.480000 -3.27393e-04 -5.47188e-03 0.00000e+00
15.490000 -3.61265e-04 -5.13528e-03 0.00000e+00
15.500000 -4.18762e-04 -4.66155e-03 0.00000e+00
15.510000 -4.82106e-04 -4.26499e-03 0.00000e+00
15.520000 -5.10294e-04 -3.99313e-03 0.00000e+00
15.530000 -5.80584e-04 -3.75010e-03 0.00000e+00
15.540000 -6.21718e-04 -3.45103e-03 0.00000e+00
15.550000 -6.55682e-04 -2.99499e-03 0.00000e+00
15.560000 -6.84367e-04 -2.48189e-03 0.00000e+00
15.570000 -6.90153e-04 -2.05783e-03 0.00000e+00
15.580000 -7.15069e-04 -1.72630e-03 0.00000e+00
15.590000 -7.14501e-04 -1.26366e-03 0.00000e+00
15.600000 -7.46099e-04 -7.59569e-04 0.00000e+00
15.610000 -7.51781e-04 -2.39562e-04 0.00000e+00
15.620000 -7.46976e-04 3.57362e-04 0.00000e+00
15.630000 -7.53007e-04 9.11916e-04 0.00000e+00
15.640000 -7.41718e-04 1.46139e-03 0.00000e+00
15.650000 -6.99638e-04 2.01361e-03 0.00000e+00
15.660000 -6.77075e-04 2.64641e-03 0.00000e+00
15.670000 -6.55708e-04 3.28820e-03 0.00000e+00
15.680000 -6.39915e-04 3.75263e-03 0.00000e+00
15.690000 -5.98789e-04 4.22901e-03 0.00000e+00
15.700000 -5.47600e-04 4.67712e-03 0.00000e+00
15.710000 -4.85551e-04 4.99700e-03 0.00000e+00
15.720000 -4.25372e-04 5.38095e-03 0.00000e+00
15.730000 -3.92968e-04 5.75671e-03 0.00000e+00
15.740000 -3.45668e-04 6.11889e-03 0.00000e+00
15.750000 -2.75143e-04 6.39899e-03 0.00000e+00
15.760000 -1.80120e-04 6.59281e-03 0.00000e+00
15.770000 -1.18475e-04 6.66132e-03 0.00000e+00
15.780000 -3.56139e-05 6.59793e-03 0.00000e+00
15.790000 1.31893e-05 6.56040e-03 0.00000e+00
15.800000 8.01015e-05 6.42269e-03 0.00000e+00
15.810000 1.56127e-04 6.21189e-03 0.00000e+00
15.820000 2.21501e-04 6.11764e-03 0.00000e+00
15.830000 2.97904e-04 5.98478e-03 0.00000e+00
15.840000 3.47965e-04 5.68034e-03 0.00000e+00
15.850000 3.88812e-04 5.28432e-03 0.00000e+00
15.860000 4.66454e-04 4.90970e-03 0.00000e+00
15.870000 5.05833e-04 4.59994e-03 0.00000e+00
15.880000 5.60722e-04 4.30317e-03 0.00000e+00
15.890000 6.09796e-04 4.01399e-03 0.00000e+00
15.900000 6.31074e-04 3.64196e-03 0.00000e+00
15.910000 6.51866e-04 3.14716e-03 0.00000e+00
15.920000 6.61496e-04 2.72371e-03 0.00000e+00
15.930000 6.79347e-04 2.47173e-03 0.00000e+00
15.940000 6.90912e-04 2.26167e-03 0.00000e+00
15.950000 7.16137e-04 2.04451e-03 0.00000e+00
15.960000 7.38147e-04 1.74874e-03 0.00000e+00
15.970000 7.45275e-04 1.39876e-03 0.00000e+00
15.980000 7.73763e-04 1.12429e-03 0.00000e+00
15.990000 7.83177e-04 8.07364e-04 0.00000e+00
16.000000 7.69345e-04 4.76162e-04 0.00000e+00
16.010000 7.74128e-04 1.69334e-04 0.00000e+00
16.020000 7.88415e-04 -2.46434e-04 0.00000e+00
16.030000 7.99650e-04 -5.35090e-04 0.00000e+00
16.040000 7.94850e-04 -7.46640e-04 0.00000e+00
16.050000 7.85558e-04 -1.05811e-03 0.00000e+00
16.060000 7.75892e-04 -1.37191e-03 0.00000e+00
16.070000 7.56576e-04 -1.76136e-03 0.00000e+00
16.080000 7.36778e-04 -2.28276e-03 0.00000e+00
16.090000 7.40492e-04 -2.90202e-03 0.00000e+00
16.100000 7.12074e-04 -3.55336e-03 0.00000e+00
16.110000 6.78402e-04 -4.17963e-03 0.00000e+00
16.120000 6.14871e-04 -4.72780e-03 0.00000e+00
16.130000 5.58403e-04 -5.27543e-03 0.00000e+00
16.140000 5.03169e-04 -5.86672e-03 0.00000e+00
16.150000 4.40804e-04 -6.40073e-03 0.00000e+00
16.160000 3.64333e-04 -6.93841e-03 0.00000e+00
16.170000 3.13414e-04 -7.56889e-03 0.00000e+00
16.180000 2.44109e-04 -8.14688e-03 0.00000e+00
16.190000 1.66072e-04 -8.54259e-03 0.00000e+00
16.200000 1.05753e-04 -8.82805e-03 0.00000e+00
16.210000 -1.10702e-05 -9.09801e-03 0.00000e+00
16.220000 -1.19985e-04 -9.33164e-03 0.00000e+00
16.230000 -2.28324e-04 -9.48318e-03 0.00000e+00
16.240000 -3.37034e-04 -9.53985e-03 0.00000e+00
16.250000 -4.53917e-04 -9.55434e-03 0.00000e+00
16.260000 -5.42052e-04 -9.40311e-03 0.00000e+00
16.270000 -6.32484e-04 -9.17114e-03 0.00000e+00
16.280000 -7.09211e-04 -8.92861e-03 0.00000e+00
16.290000 -8.06081e-04 -8.63150e-03 0.00000e+00
16.300000 -9.08265e-04 -8.27978e-03 0.00000e+00
16.310000 -9.86186e-04 -7.79101e-03 0.00000e+00
16.320000 -1.06952e-03 -7.26161e-03 0.00000e+00
16.330000 -1.14649e-03 -6.73076e-03 0.00000e+00
16.340000 -1.19539e-03 -6.07373e-03 0.00000e+00
16.350000 -1.23393e-03 -5.30798e-03 0.00000e+00
16.360000 -1.27236e-03 -4.49484e-03 0.00000e+00
16.370000 -1.32363e-03 -3.54079e-03 0.00000e+00
16.380000 -1.35760e-03 -2.68487e-03 0.00000e+00
16.390000 -1.38159e-03 -1.93813e-03 0.00000e+00
16.400000 -1.39750e-03 -1.13519e-03 0.00000e+00
16.410000 -1.40758e-03 -3.15491e-04 0.00000e+00
16.420000 -1.42022e-03 4.66087e-04 0.00000e+00
16.430000 -1.40112e-03 1.28891e-03 0.00000e+00
16.440000 -1.40162e-03 2.18901e-03 0.00000e+00
16.450000 -1.35566e-03 3.07647e-03 0.00000e+00
16.460000 -1.32502e-03 3.86729e-03 0.00000e+00
16.470000 -1.27335e-03 4.52351e-03 0.00000e+00
16.480000 -1.23377e-03 5.19351e-03 0.00000e+00
16.490000 -1.18482e-03 5.78835e-03 0.00000e+00
16.500000 -1.11678e-03 6.29383e-03 0.00000e+00
16.510000 -1.03562e-03 6.90298e-03 0.00000e+00
16.520000 -9.60972e-04 7.61201e-03 0.00000e+00
16.530000 -8.68875e-04 8.24926e-03 0.00000e+00
16.540000 -7.95264e-04 8.70553e-03 0.00000e+00
16.550000 -7.21865e-04 9.09294e-03 0.00000e+00
16.560000 -6.10196e-04 9.47966e-03 0.00000e+00
16.570000 -5.12937e-04 9.80656e-03 0.00000e+00
16.580000 -4.07083e-04 1.00229e-02 0.00000e+00
16.590000 -3.12450e-04 1.01361e-02 0.00000e+00
16.600000 -1.99972e-04 1.02263e-02 0.00000e+00
16.610000 -1.11603e-04 1.01912e-02 0.00000e+00
16.620000 -1.99438e-05 1.01490e-02 0.00000e+00
16.630000 7.11591e-05 1.01967e-02 0.00000e+00
16.640000 1.85186e-04 1.02027e-02 0.00000e+00
16.650000 2.91919e-04 1.01570e-02 0.00000e+00
16.660000 3.89434e-04 1.00229e-02 0.00000e+00
16.670000 5.21026e-04 9.83033e-03 0.00000e+00
16.680000 6.34345e-04 9.61978e-03 0.00000e+00
16.690000 7.20042e-04 9.35246e-03 0.00000e+00
16.700000 7.84863e-04 9.10679e-03 0.00000e+00
16.710000 8.69624e-04 8.81139e-03 0.00000e+00
16.720000 9.60421e-04 8.30160e-03 0.00000e+00
16.730000 1.03289e-03 7.83728e-03 0.00000e+00
16.740000 1.09772e-03 7.43460e-03 0.00000e+00
16.750000 1.16059e-03 6.98500e-03 0.00000e+00
16.760000 1.23728e-03 6.51343e-03 0.00000e+00
16.770000 1.29924e-03 5.99984e-03 0.00000e+00
16.780000 1.36406e-03 5.38003e-03 0.00000e+00
16.790000 1.45005e-03 4.63150e-03 0.00000e+00
16.800000 1.50426e-03 3.92463e-03 0.00000e+00
16.810000 1.53654e-03 3.32937e-03 0.00000e+00
16.820000 1.56651e-03 2.70413e-03 0.00000e+00
16.830000 1.57855e-03 2.01882e-03 0.00000e+00
16.840000 1.58973e-03 1.50915e-03 0.00000e+00
16.850000 1.60246e-03 1.11132e-03 0.00000e+00
16.860000 1.60885e-03 5.47401e-04 0.00000e+00
16.870000 1.61521e-03 -1.65444e-04 0.00000e+00
16.880000 1.58147e-03 -8.30683e-04 0.00000e+00
16.890000 1.56428e-03 -1.41785e-03 0.00000e+00
16.900000 1.56828e-03 -2.01585e-03 0.00000e+00
16.910000 1.53351e-03 -2.67385e-03 0.00000e+00
16.920000 1.50318e-03 -3.36601e-03 0.00000e+00
16.930000 1.45487e-03 -3.98678e-03 0.00000e+00
16.940000 1.40072e-03 -4.59063e-03 0.00000e+00
16.950000 1.34868e-03 -5.22734e-03 0.00000e+00
16.960000 1.31517e-03 -5.75099e-03 0.00000e+00
16.970000 1.28672e-03 -6.17067e-03 0.00000e+00
16.980000 1.22174e-03 -6.57340e-03 0.00000e+00
16.990000 1.14592e-03 -6.93442e-03 0.00000e+00
17.000000 1.09926e-03 -7.37684e-03 0.00000e+00
17.010000 1.03296e-03 -7.87188e-03 0.00000e+00
17.020000 9.27395e-04 -8.26072e-03 0.00000e+00
17.030000 8.20879e-04 -8.64487e-03 0.00000e+00
17.040000 7.43483e-04 -9.03192e-03 0.00000e+00
17.050000 6.53781e-04 -9.40471e-03 0.00000e+00
17.060000 5.45995e-04 -9.76169e-03 0.00000e+00
17.070000 4.41488e-04 -9.94802e-03 0.00000e+00
17.080000 3.26965e-04 -1.01273e-02 0.00000e+00
17.090000 2.24971e-04 -1.03966e-02 0.00000e+00
17.100000 1.19739e-04 -1.06329e-02 0.00000e+00
17.110000 4.90470e-06 -1.08970e-02 0.00000e+00
17.120000 -9.43050e-05 -1.11274e-02 0.00000e+00
17.130000 -1.82467e-04 -1.12020e-02 0.00000e+00
17.140000 -2.75082e-04 -1.11089e-02 0.00000e+00
17.150000 -3.81440e-04 -1.10374e-02 0.00000e+00
17.160000 -5.05804e-04 -1.10171e-02 0.00000e+00
17.170000 -6.40361e-04 -1.08232e-02 0.00000e+00
17.180000 -7.32444e-04 -1.04999e-02 0.00000e+00
17.190000 -8.39263e-04 -1.02858e-02 0.00000e+00
17.200000 -9.56188e-04 -1.01537e-02 0.00000e+00
17.210000 -1.04369e-03 -9.81450e-03 0.00000e+00
17.220000 -1.13023e-03 -9.38112e-03 0.00000e+00
17.230000 -1.23009e-03 -9.03823e-03 0.00000e+00
17.240000 -1.32214e-03 -8.60265e-03 0.00000e+00
17.250000 -1.43639e-03 -8.13327e-03 0.00000e+00
17.260000 -1.51680e-03 -7.68146e-03 0.00000e+00
17.270000 -1.58824e-03 -7.13845e-03 0.00000e+00
17.280000 -1.66012e-03 -6.57763e-03 0.00000e+00
17.290000 -1.70425e-03 -5.97577e-03 0.00000e+00
17.300000 -1.75388e-03 -5.25624e-03 0.00000e+00
17.310000 -1.80333e-03 -4.42781e-03 0.00000e+00
17.320000 -1.85540e-03 -3.55536e-03 0.00000e+00
17.330000 -1.87070e-03 -2.78622e-03 0.00000e+00
17.340000 -1.89341e-03 -2.17147e-03 0.00000e+00
17.350000 -1.92112e-03 -1.45352e-03 0.00000e+00
17.360000 -1.94355e-03 -5.92729e-04 0.00000e+00
17.370000 -1.93127e-03 1.50701e-04 0.00000e+00
17.380000 -1.91277e-03 9.59431e-04 0.00000e+00
17.390000 -1.92890e-03 1.93564e-03 0.00000e+00
17.400000 -1.89663e-03 2.83778e-03 0.00000e+00
17.410000 -1.85551e-03 3.59323e-03 0.00000e+00
17.420000 -1.84031e-03 4.22111e-03 0.00000e+00
17.430000 -1.78939e-03 4.79711e-03 0.00000e+00
17.440000 -1.72875e-03 5.41583e-03 0.00000e+00
17.450000 -1.67237e-03 6.05143e-03 0.00000e+00
17.460000 -1.59739e-03 6.75302e-03 0.00000e+00
17.470000 -1.52026e-03 7.44195e-03 0.00000e+00
17.480000 -1.43643e-03 7.99708e-03 0.00000e+00
17.490000 -1.36727e-03 8.42525e-03 0.00000e+00
17.500000 -1.29620e-03 8.90991e-03 0.00000e+00
17.510000 -1.19503e-03 9.43257e-03 0.00000e+00
17.520000 -1.06720e-03 9.85161e-03 0.00000e+00
17.530000 -9.67508e-04 1.02091e-02 0.00000e+00
17.540000 -8.67001e-04 1.05454e-02 0.00000e+00
17.550000 -7.31649e-04 1.09253e-02 0.00000e+00
17.560000 -6.40363e-04 1.11684e-02 0.00000e+00
17.570000 -5.59463e-04 1.14023e-02 0.00000e+00
17.580000 -4.63726e-04 1.17542e-02 0.00000e+00
17.590000 -3.39558e-04 1.19445e-02 0.00000e+00
17.600000 -2.18004e-04 1.20458e-02 0.00000e+00
17.610000 -7.89726e-05 1.22207e-02 0.00000e+00
17.620000 4.80730e-05 1.23498e-02 0.00000e+00
17.630000 1.69011e-04 1.24078e-02 0.00000e+00
17.640000 2.65858e-04 1.23879e-02 0.00000e+00
17.650000 3.85025e-04 1.23016e-02 0.00000e+00
17.660000 5.09691e-04 1.21323e-02 0.00000e+00
17.670000 6.57768e-04 1.17720e-02 0.00000e+00
17.680000 7.62770e-04 1.14119e-02 0.00000e+00
17.690000 8.93513e-04 1.12270e-02 0.00000e+00
17.700000 1.00077e-03 1.10011e-02 0.00000e+00
17.710000 1.11915e-03 1.06057e-02 0.00000e+00
17.720000 1.23591e-03 1.02460e-02 0.00000e+00
17.730000 1.34186e-03 9.79507e-03 0.00000e+00
17.740000 1.45694e-03 9.12465e-03 0.00000e+00
17.750000 1.53453e-03 8.38540e-03 0.00000e+00
17.760000 1.60223e-03 7.66701e-03 0.00000e+00
17.770000 1.68632e-03 6.98698e-03 0.00000e+00
17.780000 1.75178e-03 6.35540e-03 0.00000e+00
17.790000 1.79428e-03 5.71619e-03 0.00000e+00
17.800000 1.83068e-03 4.90800e-03 0.00000e+00
17.810000 1.86245e-03 3.95357e-03 0.00000e+00
17.820000 1.90285e-03 2.99835e-03 0.00000e+00
17.830000 1.92619e-03 2.16501e-03 0.00000e+00
17.840000 1.94670e-03 1.48511e-03 0.00000e+00
17.850000 1.99490e-03 7.33307e-04 0.00000e+00
17.860000 2.00214e-03 -3.69704e-05 0.00000e+00
17.870000 1.98386e-03 -7.18431e-04 0.00000e+00
17.880000 1.96522e-03 -1.47465e-03 0.00000e+00
17.890000 1.95182e-03 -2.12913e-03 0.00000e+00
17.900000 1.90826e-03 -2.66781e-03 0.00000e+00
17.910000 1.88768e-03 -3.21361e-03 0.00000e+00
17.920000 1.84603e-03 -3.79654e-03 0.00000e+00
17.930000 1.81153e-03 -4.42925e-03 0.00000e+00
17.940000 1.76089e-03 -5.00730e-03 0.00000e+00
17.950000 1.70185e-03 -5.54006e-03 0.00000e+00
17.960000 1.61381e-03 -6.12665e-03 0.00000e+00
17.970000 1.53540e-03 -6.75530e-03 0.00000e+00
17.980000 1.48725e-03 -7.36121e-03 0.00000e+00
17.990000 1.43464e-03 -7.93942e-03 0.00000e+00
18.000000 1.37623e-03 -8.50085e-03 0.00000e+00
18.010000 1.28880e-03 -8.99353e-03 0.00000e+00
18.020000 1.18503e-03 -9.33034e-03 0.00000e+00
18.030000 1.11251e-03 -9.66366e-03 0.00000e+00
18.040000 1.00447e-03 -1.00790e-02 0.00000e+00
18.050000 8.96584e-04 -1.04148e-02 0.00000e+00
18.060000 8.19615e-04 -1.07222e-02 0.00000e+00
18.070000 6.90647e-04 -1.10860e-02 0.00000e+00
18.080000 5.60320e-04 -1.13325e-02 0.00000e+00
18.090000 4.45964e-04 -1.14951e-02 0.00000e+00
18.100000 3.24018e-04 -1.16264e-02 0.00000e+00
18.110000 2.01052e-04 -1.16590e-02 0.00000e+00
18.120000 7.47229e-05 -1.16971e-02 0.00000e+00
18.130000 -5.09277e-05 -1.18255e-02 0.00000e+00
18.140000 -1.72873e-04 -1.19997e-02 0.00000e+00
18.150000 -2.89402e-04 -1.19878e-02 0.00000e+00
18.160000 -4.13382e-04 -1.17654e-02 0.00000e+00
18.170000 -5.13386e-04 -1.14413e-02 0.00000e+00
18.180000 -6.19107e-04 -1.11735e-02 0.00000e+00
18.190000 -7.35778e-04 -1.10016e-02 0.00000e+00
18.200000 -8.52672e-04 -1.06482e-02 0.00000e+00
18.210000 -9.38806e-04 -1.02362e-02 0.00000e+00
18.220000 -1.03920e-03 -9.93226e-03 0.00000e+00
18.230000 -1.15530e-03 -9.46973e-03 0.00000e+00
18.240000 -1.23215e-03 -9.01385e-03 0.00000e+00
18.250000 -1.30610e-03 -8.68513e-03 0.00000e+00
18.260000 -1.40357e-03 -8.26801e-03 0.00000e+00
18.270000 -1.47501e-03 -7.82612e-03 0.00000e+00
18.280000 -1.55937e-03 -7.39843e-03 0.00000e+00
18.290000 -1.64614e-03 -6.93153e-03 0.00000e+00
18.300000 -1.71673e-03 -6.38490e-03 0.00000e+00
18.310000 -1.76384e-03 -5.69996e-03 0.00000e+00
18.320000 -1.79456e-03 -5.01193e-03 0.00000e+00
18.330000 -1.84292e-03 -4.42512e-03 0.00000e+00
18.340000 -1.89486e-03 -3.73356e-03 0.00000e+00
18.350000 -1.95226e-03 -2.93789e-03 0.00000e+00
18.360000 -1.96711e-03 -2.25244e-03 0.00000e+00
18.370000 -1.98078e-03 -1.62929e-03 0.00000e+00
18.380000 -2.02488e-03 -9.29826e-04 0.00000e+00
18.390000 -2.03404e-03 -1.96174e-04 0.00000e+00
18.400000 -2.02749e-03 4.17281e-04 0.00000e+00
18.410000 -2.04035e-03 1.07410e-03 0.00000e+00
18.420000 -2.01208e-03 1.90037e-03 0.00000e+00
18.430000 -1.98516e-03 2.62793e-03 0.00000e+00
18.440000 -1.95340e-03 3.33469e-03 0.00000e+00
18.450000 -1.89667e-03 4.03248e-03 0.00000e+00
18.460000 -1.83020e-03 4.56711e-03 0.00000e+00
18.470000 -1.76029e-03 5.05046e-03 0.00000e+00
18.480000 -1.70461e-03 5.57154e-03 0.00000e+00
18.490000 -1.67930e-03 6.14976e-03 0.00000e+00
18.500000 -1.60852e-03 6.75610e-03 0.00000e+00
18.510000 -1.52498e-03 7.30945e-03 0.00000e+00
18.520000 -1.47125e-03 7.70459e-03 0.00000e+00
18.530000 -1.40912e-03 8.09618e-03 0.00000e+00
18.540000 -1.31478e-03 8.59282e-03 0.00000e+00
18.550000 -1.22984e-03 8.94286e-03 0.00000e+00
18.560000 -1.13590e-03 9.19529e-03 0.00000e+00
18.570000 -1.04457e-03 9.54596e-03 0.00000e+00
18.580000 -9.22253e-04 9.82622e-03 0.00000e+00
18.590000 -8.28219e-04 1.00918e-02 0.00000e+00
18.600000 -7.45530e-04 1.04014e-02 0.00000e+00
18.610000 -6.35368e-04 1.06236e-02 0.00000e+00
18.620000 -5.56177e-04 1.09182e-02 0.00000e+00
18.630000 -4.48896e-04 1.13197e-02 0.00000e+00
18.640000 -3.30330e-04 1.16904e-02 0.00000e+00
18.650000 -2.04871e-04 1.19599e-02 0.00000e+00
18.660000 -7.86949e-05 1.19746e-02 0.00000e+00
18.670000 5.28637e-05 1.18698e-02 0.00000e+00
18.680000 1.54925e-04 1.18275e-02 0.00000e+00
18.690000 2.65222e-04 1.16814e-02 0.00000e+00
18.700000 3.99004e-04 1.13925e-02 0.00000e+00
18.710000 5.19810e-04 1.11267e-02 0.00000e+00
18.720000 6.23928e-04 1.08844e-02 0.00000e+00
18.730000 7.53568e-04 1.06126e-02 0.00000e+00
18.740000 8.72730e-04 1.03104e-02 0.00000e+00
18.750000 9.73929e-04 1.00209e-02 0.00000e+00
18.760000 1.08645e-03 9.67504e-03 0.00000e+00
18.770000 1.17717e-03 9.13101e-03 0.00000e+00
18.780000 1.27171e-03 8.57532e-03 0.00000e+00
18.790000 1.37191e-03 7.91322e-03 0.00000e+00
18.800000 1.42632e-03 7.12202e-03 0.00000e+00
18.810000 1.46976e-03 6.41733e-03 0.00000e+00
18.820000 1.50617e-03 5.74172e-03 0.00000e+00
18.830000 1.53713e-03 5.07812e-03 0.00000e+00
18.840000 1.59239e-03 4.48901e-03 0.00000e+00
18.850000 1.63994e-03 3.79593e-03 0.00000e+00
18.860000 1.68146e-03 3.02370e-03 0.00000e+00
18.870000 1.72076e-03 2.39775e-03 0.00000e+00
18.880000 1.76191e-03 1.80834e-03 0.00000e+00
18.890000 1.78733e-03 1.18491e-03 0.00000e+00
18.900000 1.80132e-03 7.03420e-04 0.00000e+00
18.910000 1.79844e-03 3.37390e-04 0.00000e+00
18.920000 1.78732e-03 -1.33429e-04 0.00000e+00
18.930000 1.76293e-03 -5.77306e-04 0.00000e+00
18.940000 1.74040e-03 -9.95938e-04 0.00000e+00
18.950000 1.72681e-03 -1.49897e-03 0.00000e+00
18.960000 1.68316e-03 -1.85913e-03 0.00000e+00
18.970000 1.67656e-03 -2.20966e-03 0.00000e+00
18.980000 1.65864e-03 -2.75225e-03 0.00000e+00
18.990000 1.62926e-03 -3.40460e-03 0.00000e+00
19.000000 1.60199e-03 -4.07016e-03 0.00000e+00
19.010000 1.56703e-03 -4.63446e-03 0.00000e+00
19.020000 1.50509e-03 -5.13315e-03 0.00000e+00
19.030000 1.48875e-03 -5.57744e-03 0.00000e+00
19.040000 1.43992e-03 -5.91882e-03 0.00000e+00
19.050000 1.38817e-03 -6.18272e-03 0.00000e+00
19.060000 1.34018e-03 -6.49287e-03 0.00000e+00
19.070000 1.28435e-03 -6.82457e-03 0.00000e+00
19.080000 1.18363e-03 -7.11096e-03 0.00000e+00
19.090000 1.09046e-03 -7.47558e-03 0.00000e+00
19.100000 1.01435e-03 -7.89237e-03 0.00000e+00
19.110000 9.09836e-04 -8.29460e-03 0.00000e+00
19.120000 8.19708e-04 -8.69632e-03 0.00000e+00
19.130000 7.49758e-04 -9.13934e-03 0.00000e+00
19.140000 6.20155e-04 -9.48340e-03 0.00000e+00
19.150000 5.14114e-04 -9.69101e-03 0.00000e+00
19.160000 4.17230e-04 -9.95660e-03 0.00000e+00
19.170000 3.48825e-04 -1.01809e-02 0.00000e+00
19.180000 2.56002e-04 -1.02985e-02 0.00000e+00
19.190000 1.73131e-04 -1.04470e-02 0.00000e+00
19.200000 8.84728e-05 -1.04399e-02 0.00000e+00
19.210000 -7.23245e-06 -1.03153e-02 0.00000e+00
19.220000 -1.27295e-04 -1.02419e-02 0.00000e+00
19.230000 -2.43037e-04 -1.00323e-02 0.00000e+00
19.240000 -3.35147e-04 -9.68144e-03 0.00000e+00
19.250000 -4.44086e-04 -9.45316e-03 0.00000e+00
19.260000 -5.69156e-04 -9.34285e-03 0.00000e+00
19.270000 -6.55827e-04 -9.12967e-03 0.00000e+00
19.280000 -7.65098e-04 -8.91180e-03 0.00000e+00
19.290000 -8.57383e-04 -8.66916e-03 0.00000e+00
19.300000 -9.37827e-04 -8.21551e-03 0.00000e+00
19.310000 -1.00548e-03 -7.79208e-03 0.00000e+00
19.320000 -1.09669e-03 -7.56381e-03 0.00000e+00
19.330000 -1.16960e-03 -7.27307e-03 0.00000e+00
19.340000 -1.21628e-03 -6.76463e-03 0.00000e+00
19.350000 -1.27176e-03 -6.18852e-03 0.00000e+00
19.360000 -1.32776e-03 -5.68983e-03 0.00000e+00
19.370000 -1.36106e-03 -5.08773e-03 0.00000e+00
19.380000 -1.42881e-03 -4.40447e-03 0.00000e+00
19.390000 -1.45801e-03 -3.87697e-03 0.00000e+00
19.400000 -1.48882e-03 -3.44960e-03 0.00000e+00
19.410000 -1.53426e-03 -2.87586e-03 0.00000e+00
19.420000 -1.59612e-03 -2.29989e-03 0.00000e+00
19.430000 -1.60660e-03 -1.87584e-03 0.00000e+00
19.440000 -1.62299e-03 -1.38123e-03 0.00000e+00
19.450000 -1.62515e-03 -9.18305e-04 0.00000e+00
19.460000 -1.62004e-03 -5.76168e-04 0.00000e+00
19.470000 -1.61521e-03 -1.67598e-04 0.00000e+00
19.480000 -1.64513e-03 3.18330e-04 0.00000e+00
19.490000 -1.64644e-03 7.24322e-04 0.00000e+00
19.500000 -1.60732e-03 1.06684e-03 0.00000e+00
19.510000 -1.58124e-03 1.55045e-03 0.00000e+00
19.520000 -1.57710e-03 2.09301e-03 0.00000e+00
19.530000 -1.55257e-03 2.53897e-03 0.00000e+00
19.540000 -1.49912e-03 2.98540e-03 0.00000e+00
19.550000 -1.48598e-03 3.40268e-03 0.00000e+00
19.560000 -1.46536e-03 3.83921e-03 0.00000e+00
19.570000 -1.40648e-03 4.45339e-03 0.00000e+00
19.580000 -1.35183e-03 5.02739e-03 0.00000e+00
19.590000 -1.33001e-03 5.37974e-03 0.00000e+00
19.600000 -1.27120e-03 5.75653e-03 0.00000e+00
19.610000 -1.21671e-03 6.25654e-03 0.00000e+00
19.620000 -1.17840e-03 6.80467e-03 0.00000e+00
19.630000 -1.10303e-03 7.36177e-03 0.00000e+00
19.640000 -1.01799e-03 7.85063e-03 0.00000e+00
19.650000 -9.44283e-04 8.17050e-03 0.00000e+00
19.660000 -8.69665e-04 8.37593e-03 0.00000e+00
19.670000 -7.69533e-04 8.75648e-03 0.00000e+00
19.680000 -6.71156e-04 9.13325e-03 0.00000e+00
19.690000 -5.92105e-04 9.31710e-03 0.00000e+00
19.700000 -5.04431e-04 9.43762e-03 0.00000e+00
19.710000 -3.90612e-04 9.64678e-03 0.00000e+00
19.720000 -2.76118e-04 9.75680e-03 0.00000e+00
19.730000 -1.54430e-04 9.61288e-03 0.00000e+00
19.740000 -4.47579e-05 9.48808e-03 0.00000e+00
19.750000 2.38968e-05 9.44285e-03 0.00000e+00
19.760000 1.17432e-04 9.18997e-03 0.00000e+00
19.770000 2.32895e-04 8.85981e-03 0.00000e+00
19.780000 3.27562e-04 8.57713e-03 0.00000e+00
19.790000 4.11484e-04 8.08294e-03 0.00000e+00
19.800000 4.66397e-04 7.52141e-03 0.00000e+00
19.810000 5.35811e-04 7.09139e-03 0.00000e+00
19.820000 5.98599e-04 6.64794e-03 0.00000e+00
19.830000 6.76912e-04 6.10926e-03 0.00000e+00
19.840000 7.45815e-04 5.59878e-03 0.00000e+00
19.850000 7.70709e-04 5.12155e-03 0.00000e+00
19.860000 8.31399e-04 4.58040e-03 0.00000e+00
19.870000 8.73066e-04 4.03716e-03 0.00000e+00
19.880000 9.17701e-04 3.63274e-03 0.00000e+00
19.890000 9.22117e-04 3.35127e-03 0.00000e+00
19.900000 9.54540e-04 3.14804e-03 0.00000e+00
19.910000 9.94463e-04 2.95876e-03 0.00000e+00
19.920000 1.01983e-03 2.61176e-03 0.00000e+00
19.930000 1.01758e-03 2.28034e-03 0.00000e+00
19.940000 1.06010e-03 2.17766e-03 0.00000e+00
19.950000 1.05364e-03 2.11247e-03 0.00000e+00
19.960000 1.06342e-03 1.96348e-03 0.00000e+00
19.970000 1.09522e-03 1.71489e-03 0.00000e+00
19.980000 1.12743e-03 1.49502e-03 0.00000e+00
19.990000 1.12409e-03 1.31476e-03 0.00000e+00
20.000000 1.14125e-03 1.17707e-03 0.00000e+00
20.010000 1.15255e-03 1.11420e-03 0.00000e+00
20.020000 1.17047e-03 8.77743e-04 0.00000e+00
20.030000 1.18802e-03 6.25975e-04 0.00000e+00
20.040000 1.21795e-03 4.52384e-04 0.00000e+00
20.050000 1.22743e-03 2.22068e-04 0.00000e+00
20.060000 1.23000e-03 -1.20690e-04 0.00000e+00
20.070000 1.21612e-03 -5.56517e-04 0.00000e+00
20.080000 1.19991e-03 -9.27506e-04 0.00000e+00
20.090000 1.18650e-03 -1.27014e-03 0.00000e+00
20.100000 1.20267e-03 -1.75362e-03 0.00000e+00
20.110000 1.17373e-03 -2.19527e-03 0.00000e+00
20.120000 1.13599e-03 -2.62342e-03 0.00000e+00
20.130000 1.09840e-03 -3.16652e-03 0.00000e+00
20.140000 1.07686e-03 -3.57313e-03 0.00000e+00
20.150000 1.05247e-03 -3.91131e-03 0.00000e+00
20.160000 1.00320e-03 -4.34190e-03 0.00000e+00
20.170000 9.64766e-04 -4.77997e-03 0.00000e+00
20.180000 9.03347e-04 -5.16936e-03 0.00000e+00
20.190000 8.35118e-04 -5.51868e-03 0.00000e+00
20.200000 7.96089e-04 -5.78014e-03 0.00000e+00
20.210000 7.18549e-04 -5.94085e-03 0.00000e+00
20.220000 6.51057e-04 -6.09815e-03 0.00000e+00
20.230000 5.74947e-04 -6.31969e-03 0.00000e+00
20.240000 5.10233e-04 -6.55145e-03 0.00000e+00
20.250000 4.51958e-04 -6.76889e-03 0.00000e+00
20.260000 3.88300e-04 -6.92467e-03 0.00000e+00
20.270000 3.09887e-04 -6.90234e-03 0.00000e+00
20.280000 2.65562e-04 -6.88561e-03 0.00000e+00
20.290000 1.82092e-04 -6.97127e-03 0.00000e+00
20.300000 1.26725e-04 -6.98514e-03 0.00000e+00
20.310000 6.18157e-05 -6.90449e-03 0.00000e+00
20.320000 -1.84863e-05 -6.78166e-03 0.00000e+00
20.330000 -8.47405e-05 -6.71132e-03 0.00000e+00
20.340000 -1.45289e-04 -6.56570e-03 0.00000e+00
20.350000 -2.12999e-04 -6.35527e-03 0.00000e+00
20.360000 -2.68559e-04 -6.22664e-03 0.00000e+00
20.370000 -3.35750e-04 -6.09189e-03 0.00000e+00
20.380000 -4.05950e-04 -5.92063e-03 0.00000e+00
20.390000 -4.86563e-04 -5.74880e-03 0.00000e+00
20.400000 -5.41134e-04 -5.64079e-03 0.00000e+00
20.410000 -5.89485e-04 -5.52846e-03 0.00000e+00
20.420000 -6.31801e-04 -5.29512e-03 0.00000e+00
20.430000 -6.77212e-04 -5.04771e-03 0.00000e+00
20.440000 -7.20693e-04 -4.83212e-03 0.00000e+00
20.450000 -7.86704e-04 -4.51767e-03 0.00000e+00
20.460000 -8.09399e-04 -4.18765e-03 0.00000e+00
20.470000 -8.50340e-04 -3.93877e-03 0.00000e+00
20.480000 -8.91305e-04 -3.63068e-03 0.00000e+00
20.490000 -9.38496e-04 -3.38098e-03 0.00000e+00
20.500000 -9.57609e-04 -3.10191e-03 0.00000e+00
20.510000 -9.74343e-04 -2.68834e-03 0.00000e+00
20.520000 -1.01355e-03 -2.29649e-03 0.00000e+00
20.530000 -1.05413e-03 -1.94517e-03 0.00000e+00
20.540000 -1.07387e-03 -1.61601e-03 0.00000e+00
20.550000 -1.07767e-03 -1.34451e-03 0.00000e+00
20.560000 -1.10121e-03 -1.16124e-03 0.00000e+00
20.570000 -1.12096e-03 -9.52657e-04 0.00000e+00
20.580000 -1.10255e-03 -6.46699e-04 0.00000e+00
20.590000 -1.10363e-03 -2.63031e-04 0.00000e+00
20.600000 -1.10538e-03 1.72534e-04 0.00000e+00
20.610000 -1.09429e-03 6.04590e-04 0.00000e+00
20.620000 -1.08541e-03 9.37677e-04 0.00000e+00
20.630000 -1.08789e-03 1.33068e-03 0.00000e+00
20.640000 -1.08065e-03 1.78327e-03 0.00000e+00
20.650000 -1.04527e-03 2.10318e-03 0.00000e+00
20.660000 -1.03105e-03 2.33366e-03 0.00000e+00
20.670000 -9.77899e-04 2.67658e-03 0.00000e+00
20.680000 -9.68245e-04 3.13579e-03 0.00000e+00
20.690000 -9.54220e-04 3.49678e-03 0.00000e+00
20.700000 -9.36913e-04 3.73041e-03 0.00000e+00
20.710000 -8.97468e-04 3.94635e-03 0.00000e+00
20.720000 -8.63939e-04 4.26305e-03 0.00000e+00
20.730000 -8.07456e-04 4.51646e-03 0.00000e+00
20.740000 -7.42288e-04 4.65575e-03 0.00000e+00
20.750000 -6.75871e-04 4.95304e-03 0.00000e+00
20.760000 -6.14086e-04 5.29424e-03 0.00000e+00
20.770000 -5.61889e-04 5.48435e-03 0.00000e+00
20.780000 -5.17324e-04 5.67024e-03 0.00000e+00
20.790000 -4.66140e-04 5.84250e-03 0.00000e+00
20.800000 -4.01177e-04 5.84983e-03 0.00000e+00
20.810000 -3.64567e-04 5.79677e-03 0.00000e+00
20.820000 -3.09834e-04 5.89130e-03 0.00000e+00
20.830000 -2.35439e-04 5.95007e-03 0.00000e+00
20.840000 -1.47780e-04 6.03930e-03 0.00000e+00
20.850000 -1.07867e-04 6.16251e-03 0.00000e+00
20.860000 -5.31693e-05 6.07132e-03 0.00000e+00
20.870000 -1.07428e-06 5.86127e-03 0.00000e+00
20.880000 7.08232e-05 5.74198e-03 0.00000e+00
20.890000 1.32564e-04 5.63191e-03 0.00000e+00
20.900000 1.79211e-04 5.51436e-03 0.00000e+00
20.910000 2.51506e-04 5.45583e-03 0.00000e+00
20.920000 3.19432e-04 5.41251e-03 0.00000e+00
20.930000 3.41552e-04 5.39694e-03 0.00000e+00
20.940000 3.85401e-04 5.27143e-03 0.00000e+00
20.950000 4.34271e-04 5.03277e-03 0.00000e+00
20.960000 4.69043e-04 4.76362e-03 0.00000e+00
20.970000 5.11458e-04 4.54919e-03 0.00000e+00
20.980000 5.89506e-04 4.26626e-03 0.00000e+00
20.990000 6.42360e-04 3.87150e-03 0.00000e+00
21.000000 6.71731e-04 3.56381e-03 0.00000e+00
21.010000 7.29409e-04 3.47242e-03 0.00000e+00
21.020000 7.45433e-04 3.32917e-03 0.00000e+00
21.030000 7.59479e-04 3.02426e-03 0.00000e+00
21.040000 8.04515e-04 2.71754e-03 0.00000e+00
21.050000 8.54283e-04 2.44139e-03 0.00000e+00
21.060000 8.58760e-04 2.22778e-03 0.00000e+00
21.070000 8.94762e-04 2.00684e-03 0.00000e+00
21.080000 8.96987e-04 1.86861e-03 0.00000e+00
21.090000 9.20185e-04 1.75890e-03 0.00000e+00
21.100000 9.12404e-04 1.51327e-03 0.00000e+00
21.110000 9.03280e-04 1.21823e-03 0.00000e+00
21.120000 9.13963e-04 9.12044e-04 0.00000e+00
21.130000 9.24568e-04 5.92092e-04 0.00000e+00
21.140000 9.34215e-04 2.83279e-04 0.00000e+00
21.150000 9.27073e-04 8.40742e-05 0.00000e+00
21.160000 9.41929e-04 -2.06540e-05 0.00000e+00
21.170000 9.67826e-04 -2.14588e-04 0.00000e+00
21.180000 9.80847e-04 -3.58578e-04 0.00000e+00
21.190000 9.42337e-04 -5.29148e-04 0.00000e+00
21.200000 9.39006e-04 -8.72909e-04 0.00000e+00
21.210000 9.31789e-04 -1.11001e-03 0.00000e+00
21.220000 9.35028e-04 -1.13936e-03 0.00000e+00
21.230000 9.31909e-04 -1.26511e-03 0.00000e+00
21.240000 9.21350e-04 -1.47495e-03 0.00000e+00
21.250000 8.97076e-04 -1.71074e-03 0.00000e+00
21.260000 8.51783e-04 -1.95912e-03 0.00000e+00
21.270000 8.31851e-04 -2.19644e-03 0.00000e+00
21.280000 7.96872e-04 -2.57282e-03 0.00000e+00
21.290000 7.64865e-04 -2.89717e-03 0.00000e+00
21.300000 7.55369e-04 -3.11979e-03 0.00000e+00
21.310000 7.22412e-04 -3.33472e-03 0.00000e+00
21.320000 7.01083e-04 -3.63552e-03 0.00000e+00
21.330000 6.65800e-04 -3.90143e-03 0.00000e+00
21.340000 6.23519e-04 -3.98166e-03 0.00000e+00
21.350000 5.88150e-04 -4.03467e-03 0.00000e+00
21.360000 5.28799e-04 -4.30107e-03 0.00000e+00
21.370000 4.92842e-04 -4.60996e-03 0.00000e+00
21.380000 4.70271e-04 -4.81454e-03 0.00000e+00
21.390000 4.16217e-04 -4.96696e-03 0.00000e+00
21.400000 3.36127e-04 -5.00154e-03 0.00000e+00
21.410000 2.84218e-04 -5.07126e-03 0.00000e+00
21.420000 2.26096e-04 -5.22863e-03 0.00000e+00
21.430000 1.85682e-04 -5.44237e-03 0.00000e+00
21.440000 1.23452e-04 -5.59108e-03 0.00000e+00
21.450000 6.67191e-05 -5.66841e-03 0.00000e+00
21.460000 3.32740e-05 -5.80754e-03 0.00000e+00
21.470000 -2.99480e-05 -5.83392e-03 0.00000e+00
21.480000 -8.91840e-05 -5.76176e-03 0.00000e+00
21.490000 -1.54385e-04 -5.72489e-03 0.00000e+00
21.500000 -1.85638e-04 -5.61514e-03 0.00000e+00
21.510000 -2.52170e-04 -5.46822e-03 0.00000e+00
21.520000 -3.25792e-04 -5.30980e-03 0.00000e+00
21.530000 -3.95279e-04 -5.21026e-03 0.00000e+00
21.540000 -4.23489e-04 -5.02809e-03 0.00000e+00
21.550000 -4.80712e-04 -4.61474e-03 0.00000e+00
21.560000 -5.12972e-04 -4.20291e-03 0.00000e+00
21.570000 -5.68493e-04 -3.98240e-03 0.00000e+00
21.580000 -6.33458e-04 -3.80785e-03 0.00000e+00
21.590000 -6.70159e-04 -3.53784e-03 0.00000e+00
21.600000 -6.94436e-04 -3.20827e-03 0.00000e+00
21.610000 -7.18442e-04 -2.89504e-03 0.00000e+00
21.620000 -7.51200e-04 -2.61558e-03 0.00000e+00
21.630000 -7.80704e-04 -2.26278e-03 0.00000e+00
21.640000 -7.75166e-04 -1.89236e-03 0.00000e+00
21.650000 -8.02675e-04 -1.57996e-03 0.00000e+00
21.660000 -8.13936e-04 -1.32585e-03 0.00000e+00
21.670000 -8.06478e-04 -1.01745e-03 0.00000e+00
21.680000 -8.21761e-04 -7.14694e-04 0.00000e+00
21.690000 -8.26885e-04 -5.64760e-04 0.00000e+00
21.700000 -8.25316e-04 -4.26232e-04 0.00000e+00
21.710000 -7.94072e-04 -1.33428e-04 0.00000e+00
21.720000 -8.06567e-04 1.25508e-04 0.00000e+00
21.730000 -8.26807e-04 3.10367e-04 0.00000e+00
21.740000 -8.43644e-04 5.12665e-04 0.00000e+00
21.750000 -8.26494e-04 5.69820e-04 0.00000e+00
21.760000 -8.14152e-04 5.83750e-04 0.00000e+00
21.770000 -8.10418e-04 7.30200e-04 0.00000e+00
21.780000 -8.05611e-04 9.27448e-04 0.00000e+00
21.790000 -7.89954e-04 1.17606e-03 0.00000e+00
21.800000 -7.79817e-04 1.40512e-03 0.00000e+00
21.810000 -7.62954e-04 1.67110e-03 0.00000e+00
21.820000 -7.60788e-04 1.96118e-03 0.00000e+00
21.830000 -7.43773e-04 2.12420e-03 0.00000e+00
21.840000 -7.20782e-04 2.33082e-03 0.00000e+00
21.850000 -7.00660e-04 2.58608e-03 0.00000e+00
21.860000 -6.73590e-04 2.77888e-03 0.00000e+00
21.870000 -6.26456e-04 2.94274e-03 0.00000e+00
21.880000 -6.05349e-04 3.21417e-03 0.00000e+00
21.890000 -5.96138e-04 3.43859e-03 0.00000e+00
21.900000 -5.55510e-04 3.49282e-03 0.00000e+00
21.910000 -5.18831e-04 3.48264e-03 0.00000e+00
21.920000 -4.87855e-04 3.54943e-03 0.00000e+00
21.930000 -4.24491e-04 3.70323e-03 0.00000e+00
21.940000 -3.59285e-04 3.77001e-03 0.00000e+00
21.950000 -3.14180e-04 3.72127e-03 0.00000e+00
21.960000 -2.56221e-04 3.67355e-03 0.00000e+00
21.970000 -2.47920e-04 3.63272e-03 0.00000e+00
21.980000 -2.01872e-04 3.65485e-03 0.00000e+00
21.990000 -1.85622e-04 3.67701e-03 0.00000e+00
22.000000 -1.59347e-04 3.57797e-03 0.00000e+00
22.010000 -1.13437e-04 3.47287e-03 0.00000e+00
22.020000 -7.85100e-05 3.42785e-03 0.00000e+00
22.030000 -6.57233e-05 3.38653e-03 0.00000e+00
22.040000 -2.87303e-05 3.36441e-03 0.00000e+00
22.050000 2.40612e-06 3.28714e-03 0.00000e+00
22.060000 2.03929e-05 3.06812e-03 0.00000e+00
22.070000 5.42238e-05 2.86325e-03 0.00000e+00
22.080000 8.71474e-05 2.76551e-03 0.00000e+00
22.090000 1.27622e-04 2.67332e-03 0.00000e+00
22.100000 1.45129e-04 2.66385e-03 0.00000e+00
22.110000 1.60026e-04 2.78740e-03 0.00000e+00
22.120000 1.90292e-04 2.91835e-03 0.00000e+00
22.130000 2.40379e-04 3.06909e-03 0.00000e+00
22.140000 2.76665e-04 3.05674e-03 0.00000e+00
22.150000 3.25536e-04 2.99542e-03 0.00000e+00
22.160000 3.25091e-04 2.98710e-03 0.00000e+00
22.170000 3.46793e-04 2.90676e-03 0.00000e+00
22.180000 3.83712e-04 2.83172e-03 0.00000e+00
22.190000 4.19871e-04 2.81276e-03 0.00000e+00
22.200000 4.23028e-04 2.69885e-03 0.00000e+00
22.210000 4.47056e-04 2.53171e-03 0.00000e+00
22.220000 4.57969e-04 2.45042e-03 0.00000e+00
22.230000 4.98221e-04 2.35089e-03 0.00000e+00
22.240000 5.33268e-04 2.25890e-03 0.00000e+00
22.250000 5.84591e-04 2.14722e-03 0.00000e+00
22.260000 6.00567e-04 2.02932e-03 0.00000e+00
22.270000 6.41178e-04 1.90792e-03 0.00000e+00
22.280000 6.46640e-04 1.67980e-03 0.00000e+00
22.290000 6.65924e-04 1.41729e-03 0.00000e+00
22.300000 6.54192e-04 1.28307e-03 0.00000e+00
22.310000 6.54460e-04 1.28870e-03 0.00000e+00
22.320000 6.76491e-04 1.34971e-03 0.00000e+00
22.330000 6.81924e-04 1.25767e-03 0.00000e+00
22.340000 6.78810e-04 1.00383e-03 0.00000e+00
22.350000 6.85085e-04 7.87462e-04 0.00000e+00
22.360000 7.01379e-04 6.00008e-04 0.00000e+00
22.370000 6.88891e-04 3.18904e-04 0.00000e+00
22.380000 7.10406e-04 -4.77743e-05 0.00000e+00
22.390000 7.18962e-04 -4.22616e-04 0.00000e+00
22.400000 7.16192e-04 -7.13284e-04 0.00000e+00
22.410000 7.06103e-04 -9.42267e-04 0.00000e+00
22.420000 6.88366e-04 -1.12383e-03 0.00000e+00
22.430000 6.91745e-04 -1.31530e-03 0.00000e+00
22.440000 6.80109e-04 -1.53477e-03 0.00000e+00
22.450000 6.64533e-04 -1.78766e-03 0.00000e+00
22.460000 6.66320e-04 -2.09584e-03 0.00000e+00
22.470000 6.73031e-04 -2.39291e-03 0.00000e+00
22.480000 6.51504e-04 -2.68449e-03 0.00000e+00
22.490000 5.95566e-04 -2.87667e-03 0.00000e+00
22.500000 5.31656e-04 -3.05136e-03 0.00000e+00
22.510000 4.87963e-04 -3.33053e-03 0.00000e+00
22.520000 4.48577e-04 -3.58762e-03 0.00000e+00
22.530000 4.08907e-04 -3.71803e-03 0.00000e+00
22.540000 3.63993e-04 -3.87358e-03 0.00000e+00
22.550000 3.26671e-04 -3.94664e-03 0.00000e+00
22.560000 3.00438e-04 -3.90100e-03 0.00000e+00
22.570000 2.70395e-04 -3.89805e-03 0.00000e+00
22.580000 2.19602e-04 -3.90680e-03 0.00000e+00
22.590000 1.87402e-04 -3.94288e-03 0.00000e+00
22.600000 1.35041e-04 -3.87142e-03 0.00000e+00
22.610000 9.84619e-05 -3.65860e-03 0.00000e+00
22.620000 5.77935e-05 -3.47800e-03 0.00000e+00
22.630000 3.89582e-05 -3.25731e-03 0.00000e+00
22.640000 1.78393e-05 -2.90894e-03 0.00000e+00
22.650000 -1.11437e-05 -2.52441e-03 0.00000e+00
22.660000 -4.97750e-05 -2.30546e-03 0.00000e+00
22.670000 -8.77023e-05 -2.24082e-03 0.00000e+00
22.680000 -1.19071e-04 -2.20799e-03 0.00000e+00
22.690000 -1.18320e-04 -2.13210e-03 0.00000e+00
22.700000 -1.39597e-04 -1.99338e-03 0.00000e+00
22.710000 -1.56398e-04 -1.90060e-03 0.00000e+00
22.720000 -1.62366e-04 -1.85416e-03 0.00000e+00
22.730000 -1.90644e-04 -1.81031e-03 0.00000e+00
22.740000 -2.07812e-04 -1.70597e-03 0.00000e+00
22.750000 -2.15864e-04 -1.64898e-03 0.00000e+00
22.760000 -2.22786e-04 -1.61962e-03 0.00000e+00
22.770000 -2.09992e-04 -1.57977e-03 0.00000e+00
22.780000 -2.29682e-04 -1.63591e-03 0.00000e+00
22.790000 -2.57623e-04 -1.71282e-03 0.00000e+00
22.800000 -2.68470e-04 -1.72124e-03 0.00000e+00
22.810000 -2.86619e-04 -1.65298e-03 0.00000e+00
22.820000 -3.15145e-04 -1.60364e-03 0.00000e+00
22.830000 -3.59740e-04 -1.63150e-03 0.00000e+00
22.840000 -3.73613e-04 -1.72897e-03 0.00000e+00
22.850000 -3.98923e-04 -1.86191e-03 0.00000e+00
22.860000 -3.96054e-04 -1.83168e-03 0.00000e+00
22.870000 -4.20679e-04 -1.73864e-03 0.00000e+00
22.880000 -4.47900e-04 -1.67911e-03 0.00000e+00
22.890000 -4.65789e-04 -1.57987e-03 0.00000e+00
22.900000 -4.75922e-04 -1.51487e-03 0.00000e+00
22.910000 -4.73171e-04 -1.45238e-03 0.00000e+00
22.920000 -4.99909e-04 -1.36546e-03 0.00000e+00
22.930000 -5.01671e-04 -1.20872e-03 0.00000e+00
22.940000 -5.24363e-04 -9.61329e-04 0.00000e+00
22.950000 -5.42344e-04 -6.81183e-04 0.00000e+00
22.960000 -5.34264e-04 -5.08108e-04 0.00000e+00
22.970000 -5.33421e-04 -3.55088e-04 0.00000e+00
22.980000 -5.38137e-04 -1.33359e-04 0.00000e+00
22.990000 -5.51524e-04 1.28569e-04 0.00000e+00
23.000000 -5.57064e-04 3.57060e-04 0.00000e+00
23.010000 -5.53870e-04 5.49633e-04 0.00000e+00
23.020000 -5.37063e-04 7.53248e-04 0.00000e+00
23.030000 -5.05739e-04 1.01907e-03 0.00000e+00
23.040000 -5.16666e-04 1.26895e-03 0.00000e+00
23.050000 -4.94314e-04 1.41200e-03 0.00000e+00
23.060000 -4.99286e-04 1.59671e-03 0.00000e+00
23.070000 -4.71625e-04 1.82872e-03 0.00000e+00
23.080000 -4.61075e-04 2.11782e-03 0.00000e+00
23.090000 -4.34683e-04 2.30468e-03 0.00000e+00
23.100000 -4.03782e-04 2.38616e-03 0.00000e+00
23.110000 -3.82933e-04 2.42823e-03 0.00000e+00
23.120000 -3.54414e-04 2.39632e-03 0.00000e+00
23.130000 -3.44161e-04 2.44082e-03 0.00000e+00
23.140000 -2.96635e-04 2.50038e-03 0.00000e+00
23.150000 -2.57517e-04 2.48474e-03 0.00000e+00
23.160000 -2.17635e-04 2.42444e-03 0.00000e+00
23.170000 -2.08686e-04 2.30181e-03 0.00000e+00
23.180000 -1.88582e-04 2.19997e-03 0.00000e+00
23.190000 -1.60607e-04 2.22983e-03 0.00000e+00
23.200000 -1.31502e-04 2.35616e-03 0.00000e+00
23.210000 -1.17972e-04 2.39776e-03 0.00000e+00
23.220000 -8.29864e-05 2.39610e-03 0.00000e+00
23.230000 -5.46738e-05 2.35807e-03 0.00000e+00
23.240000 -4.32428e-05 2.35387e-03 0.00000e+00
23.250000 -3.49332e-05 2.40471e-03 0.00000e+00
23.260000 -4.59216e-05 2.41220e-03 0.00000e+00
23.270000 -2.43331e-05 2.43510e-03 0.00000e+00
23.280000 -6.00457e-06 2.45170e-03 0.00000e+00
23.290000 2.76252e-05 2.52005e-03 0.00000e+00
23.300000 5.35480e-05 2.49457e-03 0.00000e+00
23.310000 7.14391e-05 2.48382e-03 0.00000e+00
23.320000 1.02778e-04 2.63379e-03 0.00000e+00
23.330000 1.39967e-04 2.85560e-03 0.00000e+00
23.340000 1.72993e-04 2.94889e-03 0.00000e+00
23.350000 2.33423e-04 2.90314e-03 0.00000e+00
23.360000 2.73317e-04 2.95187e-03 0.00000e+00
23.370000 2.94274e-04 3.00803e-03 0.00000e+00
23.380000 3.14952e-04 3.02864e-03 0.00000e+00
23.390000 3.43167e-04 3.08356e-03 0.00000e+00
23.400000 3.66380e-04 3.07331e-03 0.00000e+00
23.410000 4.10397e-04 2.93515e-03 0.00000e+00
23.420000 4.16933e-04 2.70793e-03 0.00000e+00
23.430000 4.42133e-04 2.34733e-03 0.00000e+00
23.440000 4.59622e-04 1.96332e-03 0.00000e+00
23.450000 4.95954e-04 1.66228e-03 0.00000e+00
23.460000 5.12311e-04 1.42495e-03 0.00000e+00
23.470000 5.18169e-04 1.18154e-03 0.00000e+00
23.480000 5.61287e-04 8.43361e-04 0.00000e+00
23.490000 5.79917e-04 4.60415e-04 0.00000e+00
23.500000 5.80605e-04 9.76655e-05 0.00000e+00
23.510000 5.52943e-04 -1.82189e-04 0.00000e+00
23.520000 5.69584e-04 -2.99091e-04 0.00000e+00
23.530000 5.73810e-04 -3.73111e-04 0.00000e+00
23.540000 5.52172e-04 -6.03250e-04 0.00000e+00
23.550000 5.46595e-04 -8.45800e-04 0.00000e+00
23.560000 5.08465e-04 -1.02334e-03 0.00000e+00
23.570000 4.67139e-04 -1.24775e-03 0.00000e+00
23.580000 4.51319e-04 -1.46103e-03 0.00000e+00
23.590000 4.29685e-04 -1.70947e-03 0.00000e+00
23.600000 4.17512e-04 -1.95074e-03 0.00000e+00
23.610000 4.15807e-04 -2.12229e-03 0.00000e+00
23.620000 4.11138e-04 -2.20271e-03 0.00000e+00
23.630000 3.88115e-04 -2.32154e-03 0.00000e+00
23.640000 3.53436e-04 -2.54281e-03 0.00000e+00
23.650000 3.28268e-04 -2.56937e-03 0.00000e+00
23.660000 3.12296e-04 -2.47387e-03 0.00000e+00
23.670000 3.09618e-04 -2.47184e-03 0.00000e+00
23.680000 3.10099e-04 -2.61347e-03 0.00000e+00
23.690000 2.79783e-04 -2.64672e-03 0.00000e+00
23.700000 2.31420e-04 -2.51511e-03 0.00000e+00
23.710000 1.90023e-04 -2.47515e-03 0.00000e+00
23.720000 1.78460e-04 -2.45774e-03 0.00000e+00
23.730000 1.24562e-04 -2.50995e-03 0.00000e+00
23.740000 8.54852e-05 -2.70816e-03 0.00000e+00
23.750000 5.41316e-05 -2.83774e-03 0.00000e+00
23.760000 3.45813e-05 -2.90613e-03 0.00000e+00
23.770000 1.84400e-05 -2.99271e-03 0.00000e+00
23.780000 -1.04437e-05 -2.96781e-03 0.00000e+00
23.790000 -3.79043e-05 -2.87902e-03 0.00000e+00
23.800000 -8.76758e-05 -2.84953e-03 0.00000e+00
23.810000 -8.31965e-05 -2.86622e-03 0.00000e+00
23.820000 -9.34858e-05 -2.86258e-03 0.00000e+00
23.830000 -1.30138e-04 -2.76360e-03 0.00000e+00
23.840000 -1.63925e-04 -2.57182e-03 0.00000e+00
23.850000 -1.82340e-04 -2.26581e-03 0.00000e+00
23.860000 -1.82600e-04 -2.00098e-03 0.00000e+00
23.870000 -2.25011e-04 -1.86106e-03 0.00000e+00
23.880000 -2.60581e-04 -1.73100e-03 0.00000e+00
23.890000 -2.92585e-04 -1.53018e-03 0.00000e+00
23.900000 -3.25406e-04 -1.37622e-03 0.00000e+00
23.910000 -3.39792e-04 -1.33717e-03 0.00000e+00
23.920000 -3.38984e-04 -1.24005e-03 0.00000e+00
23.930000 -3.60195e-04 -1.05357e-03 0.00000e+00
23.940000 -3.61256e-04 -8.23805e-04 0.00000e+00
23.950000 -3.57242e-04 -6.49952e-04 0.00000e+00
23.960000 -3.72493e-04 -5.60290e-04 0.00000e+00
23.970000 -3.71684e-04 -5.33267e-04 0.00000e+00
23.980000 -3.60466e-04 -4.19711e-04 0.00000e+00
23.990000 -3.50880e-04 -2.16359e-04 0.00000e+00
24.000000 -3.38203e-04 -1.06068e-04 0.00000e+00
24.010000 -3.41645e-04 -4.85937e-05 0.00000e+00
24.020000 -3.34669e-04 1.40561e-05 0.00000e+00
24.030000 -3.58259e-04 1.41934e-04 0.00000e+00
24.040000 -3.47240e-04 2.17107e-04 0.00000e+00
24.050000 -3.57983e-04 1.11808e-04 0.00000e+00
24.060000 -3.59341e-04 -5.76356e-05 0.00000e+00
24.070000 -3.71462e-04 -2.66348e-04 0.00000e+00
24.080000 -3.65383e-04 -5.04706e-04 0.00000e+00
24.090000 -3.56137e-04 -6.67758e-04 0.00000e+00
24.100000 -3.59467e-04 -7.97670e-04 0.00000e+00
24.110000 -3.77629e-04 -9.16716e-04 0.00000e+00
24.120000 -3.92412e-04 -9.62305e-04 0.00000e+00
24.130000 -3.99992e-04 -1.03691e-03 0.00000e+00
24.140000 -3.91594e-04 -1.07617e-03 0.00000e+00
24.150000 -3.97514e-04 -9.99610e-04 0.00000e+00
24.160000 -4.05491e-04 -8.46910e-04 0.00000e+00
24.170000 -4.14940e-04 -6.48118e-04 0.00000e+00
24.180000 -4.22977e-04 -4.92540e-04 0.00000e+00
24.190000 -4.44931e-04 -3.07357e-04 0.00000e+00
24.200000 -4.53898e-04 -1.01227e-04 0.00000e+00
24.210000 -4.83494e-04 1.96428e-04 0.00000e+00
24.220000 -5.04101e-04 5.38071e-04 0.00000e+00
24.230000 -5.03128e-04 8.00426e-04 0.00000e+00
24.240000 -4.97740e-04 1.06757e-03 0.00000e+00
24.250000 -4.83727e-04 1.32814e-03 0.00000e+00
24.260000 -4.47057e-04 1.66417e-03 0.00000e+00
24.270000 -4.22722e-04 2.03170e-03 0.00000e+00
24.280000 -3.93684e-04 2.32463e-03 0.00000e+00
24.290000 -3.64553e-04 2.57710e-03 0.00000e+00
24.300000 -3.28971e-04 2.77888e-03 0.00000e+00
24.310000 -2.81120e-04 3.00923e-03 0.00000e+00
24.320000 -2.47218e-04 3.22844e-03 0.00000e+00
24.330000 -2.08396e-04 3.42613e-03 0.00000e+00
24.340000 -1.81040e-04 3.66213e-03 0.00000e+00
24.350000 -1.42414e-04 3.77973e-03 0.00000e+00
24.360000 -8.67621e-05 3.79753e-03 0.00000e+00
24.370000 -4.59289e-05 3.84882e-03 0.00000e+00
24.380000 -5.55067e-06 3.82251e-03 0.00000e+00
24.390000 5.41541e-07 3.61633e-03 0.00000e+00
24.400000 3.22587e-05 3.36575e-03 0.00000e+00
24.410000 6.33002e-05 3.10209e-03 0.00000e+00
24.420000 9.19908e-05 2.79559e-03 0.00000e+00
24.430000 1.35034e-04 2.58989e-03 0.00000e+00
24.440000 1.54970e-04 2.44120e-03 0.00000e+00
24.450000 1.75282e-04 2.20978e-03 0.00000e+00
24.460000 1.94473e-04 1.93191e-03 0.00000e+00
24.470000 2.06377e-04 1.64285e-03 0.00000e+00
24.480000 2.44222e-04 1.42519e-03 0.00000e+00
24.490000 2.57102e-04 1.23963e-03 0.00000e+00
24.500000 2.95768e-04 1.11893e-03 0.00000e+00
24.510000 2.90950e-04 1.00787e-03 0.00000e+00
24.520000 2.84536e-04 7.99697e-04 0.00000e+00
24.530000 3.07587e-04 7.07312e-04 0.00000e+00
24.540000 3.11005e-04 7.70637e-04 0.00000e+00
24.550000 2.85433e-04 7.79126e-04 0.00000e+00
24.560000 2.74633e-04 6.72469e-04 0.00000e+00
24.570000 2.77424e-04 5.61969e-04 0.00000e+00
24.580000 2.82825e-04 4.67623e-04 0.00000e+00
24.590000 2.93806e-04 4.06104e-04 0.00000e+00
24.600000 3.17345e-04 5.01070e-04 0.00000e+00
24.610000 3.03296e-04 5.87779e-04 0.00000e+00
24.620000 3.00380e-04 5.79164e-04 0.00000e+00
24.630000 3.07493e-04 5.84143e-04 0.00000e+00
24.640000 3.28135e-04 5.27811e-04 0.00000e+00
24.650000 3.52080e-04 5.90726e-04 0.00000e+00
24.660000 3.69332e-04 7.15604e-04 0.00000e+00
24.670000 3.89801e-04 8.83268e-04 0.00000e+00
24.680000 3.75250e-04 1.07539e-03 0.00000e+00
24.690000 3.84751e-04 1.10832e-03 0.00000e+00
24.700000 4.20832e-04 1.21804e-03 0.00000e+00
24.710000 4.21121e-04 1.30538e-03 0.00000e+00
24.720000 3.99138e-04 1.16096e-03 0.00000e+00
24.730000 4.15420e-04 9.64345e-04 0.00000e+00
24.740000 4.17938e-04 8.38381e-04 0.00000e+00
24.750000 4.30516e-04 7.06283e-04 0.00000e+00
24.760000 4.59623e-04 5.68351e-04 0.00000e+00
24.770000 4.70026e-04 5.26258e-04 0.00000e+00
24.780000 4.48902e-04 4.15064e-04 0.00000e+00
24.790000 4.59222e-04 1.32393e-04 0.00000e+00
24.800000 4.64855e-04 -1.37912e-04 0.00000e+00
24.810000 4.74229e-04 -2.69853e-04 0.00000e+00
24.820000 5.09033e-04 -2.83922e-04 0.00000e+00
24.830000 4.92819e-04 -3.58915e-04 0.00000e+00
24.840000 5.07697e-04 -4.55028e-04 0.00000e+00
24.850000 4.76404e-04 -5.81988e-04 0.00000e+00
24.860000 4.57999e-04 -7.72698e-04 0.00000e+00
24.870000 4.40745e-04 -8.41535e-04 0.00000e+00
24.880000 3.96345e-04 -9.01546e-04 0.00000e+00
24.890000 3.84696e-04 -1.15431e-03 0.00000e+00
24.900000 3.87730e-04 -1.38182e-03 0.00000e+00
24.910000 3.71789e-04 -1.52691e-03 0.00000e+00
24.920000 3.54351e-04 -1.66957e-03 0.00000e+00
24.930000 3.46276e-04 -1.67943e-03 0.00000e+00
24.940000 3.34491e-04 -1.70503e-03 0.00000e+00
24.950000 2.95726e-04 -1.93068e-03 0.00000e+00
24.960000 2.82228e-04 -2.16672e-03 0.00000e+00
24.970000 2.87399e-04 -2.34933e-03 0.00000e+00
24.980000 2.87666e-04 -2.48902e-03 0.00000e+00
24.990000 2.53357e-04 -2.47354e-03 0.00000e+00
25.000000 2.12141e-04 -2.47915e-03 0.00000e+00
25.010000 2.00005e-04 -2.49788e-03 0.00000e+00
25.020000 1.67387e-04 -2.59788e-03 0.00000e+00
25.030000 1.34640e-04 -2.79244e-03 0.00000e+00
25.040000 1.10883e-04 -2.94109e-03 0.00000e+00
25.050000 6.91311e-05 -3.14382e-03 0.00000e+00
25.060000 3.35889e-05 -3.34477e-03 0.00000e+00
25.070000 1.89749e-05 -3.39800e-03 0.00000e+00
25.080000 -1.81815e-05 -3.40580e-03 0.00000e+00
25.090000 -4.82776e-05 -3.47924e-03 0.00000e+00
25.100000 -9.06947e-05 -3.52923e-03 0.00000e+00
25.110000 -1.57373e-04 -3.51477e-03 0.00000e+00
25.120000 -1.94980e-04 -3.55022e-03 0.00000e+00
25.130000 -2.17788e-04 -3.61456e-03 0.00000e+00
25.140000 -2.48245e-04 -3.49595e-03 0.00000e+00
25.150000 -2.59473e-04 -3.24497e-03 0.00000e+00
25.160000 -2.95759e-04 -3.05837e-03 0.00000e+00
25.170000 -3.34347e-04 -2.94691e-03 0.00000e+00
25.180000 -3.72942e-04 -2.75011e-03 0.00000e+00
25.190000 -4.18028e-04 -2.51245e-03 0.00000e+00
25.200000 -4.27095e-04 -2.31768e-03 0.00000e+00
25.210000 -4.54215e-04 -2.08338e-03 0.00000e+00
25.220000 -4.63448e-04 -1.80334e-03 0.00000e+00
25.230000 -4.85456e-04 -1.50008e-03 0.00000e+00
25.240000 -4.85158e-04 -1.12718e-03 0.00000e+00
25.250000 -5.16306e-04 -7.54578e-04 0.00000e+00
25.260000 -5.25723e-04 -4.29628e-04 0.00000e+00
25.270000 -5.32313e-04 -1.50826e-04 0.00000e+00
25.280000 -5.26488e-04 -4.63246e-05 0.00000e+00
25.290000 -5.35718e-04 8.07515e-05 0.00000e+00
25.300000 -5.18517e-04 3.58749e-04 0.00000e+00
25.310000 -4.96656e-04 6.11454e-04 0.00000e+00
25.320000 -4.93874e-04 8.98560e-04 0.00000e+00
25.330000 -4.90151e-04 1.11719e-03 0.00000e+00
25.340000 -4.71708e-04 1.22641e-03 0.00000e+00
25.350000 -4.58148e-04 1.31190e-03 0.00000e+00
25.360000 -4.44234e-04 1.33667e-03 0.00000e+00
25.370000 -4.24949e-04 1.43009e-03 0.00000e+00
25.380000 -3.95745e-04 1.50408e-03 0.00000e+00
25.390000 -3.70320e-04 1.52186e-03 0.00000e+00
25.400000 -3.59249e-04 1.49879e-03 0.00000e+00
25.410000 -3.54438e-04 1.54416e-03 0.00000e+00
25.420000 -3.49701e-04 1.58066e-03 0.00000e+00
25.430000 -3.46002e-04 1.46605e-03 0.00000e+00
25.440000 -3.37341e-04 1.37435e-03 0.00000e+00
25.450000 -3.22256e-04 1.35223e-03 0.00000e+00
25.460000 -2.74554e-04 1.30478e-03 0.00000e+00
25.470000 -2.73989e-04 1.29222e-03 0.00000e+00
25.480000 -2.64162e-04 1.38396e-03 0.00000e+00
25.490000 -2.54635e-04 1.42481e-03 0.00000e+00
25.500000 -2.58194e-04 1.43922e-03 0.00000e+00
25.510000 -2.31219e-04 1.48354e-03 0.00000e+00
25.520000 -2.21407e-04 1.50204e-03 0.00000e+00
25.530000 -2.00684e-04 1.55647e-03 0.00000e+00
25.540000 -1.87620e-04 1.69791e-03 0.00000e+00
25.550000 -1.88792e-04 1.83094e-03 0.00000e+00
25.560000 -1.64208e-04 1.93846e-03 0.00000e+00
25.570000 -1.49508e-04 1.97299e-03 0.00000e+00
25.580000 -1.06545e-04 1.91287e-03 0.00000e+00
25.590000 -1.20444e-04 1.85517e-03 0.00000e+00
25.600000 -9.65187e-05 1.82473e-03 0.00000e+00
25.610000 -6.35716e-05 1.74172e-03 0.00000e+00
25.620000 -3.06056e-05 1.62220e-03 0.00000e+00
25.630000 -1.66278e-05 1.65750e-03 0.00000e+00
25.640000 2.26417e-05 1.67134e-03 0.00000e+00
25.650000 2.92229e-05 1.53659e-03 0.00000e+00
25.660000 5.05029e-05 1.42201e-03 0.00000e+00
25.670000 6.67896e-05 1.24057e-03 0.00000e+00
25.680000 7.78189e-05 1.09134e-03 0.00000e+00
25.690000 8.86572e-05 1.02410e-03 0.00000e+00
25.700000 1.19943e-04 9.48723e-04 0.00000e+00
25.710000 1.08365e-04 8.57724e-04 0.00000e+00
25.720000 9.45515e-05 6.89596e-04 0.00000e+00
25.730000 9.01511e-05 5.94493e-04 0.00000e+00
25.740000 8.92665e-05 5.71291e-04 0.00000e+00
25.750000 9.85598e-05 6.56085e-04 0.00000e+00
25.760000 1.18806e-04 7.19033e-04 0.00000e+00
25.770000 1.15784e-04 6.99970e-04 0.00000e+00
25.780000 1.10935e-04 8.21970e-04 0.00000e+00
25.790000 1.24216e-04 9.36489e-04 0.00000e+00
25.800000 1.43729e-04 1.02937e-03 0.00000e+00
25.810000 1.26620e-04 1.24446e-03 0.00000e+00
25.820000 1.43560e-04 1.42328e-03 0.00000e+00
25.830000 1.56643e-04 1.54889e-03 0.00000e+00
25.840000 1.72143e-04 1.73677e-03 0.00000e+00
25.850000 2.03322e-04 1.88316e-03 0.00000e+00
25.860000 2.25291e-04 1.97974e-03 0.00000e+00
25.870000 2.38028e-04 2.08561e-03 0.00000e+00
25.880000 2.62407e-04 2.11787e-03 0.00000e+00
25.890000 2.92855e-04 2.04664e-03 0.00000e+00
25.900000 3.41199e-04 1.98102e-03 0.00000e+00
25.910000 3.58502e-04 1.89862e-03 0.00000e+00
25.920000 3.98761e-04 1.83649e-03 0.00000e+00
25.930000 3.94077e-04 1.79008e-03 0.00000e+00
25.940000 4.19084e-04 1.66275e-03 0.00000e+00
25.950000 4.29972e-04 1.43659e-03 0.00000e+00
25.960000 4.36267e-04 1.20630e-03 0.00000e+00
25.970000 4.68336e-04 1.03492e-03 0.00000e+00
25.980000 4.76693e-04 7.75768e-04 0.00000e+00
25.990000 4.61384e-04 4.80324e-04 0.00000e+00
26.000000 4.77147e-04 2.23452e-04 0.00000e+00
26.010000 4.65157e-04 -3.12597e-05 0.00000e+00
26.020000 4.54389e-04 -1.87883e-04 0.00000e+00
26.030000 4.40854e-04 -3.51120e-04 0.00000e+00
26.040000 4.36487e-04 -5.89052e-04 0.00000e+00
26.050000 4.32765e-04 -8.36473e-04 0.00000e+00
26.060000 4.37033e-04 -1.05303e-03 0.00000e+00
26.070000 4.23672e-04 -1.16100e-03 0.00000e+00
26.080000 4.10582e-04 -1.28992e-03 0.00000e+00
26.090000 3.96384e-04 -1.39161e-03 0.00000e+00
26.100000 3.67906e-04 -1.52457e-03 0.00000e+00
26.110000 3.51086e-04 -1.74283e-03 0.00000e+00
26.120000 3.35148e-04 -1.86474e-03 0.00000e+00
26.130000 3.24543e-04 -1.99308e-03 0.00000e+00
26.140000 3.12931e-04 -2.02941e-03 0.00000e+00
26.150000 2.90789e-04 -1.99078e-03 0.00000e+00
26.160000 2.79399e-04 -2.07034e-03 0.00000e+00
26.170000 2.57416e-04 -2.14222e-03 0.00000e+00
26.180000 2.49244e-04 -2.19534e-03 0.00000e+00
26.190000 2.20226e-04 -2.33850e-03 0.00000e+00
26.200000 1.77703e-04 -2.46373e-03 0.00000e+00
26.210000 1.52200e-04 -2.52913e-03 0.00000e+00
26.220000 1.22366e-04 -2.50672e-03 0.00000e+00
26.230000 1.01929e-04 -2.39463e-03 0.00000e+00
26.240000 7.98907e-05 -2.29823e-03 0.00000e+00
26.250000 4.39393e-05 -2.25057e-03 0.00000e+00
26.260000 3.22574e-05 -2.19035e-03 0.00000e+00
26.270000 -1.13664e-05 -2.15186e-03 0.00000e+00
26.280000 -2.07614e-05 -2.13670e-03 0.00000e+00
26.290000 -2.88206e-05 -2.09249e-03 0.00000e+00
26.300000 -5.21799e-05 -1.99672e-03 0.00000e+00
26.310000 -6.25875e-05 -1.84765e-03 0.00000e+00
26.320000 -9.43052e-05 -1.72185e-03 0.00000e+00
26.330000 -1.23557e-04 -1.59978e-03 0.00000e+00
26.340000 -1.39374e-04 -1.45844e-03 0.00000e+00
26.350000 -1.57397e-04 -1.29473e-03 0.00000e+00
26.360000 -1.66591e-04 -1.13917e-03 0.00000e+00
26.370000 -1.55139e-04 -1.08584e-03 0.00000e+00
26.380000 -1.59351e-04 -1.08793e-03 0.00000e+00
26.390000 -1.54407e-04 -1.08925e-03 0.00000e+00
26.400000 -1.76065e-04 -1.08143e-03 0.00000e+00
26.410000 -1.93509e-04 -1.04153e-03 0.00000e+00
26.420000 -2.08843e-04 -9.90168e-04 0.00000e+00
26.430000 -2.13057e-04 -9.08474e-04 0.00000e+00
26.440000 -2.27737e-04 -8.95299e-04 0.00000e+00
26.450000 -2.32387e-04 -8.82406e-04 0.00000e+00
26.460000 -2.35333e-04 -7.52068e-04 0.00000e+00
26.470000 -2.34017e-04 -6.50492e-04 0.00000e+00
26.480000 -2.46015e-04 -6.06560e-04 0.00000e+00
26.490000 -2.58460e-04 -5.75394e-04 0.00000e+00
26.500000 -2.67095e-04 -5.40553e-04 0.00000e+00
26.510000 -2.74017e-04 -5.42110e-04 0.00000e+00
26.520000 -2.88064e-04 -5.36270e-04 0.00000e+00
26.530000 -2.99965e-04 -4.85770e-04 0.00000e+00
26.540000 -3.16852e-04 -3.55104e-04 0.00000e+00
26.550000 -3.20615e-04 -2.09978e-04 0.00000e+00
26.560000 -3.13865e-04 -5.02419e-05 0.00000e+00
26.570000 -3.04440e-04 8.61853e-05 0.00000e+00
26.580000 -2.91949e-04 1.32553e-04 0.00000e+00
26.590000 -2.83311e-04 1.83482e-04 0.00000e+00
26.600000 -2.90392e-04 2.36996e-04 0.00000e+00
26.610000 -2.89828e-04 2.66783e-04 0.00000e+00
26.620000 -2.75668e-04 2.66917e-04 0.00000e+00
26.630000 -2.74250e-04 3.19585e-04 0.00000e+00
26.640000 -2.78713e-04 4.23341e-04 0.00000e+00
26.650000 -2.77629e-04 4.58622e-04 0.00000e+00
26.660000 -2.56645e-04 4.05735e-04 0.00000e+00
26.670000 -2.55734e-04 4.12698e-04 0.00000e+00
26.680000 -2.61795e-04 5.05283e-04 0.00000e+00
26.690000 -2.36312e-04 5.35519e-04 0.00000e+00
26.700000 -2.35460e-04 5.08343e-04 0.00000e+00
26.710000 -2.24431e-04 4.48487e-04 0.00000e+00
26.720000 -2.30100e-04 4.33382e-04 0.00000e+00
26.730000 -2.15198e-04 5.38257e-04 0.00000e+00
26.740000 -2.29479e-04 6.76532e-04 0.00000e+00
26.750000 -2.22301e-04 8.44906e-04 0.00000e+00
26.760000 -2.23393e-04 1.01393e-03 0.00000e+00
26.770000 -2.19757e-04 1.10449e-03 0.00000e+00
26.780000 -2.13876e-04 1.16354e-03 0.00000e+00
26.790000 -1.99669e-04 1.29559e-03 0.00000e+00
26.800000 -1.78489e-04 1.42321e-03 0.00000e+00
26.810000 -1.73236e-04 1.48429e-03 0.00000e+00
26.820000 -1.67632e-04 1.53630e-03 0.00000e+00
26.830000 -1.36858e-04 1.71095e-03 0.00000e+00
26.840000 -9.68103e-05 1.92340e-03 0.00000e+00
26.850000 -8.36094e-05 1.99274e-03 0.00000e+00
26.860000 -7.82833e-05 2.11638e-03 0.00000e+00
26.870000 -4.48441e-05 2.23285e-03 0.00000e+00
26.880000 -1.75829e-05 2.22230e-03 0.00000e+00
26.890000 3.12716e-05 2.21575e-03 0.00000e+00
26.900000 4.89662e-05 2.23986e-03 0.00000e+00
26.910000 6.61731e-05 2.18146e-03 0.00000e+00
26.920000 8.17637e-05 2.05798e-03 0.00000e+00
26.930000 9.20937e-05 1.99425e-03 0.00000e+00
26.940000 1.07554e-04 1.92310e-03 0.00000e+00
26.950000 1.35031e-04 1.83864e-03 0.00000e+00
26.960000 1.56038e-04 1.77123e-03 0.00000e+00
26.970000 1.69814e-04 1.74528e-03 0.00000e+00
26.980000 1.93874e-04 1.67781e-03 0.00000e+00
26.990000 2.19157e-04 1.49749e-03 0.00000e+00
27.000000 2.44719e-04 1.30652e-03 0.00000e+00
27.010000 2.34116e-04 1.25735e-03 0.00000e+00
27.020000 2.32138e-04 1.25380e-03 0.00000e+00
27.030000 2.47298e-04 1.11443e-03 0.00000e+00
27.040000 2.32513e-04 9.89781e-04 0.00000e+00
27.050000 2.48792e-04 9.77259e-04 0.00000e+00
27.060000 2.74469e-04 1.07915e-03 0.00000e+00
27.070000 2.79132e-04 1.15130e-03 0.00000e+00
27.080000 2.86162e-04 1.17948e-03 0.00000e+00
27.090000 3.11672e-04 1.25056e-03 0.00000e+00
27.100000 3.34784e-04 1.21490e-03 0.00000e+00
27.110000 3.38577e-04 1.14218e-03 0.00000e+00
27.120000 3.50713e-04 1.11971e-03 0.00000e+00
27.130000 3.55650e-04 1.04891e-03 0.00000e+00
27.140000 3.59881e-04 9.44884e-04 0.00000e+00
27.150000 3.51126e-04 9.12443e-04 0.00000e+00
27.160000 3.55447e-04 8.85423e-04 0.00000e+00
27.170000 3.74090e-04 7.77395e-04 0.00000e+00
27.180000 4.09073e-04 5.55557e-04 0.00000e+00
27.190000 4.06292e-04 2.80072e-04 0.00000e+00
27.200000 4.07543e-04 4.43132e-05 0.00000e+00
27.210000 4.30127e-04 -2.76489e-04 0.00000e+00
27.220000 4.45495e-04 -6.03465e-04 0.00000e+00
27.230000 4.43291e-04 -7.88477e-04 0.00000e+00
27.240000 4.23912e-04 -1.05210e-03 0.00000e+00
27.250000 4.26931e-04 -1.38903e-03 0.00000e+00
27.260000 3.91179e-04 -1.61571e-03 0.00000e+00
27.270000 3.55656e-04 -1.74173e-03 0.00000e+00
27.280000 3.44246e-04 -1.88226e-03 0.00000e+00
27.290000 3.11615e-04 -2.08070e-03 0.00000e+00
27.300000 2.81235e-04 -2.33853e-03 0.00000e+00
27.310000 2.68781e-04 -2.63702e-03 0.00000e+00
27.320000 2.35055e-04 -2.92795e-03 0.00000e+00
27.330000 1.80891e-04 -3.21547e-03 0.00000e+00
27.340000 1.41981e-04 -3.38026e-03 0.00000e+00
27.350000 1.20741e-04 -3.32382e-03 0.00000e+00
27.360000 9.61867e-05 -3.27395e-03 0.00000e+00
27.370000 6.19672e-05 -3.31371e-03 0.00000e+00
27.380000 3.24637e-05 -3.20269e-03 0.00000e+00
27.390000 1.76199e-05 -2.95885e-03 0.00000e+00
27.400000 -1.34973e-05 -2.66385e-03 0.00000e+00
27.410000 -5.67695e-05 -2.36626e-03 0.00000e+00
27.420000 -6.04423e-05 -2.05497e-03 0.00000e+00
27.430000 -8.17881e-05 -1.82405e-03 0.00000e+00
27.440000 -1.08210e-04 -1.73890e-03 0.00000e+00
27.450000 -1.52586e-04 -1.60678e-03 0.00000e+00
27.460000 -1.90258e-04 -1.45237e-03 0.00000e+00
27.470000 -2.17031e-04 -1.34820e-03 0.00000e+00
27.480000 -2.16442e-04 -1.19855e-03 0.00000e+00
27.490000 -2.13240e-04 -1.05624e-03 0.00000e+00
27.500000 -2.08969e-04 -9.92666e-04 0.00000e+00
27.510000 -1.85053e-04 -9.30119e-04 0.00000e+00
27.520000 -1.81803e-04 -7.77432e-04 0.00000e+00
27.530000 -1.99059e-04 -5.47580e-04 0.00000e+00
27.540000 -1.85609e-04 -3.74136e-04 0.00000e+00
27.550000 -1.67276e-04 -3.05036e-04 0.00000e+00
27.560000 -1.69286e-04 -1.58183e-04 0.00000e+00
27.570000 -1.68278e-04 1.99211e-05 0.00000e+00
27.580000 -1.95670e-04 3.96524e-05 0.00000e+00
27.590000 -2.22982e-04 8.20190e-05 0.00000e+00
27.600000 -2.51741e-04 2.08931e-04 0.00000e+00
27.610000 -2.56392e-04 2.49311e-04 0.00000e+00
27.620000 -2.54609e-04 1.81433e-04 0.00000e+00
27.630000 -2.52954e-04 6.76146e-05 0.00000e+00
27.640000 -2.50887e-04 -5.41488e-05 0.00000e+00
27.650000 -2.38782e-04 -6.33922e-05 0.00000e+00
27.660000 -2.30080e-04 -8.28819e-06 0.00000e+00
27.670000 -2.06473e-04 -9.69911e-06 0.00000e+00
27.680000 -1.97603e-04 8.70609e-05 0.00000e+00
27.690000 -1.83181e-04 2.22152e-04 0.00000e+00
27.700000 -1.88916e-04 1.65261e-04 0.00000e+00
27.710000 -2.02050e-04 1.64691e-04 0.00000e+00
27.720000 -2.04548e-04 3.06339e-04 0.00000e+00
27.730000 -1.81935e-04 3.59328e-04 0.00000e+00
27.740000 -2.05935e-04 3.90876e-04 0.00000e+00
27.750000 -2.09196e-04 3.46802e-04 0.00000e+00
27.760000 -2.01919e-04 1.56038e-04 0.00000e+00
27.770000 -1.97723e-04 -7.53460e-05 0.00000e+00
27.780000 -2.13280e-04 -2.87353e-04 0.00000e+00
27.790000 -1.99649e-04 -4.61652e-04 0.00000e+00
27.800000 -1.99703e-04 -5.84093e-04 0.00000e+00
27.810000 -1.92602e-04 -7.28176e-04 0.00000e+00
27.820000 -1.88853e-04 -8.60183e-04 0.00000e+00
27.830000 -2.09778e-04 -8.61844e-04 0.00000e+00
27.840000 -2.15872e-04 -7.58472e-04 0.00000e+00
27.850000 -2.09174e-04 -6.76847e-04 0.00000e+00
27.860000 -2.37929e-04 -5.93031e-04 0.00000e+00
27.870000 -2.50236e-04 -5.14680e-04 0.00000e+00
27.880000 -2.32526e-04 -4.81289e-04 0.00000e+00
27.890000 -2.62565e-04 -3.98752e-04 0.00000e+00
27.900000 -2.77466e-04 -1.85897e-04 0.00000e+00
27.910000 -2.81065e-04 -5.83669e-06 0.00000e+00
27.920000 -3.03981e-04 6.86594e-05 0.00000e+00
27.930000 -3.05005e-04 2.52539e-04 0.00000e+00
27.940000 -2.98514e-04 5.57806e-04 0.00000e+00
27.950000 -2.92257e-04 7.91422e-04 0.00000e+00
27.960000 -2.78212e-04 1.03136e-03 0.00000e+00
27.970000 -2.54800e-04 1.37863e-03 0.00000e+00
27.980000 -2.48460e-04 1.71157e-03 0.00000e+00
27.990000 -2.02073e-04 2.06606e-03 0.00000e+00
28.000000 -1.70635e-04 2.33922e-03 0.00000e+00
28.010000 -1.57471e-04 2.52405e-03 0.00000e+00
28.020000 -1.48379e-04 2.76375e-03 0.00000e+00
28.030000 -1.07648e-04 2.95225e-03 0.00000e+00
28.040000 -8.74951e-05 3.03592e-03 0.00000e+00
28.050000 -3.88763e-05 3.24305e-03 0.00000e+00
28.060000 -1.01339e-05 3.38026e-03 0.00000e+00
28.070000 2.91857e-05 3.30938e-03 0.00000e+00
28.080000 4.45223e-05 3.23559e-03 0.00000e+00
28.090000 8.89759e-05 3.10788e-03 0.00000e+00
28.100000 1.36305e-04 2.90933e-03 0.00000e+00
28.110000 1.72636e-04 2.65493e-03 0.00000e+00
28.120000 1.79818e-04 2.37264e-03 0.00000e+00
28.130000 2.28389e-04 2.10900e-03 0.00000e+00
28.140000 2.43920e-04 1.82505e-03 0.00000e+00
28.150000 2.59059e-04 1.45718e-03 0.00000e+00
28.160000 2.71202e-04 1.12621e-03 0.00000e+00
28.170000 2.73684e-04 9.01450e-04 0.00000e+00
28.180000 2.83294e-04 6.07228e-04 0.00000e+00
28.190000 3.00553e-04 2.17079e-04 0.00000e+00
28.200000 2.98158e-04 -1.40098e-04 0.00000e+00
28.210000 2.98616e-04 -5.10323e-04 0.00000e+00
28.220000 2.99756e-04 -7.65805e-04 0.00000e+00
28.230000 2.61799e-04 -9.20073e-04 0.00000e+00
28.240000 2.46874e-04 -1.10168e-03 0.00000e+00
28.250000 2.37153e-04 -1.25711e-03 0.00000e+00
28.260000 2.16541e-04 -1.33630e-03 0.00000e+00
28.270000 1.89888e-04 -1.31297e-03 0.00000e+00
28.280000 1.67698e-04 -1.24834e-03 0.00000e+00
28.290000 1.67901e-04 -1.18979e-03 0.00000e+00
28.300000 1.47198e-04 -1.05242e-03 0.00000e+00
28.310000 1.27668e-04 -8.42886e-04 0.00000e+00
28.320000 1.18147e-04 -7.37753e-04 0.00000e+00
28.330000 1.21675e-04 -6.08337e-04 0.00000e+00
28.340000 1.16638e-04 -4.79281e-04 0.00000e+00
28.350000 1.00197e-04 -3.94184e-04 0.00000e+00
28.360000 9.59199e-05 -1.93425e-04 0.00000e+00
28.370000 9.94740e-05 6.36367e-05 0.00000e+00
28.380000 1.11754e-04 3.34543e-04 0.00000e+00
28.390000 1.49987e-04 6.44031e-04 0.00000e+00
28.400000 1.39123e-04 8.10269e-04 0.00000e+00
28.410000 1.58175e-04 8.76742e-04 0.00000e+00
28.420000 1.71479e-04 9.73545e-04 0.00000e+00
28.430000 1.85953e-04 1.02187e-03 0.00000e+00
28.440000 1.86906e-04 9.83197e-04 0.00000e+00
28.450000 2.09059e-04 9.03018e-04 0.00000e+00
28.460000 2.11753e-04 9.13644e-04 0.00000e+00
28.470000 2.17576e-04 9.12394e-04 0.00000e+00
28.480000 2.09829e-04 7.84849e-04 0.00000e+00
28.490000 2.05308e-04 6.05356e-04 0.00000e+00
28.500000 2.27644e-04 4.69778e-04 0.00000e+00
28.510000 2.22904e-04 4.05290e-04 0.00000e+00
28.520000 2.44966e-04 2.68507e-04 0.00000e+00
28.530000 2.72620e-04 4.81417e-05 0.00000e+00
28.540000 2.73179e-04 -1.58727e-04 0.00000e+00
28.550000 2.73448e-04 -3.32529e-04 0.00000e+00
28.560000 2.50353e-04 -3.97148e-04 0.00000e+00
28.570000 2.27685e-04 -4.95301e-04 0.00000e+00
28.580000 2.18380e-04 -6.60606e-04 0.00000e+00
28.590000 2.07542e-04 -7.02566e-04 0.00000e+00
28.600000 1.96829e-04 -7.49346e-04 0.00000e+00
28.610000 1.90774e-04 -8.61694e-04 0.00000e+00
28.620000 1.90100e-04 -9.00947e-04 0.00000e+00
28.630000 1.86929e-04 -9.66175e-04 0.00000e+00
28.640000 1.55183e-04 -1.15824e-03 0.00000e+00
28.650000 1.41417e-04 -1.35067e-03 0.00000e+00
28.660000 1.30016e-04 -1.52398e-03 0.00000e+00
28.670000 1.37558e-04 -1.61377e-03 0.00000e+00
28.680000 1.21841e-04 -1.70526e-03 0.00000e+00
28.690000 9.19278e-05 -1.77317e-03 0.00000e+00
28.700000 7.34739e-05 -1.70231e-03 0.00000e+00
28.710000 6.74962e-05 -1.61812e-03 0.00000e+00
28.720000 5.44616e-05 -1.52920e-03 0.00000e+00
28.730000 4.75361e-05 -1.55670e-03 0.00000e+00
28.740000 2.24622e-05 -1.71916e-03 0.00000e+00
28.750000 1.25851e-05 -1.87531e-03 0.00000e+00
28.760000 5.06097e-07 -1.96919e-03 0.00000e+00
28.770000 -4.29291e-05 -1.99613e-03 0.00000e+00
28.780000 -5.91311e-05 -2.00508e-03 0.00000e+00
28.790000 -8.54892e-05 -1.93751e-03 0.00000e+00
28.800000 -1.30099e-04 -1.84137e-03 0.00000e+00
28.810000 -1.44404e-04 -1.77676e-03 0.00000e+00
28.820000 -1.40444e-04 -1.71414e-03 0.00000e+00
28.830000 -1.55530e-04 -1.62919e-03 0.00000e+00
28.840000 -1.66281e-04 -1.45088e-03 0.00000e+00
28.850000 -1.85056e-04 -1.26364e-03 0.00000e+00
28.860000 -1.84208e-04 -1.19899e-03 0.00000e+00
28.870000 -2.00651e-04 -1.17589e-03 0.00000e+00
28.880000 -2.14834e-04 -1.03804e-03 0.00000e+00
28.890000 -2.43095e-04 -8.77472e-04 0.00000e+00
28.900000 -2.82003e-04 -7.25762e-04 0.00000e+00
28.910000 -2.80623e-04 -5.90947e-04 0.00000e+00
28.920000 -2.76678e-04 -4.56717e-04 0.00000e+00
28.930000 -2.54137e-04 -2.24187e-04 0.00000e+00
28.940000 -2.51363e-04 -8.98862e-05 0.00000e+00
28.950000 -2.47457e-04 -1.63676e-05 0.00000e+00
28.960000 -2.35844e-04 7.75886e-05 0.00000e+00
28.970000 -2.43780e-04 4.21262e-05 0.00000e+00
28.980000 -2.28462e-04 -4.52545e-06 0.00000e+00
28.990000 -2.43494e-04 8.60872e-05 0.00000e+00
29.000000 -2.37265e-04 1.70319e-04 0.00000e+00
29.010000 -2.40546e-04 2.43449e-04 0.00000e+00
29.020000 -2.49492e-04 3.43050e-04 0.00000e+00
29.030000 -2.54318e-04 4.41707e-04 0.00000e+00
29.040000 -2.39808e-04 5.18857e-04 0.00000e+00
29.050000 -2.24368e-04 5.66984e-04 0.00000e+00
29.060000 -2.34085e-04 5.47797e-04 0.00000e+00
29.070000 -2.18535e-04 3.51359e-04 0.00000e+00
29.080000 -2.18221e-04 2.33564e-04 0.00000e+00
29.090000 -2.00738e-04 2.30299e-04 0.00000e+00
29.100000 -1.99484e-04 3.07793e-04 0.00000e+00
29.110000 -2.14871e-04 4.40763e-04 0.00000e+00
29.120000 -2.09161e-04 5.32521e-04 0.00000e+00
29.130000 -2.11619e-04 6.77808e-04 0.00000e+00
29.140000 -2.06852e-04 7.82483e-04 0.00000e+00
29.150000 -1.85457e-04 9.01102e-04 0.00000e+00
29.160000 -1.70107e-04 9.50112e-04 0.00000e+00
29.170000 -1.63922e-04 9.37269e-04 0.00000e+00
29.180000 -1.41528e-04 9.63941e-04 0.00000e+00
29.190000 -1.42976e-04 9.87537e-04 0.00000e+00
29.200000 -1.42105e-04 1.01277e-03 0.00000e+00
29.210000 -1.38832e-04 1.04689e-03 0.00000e+00
29.220000 -1.29492e-04 1.16211e-03 0.00000e+00
29.230000 -1.33768e-04 1.21218e-03 0.00000e+00
29.240000 -1.15196e-04 1.24338e-03 0.00000e+00
29.250000 -7.00368e-05 1.28197e-03 0.00000e+00
29.260000 -6.20106e-05 1.28857e-03 0.00000e+00
29.270000 -2.45594e-05 1.33496e-03 0.00000e+00
29.280000 -2.40128e-05 1.29245e-03 0.00000e+00
29.290000 -5.81372e-06 1.16787e-03 0.00000e+00
29.300000 -2.24786e-06 1.09882e-03 0.00000e+00
29.310000 -1.03094e-06 1.04260e-03 0.00000e+00
29.320000 6.31880e-06 1.05415e-03 0.00000e+00
29.330000 -1.79006e-07 1.14620e-03 0.00000e+00
29.340000 2.89503e-05 1.18918e-03 0.00000e+00
29.350000 4.18374e-05 1.19121e-03 0.00000e+00
29.360000 6.58537e-05 1.11247e-03 0.00000e+00
29.370000 6.23152e-05 1.00471e-03 0.00000e+00
29.380000 7.44151e-05 8.92144e-04 0.00000e+00
29.390000 8.34561e-05 7.35400e-04 0.00000e+00
29.400000 7.66475e-05 5.14467e-04 0.00000e+00
29.410000 8.74256e-05 3.02407e-04 0.00000e+00
29.420000 8.23705e-05 2.70992e-04 0.00000e+00
29.430000 9.45567e-05 2.31993e-04 0.00000e+00
29.440000 1.05337e-04 2.08505e-04 0.00000e+00
29.450000 9.90921e-05 2.49229e-04 0.00000e+00
29.460000 1.10343e-04 2.56578e-04 0.00000e+00
29.470000 1.39471e-04 2.01208e-04 0.00000e+00
29.480000 1.35385e-04 1.14438e-04 0.00000e+00
29.490000 1.52540e-04 9.51706e-05 0.00000e+00
29.500000 1.35366e-04 5.65109e-05 0.00000e+00
29.510000 1.18957e-04 8.31589e-05 0.00000e+00
29.520000 9.75011e-05 2.05264e-04 0.00000e+00
29.530000 9.67333e-05 3.91352e-04 0.00000e+00
29.540000 1.01339e-04 5.35746e-04 0.00000e+00
29.550000 8.66468e-05 6.11563e-04 0.00000e+00
29.560000 8.76361e-05 7.05339e-04 0.00000e+00
29.570000 9.62688e-05 7.71008e-04 0.00000e+00
29.580000 1.20648e-04 8.29396e-04 0.00000e+00
29.590000 1.40310e-04 8.44451e-04 0.00000e+00
29.600000 1.42713e-04 8.22365e-04 0.00000e+00
29.610000 1.71994e-04 8.65843e-04 0.00000e+00
29.620000 1.75433e-04 8.40005e-04 0.00000e+00
29.630000 1.77806e-04 8.10273e-04 0.00000e+00
29.640000 1.80531e-04 9.30943e-04 0.00000e+00
29.650000 2.21317e-04 9.94621e-04 0.00000e+00
29.660000 2.32245e-04 9.94958e-04 0.00000e+00
29.670000 2.51719e-04 8.91932e-04 0.00000e+00
29.680000 2.66689e-04 7.00286e-04 0.00000e+00
29.690000 2.81918e-04 4.83898e-04 0.00000e+00
29.700000 2.78856e-04 2.83008e-04 0.00000e+00
29.710000 2.61432e-04 1.38909e-04 0.00000e+00
29.720000 2.56246e-04 -1.21125e-04 0.00000e+00
29.730000 2.51875e-04 -3.63756e-04 0.00000e+00
29.740000 2.46384e-04 -5.50820e-04 0.00000e+00
29.750000 2.29295e-04 -6.96450e-04 0.00000e+00
29.760000 2.17325e-04 -7.72987e-04 0.00000e+00
29.770000 2.12286e-04 -9.08252e-04 0.00000e+00
29.780000 2.13568e-04 -1.02479e-03 0.00000e+00
29.790000 1.90640e-04 -1.15777e-03 0.00000e+00
29.800000 2.01353e-04 -1.31740e-03 0.00000e+00
29.810000 1.75055e-04 -1.50208e-03 0.00000e+00
29.820000 1.45042e-04 -1.55522e-03 0.00000e+00
29.830000 1.22463e-04 -1.47715e-03 0.00000e+00
29.840000 1.01695e-04 -1.45149e-03 0.00000e+00
29.850000 1.08635e-04 -1.42477e-03 0.00000e+00
29.860000 8.78776e-05 -1.33060e-03 0.00000e+00
29.870000 8.78513e-05 -1.26944e-03 0.00000e+00
29.880000 6.08884e-05 -1.34098e-03 0.00000e+00
29.890000 4.94697e-05 -1.38776e-03 0.00000e+00
29.900000 5.67360e-05 -1.38511e-03 0.00000e+00
29.910000 2.79404e-05 -1.35283e-03 0.00000e+00
29.920000 2.62997e-05 -1.34456e-03 0.00000e+00
29.930000 1.84685e-06 -1.42160e-03 0.00000e+00
29.940000 -1.65230e-05 -1.46956e-03 0.00000e+00
29.950000 -3.29228e-05 -1.41541e-03 0.00000e+00
29.960000 -4.65047e-05 -1.38709e-03 0.00000e+00
29.970000 -4.46227e-05 -1.29456e-03 0.00000e+00
29.980000 -6.43777e-05 -1.22058e-03 0.00000e+00
29.990000 -4.51780e-05 -1.24015e-03 0.00000e+00
30.000000 -7.43932e-05 -1.24041e-03 0.00000e+00
30.010000 -9.40971e-05 -1.25766e-03 0.00000e+00
30.020000 -1.10697e-04 -1.11403e-03 0.00000e+00
30.030000 -1.14507e-04 -9.75659e-04 0.00000e+00
30.040000 -1.54411e-04 -8.63669e-04 0.00000e+00
30.050000 -1.53423e-04 -6.68068e-04 0.00000e+00
30.060000 -1.57609e-04 -5.38569e-04 0.00000e+00
30.070000 -1.64535e-04 -3.29541e-04 0.00000e+00
30.080000 -1.73287e-04 -1.69783e-04 0.00000e+00
30.090000 -1.88946e-04 -5.58576e-05 0.00000e+00
30.100000 -1.96740e-04 5.39772e-05 0.00000e+00
30.110000 -1.73939e-04 1.69967e-05 0.00000e+00
30.120000 -1.70556e-04 -1.79477e-05 0.00000e+00
30.130000 -1.67508e-04 -3.57946e-05 0.00000e+00
30.140000 -1.58648e-04 6.88771e-05 0.00000e+00
30.150000 -1.67088e-04 1.87074e-04 0.00000e+00
30.160000 -1.43016e-04 2.79702e-04 0.00000e+00
30.170000 -1.42189e-04 3.90910e-04 0.00000e+00
30.180000 -1.22531e-04 3.56997e-04 0.00000e+00
30.190000 -1.00792e-04 3.12250e-04 0.00000e+00
30.200000 -1.20808e-04 3.71167e-04 0.00000e+00
30.210000 -9.20464e-05 3.16667e-04 0.00000e+00
30.220000 -1.01033e-04 2.62399e-04 0.00000e+00
30.230000 -1.18998e-04 2.67770e-04 0.00000e+00
30.240000 -1.18380e-04 1.55098e-04 0.00000e+00
30.250000 -1.45566e-04 3.35816e-05 0.00000e+00
30.260000 -1.44672e-04 -7.89903e-05 0.00000e+00
30.270000 -1.67735e-04 -2.18183e-04 0.00000e+00
30.280000 -1.69343e-04 -3.09392e-04 0.00000e+00
30.290000 -1.45370e-04 -3.29665e-04 0.00000e+00
30.300000 -1.38453e-04 -4.04012e-04 0.00000e+00
30.310000 -1.14177e-04 -4.89158e-04 0.00000e+00
30.320000 -1.45345e-04 -5.76272e-04 0.00000e+00
30.330000 -1.39559e-04 -6.06344e-04 0.00000e+00
30.340000 -1.44879e-04 -6.13287e-04 0.00000e+00
30.350000 -1.58431e-04 -5.79829e-04 0.00000e+00
30.360000 -1.43339e-04 -4.14474e-04 0.00000e+00
30.370000 -1.47427e-04 -3.56340e-04 0.00000e+00
30.380000 -1.73866e-04 -2.70858e-04 0.00000e+00
30.390000 -1.62846e-04 -1.36373e-04 0.00000e+00
30.400000 -2.01337e-04 -1.21064e-04 0.00000e+00
30.410000 -1.95878e-04 -3.31044e-05 0.00000e+00
30.420000 -1.91587e-04 4.32514e-05 0.00000e+00
30.430000 -1.86649e-04 9.13039e-05 0.00000e+00
30.440000 -2.00184e-04 1.37572e-04 0.00000e+00
30.450000 -1.90082e-04 1.54335e-04 0.00000e+00
30.460000 -1.87124e-04 3.42264e-04 0.00000e+00
30.470000 -1.90990e-04 6.24848e-04 0.00000e+00
30.480000 -1.76142e-04 9.57741e-04 0.00000e+00
30.490000 -1.60566e-04 1.19460e-03 0.00000e+00
30.500000 -1.45721e-04 1.32589e-03 0.00000e+00
30.510000 -1.30817e-04 1.56794e-03 0.00000e+00
30.520000 -1.01708e-04 1.74581e-03 0.00000e+00
30.530000 -9.26374e-05 1.92946e-03 0.00000e+00
30.540000 -8.87448e-05 2.12344e-03 0.00000e+00
30.550000 -5.74199e-05 2.16782e-03 0.00000e+00
30.560000 -4.81187e-05 2.27125e-03 0.00000e+00
30.570000 -1.42198e-05 2.33256e-03 0.00000e+00
30.580000 1.55710e-05 2.34163e-03 0.00000e+00
30.590000 3.10404e-05 2.41284e-03 0.00000e+00
30.600000 5.86868e-05 2.44017e-03 0.00000e+00
30.610000 8.85824e-05 2.39201e-03 0.00000e+00
30.620000 1.24752e-04 2.26087e-03 0.00000e+00
30.630000 1.71828e-04 2.17982e-03 0.00000e+00
30.640000 1.85679e-04 2.10177e-03 0.00000e+00
30.650000 2.07907e-04 2.01621e-03 0.00000e+00
30.660000 2.04381e-04 1.94274e-03 0.00000e+00
30.670000 2.31664e-04 1.79402e-03 0.00000e+00
30.680000 2.52895e-04 1.64242e-03 0.00000e+00
30.690000 2.47927e-04 1.54146e-03 0.00000e+00
30.700000 2.68713e-04 1.43951e-03 0.00000e+00
30.710000 2.71261e-04 1.27183e-03 0.00000e+00
30.720000 2.91375e-04 1.09282e-03 0.00000e+00
30.730000 3.14346e-04 9.20385e-04 0.00000e+00
30.740000 3.09320e-04 7.73855e-04 0.00000e+00
30.750000 3.21616e-04 6.79625e-04 0.00000e+00
30.760000 3.11833e-04 5.73249e-04 0.00000e+00
30.770000 3.17924e-04 4.37140e-04 0.00000e+00
30.780000 3.13866e-04 3.14707e-04 0.00000e+00
30.790000 3.21564e-04 2.55055e-04 0.00000e+00
30.800000 3.48147e-04 2.59354e-04 0.00000e+00
30.810000 3.40928e-04 1.94132e-04 0.00000e+00
30.820000 3.37845e-04 3.48859e-05 0.00000e+00
30.830000 3.26782e-04 -1.70637e-04 0.00000e+00
30.840000 3.22468e-04 -4.05322e-04 0.00000e+00
30.850000 3.38314e-04 -5.82251e-04 0.00000e+00
30.860000 3.30254e-04 -7.96669e-04 0.00000e+00
30.870000 3.32310e-04 -9.96481e-04 0.00000e+00
30.880000 3.12655e-04 -1.09211e-03 0.00000e+00
30.890000 3.07537e-04 -1.15756e-03 0.00000e+00
30.900000 3.04523e-04 -1.22845e-03 0.00000e+00
30.910000 2.97681e-04 -1.36043e-03 0.00000e+00
30.920000 2.80908e-04 -1.50055e-03 0.00000e+00
30.930000 2.67479e-04 -1.62423e-03 0.00000e+00
30.940000 2.33461e-04 -1.67600e-03 0.00000e+00
30.950000 2.23891e-04 -1.70097e-03 0.00000e+00
30.960000 1.94581e-04 -1.79924e-03 0.00000e+00
30.970000 1.63533e-04 -1.76846e-03 0.00000e+00
30.980000 1.21741e-04 -1.67837e-03 0.00000e+00
30.990000 1.02152e-04 -1.69383e-03 0.00000e+00
31.000000 8.03906e-05 -1.76268e-03 0.00000e+00
31.010000 6.48851e-05 -1.79511e-03 0.00000e+00
31.020000 6.44932e-05 -1.69449e-03 0.00000e+00
31.030000 5.91994e-05 -1.58062e-03 0.00000e+00
31.040000 5.71247e-05 -1.49910e-03 0.00000e+00
31.050000 5.35872e-05 -1.49240e-03 0.00000e+00
31.060000 1.63748e-05 -1.55350e-03 0.00000e+00
31.070000 -1.21316e-06 -1.48217e-03 0.00000e+00
31.080000 -8.57567e-06 -1.35854e-03 0.00000e+00
31.090000 -9.01206e-06 -1.27244e-03 0.00000e+00
31.100000 -1.06811e-05 -1.18934e-03 0.00000e+00
31.110000 -1.22925e-05 -1.13786e-03 0.00000e+00
31.120000 -4.88457e-05 -1.04232e-03 0.00000e+00
31.130000 -5.80847e-05 -9.15415e-04 0.00000e+00
31.140000 -5.34595e-05 -9.13427e-04 0.00000e+00
31.150000 -7.77058e-05 -1.02284e-03 0.00000e+00
31.160000 -1.04921e-04 -1.03345e-03 0.00000e+00
31.170000 -1.05841e-04 -9.84123e-04 0.00000e+00
31.180000 -1.05257e-04 -9.51143e-04 0.00000e+00
31.190000 -1.15683e-04 -8.06372e-04 0.00000e+00
31.200000 -1.42940e-04 -6.54474e-04 0.00000e+00
31.210000 -1.56762e-04 -5.06206e-04 0.00000e+00
31.220000 -1.77612e-04 -3.30167e-04 0.00000e+00
31.230000 -1.61107e-04 -2.66340e-04 0.00000e+00
31.240000 -1.43562e-04 -2.37265e-04 0.00000e+00
31.250000 -1.55770e-04 -1.19492e-04 0.00000e+00
31.260000 -1.52410e-04 -1.07260e-05 0.00000e+00
31.270000 -1.51641e-04 1.09499e-04 0.00000e+00
31.280000 -1.45173e-04 2.88889e-04 0.00000e+00
31.290000 -1.41905e-04 3.20677e-04 0.00000e+00
31.300000 -1.51649e-04 2.73445e-04 0.00000e+00
31.310000 -1.61409e-04 3.64451e-04 0.00000e+00
31.320000 -1.37842e-04 4.15786e-04 0.00000e+00
31.330000 -1.07087e-04 3.38812e-04 0.00000e+00
31.340000 -1.17675e-04 3.22577e-04 0.00000e+00
31.350000 -9.77547e-05 3.47384e-04 0.00000e+00
31.360000 -9.71580e-05 2.70968e-04 0.00000e+00
31.370000 -1.08215e-04 1.11364e-04 0.00000e+00
31.380000 -1.00264e-04 -1.68498e-05 0.00000e+00
31.390000 -1.08225e-04 -1.65973e-04 0.00000e+00
31.400000 -1.09215e-04 -2.63251e-04 0.00000e+00
31.410000 -1.02024e-04 -1.97572e-04 0.00000e+00
31.420000 -1.09094e-04 -1.92973e-04 0.00000e+00
31.430000 -1.23857e-04 -2.50367e-04 0.00000e+00
31.440000 -1.14510e-04 -2.63540e-04 0.00000e+00
31.450000 -1.28074e-04 -2.60447e-04 0.00000e+00
31.460000 -1.50090e-04 -3.06513e-04 0.00000e+00
31.470000 -1.38503e-04 -3.35847e-04 0.00000e+00
31.480000 -1.39835e-04 -4.08321e-04 0.00000e+00
31.490000 -1.56545e-04 -4.17679e-04 0.00000e+00
31.500000 -1.60460e-04 -2.43500e-04 0.00000e+00
31.510000 -1.60150e-04 -1.52045e-04 0.00000e+00
31.520000 -1.81419e-04 -5.23197e-05 0.00000e+00
31.530000 -1.80037e-04 3.56678e-05 0.00000e+00
31.540000 -1.63199e-04 2.06261e-05 0.00000e+00
31.550000 -1.48905e-04 4.13316e-05 0.00000e+00
31.560000 -1.54684e-04 8.13349e-05 0.00000e+00
31.570000 -1.31297e-04 1.42260e-04 0.00000e+00
31.580000 -1.31245e-04 1.97279e-04 0.00000e+00
31.590000 -1.39780e-04 1.86022e-04 0.00000e+00
31.600000 -1.37164e-04 1.59839e-04 0.00000e+00
31.610000 -1.31752e-04 2.12928e-04 0.00000e+00
31.620000 -1.36733e-04 2.91523e-04 0.00000e+00
31.630000 -1.35123e-04 3.02265e-04 0.00000e+00
31.640000 -1.09443e-04 3.49454e-04 0.00000e+00
31.650000 -1.26980e-04 4.20111e-04 0.00000e+00
31.660000 -9.58966e-05 4.40054e-04 0.00000e+00
31.670000 -1.06821e-04 4.45876e-04 0.00000e+00
31.680000 -1.11400e-04 5.18344e-04 0.00000e+00
31.690000 -1.10801e-04 5.73924e-04 0.00000e+00
31.700000 -1.28953e-04 5.84030e-04 0.00000e+00
31.710000 -1.09393e-04 6.84670e-04 0.00000e+00
31.720000 -1.05106e-04 8.76917e-04 0.00000e+00
31.730000 -9.04339e-05 1.01185e-03 0.00000e+00
31.740000 -8.74289e-05 1.16697e-03 0.00000e+00
31.750000 -9.06736e-05 1.33447e-03 0.00000e+00
31.760000 -6.80986e-05 1.35904e-03 0.00000e+00
31.770000 -3.62092e-05 1.33416e-03 0.00000e+00
31.780000 -1.87417e-05 1.37111e-03 0.00000e+00
31.790000 -2.01699e-06 1.44160e-03 0.00000e+00
31.800000 8.70044e-06 1.49865e-03 0.00000e+00
31.810000 2.32569e-05 1.64070e-03 0.00000e+00
31.820000 3.85052e-05 1.65110e-03 0.00000e+00
31.830000 6.77245e-05 1.63629e-03 0.00000e+00
31.840000 8.35157e-05 1.69364e-03 0.00000e+00
31.850000 1.17376e-04 1.65278e-03 0.00000e+00
31.860000 1.19678e-04 1.54206e-03 0.00000e+00
31.870000 1.39775e-04 1.32919e-03 0.00000e+00
31.880000 1.57136e-04 1.18521e-03 0.00000e+00
31.890000 1.72474e-04 1.09477e-03 0.00000e+00
31.900000 1.61730e-04 1.05765e-03 0.00000e+00
31.910000 1.77479e-04 1.04419e-03 0.00000e+00
31.920000 1.60258e-04 8.88858e-04 0.00000e+00
31.930000 1.70625e-04 6.84800e-04 0.00000e+00
31.940000 1.82283e-04 5.42976e-04 0.00000e+00
31.950000 2.15419e-04 4.28376e-04 0.00000e+00
31.960000 2.12387e-04 3.18256e-04 0.00000e+00
31.970000 2.16758e-04 1.67574e-04 0.00000e+00
31.980000 2.03286e-04 -4.19290e-05 0.00000e+00
31.990000 1.85383e-04 -2.08815e-04 0.00000e+00
32.000000 2.04106e-04 -3.34046e-04 0.00000e+00
32.010000 1.98115e-04 -4.52376e-04 0.00000e+00
32.020000 1.83573e-04 -4.87301e-04 0.00000e+00
32.030000 1.71904e-04 -5.63606e-04 0.00000e+00
32.040000 1.85708e-04 -7.33453e-04 0.00000e+00
32.050000 1.99496e-04 -8.46007e-04 0.00000e+00
32.060000 1.92859e-04 -9.13501e-04 0.00000e+00
32.070000 1.98530e-04 -1.02750e-03 0.00000e+00
32.080000 1.52719e-04 -1.15985e-03 0.00000e+00
32.090000 1.26544e-04 -1.28069e-03 0.00000e+00
32.100000 1.06768e-04 -1.36806e-03 0.00000e+00
32.110000 1.09842e-04 -1.34670e-03 0.00000e+00
32.120000 9.70263e-05 -1.22979e-03 0.00000e+00
32.130000 8.75397e-05 -1.10270e-03 0.00000e+00
32.140000 5.65461e-05 -1.00760e-03 0.00000e+00
32.150000 5.47528e-05 -9.68483e-04 0.00000e+00
32.160000 4.88579e-05 -9.52640e-04 0.00000e+00
32.170000 3.45736e-05 -7.87187e-04 0.00000e+00
32.180000 2.85052e-05 -5.76837e-04 0.00000e+00
32.190000 2.00296e-05 -5.01564e-04 0.00000e+00
32.200000 -1.28209e-05 -4.18800e-04 0.00000e+00
32.210000 -1.05003e-05 -2.19444e-04 0.00000e+00
32.220000 -4.40380e-06 7.84662e-05 0.00000e+00
32.230000 2.46134e-06 3.98073e-04 0.00000e+00
32.240000 2.79206e-07 6.59549e-04 0.00000e+00
32.250000 1.34005e-05 7.41213e-04 0.00000e+00
32.260000 3.28829e-05 6.93242e-04 0.00000e+00
32.270000 4.91828e-05 6.90229e-04 0.00000e+00
32.280000 5.96563e-05 7.37945e-04 0.00000e+00
32.290000 6.65453e-05 8.07675e-04 0.00000e+00
32.300000 7.31252e-05 8.16014e-04 0.00000e+00
32.310000 7.91550e-05 6.98676e-04 0.00000e+00
32.320000 8.40760e-05 5.84497e-04 0.00000e+00
32.330000 1.15526e-04 5.39928e-04 0.00000e+00
32.340000 1.16560e-04 3.56017e-04 0.00000e+00
32.350000 1.13481e-04 1.75123e-04 0.00000e+00
32.360000 1.08764e-04 -6.60328e-06 0.00000e+00
32.370000 1.39325e-04 -3.26084e-04 0.00000e+00
32.380000 1.27295e-04 -6.22373e-04 0.00000e+00
32.390000 1.31824e-04 -8.96357e-04 0.00000e+00
32.400000 1.00597e-04 -1.11558e-03 0.00000e+00
32.410000 6.93927e-05 -1.29846e-03 0.00000e+00
32.420000 4.46144e-05 -1.43747e-03 0.00000e+00
32.430000 4.46542e-05 -1.48084e-03 0.00000e+00
32.440000 3.08836e-05 -1.50288e-03 0.00000e+00
32.450000 1.67758e-05 -1.52622e-03 0.00000e+00
32.460000 -6.37727e-06 -1.61073e-03 0.00000e+00
32.470000 -3.70760e-05 -1.63868e-03 0.00000e+00
32.480000 -6.01644e-05 -1.59352e-03 0.00000e+00
32.490000 -6.71339e-05 -1.61514e-03 0.00000e+00
32.500000 -9.99231e-05 -1.50693e-03 0.00000e+00
32.510000 -1.29808e-04 -1.36409e-03 0.00000e+00
32.520000 -1.21049e-04 -1.36614e-03 0.00000e+00
32.530000 -1.60152e-04 -1.38106e-03 0.00000e+00
32.540000 -1.53493e-04 -1.23895e-03 0.00000e+00
32.550000 -1.62639e-04 -1.03126e-03 0.00000e+00
32.560000 -1.62516e-04 -8.47558e-04 0.00000e+00
32.570000 -1.39234e-04 -6.91332e-04 0.00000e+00
32.580000 -1.46629e-04 -6.69906e-04 0.00000e+00
32.590000 -1.39043e-04 -6.71162e-04 0.00000e+00
32.600000 -1.54701e-04 -5.54527e-04 0.00000e+00
32.610000 -1.63099e-04 -3.59961e-04 0.00000e+00
32.620000 -1.76312e-04 -2.12074e-04 0.00000e+00
32.630000 -1.83318e-04 -7.96612e-05 0.00000e+00
32.640000 -1.65015e-04 1.43964e-05 0.00000e+00
32.650000 -1.89236e-04 3.45270e-05 0.00000e+00
32.660000 -1.99668e-04 1.00978e-04 0.00000e+00
32.670000 -1.87117e-04 1.22848e-04 0.00000e+00
32.680000 -2.19018e-04 3.27452e-05 0.00000e+00
32.690000 -2.13207e-04 7.66759e-05 0.00000e+00
32.700000 -1.98200e-04 6.76684e-05 0.00000e+00
32.710000 -1.74730e-04 4.72537e-05 0.00000e+00
32.720000 -1.78228e-04 1.19198e-04 0.00000e+00
32.730000 -1.73311e-04 1.54851e-04 0.00000e+00
32.740000 -1.80205e-04 2.78378e-04 0.00000e+00
32.750000 -1.77560e-04 4.04684e-04 0.00000e+00
32.760000 -1.58374e-04 5.13328e-04 0.00000e+00
32.770000 -1.38779e-04 5.39375e-04 0.00000e+00
32.780000 -1.39520e-04 5.57291e-04 0.00000e+00
32.790000 -1.42308e-04 6.36308e-04 0.00000e+00
32.800000 -1.35650e-04 6.39041e-04 0.00000e+00
32.810000 -1.44371e-04 7.63943e-04 0.00000e+00
32.820000 -1.46640e-04 8.48419e-04 0.00000e+00
32.830000 -1.32188e-04 7.35716e-04 0.00000e+00
32.840000 -1.38207e-04 7.53728e-04 0.00000e+00
32.850000 -1.17073e-04 7.75471e-04 0.00000e+00
32.860000 -9.96814e-05 7.13909e-04 0.00000e+00
32.870000 -1.03800e-04 7.70263e-04 0.00000e+00
32.880000 -7.36172e-05 9.16847e-04 0.00000e+00
32.890000 -7.77599e-05 9.87602e-04 0.00000e+00
32.900000 -6.27219e-05 9.61135e-04 0.00000e+00
32.910000 -5.65252e-05 9.35403e-04 0.00000e+00
32.920000 -4.55801e-05 9.41761e-04 0.00000e+00
32.930000 -4.12340e-05 1.01055e-03 0.00000e+00
32.940000 -3.50933e-05 1.12938e-03 0.00000e+00
32.950000 2.39261e-06 1.24260e-03 0.00000e+00
32.960000 -1.52016e-06 1.25393e-03 0.00000e+00
32.970000 3.37056e-06 1.20951e-03 0.00000e+00
32.980000 2.91720e-05 1.19908e-03 0.00000e+00
32.990000 6.14740e-06 1.15251e-03 0.00000e+00
33.000000 2.82392e-05 1.06947e-03 0.00000e+00
33.010000 6.37184e-05 9.55220e-04 0.00000e+00
33.020000 6.27278e-05 8.80292e-04 0.00000e+00
33.030000 7.00223e-05 8.25641e-04 0.00000e+00
33.040000 9.04772e-05 6.90014e-04 0.00000e+00
33.050000 8.59251e-05 6.05883e-04 0.00000e+00
33.060000 8.22428e-05 4.89422e-04 0.00000e+00
33.070000 9.37455e-05 2.74609e-04 0.00000e+00
33.080000 1.17014e-04 3.48876e-05 0.00000e+00
33.090000 1.24943e-04 -1.28032e-04 0.00000e+00
33.100000 1.26278e-04 -2.43283e-04 0.00000e+00
33.110000 1.25373e-04 -3.76259e-04 0.00000e+00
33.120000 1.18523e-04 -3.61377e-04 0.00000e+00
33.130000 9.41509e-05 -3.81508e-04 0.00000e+00
33.140000 9.90804e-05 -5.52080e-04 0.00000e+00
33.150000 9.80266e-05 -6.00471e-04 0.00000e+00
33.160000 7.02931e-05 -6.50493e-04 0.00000e+00
33.170000 5.81298e-05 -7.06334e-04 0.00000e+00
33.180000 5.61207e-05 -5.63956e-04 0.00000e+00
33.190000 4.77033e-05 -4.19168e-04 0.00000e+00
33.200000 2.56240e-05 -3.12942e-04 0.00000e+00
33.210000 2.61141e-05 -1.03471e-04 0.00000e+00
33.220000 1.46337e-05 7.10700e-05 0.00000e+00
33.230000 4.99122e-07 1.95473e-04 0.00000e+00
33.240000 2.93356e-06 4.09431e-04 0.00000e+00
33.250000 2.35244e-05 6.69062e-04 0.00000e+00
33.260000 6.12463e-05 9.39000e-04 0.00000e+00
33.270000 5.74477e-05 1.13300e-03 0.00000e+00
33.280000 7.97277e-05 1.33852e-03 0.00000e+00
33.290000 8.60479e-05 1.56829e-03 0.00000e+00
33.300000 8.10395e-05 1.72310e-03 0.00000e+00
33.310000 1.03977e-04 1.90595e-03 0.00000e+00
33.320000 1.50327e-04 2.08608e-03 0.00000e+00
33.330000 1.65409e-04 2.07531e-03 0.00000e+00
33.340000 2.00642e-04 1.96721e-03 0.00000e+00
33.350000 2.25257e-04 1.88418e-03 0.00000e+00
33.360000 2.43540e-04 1.75853e-03 0.00000e+00
33.370000 2.62283e-04 1.53951e-03 0.00000e+00
33.380000 2.80366e-04 1.27729e-03 0.00000e+00
33.390000 2.78485e-04 9.57341e-04 0.00000e+00
33.400000 3.06665e-04 5.29445e-04 0.00000e+00
33.410000 3.05947e-04 9.45037e-05 0.00000e+00
33.420000 3.05135e-04 -2.62942e-04 0.00000e+00
33.430000 3.09501e-04 -4.77736e-04 0.00000e+00
33.440000 3.03421e-04 -7.44128e-04 0.00000e+00
33.450000 3.22303e-04 -1.11896e-03 0.00000e+00
33.460000 2.98469e-04 -1.47753e-03 0.00000e+00
33.470000 2.84881e-04 -1.87178e-03 0.00000e+00
33.480000 2.48844e-04 -2.20487e-03 0.00000e+00
33.490000 2.02934e-04 -2.33444e-03 0.00000e+00
33.500000 1.60913e-04 -2.43085e-03 0.00000e+00
33.510000 1.43495e-04 -2.55224e-03 0.00000e+00
33.520000 1.07388e-04 -2.58972e-03 0.00000e+00
33.530000 7.74094e-05 -2.56556e-03 0.00000e+00
33.540000 4.13474e-05 -2.48138e-03 0.00000e+00
33.550000 9.40689e-06 -2.36835e-03 0.00000e+00
33.560000 -2.37137e-05 -2.28975e-03 0.00000e+00
33.570000 -3.78547e-05 -2.15852e-03 0.00000e+00
33.580000 -4.95719e-05 -2.01399e-03 0.00000e+00
33.590000 -5.65023e-05 -1.88935e-03 0.00000e+00
33.600000 -7.17845e-05 -1.64327e-03 0.00000e+00
33.610000 -1.05504e-04 -1.32451e-03 0.00000e+00
33.620000 -1.17369e-04 -9.37130e-04 0.00000e+00
33.630000 -1.10533e-04 -6.32098e-04 0.00000e+00
33.640000 -1.06323e-04 -3.41476e-04 0.00000e+00
33.650000 -9.61878e-05 -9.21844e-05 0.00000e+00
33.660000 -9.06562e-05 2.00088e-05 0.00000e+00
33.670000 -1.03784e-04 1.29915e-04 0.00000e+00
33.680000 -9.76543e-05 3.03733e-04 0.00000e+00
33.690000 -8.42731e-05 5.00688e-04 0.00000e+00
33.700000 -7.72024e-05 6.20787e-04 0.00000e+00
33.710000 -8.19144e-05 6.82462e-04 0.00000e+00
33.720000 -8.81497e-05 6.89143e-04 0.00000e+00
33.730000 -8.72541e-05 6.09429e-04 0.00000e+00
33.740000 -7.83323e-05 5.59503e-04 0.00000e+00
33.750000 -7.00486e-05 5.87636e-04 0.00000e+00
33.760000 -3.84441e-05 6.05794e-04 0.00000e+00
33.770000 -2.20513e-05 6.15066e-04 0.00000e+00
33.780000 -2.10821e-05 4.87766e-04 0.00000e+00
33.790000 -3.15278e-05 2.63451e-04 0.00000e+00
33.800000 -3.93662e-05 1.31461e-04 0.00000e+00
33.810000 -1.76386e-05 3.70624e-05 0.00000e+00
33.820000 -4.51337e-05 -5.20749e-05 0.00000e+00
33.830000 -1.94308e-05 -8.43020e-05 0.00000e+00
33.840000 -2.16958e-05 -1.97506e-04 0.00000e+00
33.850000 -1.27821e-05 -3.79532e-04 0.00000e+00
33.860000 -3.09926e-05 -4.95632e-04 0.00000e+00
33.870000 -4.28780e-05 -5.48000e-04 0.00000e+00
33.880000 -5.79067e-05 -6.01224e-04 0.00000e+00
33.890000 -6.36222e-05 -7.05889e-04 0.00000e+00
33.900000 -7.58020e-05 -8.52448e-04 0.00000e+00
33.910000 -5.58521e-05 -9.63736e-04 0.00000e+00
33.920000 -7.71722e-05 -9.87124e-04 0.00000e+00
33.930000 -8.56095e-05 -8.96530e-04 0.00000e+00
33.940000 -1.08952e-04 -7.51270e-04 0.00000e+00
33.950000 -1.32380e-04 -6.99619e-04 0.00000e+00
33.960000 -1.38422e-04 -6.97121e-04 0.00000e+00
33.970000 -1.29188e-04 -6.68195e-04 0.00000e+00
33.980000 -1.44254e-04 -5.65707e-04 0.00000e+00
33.990000 -1.36639e-04 -5.11757e-04 0.00000e+00
34.000000 -1.47746e-04 -3.68168e-04 0.00000e+00
34.010000 -1.63930e-04 -1.28486e-04 0.00000e+00
34.020000 -1.63807e-04 8.45064e-05 0.00000e+00
34.030000 -1.47376e-04 2.99033e-04 0.00000e+00
34.040000 -1.42283e-04 3.94009e-04 0.00000e+00
34.050000 -1.43348e-04 4.80460e-04 0.00000e+00
34.060000 -1.51417e-04 5.72278e-04 0.00000e+00
34.070000 -1.42119e-04 5.97187e-04 0.00000e+00
34.080000 -1.20999e-04 7.49076e-04 0.00000e+00
34.090000 -1.00578e-04 9.25836e-04 0.00000e+00
34.100000 -9.89683e-05 9.76163e-04 0.00000e+00
34.110000 -9.58762e-05 9.92248e-04 0.00000e+00
34.120000 -9.65523e-05 9.26864e-04 0.00000e+00
34.130000 -6.45317e-05 8.51690e-04 0.00000e+00
34.140000 -5.60420e-05 8.39841e-04 0.00000e+00
34.150000 -3.84357e-05 8.24087e-04 0.00000e+00
34.160000 -2.37661e-05 8.65641e-04 0.00000e+00
34.170000 9.25830e-06 9.79065e-04 0.00000e+00
34.180000 -6.16472e-06 9.88850e-04 0.00000e+00
34.190000 1.25597e-05 9.47226e-04 0.00000e+00
34.200000 -2.85306e-06 1.02217e-03 0.00000e+00
34.210000 -3.72250e-06 1.15517e-03 0.00000e+00
34.220000 8.49704e-06 1.17609e-03 0.00000e+00
34.230000 8.76117e-06 1.14955e-03 0.00000e+00
34.240000 1.92812e-05 1.16586e-03 0.00000e+00
34.250000 5.33072e-05 1.29338e-03 0.00000e+00
34.260000 3.43009e-05 1.46533e-03 0.00000e+00
34.270000 4.61384e-05 1.51481e-03 0.00000e+00
34.280000 5.06838e-05 1.48788e-03 0.00000e+00
34.290000 6.89549e-05 1.42375e-03 0.00000e+00
34.300000 8.85799e-05 1.40321e-03 0.00000e+00
34.310000 1.24673e-04 1.39425e-03 0.00000e+00
34.320000 1.53147e-04 1.34285e-03 0.00000e+00
34.330000 1.91460e-04 1.32436e-03 0.00000e+00
34.340000 1.95354e-04 1.34430e-03 0.00000e+00
34.350000 1.99031e-04 1.24726e-03 0.00000e+00
34.360000 2.15657e-04 1.06450e-03 0.00000e+00
34.370000 2.45953e-04 9.19883e-04 0.00000e+00
34.380000 2.38383e-04 6.86315e-04 0.00000e+00
34.390000 2.41924e-04 4.67502e-04 0.00000e+00
34.400000 2.62754e-04 2.82561e-04 0.00000e+00
34.410000 2.68819e-04 1.01929e-04 0.00000e+00
34.420000 2.70566e-04 2.33124e-05 0.00000e+00
34.430000 2.42708e-04 -1.60536e-04 0.00000e+00
34.440000 2.22012e-04 -4.47905e-04 0.00000e+00
34.450000 2.18939e-04 -7.02374e-04 0.00000e+00
34.460000 2.03693e-04 -9.46680e-04 0.00000e+00
34.470000 2.01440e-04 -1.15092e-03 0.00000e+00
34.480000 1.84871e-04 -1.20539e-03 0.00000e+00
34.490000 1.82362e-04 -1.11191e-03 0.00000e+00
34.500000 1.67365e-04 -9.95191e-04 0.00000e+00
34.510000 1.49759e-04 -8.93502e-04 0.00000e+00
34.520000 1.27262e-04 -8.69508e-04 0.00000e+00
34.530000 1.29705e-04 -8.35097e-04 0.00000e+00
34.540000 1.28799e-04 -6.59472e-04 0.00000e+00
34.550000 1.07504e-04 -5.45533e-04 0.00000e+00
34.560000 1.17955e-04 -5.38592e-04 0.00000e+00
34.570000 1.12103e-04 -3.87062e-04 0.00000e+00
34.580000 1.06805e-04 -2.16596e-04 0.00000e+00
34.590000 9.29898e-05 -1.09544e-04 0.00000e+00
34.600000 7.15843e-05 -1.04220e-04 0.00000e+00
34.610000 7.65859e-05 -2.30850e-04 0.00000e+00
34.620000 7.98898e-05 -3.57178e-04 0.00000e+00
34.630000 9.74339e-05 -4.75478e-04 0.00000e+00
34.640000 1.14634e-04 -5.40968e-04 0.00000e+00
34.650000 1.47964e-04 -5.18728e-04 0.00000e+00
34.660000 1.35397e-04 -4.98135e-04 0.00000e+00
34.670000 1.24705e-04 -5.32681e-04 0.00000e+00
34.680000 1.16574e-04 -5.63810e-04 0.00000e+00
34.690000 9.91215e-05 -5.96139e-04 0.00000e+00
34.700000 9.55488e-05 -6.14640e-04 0.00000e+00
34.710000 8.87497e-05 -5.70186e-04 0.00000e+00
34.720000 5.20771e-05 -6.02292e-04 0.00000e+00
34.730000 5.35669e-05 -6.23229e-04 0.00000e+00
34.740000 4.20488e-05 -6.47669e-04 0.00000e+00
34.750000 5.96000e-06 -7.35271e-04 0.00000e+00
34.760000 -1.14672e-05 -8.30022e-04 0.00000e+00
34.770000 -3.73979e-05 -9.72432e-04 0.00000e+00
34.780000 -4.57405e-05 -9.93988e-04 0.00000e+00
34.790000 -3.90716e-05 -9.45777e-04 0.00000e+00
34.800000 -2.08168e-05 -8.60715e-04 0.00000e+00
34.810000 -1.35376e-06 -6.75068e-04 0.00000e+00
34.820000 4.35119e-06 -4.12120e-04 0.00000e+00
34.830000 -1.51276e-05 -2.52419e-04 0.00000e+00
34.840000 -1.21586e-05 -2.65922e-04 0.00000e+00
34.850000 -4.11484e-06 -2.05202e-04 0.00000e+00
34.860000 -1.83094e-05 -1.25607e-04 0.00000e+00
34.870000 -2.60195e-05 -9.27404e-05 0.00000e+00
34.880000 -3.54463e-05 -7.39118e-05 0.00000e+00
34.890000 -5.46733e-05 -1.60501e-04 0.00000e+00
34.900000 -5.67810e-05 -2.03640e-04 0.00000e+00
34.910000 -7.47575e-05 -1.66603e-04 0.00000e+00
34.920000 -5.79022e-05 -2.78265e-04 0.00000e+00
34.930000 -5.47437e-05 -4.66068e-04 0.00000e+00
34.940000 -3.54168e-05 -6.32797e-04 0.00000e+00
34.950000 -2.13792e-05 -7.84161e-04 0.00000e+00
34.960000 -3.86322e-05 -8.26415e-04 0.00000e+00
34.970000 -3.19004e-05 -7.30206e-04 0.00000e+00
34.980000 -4.87729e-05 -5.74855e-04 0.00000e+00
34.990000 -6.93778e-05 -4.71292e-04 0.00000e+00
35.000000 -1.01594e-04 -4.53535e-04 0.00000e+00
35.010000 -9.86699e-05 -4.33060e-04 0.00000e+00
35.020000 -8.97090e-05 -3.09980e-04 0.00000e+00
35.030000 -1.16204e-04 -2.29594e-04 0.00000e+00
35.040000 -1.30009e-04 -2.92437e-04 0.00000e+00
35.050000 -1.38308e-04 -3.19963e-04 0.00000e+00
35.060000 -1.35881e-04 -3.19913e-04 0.00000e+00
35.070000 -1.28069e-04 -3.60554e-04 0.00000e+00
35.080000 -1.41399e-04 -4.00145e-04 0.00000e+00
35.090000 -1.49743e-04 -3.22419e-04 0.00000e+00
35.100000 -1.36053e-04 -1.64730e-04 0.00000e+00
35.110000 -1.18865e-04 2.65163e-05 0.00000e+00
35.120000 -1.05801e-04 2.74739e-04 0.00000e+00
35.130000 -8.58227e-05 3.85989e-04 0.00000e+00
35.140000 -8.65811e-05 4.33945e-04 0.00000e+00
35.150000 -9.84284e-05 4.44171e-04 0.00000e+00
35.160000 -1.07611e-04 3.88075e-04 0.00000e+00
35.170000 -9.92109e-05 3.09154e-04 0.00000e+00
35.180000 -1.01887e-04 2.52233e-04 0.00000e+00
35.190000 -9.76590e-05 3.35768e-04 0.00000e+00
35.200000 -1.20750e-04 3.31144e-04 0.00000e+00
35.210000 -1.15110e-04 2.18609e-04 0.00000e+00
35.220000 -8.56734e-05 1.60773e-04 0.00000e+00
35.230000 -8.54130e-05 1.46702e-04 0.00000e+00
35.240000 -7.99511e-05 1.73843e-04 0.00000e+00
35.250000 -5.41645e-05 1.58891e-04 0.00000e+00
35.260000 -4.38891e-05 7.18962e-05 0.00000e+00
35.270000 -5.14949e-05 1.00735e-04 0.00000e+00
35.280000 -5.64192e-05 2.47984e-04 0.00000e+00
35.290000 -7.64507e-05 3.64998e-04 0.00000e+00
35.300000 -9.76435e-05 5.03148e-04 0.00000e+00
35.310000 -9.28543e-05 6.28714e-04 0.00000e+00
35.320000 -9.36530e-05 6.69563e-04 0.00000e+00
35.330000 -6.79669e-05 7.47406e-04 0.00000e+00
35.340000 -6.29552e-05 9.27055e-04 0.00000e+00
35.350000 -4.73887e-05 1.04217e-03 0.00000e+00
35.360000 -3.47540e-05 1.11556e-03 0.00000e+00
35.370000 -4.27492e-05 1.12306e-03 0.00000e+00
35.380000 -1.83383e-05 1.06761e-03 0.00000e+00
35.390000 -1.53113e-06 1.22392e-03 0.00000e+00
35.400000 1.36085e-05 1.35858e-03 0.00000e+00
35.410000 2.63646e-05 1.31448e-03 0.00000e+00
35.420000 4.20678e-05 1.37108e-03 0.00000e+00
35.430000 6.30880e-05 1.46325e-03 0.00000e+00
35.440000 9.94013e-05 1.49532e-03 0.00000e+00
35.450000 9.71220e-05 1.49456e-03 0.00000e+00
35.460000 1.07455e-04 1.35382e-03 0.00000e+00
35.470000 1.24857e-04 1.11447e-03 0.00000e+00
35.480000 1.38065e-04 9.04295e-04 0.00000e+00
35.490000 1.56342e-04 7.06185e-04 0.00000e+00
35.500000 1.80852e-04 6.06017e-04 0.00000e+00
35.510000 1.68064e-04 4.90280e-04 0.00000e+00
35.520000 1.51005e-04 2.31490e-04 0.00000e+00
35.530000 1.61591e-04 -2.12549e-05 0.00000e+00
35.540000 1.51508e-04 -2.99745e-04 0.00000e+00
35.550000 1.61443e-04 -5.19381e-04 0.00000e+00
35.560000 1.70841e-04 -6.47067e-04 0.00000e+00
35.570000 1.26314e-04 -7.40750e-04 0.00000e+00
35.580000 1.30784e-04 -7.81521e-04 0.00000e+00
35.590000 1.39250e-04 -8.30435e-04 0.00000e+00
35.600000 1.21305e-04 -8.88482e-04 0.00000e+00
35.610000 1.16729e-04 -9.13109e-04 0.00000e+00
35.620000 8.48798e-05 -1.02530e-03 0.00000e+00
35.630000 6.09602e-05 -1.12985e-03 0.00000e+00
35.640000 6.06598e-05 -1.06656e-03 0.00000e+00
35.650000 4.71720e-05 -9.85311e-04 0.00000e+00
35.660000 4.05988e-05 -9.33075e-04 0.00000e+00
35.670000 3.03996e-05 -8.31008e-04 0.00000e+00
35.680000 -1.03114e-05 -7.91420e-04 0.00000e+00
35.690000 -1.64401e-05 -8.64867e-04 0.00000e+00
35.700000 -7.59176e-07 -8.58759e-04 0.00000e+00
35.710000 8.22229e-06 -7.90168e-04 0.00000e+00
35.720000 2.22480e-05 -6.49654e-04 0.00000e+00
35.730000 2.22706e-05 -4.16850e-04 0.00000e+00
35.740000 2.78009e-05 -3.90184e-04 0.00000e+00
35.750000 1.13091e-05 -4.00207e-04 0.00000e+00
35.760000 -1.06610e-05 -1.69406e-04 0.00000e+00
35.770000 -2.47659e-05 9.23351e-06 0.00000e+00
35.780000 -3.13627e-05 1.68424e-04 0.00000e+00
35.790000 -2.76939e-05 3.05371e-04 0.00000e+00
35.800000 4.16420e-06 2.76996e-04 0.00000e+00
35.810000 -3.65889e-06 3.25146e-04 0.00000e+00
35.820000 -2.16600e-05 4.26978e-04 0.00000e+00
35.830000 -2.98334e-05 4.49629e-04 0.00000e+00
35.840000 -2.35890e-05 4.05522e-04 0.00000e+00
35.850000 -2.72180e-05 2.34357e-04 0.00000e+00
35.860000 -6.22573e-06 7.79295e-05 0.00000e+00
35.870000 1.26710e-05 8.85414e-05 0.00000e+00
35.880000 3.11077e-05 1.91628e-04 0.00000e+00
35.890000 4.08982e-05 3.36807e-04 0.00000e+00
35.900000 3.37471e-05 4.71796e-04 0.00000e+00
35.910000 2.50169e-05 5.64907e-04 0.00000e+00
35.920000 6.29060e-05 5.54141e-04 0.00000e+00
35.930000 6.93946e-05 3.63857e-04 0.00000e+00
35.940000 5.16922e-05 1.42745e-04 0.00000e+00
35.950000 5.98740e-05 -2.79444e-05 0.00000e+00
35.960000 3.18253e-05 -1.34743e-04 0.00000e+00
35.970000 2.22196e-05 -1.03633e-04 0.00000e+00
35.980000 3.58626e-05 -1.37558e-04 0.00000e+00
35.990000 1.14869e-05 -3.17008e-04 0.00000e+00
36.000000 -1.24541e-07 -5.32453e-04 0.00000e+00
36.010000 -4.79795e-06 -6.76845e-04 0.00000e+00
36.020000 1.36996e-05 -7.17615e-04 0.00000e+00
36.030000 3.23313e-05 -7.24199e-04 0.00000e+00
36.040000 4.32377e-05 -7.06427e-04 0.00000e+00
36.050000 3.91476e-05 -6.15005e-04 0.00000e+00
36.060000 2.38137e-05 -4.94912e-04 0.00000e+00
36.070000 -4.50765e-06 -4.89137e-04 0.00000e+00
36.080000 -3.29033e-05 -5.55800e-04 0.00000e+00
36.090000 -6.25296e-05 -4.86484e-04 0.00000e+00
36.100000 -7.14974e-05 -2.78487e-04 0.00000e+00
36.110000 -5.40197e-05 -1.91892e-04 0.00000e+00
36.120000 -5.07132e-05 -8.13676e-05 0.00000e+00
36.130000 -4.37290e-05 -6.60334e-07 0.00000e+00
36.140000 -5.39575e-05 -7.19992e-05 0.00000e+00
36.150000 -7.14998e-05 -4.35217e-05 0.00000e+00
36.160000 -5.74367e-05 -4.95427e-05 0.00000e+00
36.170000 -5.35754e-05 -1.30188e-04 0.00000e+00
36.180000 -2.15521e-05 -1.70524e-04 0.00000e+00
36.190000 -2.00828e-05 -1.32872e-04 0.00000e+00
36.200000 -2.76828e-05 -5.83926e-06 0.00000e+00
36.210000 -2.62473e-05 1.17354e-04 0.00000e+00
36.220000 -1.28971e-05 2.27042e-04 0.00000e+00
36.230000 -3.56206e-05 2.32801e-04 0.00000e+00
36.240000 -3.88496e-05 9.00274e-05 0.00000e+00
36.250000 -3.04296e-05 -8.09734e-05 0.00000e+00
36.260000 -1.39101e-05 -2.81172e-04 0.00000e+00
36.270000 -1.39392e-05 -4.86033e-04 0.00000e+00
36.280000 -3.46639e-05 -5.38592e-04 0.00000e+00
36.290000 -3.19474e-05 -5.31051e-04 0.00000e+00
36.300000 -6.94597e-05 -5.37843e-04 0.00000e+00
36.310000 -7.50845e-05 -5.79631e-04 0.00000e+00
36.320000 -7.06461e-05 -6.99880e-04 0.00000e+00
36.330000 -8.37098e-05 -7.56579e-04 0.00000e+00
36.340000 -7.78192e-05 -7.92374e-04 0.00000e+00
36.350000 -8.62203e-05 -7.84409e-04 0.00000e+00
36.360000 -8.52850e-05 -7.51285e-04 0.00000e+00
36.370000 -1.00396e-04 -8.01057e-04 0.00000e+00
36.380000 -1.13091e-04 -8.29945e-04 0.00000e+00
36.390000 -1.28231e-04 -7.60320e-04 0.00000e+00
36.400000 -1.57326e-04 -7.34866e-04 0.00000e+00
36.410000 -1.56759e-04 -7.91955e-04 0.00000e+00
36.420000 -1.46723e-04 -7.43512e-04 0.00000e+00
36.430000 -1.53158e-04 -5.58394e-04 0.00000e+00
36.440000 -1.41738e-04 -3.21551e-04 0.00000e+00
36.450000 -1.33590e-04 -1.96900e-04 0.00000e+00
36.460000 -1.45264e-04 -8.73260e-05 0.00000e+00
36.470000 -1.48647e-04 1.12896e-05 0.00000e+00
36.480000 -1.61076e-04 4.36190e-05 0.00000e+00
36.490000 -1.61351e-04 2.05613e-04 0.00000e+00
36.500000 -1.65128e-04 4.34117e-04 0.00000e+00
36.510000 -1.74091e-04 6.83505e-04 0.00000e+00
36.520000 -1.62043e-04 9.05819e-04 0.00000e+00
36.530000 -1.59477e-04 1.03794e-03 0.00000e+00
36.540000 -1.42787e-04 1.20688e-03 0.00000e+00
36.550000 -1.25829e-04 1.36272e-03 0.00000e+00
36.560000 -1.07148e-04 1.44702e-03 0.00000e+00
36.570000 -1.02292e-04 1.44899e-03 0.00000e+00
36.580000 -7.60179e-05 1.51278e-03 0.00000e+00
36.590000 -3.90275e-05 1.75685e-03 0.00000e+00
36.600000 -1.50958e-05 1.90823e-03 0.00000e+00
36.610000 -3.93336e-06 2.03988e-03 0.00000e+00
36.620000 2.57210e-07 2.24766e-03 0.00000e+00
36.630000 3.24644e-05 2.34050e-03 0.00000e+00
36.640000 5.20904e-05 2.34185e-03 0.00000e+00
36.650000 7.62071e-05 2.24491e-03 0.00000e+00
36.660000 1.19109e-04 2.06645e-03 0.00000e+00
36.670000 1.30594e-04 1.83004e-03 0.00000e+00
36.680000 1.37847e-04 1.54197e-03 0.00000e+00
36.690000 1.35341e-04 1.31954e-03 0.00000e+00
36.700000 1.54374e-04 1.16874e-03 0.00000e+00
36.710000 1.89990e-04 1.01781e-03 0.00000e+00
36.720000 1.86089e-04 8.09520e-04 0.00000e+00
36.730000 2.05800e-04 5.70455e-04 0.00000e+00
36.740000 2.25018e-04 3.20678e-04 0.00000e+00
36.750000 2.58264e-04 5.54297e-05 0.00000e+00
36.760000 2.53208e-04 -8.37872e-05 0.00000e+00
36.770000 2.25531e-04 -1.68645e-04 0.00000e+00
36.780000 2.39014e-04 -3.46643e-04 0.00000e+00
36.790000 2.05840e-04 -5.71737e-04 0.00000e+00
36.800000 1.78771e-04 -7.82214e-04 0.00000e+00
36.810000 1.50894e-04 -8.89733e-04 0.00000e+00
36.820000 1.26928e-04 -9.81087e-04 0.00000e+00
36.830000 1.18084e-04 -9.75682e-04 0.00000e+00
36.840000 1.15619e-04 -8.96175e-04 0.00000e+00
36.850000 1.31075e-04 -9.06345e-04 0.00000e+00
36.860000 1.37026e-04 -9.18034e-04 0.00000e+00
36.870000 1.29498e-04 -9.23384e-04 0.00000e+00
36.880000 1.01235e-04 -7.94250e-04 0.00000e+00
36.890000 8.24842e-05 -6.74579e-04 0.00000e+00
36.900000 8.59283e-05 -5.41273e-04 0.00000e+00
36.910000 8.42348e-05 -2.54463e-04 0.00000e+00
36.920000 8.21023e-05 6.93893e-05 0.00000e+00
36.930000 9.82838e-05 3.55613e-04 0.00000e+00
36.940000 7.91127e-05 4.82874e-04 0.00000e+00
36.950000 7.72825e-05 6.86027e-04 0.00000e+00
36.960000 8.32246e-05 8.74215e-04 0.00000e+00
36.970000 9.01159e-05 8.40545e-04 0.00000e+00
36.980000 1.22181e-04 7.35592e-04 0.00000e+00
36.990000 1.15643e-04 6.05700e-04 0.00000e+00
37.000000 1.50951e-04 5.28872e-04 0.00000e+00
37.010000 1.44608e-04 5.69939e-04 0.00000e+00
37.020000 1.53028e-04 6.64133e-04 0.00000e+00
37.030000 1.65416e-04 7.61796e-04 0.00000e+00
37.040000 1.68188e-04 7.85990e-04 0.00000e+00
37.050000 1.98293e-04 6.33318e-04 0.00000e+00
37.060000 1.94178e-04 3.86660e-04 0.00000e+00
37.070000 2.24669e-04 1.58708e-04 0.00000e+00
37.080000 2.10463e-04 -4.79795e-05 0.00000e+00
37.090000 1.98726e-04 -2.93445e-04 0.00000e+00
37.100000 1.87267e-04 -5.34832e-04 0.00000e+00
37.110000 1.75059e-04 -8.48487e-04 0.00000e+00
37.120000 1.72582e-04 -1.18935e-03 0.00000e+00
37.130000 1.30873e-04 -1.41540e-03 0.00000e+00
37.140000 1.12855e-04 -1.63130e-03 0.00000e+00
37.150000 1.14351e-04 -1.71132e-03 0.00000e+00
37.160000 1.19387e-04 -1.79351e-03 0.00000e+00
37.170000 1.24241e-04 -1.87725e-03 0.00000e+00
37.180000 1.12728e-04 -1.91657e-03 0.00000e+00
37.190000 6.96662e-05 -1.99404e-03 0.00000e+00
37.200000 4.09766e-05 -2.00020e-03 0.00000e+00
37.210000 -9.65098e-06 -2.02819e-03 0.00000e+00
37.220000 -4.40091e-05 -1.93523e-03 0.00000e+00
37.230000 -6.73822e-05 -1.76521e-03 0.00000e+00
37.240000 -9.04865e-05 -1.55551e-03 0.00000e+00
37.250000 -1.06255e-04 -1.39882e-03 0.00000e+00
37.260000 -1.29163e-04 -1.33087e-03 0.00000e+00
37.270000 -1.35990e-04 -1.18101e-03 0.00000e+00
37.280000 -1.40251e-04 -9.85637e-04 0.00000e+00
37.290000 -1.21140e-04 -7.40696e-04 0.00000e+00
37.300000 -1.22462e-04 -6.14490e-04 0.00000e+00
37.310000 -1.25352e-04 -5.53051e-04 0.00000e+00
37.320000 -1.12835e-04 -3.67379e-04 0.00000e+00
37.330000 -1.39029e-04 -5.93554e-05 0.00000e+00
37.340000 -1.26052e-04 3.15921e-04 0.00000e+00
37.350000 -1.33487e-04 6.14012e-04 0.00000e+00
37.360000 -1.22879e-04 6.98720e-04 0.00000e+00
37.370000 -1.24424e-04 7.69750e-04 0.00000e+00
37.380000 -1.13342e-04 8.06532e-04 0.00000e+00
37.390000 -9.00343e-05 7.09611e-04 0.00000e+00
37.400000 -9.40329e-05 6.23060e-04 0.00000e+00
37.410000 -9.37581e-05 5.11659e-04 0.00000e+00
37.420000 -1.00278e-04 4.27056e-04 0.00000e+00
37.430000 -6.65563e-05 3.77267e-04 0.00000e+00
37.440000 -5.56076e-05 3.00237e-04 0.00000e+00
37.450000 -4.61502e-05 2.95594e-04 0.00000e+00
37.460000 -5.20735e-05 4.34507e-04 0.00000e+00
37.470000 -5.53546e-05 5.13365e-04 0.00000e+00
37.480000 -3.57886e-05 4.46468e-04 0.00000e+00
37.490000 -2.65898e-05 4.51976e-04 0.00000e+00
37.500000 -2.09977e-05 4.10445e-04 0.00000e+00
37.510000 -4.24909e-05 3.06848e-04 0.00000e+00
37.520000 -6.61929e-05 2.59234e-04 0.00000e+00
37.530000 -7.31004e-05 2.24567e-04 0.00000e+00
37.540000 -5.06879e-05 1.86458e-04 0.00000e+00
37.550000 -8.02351e-05 1.31786e-04 0.00000e+00
37.560000 -7.09870e-05 1.00313e-04 0.00000e+00
37.570000 -6.54969e-05 3.75779e-05 0.00000e+00
37.580000 -4.72711e-05 -5.05791e-05 0.00000e+00
37.590000 -2.46360e-05 -1.68065e-04 0.00000e+00
37.600000 -1.42350e-05 -1.62274e-04 0.00000e+00
37.610000 -1.50482e-05 -8.10710e-05 0.00000e+00
37.620000 8.41088e-06 -5.30467e-05 0.00000e+00
37.630000 -1.38788e-05 -1.03294e-04 0.00000e+00
37.640000 -4.17605e-05 -2.11906e-04 0.00000e+00
37.650000 -4.33362e-05 -1.93339e-04 0.00000e+00
37.660000 -2.87333e-05 -1.04304e-04 0.00000e+00
37.670000 -5.13583e-05 -3.38671e-05 0.00000e+00
37.680000 -4.48646e-05 -5.62468e-05 0.00000e+00
37.690000 -4.62148e-05 -1.54472e-04 0.00000e+00
37.700000 -5.09233e-05 -2.31272e-04 0.00000e+00
37.710000 -6.56609e-05 -1.67372e-04 0.00000e+00
37.720000 -6.87106e-05 -1.03451e-04 0.00000e+00
37.730000 -7.89104e-05 -9.36883e-05 0.00000e+00
37.740000 -6.43262e-05 -4.83707e-05 0.00000e+00
37.750000 -6.60240e-05 -2.01056e-05 0.00000e+00
37.760000 -5.87359e-05 1.11744e-04 0.00000e+00
37.770000 -4.85403e-05 3.31951e-04 0.00000e+00
37.780000 -6.11561e-05 4.72366e-04 0.00000e+00
37.790000 -6.12619e-05 6.29627e-04 0.00000e+00
37.800000 -6.68959e-05 7.13751e-04 0.00000e+00
37.810000 -4.18707e-05 5.78151e-04 0.00000e+00
37.820000 -2.51747e-05 4.99295e-04 0.00000e+00
37.830000 -2.48227e-05 5.63540e-04 0.00000e+00
37.840000 -1.92658e-05 5.18989e-04 0.00000e+00
37.850000 -1.63378e-05 4.12913e-04 0.00000e+00
37.860000 5.92414e-06 3.90637e-04 0.00000e+00
37.870000 1.28474e-05 3.20356e-04 0.00000e+00
37.880000 3.52483e-05 1.83632e-04 0.00000e+00
37.890000 2.36760e-05 -1.63929e-05 0.00000e+00
37.900000 2.11897e-05 -2.19250e-04 0.00000e+00
37.910000 1.09587e-05 -2.90988e-04 0.00000e+00
37.920000 2.15220e-05 -2.95312e-04 0.00000e+00
37.930000 3.42404e-05 -3.13158e-04 0.00000e+00
37.940000 2.41237e-05 -3.05593e-04 0.00000e+00
37.950000 -9.31450e-06 -3.52017e-04 0.00000e+00
37.960000 -1.20994e-05 -4.22527e-04 0.00000e+00
37.970000 -4.62189e-05 -4.47507e-04 0.00000e+00
37.980000 -4.18814e-05 -3.79159e-04 0.00000e+00
37.990000 -3.37171e-05 -2.40818e-04 0.00000e+00
38.000000 -4.45258e-05 -1.21560e-04 0.00000e+00
38.010000 -6.77805e-05 8.38962e-06 0.00000e+00
38.020000 -5.41204e-05 1.81098e-04 0.00000e+00
38.030000 -6.00208e-05 4.19639e-04 0.00000e+00
38.040000 -6.56876e-05 6.13568e-04 0.00000e+00
38.050000 -6.20735e-05 7.77718e-04 0.00000e+00
38.060000 -5.18211e-05 9.13552e-04 0.00000e+00
38.070000 -1.37432e-05 9.52568e-04 0.00000e+00
38.080000 1.28993e-05 9.54285e-04 0.00000e+00
38.090000 1.79860e-05 9.91845e-04 0.00000e+00
38.100000 2.82440e-05 1.11545e-03 0.00000e+00
38.110000 3.69258e-05 1.15387e-03 0.00000e+00
38.120000 5.38405e-05 1.00977e-03 0.00000e+00
38.130000 7.56809e-05 8.50666e-04 0.00000e+00
38.140000 9.93882e-05 6.54938e-04 0.00000e+00
38.150000 1.11203e-04 4.51416e-04 0.00000e+00
38.160000 1.21468e-04 3.51735e-04 0.00000e+00
38.170000 1.32525e-04 1.76787e-04 0.00000e+00
38.180000 1.35051e-04 -9.58946e-05 0.00000e+00
38.190000 1.29646e-04 -2.71630e-04 0.00000e+00
38.200000 1.07685e-04 -3.97224e-04 0.00000e+00
38.210000 7.75727e-05 -5.91208e-04 0.00000e+00
38.220000 7.23867e-05 -7.88364e-04 0.00000e+00
38.230000 5.40170e-05 -9.66512e-04 0.00000e+00
38.240000 3.99135e-05 -9.70908e-04 0.00000e+00
38.250000 3.28122e-05 -8.03982e-04 0.00000e+00
38.260000 2.84051e-05 -6.58907e-04 0.00000e+00
38.270000 1.07583e-05 -5.65216e-04 0.00000e+00
38.280000 -1.68495e-05 -5.31169e-04 0.00000e+00
38.290000 -2.21734e-05 -5.02016e-04 0.00000e+00
38.300000 -2.09605e-05 -3.49492e-04 0.00000e+00
38.310000 -2.31279e-05 -9.16958e-05 0.00000e+00
38.320000 -1.49535e-05 1.89647e-04 0.00000e+00
38.330000 -1.40562e-05 5.05888e-04 0.00000e+00
38.340000 -1.35975e-05 8.27821e-04 0.00000e+00
38.350000 1.14316e-05 1.08785e-03 0.00000e+00
38.360000 2.89231e-05 1.26141e-03 0.00000e+00
38.370000 3.41324e-05 1.36454e-03 0.00000e+00
38.380000 4.85156e-05 1.41120e-03 0.00000e+00
38.390000 7.02328e-05 1.46691e-03 0.00000e+00
38.400000 1.02497e-04 1.52543e-03 0.00000e+00
38.410000 1.46674e-04 1.54062e-03 0.00000e+00
38.420000 1.54125e-04 1.49605e-03 0.00000e+00
38.430000 1.53873e-04 1.43182e-03 0.00000e+00
38.440000 1.47177e-04 1.35997e-03 0.00000e+00
38.450000 1.55934e-04 1.19126e-03 0.00000e+00
38.460000 1.87111e-04 9.77165e-04 0.00000e+00
38.470000 2.21620e-04 7.96038e-04 0.00000e+00
38.480000 2.27982e-04 5.75079e-04 0.00000e+00
38.490000 2.35061e-04 3.17935e-04 0.00000e+00
38.500000 2.29466e-04 6.61146e-05 0.00000e+00
38.510000 2.07272e-04 -2.10488e-04 0.00000e+00
38.520000 1.91840e-04 -4.38398e-04 0.00000e+00
38.530000 1.84591e-04 -6.08289e-04 0.00000e+00
38.540000 1.88825e-04 -8.50433e-04 0.00000e+00
38.550000 1.82959e-04 -1.11630e-03 0.00000e+00
38.560000 1.72614e-04 -1.30578e-03 0.00000e+00
38.570000 1.58336e-04 -1.42617e-03 0.00000e+00
38.580000 1.38824e-04 -1.43484e-03 0.00000e+00
38.590000 1.13816e-04 -1.43656e-03 0.00000e+00
38.600000 1.13026e-04 -1.56677e-03 0.00000e+00
38.610000 9.30363e-05 -1.74531e-03 0.00000e+00
38.620000 6.88728e-05 -1.84709e-03 0.00000e+00
38.630000 4.59905e-05 -1.81091e-03 0.00000e+00
38.640000 2.98385e-05 -1.64763e-03 0.00000e+00
38.650000 1.51348e-06 -1.51834e-03 0.00000e+00
38.660000 -6.45758e-06 -1.46873e-03 0.00000e+00
38.670000 -1.90768e-05 -1.42069e-03 0.00000e+00
38.680000 -3.09108e-05 -1.38567e-03 0.00000e+00
38.690000 -4.51317e-05 -1.34171e-03 0.00000e+00
38.700000 -5.83793e-05 -1.24838e-03 0.00000e+00
38.710000 -7.99647e-05 -1.04917e-03 0.00000e+00
38.720000 -7.46827e-05 -8.29029e-04 0.00000e+00
38.730000 -8.13646e-05 -7.04329e-04 0.00000e+00
38.740000 -8.47679e-05 -6.36909e-04 0.00000e+00
38.750000 -9.09015e-05 -5.21903e-04 0.00000e+00
38.760000 -1.03359e-04 -3.77555e-04 0.00000e+00
38.770000 -1.18705e-04 -2.24527e-04 0.00000e+00
38.780000 -1.03185e-04 -8.83924e-05 0.00000e+00
38.790000 -9.88112e-05 -4.82382e-05 0.00000e+00
38.800000 -9.89014e-05 -3.91221e-05 0.00000e+00
38.810000 -1.06948e-04 4.56285e-06 0.00000e+00
38.820000 -1.20399e-04 -3.17559e-05 0.00000e+00
38.830000 -1.16453e-04 -5.88214e-05 0.00000e+00
38.840000 -1.00036e-04 1.14448e-05 0.00000e+00
38.850000 -8.70895e-05 8.04776e-06 0.00000e+00
38.860000 -8.00570e-05 -2.05794e-05 0.00000e+00
38.870000 -7.61797e-05 9.69059e-06 0.00000e+00
38.880000 -7.42223e-05 6.59844e-05 0.00000e+00
38.890000 -9.69015e-05 1.87614e-04 0.00000e+00
38.900000 -1.01952e-04 3.18140e-04 0.00000e+00
38.910000 -9.14658e-05 3.81121e-04 0.00000e+00
38.920000 -6.99839e-05 4.29661e-04 0.00000e+00
38.930000 -8.56182e-05 4.47861e-04 0.00000e+00
38.940000 -9.49423e-05 3.73316e-04 0.00000e+00
38.950000 -1.05157e-04 3.70448e-04 0.00000e+00
38.960000 -1.05623e-04 4.65527e-04 0.00000e+00
38.970000 -9.77012e-05 4.60453e-04 0.00000e+00
38.980000 -9.05173e-05 3.87743e-04 0.00000e+00
38.990000 -9.54272e-05 3.30958e-04 0.00000e+00
39.000000 -5.95472e-05 3.23452e-04 0.00000e+00
39.010000 -5.95054e-05 3.64817e-04 0.00000e+00
39.020000 -5.31955e-05 4.54707e-04 0.00000e+00
39.030000 -2.16179e-05 5.05058e-04 0.00000e+00
39.040000 1.09588e-06 5.18902e-04 0.00000e+00
39.050000 7.31872e-06 6.12868e-04 0.00000e+00
39.060000 4.55193e-06 6.81276e-04 0.00000e+00
39.070000 -1.30530e-05 6.48642e-04 0.00000e+00
39.080000 -1.57001e-05 6.41138e-04 0.00000e+00
39.090000 -1.80105e-05 7.50606e-04 0.00000e+00
39.100000 -1.96288e-05 7.99792e-04 0.00000e+00
39.110000 -2.47004e-05 6.73262e-04 0.00000e+00
39.120000 2.40444e-07 4.96443e-04 0.00000e+00
39.130000 -1.26294e-05 3.66397e-04 0.00000e+00
39.140000 -1.41922e-05 2.84231e-04 0.00000e+00
39.150000 4.68675e-06 1.69219e-04 0.00000e+00
39.160000 2.66767e-05 3.74560e-06 0.00000e+00
39.170000 2.55297e-05 -2.94002e-05 0.00000e+00
39.180000 3.13850e-05 -3.91637e-05 0.00000e+00
39.190000 3.64821e-05 -2.02279e-04 0.00000e+00
39.200000 3.31321e-05 -2.49941e-04 0.00000e+00
39.210000 5.25178e-05 -1.66405e-04 0.00000e+00
39.220000 6.39395e-05 -8.01368e-05 0.00000e+00
39.230000 4.19973e-05 -4.60402e-05 0.00000e+00
39.240000 2.54442e-05 -6.41834e-05 0.00000e+00
39.250000 2.45460e-05 -9.90031e-05 0.00000e+00
39.260000 1.89034e-05 -1.82450e-04 0.00000e+00
39.270000 -1.46368e-05 -2.80426e-04 0.00000e+00
39.280000 -2.80601e-05 -3.63330e-04 0.00000e+00
39.290000 -2.35688e-05 -3.63999e-04 0.00000e+00
39.300000 -1.63151e-05 -3.38174e-04 0.00000e+00
39.310000 -3.08866e-05 -4.25551e-04 0.00000e+00
39.320000 -3.43834e-05 -4.59586e-04 0.00000e+00
39.330000 -2.71781e-05 -3.64036e-04 0.00000e+00
39.340000 -1.66944e-05 -3.28171e-04 0.00000e+00
39.350000 -3.87583e-05 -3.19969e-04 0.00000e+00
39.360000 -2.97567e-05 -2.73578e-04 0.00000e+00
39.370000 -1.82592e-06 -2.63413e-04 0.00000e+00
39.380000 -3.23043e-07 -1.78423e-04 0.00000e+00
39.390000 -4.07154e-07 -6.63774e-06 0.00000e+00
39.400000 -1.60476e-05 2.57530e-05 0.00000e+00
39.410000 -1.70563e-05 -4.77733e-05 0.00000e+00
39.420000 -3.97551e-05 -3.43022e-05 0.00000e+00
39.430000 -4.53007e-05 -6.83229e-06 0.00000e+00
39.440000 -3.64045e-05 -1.35591e-04 0.00000e+00
39.450000 -3.23647e-05 -3.07450e-04 0.00000e+00
39.460000 -3.17020e-05 -3.52241e-04 0.00000e+00
39.470000 -3.69584e-05 -2.97824e-04 0.00000e+00
39.480000 -5.50738e-05 -2.63270e-04 0.00000e+00
39.490000 -3.67736e-05 -3.21973e-04 0.00000e+00
39.500000 -4.48904e-05 -3.94550e-04 0.00000e+00
39.510000 -5.46726e-05 -3.88951e-04 0.00000e+00
39.520000 -4.71544e-05 -4.25284e-04 0.00000e+00
39.530000 -5.44169e-05 -4.84788e-04 0.00000e+00
39.540000 -5.45446e-05 -3.13925e-04 0.00000e+00
39.550000 -4.99872e-05 -9.49507e-05 0.00000e+00
39.560000 -6.61192e-05 2.87737e-05 0.00000e+00
39.570000 -8.34275e-05 1.17650e-04 0.00000e+00
39.580000 -7.52049e-05 1.78165e-04 0.00000e+00
39.590000 -7.40966e-05 2.01638e-04 0.00000e+00
39.600000 -9.03588e-05 2.11309e-04 0.00000e+00
39.610000 -8.90223e-05 2.46752e-04 0.00000e+00
39.620000 -6.73417e-05 2.62322e-04 0.00000e+00
39.630000 -5.54243e-05 2.48259e-04 0.00000e+00
39.640000 -5.45836e-05 2.32085e-04 0.00000e+00
39.650000 -6.62937e-05 1.84755e-04 0.00000e+00
39.660000 -7.82920e-05 2.07775e-04 0.00000e+00
39.670000 -6.24352e-05 1.96644e-04 0.00000e+00
39.680000 -4.12330e-05 1.73441e-05 0.00000e+00
39.690000 -3.46347e-05 -1.22482e-04 0.00000e+00
39.700000 -1.40942e-05 -2.64797e-04 0.00000e+00
39.710000 8.06277e-06 -3.49794e-04 0.00000e+00
39.720000 -2.04953e-05 -3.32655e-04 0.00000e+00
39.730000 -2.45256e-05 -4.25744e-04 0.00000e+00
39.740000 -3.92223e-05 -6.39889e-04 0.00000e+00
39.750000 -5.18177e-05 -7.74706e-04 0.00000e+00
39.760000 -6.52864e-05 -8.49520e-04 0.00000e+00
39.770000 -7.98589e-05 -1.03777e-03 0.00000e+00
39.780000 -1.07399e-04 -1.16993e-03 0.00000e+00
39.790000 -1.15194e-04 -1.11584e-03 0.00000e+00
39.800000 -1.27182e-04 -1.07155e-03 0.00000e+00
39.810000 -1.28931e-04 -1.11215e-03 0.00000e+00
39.820000 -1.51515e-04 -1.17332e-03 0.00000e+00
39.830000 -1.67031e-04 -1.29536e-03 0.00000e+00
39.840000 -2.12294e-04 -1.31271e-03 0.00000e+00
39.850000 -2.10708e-04 -1.16938e-03 0.00000e+00
39.860000 -2.07257e-04 -1.07831e-03 0.00000e+00
39.870000 -2.04387e-04 -9.80766e-04 0.00000e+00
39.880000 -1.89025e-04 -7.82699e-04 0.00000e+00
39.890000 -2.15607e-04 -7.03075e-04 0.00000e+00
39.900000 -2.40187e-04 -6.22627e-04 0.00000e+00
39.910000 -2.37437e-04 -4.51194e-04 0.00000e+00
39.920000 -2.30036e-04 -3.49598e-04 0.00000e+00
39.930000 -2.39361e-04 -2.35087e-04 0.00000e+00
39.940000 -2.37578e-04 -1.58169e-04 0.00000e+00
39.950000 -2.11495e-04 -1.20008e-04 0.00000e+00
39.960000 -2.30076e-04 8.36061e-06 0.00000e+00
39.970000 -2.51462e-04 1.42836e-04 0.00000e+00
39.980000 -2.50128e-04 2.77084e-04 0.00000e+00
39.990000 -2.41789e-04 4.29908e-04 0.00000e+00
40.000000 -2.46149e-04 4.65926e-04 0.00000e+00
40.010000 -2.17388e-04 3.68433e-04 0.00000e+00
40.020000 -2.35268e-04 3.11053e-04 0.00000e+00
40.030000 -2.38207e-04 3.45170e-04 0.00000e+00
40.040000 -2.27827e-04 3.92989e-04 0.00000e+00
40.050000 -2.16075e-04 5.18929e-04 0.00000e+00
40.060000 -2.15404e-04 5.38671e-04 0.00000e+00
40.070000 -1.78787e-04 3.98640e-04 0.00000e+00
40.080000 -1.95959e-04 3.26161e-04 0.00000e+00
40.090000 -1.88092e-04 3.28015e-04 0.00000e+00
40.100000 -1.82211e-04 3.21711e-04 0.00000e+00
40.110000 -1.78877e-04 2.96750e-04 0.00000e+00
40.120000 -1.56307e-04 3.56138e-04 0.00000e+00
40.130000 -1.47905e-04 4.06281e-04 0.00000e+00
40.140000 -1.66463e-04 3.50031e-04 0.00000e+00
40.150000 -1.53989e-04 3.23375e-04 0.00000e+00
40.160000 -1.71469e-04 3.19109e-04 0.00000e+00
40.170000 -1.88025e-04 2.92062e-04 0.00000e+00
40.180000 -1.78656e-04 3.51085e-04 0.00000e+00
40.190000 -1.67467e-04 3.58451e-04 0.00000e+00
40.200000 -1.70932e-04 3.16334e-04 0.00000e+00
40.210000 -1.57771e-04 3.69086e-04 0.00000e+00
40.220000 -1.63727e-04 4.01946e-04 0.00000e+00
40.230000 -1.74084e-04 4.08998e-04 0.00000e+00
40.240000 -1.62369e-04 4.98243e-04 0.00000e+00
40.250000 -1.44256e-04 5.09807e-04 0.00000e+00
40.260000 -1.39834e-04 4.76190e-04 0.00000e+00
40.270000 -1.22679e-04 5.66043e-04 0.00000e+00
40.280000 -1.23297e-04 6.05187e-04 0.00000e+00
40.290000 -1.02945e-04 6.59438e-04 0.00000e+00
40.300000 -1.02640e-04 7.00108e-04 0.00000e+00
40.310000 -9.29410e-05 5.87231e-04 0.00000e+00
40.320000 -9.72869e-05 5.26236e-04 0.00000e+00
40.330000 -9.40312e-05 4.77206e-04 0.00000e+00
40.340000 -8.37646e-05 2.64785e-04 0.00000e+00
40.350000 -7.40592e-05 7.52387e-05 0.00000e+00
40.360000 -8.13581e-05 -6.11315e-05 0.00000e+00
40.370000 -5.87309e-05 -2.24781e-04 0.00000e+00
40.380000 -7.87690e-05 -3.00581e-04 0.00000e+00
40.390000 -8.21111e-05 -3.46671e-04 0.00000e+00
40.400000 -8.29176e-05 -5.07330e-04 0.00000e+00
40.410000 -8.45818e-05 -6.36185e-04 0.00000e+00
40.420000 -9.83331e-05 -6.89691e-04 0.00000e+00
40.430000 -7.85920e-05 -7.66795e-04 0.00000e+00
40.440000 -1.01560e-04 -7.72122e-04 0.00000e+00
40.450000 -1.25761e-04 -7.11667e-04 0.00000e+00
40.460000 -1.41188e-04 -6.30049e-04 0.00000e+00
40.470000 -1.63184e-04 -5.15018e-04 0.00000e+00
40.480000 -1.68937e-04 -4.45592e-04 0.00000e+00
40.490000 -1.61243e-04 -4.57644e-04 0.00000e+00
40.500000 -1.91993e-04 -4.52175e-04 0.00000e+00
40.510000 -1.98357e-04 -3.11837e-04 0.00000e+00
40.520000 -1.92326e-04 -1.26766e-04 0.00000e+00
40.530000 -1.86087e-04 1.82026e-05 0.00000e+00
40.540000 -1.69900e-04 2.18261e-04 0.00000e+00
40.550000 -1.51596e-04 3.49981e-04 0.00000e+00
40.560000 -1.66515e-04 4.18333e-04 0.00000e+00
40.570000 -1.63423e-04 6.03079e-04 0.00000e+00
40.580000 -1.49209e-04 7.79577e-04 0.00000e+00
40.590000 -1.39896e-04 8.99408e-04 0.00000e+00
40.600000 -1.21082e-04 1.08530e-03 0.00000e+00
40.610000 -9.04015e-05 1.20611e-03 0.00000e+00
40.620000 -8.90950e-05 1.15215e-03 0.00000e+00
40.630000 -8.44389e-05 1.15282e-03 0.00000e+00
40.640000 -8.42091e-05 1.16066e-03 0.00000e+00
40.650000 -8.92842e-05 1.11753e-03 0.00000e+00
40.660000 -7.39983e-05 1.12799e-03 0.00000e+00
40.670000 -3.52133e-05 1.03307e-03 0.00000e+00
40.680000 -1.97991e-05 8.51850e-04 0.00000e+00
40.690000 -1.93103e-05 7.78745e-04 0.00000e+00
40.700000 -1.23201e-05 7.20888e-04 0.00000e+00
40.710000 -6.87161e-06 6.58966e-04 0.00000e+00
40.720000 -1.00624e-05 6.53709e-04 0.00000e+00
40.730000 1.87953e-05 5.64980e-04 0.00000e+00
40.740000 2.18161e-05 3.59949e-04 0.00000e+00
40.750000 1.24755e-05 2.53473e-04 0.00000e+00
40.760000 1.49361e-05 2.20897e-04 0.00000e+00
40.770000 1.21461e-05 1.65402e-04 0.00000e+00
40.780000 -1.73362e-06 1.71034e-04 0.00000e+00
40.790000 1.12357e-05 1.48174e-04 0.00000e+00
40.800000 2.81860e-05 8.14151e-06 0.00000e+00
40.810000 1.09476e-05 -1.25901e-04 0.00000e+00
40.820000 7.94100e-06 -2.36087e-04 0.00000e+00
40.830000 5.85028e-06 -3.20674e-04 0.00000e+00
40.840000 -3.97781e-06 -2.79274e-04 0.00000e+00
40.850000 7.90911e-06 -2.04707e-04 0.00000e+00
40.860000 1.22097e-05 -2.30486e-04 0.00000e+00
40.870000 2.02218e-08 -2.49060e-04 0.00000e+00
40.880000 2.51798e-06 -1.87066e-04 0.00000e+00
40.890000 -3.17672e-07 -1.31447e-04 0.00000e+00
40.900000 -1.17942e-05 -1.19547e-05 0.00000e+00
40.910000 -1.01768e-05 1.37588e-04 0.00000e+00
40.920000 1.30931e-05 1.76875e-04 0.00000e+00
40.930000 -1.65407e-06 1.84211e-04 0.00000e+00
40.940000 -7.55365e-06 2.46914e-04 0.00000e+00
40.950000 -8.15711e-06 3.01648e-04 0.00000e+00
40.960000 -1.60680e-05 3.67123e-04 0.00000e+00
40.970000 -1.45711e-05 5.52719e-04 0.00000e+00
40.980000 1.17484e-05 6.95904e-04 0.00000e+00
40.990000 1.65424e-05 7.29462e-04 0.00000e+00
41.000000 2.52345e-05 7.47268e-04 0.00000e+00
41.010000 3.50486e-05 7.40951e-04 0.00000e+00
41.020000 3.94411e-05 8.07423e-04 0.00000e+00
41.030000 5.06805e-05 9.34533e-04 0.00000e+00
41.040000 7.86245e-05 9.86859e-04 0.00000e+00
41.050000 8.98285e-05 1.04828e-03 0.00000e+00
41.060000 9.25678e-05 1.10495e-03 0.00000e+00
41.070000 9.85823e-05 1.05824e-03 0.00000e+00
41.080000 9.77331e-05 9.84139e-04 0.00000e+00
41.090000 1.02470e-04 1.00156e-03 0.00000e+00
41.100000 1.19085e-04 9.10366e-04 0.00000e+00
41.110000 1.41752e-04 6.66119e-04 0.00000e+00
41.120000 1.43533e-04 4.67929e-04 0.00000e+00
41.130000 1.51847e-04 2.36786e-04 0.00000e+00
41.140000 1.61238e-04 -2.64037e-05 0.00000e+00
41.150000 1.45602e-04 -1.82104e-04 0.00000e+00
41.160000 1.40439e-04 -3.02894e-04 0.00000e+00
41.170000 1.45719e-04 -5.15766e-04 0.00000e+00
41.180000 1.57492e-04 -7.63294e-04 0.00000e+00
41.190000 1.65187e-04 -1.00519e-03 0.00000e+00
41.200000 1.52721e-04 -1.17877e-03 0.00000e+00
41.210000 1.39662e-04 -1.20672e-03 0.00000e+00
41.220000 1.27240e-04 -1.15571e-03 0.00000e+00
41.230000 9.09899e-05 -1.12844e-03 0.00000e+00
41.240000 7.01600e-05 -1.13261e-03 0.00000e+00
41.250000 4.90405e-05 -1.15935e-03 0.00000e+00
41.260000 2.77857e-05 -1.19090e-03 0.00000e+00
41.270000 -1.56348e-05 -1.18348e-03 0.00000e+00
41.280000 -1.34384e-05 -1.08536e-03 0.00000e+00
41.290000 -2.31802e-05 -1.02775e-03 0.00000e+00
41.300000 -3.58286e-05 -9.79308e-04 0.00000e+00
41.310000 -3.92236e-05 -8.31421e-04 0.00000e+00
41.320000 -3.89608e-05 -7.48405e-04 0.00000e+00
41.330000 -5.70428e-05 -7.24493e-04 0.00000e+00
41.340000 -6.61489e-05 -5.53316e-04 0.00000e+00
41.350000 -5.38452e-05 -2.29950e-04 0.00000e+00
41.360000 -2.89736e-05 9.75705e-05 0.00000e+00
41.370000 -4.26727e-06 3.56757e-04 0.00000e+00
41.380000 8.81738e-06 5.60253e-04 0.00000e+00
41.390000 5.63433e-06 7.22864e-04 0.00000e+00
41.400000 -5.49706e-06 7.17554e-04 0.00000e+00
41.410000 -1.80018e-05 6.35076e-04 0.00000e+00
41.420000 -1.83962e-05 5.96961e-04 0.00000e+00
41.430000 -2.05646e-05 5.05218e-04 0.00000e+00
41.440000 -1.47443e-05 2.75574e-04 0.00000e+00
41.450000 -7.73273e-06 9.92121e-05 0.00000e+00
41.460000 -1.10260e-05 7.44518e-05 0.00000e+00
41.470000 1.76418e-05 1.89431e-05 0.00000e+00
41.480000 2.19775e-05 -7.09075e-05 0.00000e+00
41.490000 2.62459e-05 -1.43878e-04 0.00000e+00
41.500000 4.74327e-05 -2.49164e-04 0.00000e+00
41.510000 7.49991e-05 -4.17918e-04 0.00000e+00
41.520000 5.69365e-05 -5.14519e-04 0.00000e+00
41.530000 3.10420e-05 -4.98697e-04 0.00000e+00
41.540000 9.11220e-06 -4.10828e-04 0.00000e+00
41.550000 -1.62312e-05 -3.06912e-04 0.00000e+00
41.560000 -4.68370e-05 -2.40490e-04 0.00000e+00
41.570000 -7.03322e-05 -2.17289e-04 0.00000e+00
41.580000 -6.03113e-05 -2.97238e-04 0.00000e+00
41.590000 -6.73524e-05 -3.80498e-04 0.00000e+00
41.600000 -7.35847e-05 -4.01486e-04 0.00000e+00
41.610000 -6.56313e-05 -4.55874e-04 0.00000e+00
41.620000 -3.65286e-05 -4.92852e-04 0.00000e+00
41.630000 -3.30912e-05 -4.62679e-04 0.00000e+00
41.640000 -4.30591e-05 -3.14104e-04 0.00000e+00
41.650000 -4.67120e-05 -9.91496e-05 0.00000e+00
41.660000 -4.10521e-05 1.05752e-04 0.00000e+00
41.670000 -4.10340e-05 3.74535e-04 0.00000e+00
41.680000 -3.65746e-05 6.76249e-04 0.00000e+00
41.690000 -1.95547e-05 8.27386e-04 0.00000e+00
41.700000 -1.67330e-05 8.53046e-04 0.00000e+00
41.710000 -9.08526e-06 9.12457e-04 0.00000e+00
41.720000 -1.39132e-05 9.18427e-04 0.00000e+00
41.730000 -1.34456e-05 8.10593e-04 0.00000e+00
41.740000 -2.34907e-05 6.45731e-04 0.00000e+00
41.750000 -3.08631e-05 5.61165e-04 0.00000e+00
41.760000 -7.14690e-06 4.92729e-04 0.00000e+00
41.770000 -5.78932e-07 2.94672e-04 0.00000e+00
41.780000 8.51789e-06 1.37979e-04 0.00000e+00
41.790000 4.48359e-05 1.38411e-04 0.00000e+00
41.800000 7.13450e-05 1.65202e-04 0.00000e+00
41.810000 8.17455e-05 1.13123e-04 0.00000e+00
41.820000 8.34118e-05 4.14773e-05 0.00000e+00
41.830000 7.75597e-05 2.63057e-05 0.00000e+00
41.840000 5.94169e-05 -1.81544e-05 0.00000e+00
41.850000 3.47492e-05 -1.21826e-04 0.00000e+00
41.860000 2.37173e-05 -1.77980e-04 0.00000e+00
41.870000 3.35780e-05 -2.21384e-04 0.00000e+00
41.880000 2.32473e-05 -2.60260e-04 0.00000e+00
41.890000 -4.38740e-06 -3.27762e-04 0.00000e+00
41.900000 -1.31799e-05 -4.03525e-04 0.00000e+00
41.910000 -1.85025e-05 -4.97806e-04 0.00000e+00
41.920000 -1.78794e-05 -6.43268e-04 0.00000e+00
41.930000 -3.34556e-05 -6.54078e-04 0.00000e+00
41.940000 -3.05521e-05 -6.14592e-04 0.00000e+00
41.950000 -2.24555e-06 -5.88895e-04 0.00000e+00
41.960000 2.19992e-06 -3.96455e-04 0.00000e+00
41.970000 1.56090e-06 -1.42633e-04 0.00000e+00
41.980000 -2.69245e-06 -6.78089e-06 0.00000e+00
41.990000 -4.92785e-06 1.13396e-04 0.00000e+00
42.000000 -1.36766e-05 2.10697e-04 0.00000e+00
42.010000 -3.50800e-05 2.30289e-04 0.00000e+00
42.020000 -3.32046e-05 1.92766e-04 0.00000e+00
42.030000 -2.91087e-05 1.67927e-04 0.00000e+00
42.040000 -2.70629e-05 2.37913e-04 0.00000e+00
42.050000 -2.28714e-05 2.40711e-04 0.00000e+00
42.060000 -2.68454e-05 8.46939e-05 0.00000e+00
42.070000 -1.33980e-05 -1.08365e-04 0.00000e+00
42.080000 -1.80736e-05 -3.00591e-04 0.00000e+00
42.090000 -4.02230e-08 -4.84635e-04 0.00000e+00
42.100000 1.33587e-05 -6.45334e-04 0.00000e+00
42.110000 7.05000e-06 -7.50593e-04 0.00000e+00
42.120000 1.85317e-05 -6.95188e-04 0.00000e+00
42.130000 1.13198e-05 -6.30029e-04 0.00000e+00
42.140000 -2.13680e-05 -6.35860e-04 0.00000e+00
42.150000 -3.54886e-05 -5.67904e-04 0.00000e+00
42.160000 -3.04430e-05 -4.32768e-04 0.00000e+00
42.170000 -5.58086e-05 -3.34482e-04 0.00000e+00
42.180000 -5.80323e-05 -3.45034e-04 0.00000e+00
42.190000 -7.31692e-05 -3.72258e-04 0.00000e+00
42.200000 -7.82542e-05 -3.50242e-04 0.00000e+00
42.210000 -1.07008e-04 -3.28514e-04 0.00000e+00
42.220000 -1.35717e-04 -2.84390e-04 0.00000e+00
42.230000 -1.41035e-04 -2.18334e-04 0.00000e+00
42.240000 -1.39089e-04 -7.55456e-05 0.00000e+00
42.250000 -1.30411e-04 5.25205e-05 0.00000e+00
42.260000 -1.02988e-04 1.62762e-04 0.00000e+00
42.270000 -7.50805e-05 3.75425e-04 0.00000e+00
42.280000 -5.44418e-05 5.77830e-04 0.00000e+00
42.290000 -4.07978e-05 8.05261e-04 0.00000e+00
42.300000 -4.06695e-05 9.96218e-04 0.00000e+00
42.310000 -1.44048e-05 9.82281e-04 0.00000e+00
42.320000 6.13424e-06 9.02457e-04 0.00000e+00
42.330000 -1.99470e-06 9.66807e-04 0.00000e+00
42.340000 -1.74390e-05 1.05502e-03 0.00000e+00
42.350000 -2.14090e-05 1.09577e-03 0.00000e+00
42.360000 -1.33396e-05 1.08229e-03 0.00000e+00
42.370000 -3.06837e-06 9.79980e-04 0.00000e+00
42.380000 1.10067e-05 7.84139e-04 0.00000e+00
42.390000 3.03784e-05 5.10362e-04 0.00000e+00
42.400000 4.37696e-05 3.22013e-04 0.00000e+00
42.410000 5.38681e-05 2.11554e-04 0.00000e+00
42.420000 4.32466e-05 1.18702e-04 0.00000e+00
42.430000 6.07197e-05 8.16222e-05 0.00000e+00
42.440000 6.84350e-05 8.49500e-05 0.00000e+00
42.450000 6.46946e-05 9.56652e-05 0.00000e+00
42.460000 5.50014e-05 1.21392e-04 0.00000e+00
42.470000 3.12218e-05 1.40172e-04 0.00000e+00
42.480000 2.94786e-05 2.07204e-04 0.00000e+00
42.490000 4.98193e-05 3.40629e-04 0.00000e+00
42.500000 6.56762e-05 3.90011e-04 0.00000e+00
42.510000 5.16823e-05 2.88945e-04 0.00000e+00
42.520000 3.38262e-05 1.69382e-04 0.00000e+00
42.530000 1.52222e-05 1.26751e-04 0.00000e+00
42.540000 1.59378e-05 1.32560e-04 0.00000e+00
42.550000 2.66908e-05 1.42180e-04 0.00000e+00
42.560000 5.31706e-05 1.98359e-04 0.00000e+00
42.570000 7.06256e-05 2.51205e-04 0.00000e+00
42.580000 7.07870e-05 1.99396e-04 0.00000e+00
42.590000 7.36699e-05 8.67151e-05 0.00000e+00
42.600000 7.48171e-05 4.86214e-05 0.00000e+00
42.610000 7.84678e-05 1.22977e-04 0.00000e+00
42.620000 8.96459e-05 1.57970e-04 0.00000e+00
42.630000 9.69751e-05 7.02729e-05 0.00000e+00
42.640000 9.72987e-05 -1.62910e-04 0.00000e+00
42.650000 8.94840e-05 -4.03678e-04 0.00000e+00
42.660000 7.75764e-05 -5.01591e-04 0.00000e+00
42.670000 5.91169e-05 -4.75111e-04 0.00000e+00
42.680000 4.94665e-05 -4.78664e-04 0.00000e+00
42.690000 5.70949e-05 -6.46826e-04 0.00000e+00
42.700000 5.20931e-05 -9.38971e-04 0.00000e+00
42.710000 4.11496e-05 -1.20035e-03 0.00000e+00
42.720000 2.26214e-05 -1.31928e-03 0.00000e+00
42.730000 1.24098e-05 -1.28417e-03 0.00000e+00
42.740000 -2.10936e-05 -1.17255e-03 0.00000e+00
42.750000 -3.28721e-05 -1.15518e-03 0.00000e+00
42.760000 -2.39747e-05 -1.26156e-03 0.00000e+00
42.770000 -2.51233e-05 -1.35847e-03 0.00000e+00
42.780000 -4.14889e-05 -1.34272e-03 0.00000e+00
42.790000 -7.92021e-05 -1.20515e-03 0.00000e+00
42.800000 -1.07416e-04 -1.01700e-03 0.00000e+00
42.810000 -1.16584e-04 -9.13170e-04 0.00000e+00
42.820000 -1.03311e-04 -8.90870e-04 0.00000e+00
42.830000 -1.01736e-04 -8.58279e-04 0.00000e+00
42.840000 -1.05307e-04 -7.98426e-04 0.00000e+00
42.850000 -1.36493e-04 -7.26065e-04 0.00000e+00
42.860000 -1.62329e-04 -5.77579e-04 0.00000e+00
42.870000 -1.59981e-04 -3.83166e-04 0.00000e+00
42.880000 -1.35673e-04 -2.25215e-04 0.00000e+00
42.890000 -1.21922e-04 -8.79362e-05 0.00000e+00
42.900000 -1.23232e-04 7.04276e-05 0.00000e+00
42.910000 -1.44920e-04 1.23840e-04 0.00000e+00
42.920000 -1.67284e-04 6.79299e-05 0.00000e+00
42.930000 -1.64936e-04 1.53674e-04 0.00000e+00
42.940000 -1.31760e-04 3.35728e-04 0.00000e+00
42.950000 -1.12064e-04 4.44276e-04 0.00000e+00
42.960000 -1.12371e-04 4.14737e-04 0.00000e+00
42.970000 -1.29878e-04 2.89939e-04 0.00000e+00
42.980000 -1.45798e-04 1.92378e-04 0.00000e+00
42.990000 -1.28446e-04 2.22495e-04 0.00000e+00
43.000000 -1.08654e-04 2.45850e-04 0.00000e+00
43.010000 -9.52840e-05 2.28631e-04 0.00000e+00
43.020000 -9.28942e-05 1.69619e-04 0.00000e+00
43.030000 -8.19563e-05 -1.28295e-05 0.00000e+00
43.040000 -8.54393e-05 -1.25646e-04 0.00000e+00
43.050000 -8.61039e-05 -1.23919e-05 0.00000e+00
43.060000 -8.98276e-05 2.21381e-04 0.00000e+00
43.070000 -9.89888e-05 4.00078e-04 0.00000e+00
43.080000 -1.22370e-04 4.49740e-04 0.00000e+00
43.090000 -1.10295e-04 3.74087e-04 0.00000e+00
43.100000 -9.07676e-05 2.94387e-04 0.00000e+00
43.110000 -1.00421e-04 3.77959e-04 0.00000e+00
43.120000 -1.13846e-04 5.40010e-04 0.00000e+00
43.130000 -1.19425e-04 5.72135e-04 0.00000e+00
43.140000 -1.15972e-04 4.82672e-04 0.00000e+00
43.150000 -1.02383e-04 3.74921e-04 0.00000e+00
43.160000 -9.12201e-05 4.06297e-04 0.00000e+00
43.170000 -9.60480e-05 5.27006e-04 0.00000e+00
43.180000 -6.40910e-05 6.01866e-04 0.00000e+00
43.190000 -5.63905e-05 6.66196e-04 0.00000e+00
43.200000 -3.46592e-05 7.79720e-04 0.00000e+00
43.210000 5.38128e-06 8.81501e-04 0.00000e+00
43.220000 3.06583e-05 8.98316e-04 0.00000e+00
43.230000 2.25551e-05 8.68802e-04 0.00000e+00
43.240000 5.90430e-06 8.06300e-04 0.00000e+00
43.250000 -7.59829e-06 6.79267e-04 0.00000e+00
43.260000 -1.22894e-05 5.81724e-04 0.00000e+00
43.270000 -4.56188e-06 5.90387e-04 0.00000e+00
43.280000 5.74500e-06 5.29431e-04 0.00000e+00
43.290000 -7.64828e-06 3.27888e-04 0.00000e+00
43.300000 -1.14224e-05 8.35515e-05 0.00000e+00
43.310000 8.28763e-06 -1.88087e-04 0.00000e+00
43.320000 2.81032e-05 -4.28008e-04 0.00000e+00
43.330000 3.88124e-05 -5.76297e-04 0.00000e+00
43.340000 2.25202e-05 -7.07188e-04 0.00000e+00
43.350000 2.48426e-05 -7.39733e-04 0.00000e+00
43.360000 3.02817e-05 -6.81126e-04 0.00000e+00
43.370000 2.37728e-05 -5.87845e-04 0.00000e+00
43.380000 -2.88838e-07 -3.61596e-04 0.00000e+00
43.390000 -1.77522e-05 -9.51772e-05 0.00000e+00
43.400000 -2.55366e-05 3.65673e-05 0.00000e+00
43.410000 -3.04942e-05 9.83601e-06 0.00000e+00
43.420000 -3.97394e-05 -1.34266e-04 0.00000e+00
43.430000 -4.72738e-05 -2.81992e-04 0.00000e+00
43.440000 -6.30487e-05 -3.38551e-04 0.00000e+00
43.450000 -8.45501e-05 -3.44298e-04 0.00000e+00
43.460000 -9.45821e-05 -3.84513e-04 0.00000e+00
43.470000 -9.15067e-05 -4.30572e-04 0.00000e+00
43.480000 -8.35125e-05 -2.91199e-04 0.00000e+00
43.490000 -4.69650e-05 -1.38593e-05 0.00000e+00
43.500000 -1.84930e-05 1.99543e-04 0.00000e+00
43.510000 3.17802e-06 2.84761e-04 0.00000e+00
43.520000 1.91887e-05 3.49668e-04 0.00000e+00
43.530000 2.60982e-05 4.44012e-04 0.00000e+00
43.540000 2.23038e-05 4.61929e-04 0.00000e+00
43.550000 7.86616e-06 4.26426e-04 0.00000e+00
43.560000 -2.32003e-05 4.11372e-04 0.00000e+00
43.570000 -4.94646e-05 4.31110e-04 0.00000e+00
43.580000 -6.72574e-05 4.30797e-04 0.00000e+00
43.590000 -6.95268e-05 3.64671e-04 0.00000e+00
43.600000 -4.29014e-05 1.98531e-04 0.00000e+00
43.610000 -2.71158e-05 -1.61120e-05 0.00000e+00
43.620000 -1.24406e-05 -1.99384e-04 0.00000e+00
43.630000 7.42933e-06 -3.68498e-04 0.00000e+00
43.640000 3.01259e-05 -5.13118e-04 0.00000e+00
43.650000 4.67393e-05 -5.78250e-04 0.00000e+00
43.660000 1.89764e-05 -4.86204e-04 0.00000e+00
43.670000 -7.16359e-06 -3.18474e-04 0.00000e+00
43.680000 -1.67106e-05 -1.61195e-04 0.00000e+00
43.690000 -2.17519e-05 -1.63746e-05 0.00000e+00
43.700000 -3.63010e-05 1.38898e-04 0.00000e+00
43.710000 -3.74186e-05 2.93009e-04 0.00000e+00
43.720000 -2.26674e-05 3.60589e-04 0.00000e+00
43.730000 -2.79133e-05 2.67814e-04 0.00000e+00
43.740000 -4.43598e-05 1.09856e-04 0.00000e+00
43.750000 -6.66325e-05 -9.09887e-06 0.00000e+00
43.760000 -7.55281e-05 -1.06463e-04 0.00000e+00
43.770000 -7.71571e-05 -3.23995e-05 0.00000e+00
43.780000 -4.21508e-05 1.81295e-04 0.00000e+00
43.790000 -2.01900e-05 3.52196e-04 0.00000e+00
43.800000 -1.04603e-05 4.93751e-04 0.00000e+00
43.810000 7.44128e-06 7.01333e-04 0.00000e+00
43.820000 3.20474e-05 9.42205e-04 0.00000e+00
43.830000 3.85711e-05 9.63400e-04 0.00000e+00
43.840000 3.22663e-05 8.28801e-04 0.00000e+00
43.850000 3.62401e-05 7.53704e-04 0.00000e+00
43.860000 3.40077e-05 6.58911e-04 0.00000e+00
43.870000 4.36882e-05 4.91897e-04 0.00000e+00
43.880000 3.00716e-05 3.33363e-04 0.00000e+00
43.890000 1.97627e-05 2.17602e-04 0.00000e+00
43.900000 1.74902e-05 6.37497e-05 0.00000e+00
43.910000 4.70479e-05 -1.55170e-04 0.00000e+00
43.920000 5.66492e-05 -4.39991e-04 0.00000e+00
43.930000 7.34716e-05 -7.26521e-04 0.00000e+00
43.940000 9.28514e-05 -9.74653e-04 0.00000e+00
43.950000 7.59227e-05 -1.11171e-03 0.00000e+00
43.960000 4.75588e-05 -1.10365e-03 0.00000e+00
43.970000 3.31893e-05 -1.12327e-03 0.00000e+00
43.980000 1.97526e-05 -1.18370e-03 0.00000e+00
43.990000 -1.84284e-05 -1.16558e-03 0.00000e+00
44.000000 -5.64774e-05 -1.14019e-03 0.00000e+00
44.010000 -5.26704e-05 -1.12908e-03 0.00000e+00
44.020000 -7.53115e-05 -1.00323e-03 0.00000e+00
44.030000 -1.00818e-04 -8.95363e-04 0.00000e+00
44.040000 -1.09642e-04 -7.94925e-04 0.00000e+00
44.050000 -1.15796e-04 -6.56064e-04 0.00000e+00
44.060000 -1.32258e-04 -5.84395e-04 0.00000e+00
44.070000 -1.31867e-04 -5.17135e-04 0.00000e+00
44.080000 -1.30216e-04 -3.15596e-04 0.00000e+00
44.090000 -1.28420e-04 -7.24428e-05 0.00000e+00
44.100000 -1.16398e-04 1.74160e-04 0.00000e+00
44.110000 -1.09345e-04 5.02837e-04 0.00000e+00
44.120000 -9.29800e-05 7.41088e-04 0.00000e+00
44.130000 -8.21958e-05 8.10659e-04 0.00000e+00
44.140000 -9.16062e-05 7.81291e-04 0.00000e+00
44.150000 -7.80950e-05 8.26227e-04 0.00000e+00
44.160000 -5.63884e-05 8.58343e-04 0.00000e+00
44.170000 -4.21358e-05 7.46138e-04 0.00000e+00
44.180000 -1.08852e-05 7.07248e-04 0.00000e+00
44.190000 -2.33619e-06 6.50031e-04 0.00000e+00
44.200000 -2.15397e-05 3.96867e-04 0.00000e+00
44.210000 -4.19145e-07 1.64875e-04 0.00000e+00
44.220000 -5.05700e-06 2.03973e-05 0.00000e+00
44.230000 -1.03191e-05 -1.62244e-04 0.00000e+00
44.240000 -8.21343e-06 -2.99846e-04 0.00000e+00
44.250000 -3.67390e-06 -4.09866e-04 0.00000e+00
44.260000 -2.19798e-05 -6.00418e-04 0.00000e+00
44.270000 -1.78966e-05 -7.15917e-04 0.00000e+00
44.280000 -4.40358e-05 -7.59500e-04 0.00000e+00
44.290000 -6.61341e-05 -7.91290e-04 0.00000e+00
44.300000 -8.71710e-05 -7.30842e-04 0.00000e+00
44.310000 -8.92047e-05 -7.63741e-04 0.00000e+00
44.320000 -7.04273e-05 -7.89889e-04 0.00000e+00
44.330000 -9.67405e-05 -6.39058e-04 0.00000e+00
44.340000 -1.10295e-04 -4.40890e-04 0.00000e+00
44.350000 -1.17880e-04 -1.46206e-04 0.00000e+00
44.360000 -1.44459e-04 1.71404e-04 0.00000e+00
44.370000 -1.41411e-04 3.61540e-04 0.00000e+00
44.380000 -1.12340e-04 6.08417e-04 0.00000e+00
44.390000 -1.06163e-04 8.74721e-04 0.00000e+00
44.400000 -9.80904e-05 1.05369e-03 0.00000e+00
44.410000 -8.21326e-05 1.26573e-03 0.00000e+00
44.420000 -9.04646e-05 1.44817e-03 0.00000e+00
44.430000 -6.98047e-05 1.54542e-03 0.00000e+00
44.440000 -2.99788e-05 1.62214e-03 0.00000e+00
44.450000 -1.78258e-05 1.65011e-03 0.00000e+00
44.460000 8.27097e-06 1.57205e-03 0.00000e+00
44.470000 3.47482e-05 1.44024e-03 0.00000e+00
44.480000 3.65823e-05 1.29526e-03 0.00000e+00
44.490000 9.28234e-05 1.24744e-03 0.00000e+00
44.500000 1.08607e-04 1.16847e-03 0.00000e+00
44.510000 1.28985e-04 9.11840e-04 0.00000e+00
44.520000 1.36824e-04 6.24788e-04 0.00000e+00
44.530000 1.32202e-04 3.22203e-04 0.00000e+00
44.540000 1.30125e-04 4.49056e-05 0.00000e+00
44.550000 1.32861e-04 -3.13566e-05 0.00000e+00
44.560000 1.08160e-04 -1.01202e-04 0.00000e+00
44.570000 1.08182e-04 -3.02382e-04 0.00000e+00
44.580000 8.85624e-05 -4.69432e-04 0.00000e+00
44.590000 6.59184e-05 -6.54781e-04 0.00000e+00
44.600000 5.69968e-05 -8.31899e-04 0.00000e+00
44.610000 4.23273e-05 -8.80492e-04 0.00000e+00
44.620000 2.91238e-05 -9.68393e-04 0.00000e+00
44.630000 1.42769e-05 -1.06526e-03 0.00000e+00
44.640000 4.81747e-06 -1.10398e-03 0.00000e+00
44.650000 -7.23188e-07 -1.19451e-03 0.00000e+00
44.660000 1.38867e-06 -1.08603e-03 0.00000e+00
44.670000 -1.57039e-05 -8.61776e-04 0.00000e+00
44.680000 -3.12778e-05 -6.38897e-04 0.00000e+00
44.690000 -1.11575e-05 -3.72481e-04 0.00000e+00
44.700000 -2.04319e-07 -1.66915e-04 0.00000e+00
44.710000 1.01425e-05 3.59931e-05 0.00000e+00
44.720000 1.21868e-05 2.11448e-04 0.00000e+00
44.730000 -2.13770e-05 2.88637e-04 0.00000e+00
44.740000 -2.30612e-05 3.43919e-04 0.00000e+00
44.750000 -1.70139e-05 3.98566e-04 0.00000e+00
44.760000 -2.10316e-05 3.65205e-04 0.00000e+00
44.770000 -2.10081e-05 3.22657e-04 0.00000e+00
44.780000 -2.44752e-05 2.82434e-04 0.00000e+00
44.790000 -2.89120e-05 1.94927e-04 0.00000e+00
44.800000 -5.94651e-06 9.42059e-05 0.00000e+00
44.810000 -6.99883e-07 2.41949e-05 0.00000e+00
44.820000 3.19352e-05 -5.29571e-05 0.00000e+00
44.830000 6.30352e-05 -1.29077e-04 0.00000e+00
44.840000 5.79740e-05 -1.68768e-04 0.00000e+00
44.850000 7.32197e-05 -2.30374e-04 0.00000e+00
44.860000 4.97275e-05 -1.44646e-04 0.00000e+00
44.870000 4.23277e-05 2.44990e-05 0.00000e+00
44.880000 2.07861e-05 1.51617e-04 0.00000e+00
44.890000 -3.00821e-06 2.97233e-04 0.00000e+00
44.900000 -1.25541e-05 2.75390e-04 0.00000e+00
44.910000 -1.90047e-05 2.00192e-04 0.00000e+00
44.920000 -2.77638e-05 1.65972e-04 0.00000e+00
44.930000 -3.53426e-05 9.16700e-05 0.00000e+00
44.940000 -3.37818e-05 1.07706e-05 0.00000e+00
44.950000 -3.39274e-05 -9.50441e-05 0.00000e+00
44.960000 -2.93860e-05 -2.09975e-04 0.00000e+00
44.970000 -1.30009e-05 -2.72351e-04 0.00000e+00
44.980000 -1.71228e-06 -3.19606e-04 0.00000e+00
44.990000 4.06326e-06 -2.74901e-04 0.00000e+00
45.000000 2.95124e-05 -9.69787e-05 0.00000e+00
45.010000 5.49569e-05 1.96045e-05 0.00000e+00
45.020000 5.95132e-05 9.66394e-05 0.00000e+00
45.030000 7.57742e-05 1.15079e-04 0.00000e+00
45.040000 4.29993e-05 1.26088e-04 0.00000e+00
45.050000 4.25489e-05 8.84083e-05 0.00000e+00
45.060000 1.68898e-05 -4.30113e-05 0.00000e+00
45.070000 -7.93473e-06 -1.30148e-04 0.00000e+00
45.080000 -1.40726e-05 -2.11766e-04 0.00000e+00
45.090000 -3.55377e-05 -2.73892e-04 0.00000e+00
45.100000 -3.17806e-05 -4.05465e-04 0.00000e+00
45.110000 -3.86317e-05 -5.36756e-04 0.00000e+00
45.120000 -3.90751e-05 -5.88770e-04 0.00000e+00
45.130000 -3.48150e-05 -6.54661e-04 0.00000e+00
45.140000 -3.56165e-05 -6.39312e-04 0.00000e+00
45.150000 -2.56713e-05 -6.26236e-04 0.00000e+00
45.160000 -1.20670e-05 -6.33765e-04 0.00000e+00
45.170000 -2.11221e-05 -5.25254e-04 0.00000e+00
45.180000 -2.96945e-05 -2.86938e-04 0.00000e+00
45.190000 -3.77991e-05 -1.16766e-05 0.00000e+00
45.200000 -3.94680e-05 2.34522e-04 0.00000e+00
45.210000 -3.64109e-05 3.47695e-04 0.00000e+00
45.220000 -6.27296e-05 3.71035e-04 0.00000e+00
45.230000 -4.51305e-05 4.18714e-04 0.00000e+00
45.240000 -5.19413e-05 3.73808e-04 0.00000e+00
45.250000 -5.15404e-05 2.94462e-04 0.00000e+00
45.260000 -4.97466e-05 2.08043e-04 0.00000e+00
45.270000 -6.20695e-05 2.35823e-04 0.00000e+00
45.280000 -3.16039e-05 3.17770e-04 0.00000e+00
45.290000 -2.91618e-05 2.79997e-04 0.00000e+00
45.300000 -2.28218e-05 2.68765e-04 0.00000e+00
45.310000 -5.84195e-06 2.83084e-04 0.00000e+00
45.320000 -1.27977e-05 3.10060e-04 0.00000e+00
45.330000 2.42002e-05 3.34777e-04 0.00000e+00
45.340000 3.28717e-05 2.90185e-04 0.00000e+00
45.350000 4.58663e-05 2.23301e-04 0.00000e+00
45.360000 2.73595e-05 1.65597e-04 0.00000e+00
45.370000 7.85583e-06 1.49689e-04 0.00000e+00
45.380000 -8.35051e-06 1.58043e-04 0.00000e+00
45.390000 -8.14376e-06 5.32258e-05 0.00000e+00
45.400000 -6.34271e-06 -5.31649e-05 0.00000e+00
45.410000 -1.82467e-05 -8.59777e-05 0.00000e+00
45.420000 -9.35174e-06 -1.68140e-04 0.00000e+00
45.430000 6.28186e-06 -2.88162e-04 0.00000e+00
45.440000 2.09746e-05 -4.52002e-04 0.00000e+00
45.450000 -1.23900e-05 -4.49190e-04 0.00000e+00
45.460000 -2.09625e-05 -3.37948e-04 0.00000e+00
45.470000 -1.09480e-05 -3.46602e-04 0.00000e+00
45.480000 -2.18551e-05 -3.07182e-04 0.00000e+00
45.490000 -2.59128e-05 -2.47065e-04 0.00000e+00
45.500000 -4.03232e-05 -1.08124e-04 0.00000e+00
45.510000 -2.69778e-05 4.94056e-05 0.00000e+00
45.520000 -2.12764e-05 1.06714e-04 0.00000e+00
45.530000 -1.73232e-05 1.28998e-04 0.00000e+00
45.540000 -1.81835e-05 9.28178e-05 0.00000e+00
45.550000 -3.27000e-05 4.14014e-05 0.00000e+00
45.560000 -4.06252e-05 -1.54982e-05 0.00000e+00
45.570000 -3.39226e-05 1.88703e-06 0.00000e+00
45.580000 -3.02178e-05 -6.08851e-05 0.00000e+00
45.590000 -3.75117e-05 -1.33999e-04 0.00000e+00
45.600000 -2.82465e-05 6.98028e-06 0.00000e+00
45.610000 -5.84141e-06 2.08415e-04 0.00000e+00
45.620000 2.00778e-05 2.39655e-04 0.00000e+00
45.630000 8.74875e-07 1.57970e-04 0.00000e+00
45.640000 -5.98668e-06 1.88216e-04 0.00000e+00
45.650000 8.59758e-06 1.51845e-04 0.00000e+00
45.660000 -4.12285e-07 3.37305e-05 0.00000e+00
45.670000 -5.81887e-06 -5.21532e-05 0.00000e+00
45.680000 -3.23990e-05 -6.80447e-05 0.00000e+00
45.690000 -2.67340e-05 -9.20655e-07 0.00000e+00
45.700000 -2.07899e-05 1.01972e-04 0.00000e+00
45.710000 -1.89925e-05 2.17238e-04 0.00000e+00
45.720000 -2.18924e-05 2.08620e-04 0.00000e+00
45.730000 -2.03330e-05 1.56487e-04 0.00000e+00
45.740000 -5.52072e-06 1.78693e-04 0.00000e+00
45.750000 -1.97678e-05 2.77098e-04 0.00000e+00
45.760000 2.32287e-05 2.73444e-04 0.00000e+00
45.770000 2.96559e-05 2.21771e-04 0.00000e+00
45.780000 7.65514e-06 3.63882e-04 0.00000e+00
45.790000 -8.61549e-06 5.97519e-04 0.00000e+00
45.800000 -6.11946e-06 6.94670e-04 0.00000e+00
45.810000 -2.74625e-06 6.43272e-04 0.00000e+00
45.820000 -1.53076e-05 6.82373e-04 0.00000e+00
45.830000 1.80731e-05 7.16389e-04 0.00000e+00
45.840000 3.68136e-05 5.87659e-04 0.00000e+00
45.850000 5.85095e-05 3.71131e-04 0.00000e+00
45.860000 6.68759e-05 1.82536e-04 0.00000e+00
45.870000 7.65171e-05 1.46938e-04 0.00000e+00
45.880000 6.17300e-05 1.63911e-04 0.00000e+00
45.890000 5.41027e-05 4.96885e-05 0.00000e+00
45.900000 7.23006e-05 -1.20180e-04 0.00000e+00
45.910000 7.37956e-05 -2.22422e-04 0.00000e+00
45.920000 7.50668e-05 -3.66119e-04 0.00000e+00
45.930000 4.72109e-05 -3.77277e-04 0.00000e+00
45.940000 7.60234e-05 -2.87263e-04 0.00000e+00
45.950000 7.69921e-05 -4.26346e-04 0.00000e+00
45.960000 4.71649e-05 -6.41814e-04 0.00000e+00
45.970000 1.88565e-05 -7.79636e-04 0.00000e+00
45.980000 3.04356e-06 -8.99933e-04 0.00000e+00
45.990000 -1.17111e-06 -1.07823e-03 0.00000e+00
46.000000 -3.62393e-05 -1.19082e-03 0.00000e+00
46.010000 -5.02731e-05 -1.18360e-03 0.00000e+00
46.020000 -3.67762e-05 -1.10010e-03 0.00000e+00
46.030000 -3.02543e-05 -9.60992e-04 0.00000e+00
46.040000 -2.05098e-05 -8.49167e-04 0.00000e+00
46.050000 -5.49378e-05 -8.36218e-04 0.00000e+00
46.060000 -8.25138e-05 -9.05299e-04 0.00000e+00
46.070000 -7.40607e-05 -8.56465e-04 0.00000e+00
46.080000 -7.64408e-05 -7.10098e-04 0.00000e+00
46.090000 -7.72756e-05 -5.97986e-04 0.00000e+00
46.100000 -7.15503e-05 -5.76482e-04 0.00000e+00
46.110000 -1.02227e-04 -4.42753e-04 0.00000e+00
46.120000 -1.18951e-04 -1.83969e-04 0.00000e+00
46.130000 -1.06689e-04 -1.20586e-04 0.00000e+00
46.140000 -1.14079e-04 -1.13277e-04 0.00000e+00
46.150000 -1.18004e-04 -1.98845e-06 0.00000e+00
46.160000 -1.12894e-04 1.54273e-04 0.00000e+00
46.170000 -9.90293e-05 2.39539e-04 0.00000e+00
46.180000 -8.25055e-05 2.74580e-04 0.00000e+00
46.190000 -7.11486e-05 4.27818e-04 0.00000e+00
46.200000 -8.08737e-05 6.67275e-04 0.00000e+00
46.210000 -9.47088e-05 9.14384e-04 0.00000e+00
46.220000 -9.79077e-05 1.06386e-03 0.00000e+00
46.230000 -8.25316e-05 1.08948e-03 0.00000e+00
46.240000 -5.60941e-05 1.19806e-03 0.00000e+00
46.250000 -4.91762e-05 1.38828e-03 0.00000e+00
46.260000 -4.42740e-05 1.52056e-03 0.00000e+00
46.270000 -2.64282e-05 1.63115e-03 0.00000e+00
46.280000 9.00722e-07 1.62307e-03 0.00000e+00
46.290000 3.82184e-06 1.46645e-03 0.00000e+00
46.300000 1.46393e-05 1.37759e-03 0.00000e+00
46.310000 6.18929e-05 1.26126e-03 0.00000e+00
46.320000 7.45708e-05 1.02382e-03 0.00000e+00
46.330000 8.36384e-05 7.92195e-04 0.00000e+00
46.340000 9.41314e-05 5.96545e-04 0.00000e+00
46.350000 1.12384e-04 5.07086e-04 0.00000e+00
46.360000 1.28791e-04 4.89373e-04 0.00000e+00
46.370000 1.36935e-04 4.09187e-04 0.00000e+00
46.380000 1.35467e-04 2.27758e-04 0.00000e+00
46.390000 1.36904e-04 1.65527e-05 0.00000e+00
46.400000 1.32857e-04 -1.55939e-04 0.00000e+00
46.410000 1.35848e-04 -2.62418e-04 0.00000e+00
46.420000 1.15540e-04 -3.86177e-04 0.00000e+00
46.430000 8.82202e-05 -6.16242e-04 0.00000e+00
46.440000 6.63301e-05 -8.10536e-04 0.00000e+00
46.450000 3.82925e-05 -8.86887e-04 0.00000e+00
46.460000 2.09690e-05 -9.81614e-04 0.00000e+00
46.470000 1.54788e-05 -1.10755e-03 0.00000e+00
46.480000 -9.38879e-06 -1.07754e-03 0.00000e+00
46.490000 -3.56194e-06 -1.01541e-03 0.00000e+00
46.500000 6.73856e-06 -1.00900e-03 0.00000e+00
46.510000 2.32100e-05 -9.43229e-04 0.00000e+00
46.520000 4.21101e-05 -8.35038e-04 0.00000e+00
46.530000 2.92414e-05 -7.22326e-04 0.00000e+00
46.540000 1.33707e-05 -6.40855e-04 0.00000e+00
46.550000 -4.73945e-06 -5.21168e-04 0.00000e+00
46.560000 -1.32868e-05 -2.96096e-04 0.00000e+00
46.570000 -2.62690e-05 -5.03581e-05 0.00000e+00
46.580000 -3.24930e-05 1.61210e-04 0.00000e+00
46.590000 -4.62701e-05 3.18785e-04 0.00000e+00
46.600000 -4.83354e-05 3.48389e-04 0.00000e+00
46.610000 -2.78221e-05 3.45952e-04 0.00000e+00
46.620000 -2.49347e-05 3.01000e-04 0.00000e+00
46.630000 -2.32462e-05 2.15599e-04 0.00000e+00
46.640000 -1.33961e-05 2.09728e-04 0.00000e+00
46.650000 -2.21768e-06 2.10854e-04 0.00000e+00
46.660000 -5.31676e-06 2.91861e-04 0.00000e+00
46.670000 1.45202e-05 4.60645e-04 0.00000e+00
46.680000 1.84668e-05 6.50601e-04 0.00000e+00
46.690000 2.08270e-05 9.22558e-04 0.00000e+00
46.700000 2.53096e-05 1.15452e-03 0.00000e+00
46.710000 4.79374e-05 1.26391e-03 0.00000e+00
46.720000 7.94720e-05 1.25615e-03 0.00000e+00
46.730000 8.63875e-05 1.16277e-03 0.00000e+00
46.740000 6.91031e-05 1.05826e-03 0.00000e+00
46.750000 6.02005e-05 9.39450e-04 0.00000e+00
46.760000 5.65384e-05 7.66223e-04 0.00000e+00
46.770000 5.34828e-05 5.78819e-04 0.00000e+00
46.780000 7.32258e-05 4.29124e-04 0.00000e+00
46.790000 7.65569e-05 2.78432e-04 0.00000e+00
46.800000 1.09712e-04 1.05893e-04 0.00000e+00
46.810000 1.34948e-04 -5.29337e-05 0.00000e+00
46.820000 1.56018e-04 -1.86349e-04 0.00000e+00
46.830000 1.70400e-04 -3.34188e-04 0.00000e+00
46.840000 1.59057e-04 -4.66259e-04 0.00000e+00
46.850000 1.61111e-04 -5.71495e-04 0.00000e+00
46.860000 1.48780e-04 -7.06108e-04 0.00000e+00
46.870000 1.18202e-04 -8.56254e-04 0.00000e+00
46.880000 8.20712e-05 -9.35919e-04 0.00000e+00
46.890000 4.87791e-05 -8.51888e-04 0.00000e+00
46.900000 3.46783e-05 -7.74300e-04 0.00000e+00
46.910000 2.89528e-05 -8.21422e-04 0.00000e+00
46.920000 1.07250e-05 -8.85807e-04 0.00000e+00
46.930000 -7.63216e-07 -9.45887e-04 0.00000e+00
46.940000 -8.20322e-06 -9.71975e-04 0.00000e+00
46.950000 -2.07298e-05 -9.05107e-04 0.00000e+00
46.960000 -1.59740e-05 -8.77032e-04 0.00000e+00
46.970000 -1.85762e-05 -7.45942e-04 0.00000e+00
46.980000 -1.89714e-05 -4.21516e-04 0.00000e+00
46.990000 -1.93807e-05 -8.89174e-05 0.00000e+00
47.000000 -1.72616e-05 2.40081e-04 0.00000e+00
47.010000 -1.91950e-05 4.48750e-04 0.00000e+00
47.020000 -1.07688e-05 5.98745e-04 0.00000e+00
47.030000 -9.35876e-06 7.42130e-04 0.00000e+00
47.040000 3.79783e-06 7.97848e-04 0.00000e+00
47.050000 2.20708e-05 7.90668e-04 0.00000e+00
47.060000 3.72508e-05 7.24943e-04 0.00000e+00
47.070000 2.35510e-05 6.40693e-04 0.00000e+00
47.080000 4.09913e-05 6.52409e-04 0.00000e+00
47.090000 4.54859e-05 6.53207e-04 0.00000e+00
47.100000 5.63208e-05 5.19345e-04 0.00000e+00
47.110000 7.35518e-05 3.66052e-04 0.00000e+00
47.120000 7.87191e-05 2.69175e-04 0.00000e+00
47.130000 8.13524e-05 2.95723e-04 0.00000e+00
47.140000 1.23439e-04 2.91115e-04 0.00000e+00
47.150000 1.09772e-04 2.15571e-04 0.00000e+00
47.160000 9.73278e-05 1.95917e-04 0.00000e+00
47.170000 7.45701e-05 1.59211e-04 0.00000e+00
47.180000 5.55517e-05 9.38994e-05 0.00000e+00
47.190000 5.61867e-05 6.47921e-05 0.00000e+00
47.200000 5.14528e-05 -1.26073e-05 0.00000e+00
47.210000 5.39268e-05 -1.49376e-04 0.00000e+00
47.220000 5.27671e-05 -1.93485e-04 0.00000e+00
47.230000 4.67411e-05 -1.84193e-04 0.00000e+00
47.240000 5.09746e-05 -2.49571e-04 0.00000e+00
47.250000 6.13001e-05 -2.96180e-04 0.00000e+00
47.260000 3.90268e-05 -3.03715e-04 0.00000e+00
47.270000 3.85225e-05 -3.68402e-04 0.00000e+00
47.280000 6.50312e-05 -4.02399e-04 0.00000e+00
47.290000 8.63723e-05 -4.08309e-04 0.00000e+00
47.300000 8.76050e-05 -4.12683e-04 0.00000e+00
47.310000 5.56079e-05 -2.42116e-04 0.00000e+00
47.320000 7.06856e-05 -5.77283e-05 0.00000e+00
47.330000 6.21661e-05 -2.70748e-05 0.00000e+00
47.340000 4.79592e-05 -7.78784e-05 0.00000e+00
47.350000 4.13769e-05 -2.02540e-04 0.00000e+00
47.360000 3.18661e-05 -2.77074e-04 0.00000e+00
47.370000 6.79635e-06 -2.76307e-04 0.00000e+00
47.380000 1.71857e-05 -2.03640e-04 0.00000e+00
47.390000 2.80080e-05 -8.28460e-05 0.00000e+00
47.400000 2.17482e-05 -1.29207e-05 0.00000e+00
47.410000 1.79275e-05 3.10526e-05 0.00000e+00
47.420000 1.75072e-05 1.40813e-04 0.00000e+00
47.430000 6.13393e-06 1.56210e-04 0.00000e+00
47.440000 6.95983e-06 3.87092e-05 0.00000e+00
47.450000 2.27945e-05 6.18193e-05 0.00000e+00
47.460000 3.59856e-05 2.48139e-04 0.00000e+00
47.470000 4.93883e-05 3.71632e-04 0.00000e+00
47.480000 5.98188e-05 2.92585e-04 0.00000e+00
47.490000 3.94314e-05 2.38890e-04 0.00000e+00
47.500000 3.42222e-05 2.54283e-04 0.00000e+00
47.510000 2.81392e-05 1.63945e-04 0.00000e+00
47.520000 4.51234e-05 1.45621e-05 0.00000e+00
47.530000 6.39543e-05 -1.72931e-04 0.00000e+00
47.540000 8.34590e-05 -3.73902e-04 0.00000e+00
47.550000 8.66149e-05 -4.90024e-04 0.00000e+00
47.560000 7.47423e-05 -5.14405e-04 0.00000e+00
47.570000 5.19897e-05 -6.17140e-04 0.00000e+00
47.580000 4.48279e-05 -7.50587e-04 0.00000e+00
47.590000 3.10138e-05 -8.19988e-04 0.00000e+00
47.600000 2.99330e-06 -9.13269e-04 0.00000e+00
47.610000 -2.75389e-06 -1.03619e-03 0.00000e+00
47.620000 1.32596e-05 -1.05868e-03 0.00000e+00
47.630000 -6.28575e-06 -9.91585e-04 0.00000e+00
47.640000 -3.99743e-05 -9.43981e-04 0.00000e+00
47.650000 -5.73137e-05 -8.80707e-04 0.00000e+00
47.660000 -5.70246e-05 -8.24882e-04 0.00000e+00
47.670000 -8.05794e-05 -7.63407e-04 0.00000e+00
47.680000 -9.46313e-05 -6.83396e-04 0.00000e+00
47.690000 -1.04582e-04 -4.90669e-04 0.00000e+00
47.700000 -9.38243e-05 -1.54749e-04 0.00000e+00
47.710000 -7.81322e-05 1.99921e-04 0.00000e+00
47.720000 -7.66404e-05 5.38618e-04 0.00000e+00
47.730000 -8.23378e-05 7.84591e-04 0.00000e+00
47.740000 -8.53543e-05 8.72160e-04 0.00000e+00
47.750000 -6.27660e-05 8.60368e-04 0.00000e+00
47.760000 -5.69606e-05 8.77151e-04 0.00000e+00
47.770000 -5.20666e-05 8.74073e-04 0.00000e+00
47.780000 -3.85558e-05 8.36042e-04 0.00000e+00
47.790000 -1.16546e-05 9.17224e-04 0.00000e+00
47.800000 -5.01097e-06 1.02612e-03 0.00000e+00
47.810000 7.53637e-06 9.94265e-04 0.00000e+00
47.820000 3.85033e-05 8.75220e-04 0.00000e+00
47.830000 6.29016e-05 7.96389e-04 0.00000e+00
47.840000 7.92958e-05 7.45296e-04 0.00000e+00
47.850000 8.92292e-05 6.24058e-04 0.00000e+00
47.860000 1.13112e-04 4.24849e-04 0.00000e+00
47.870000 9.65894e-05 2.52362e-04 0.00000e+00
47.880000 7.98471e-05 1.95127e-04 0.00000e+00
47.890000 5.61333e-05 1.24780e-04 0.00000e+00
47.900000 2.66528e-05 -5.56650e-05 0.00000e+00
47.910000 2.72765e-06 -2.65958e-04 0.00000e+00
47.920000 6.13358e-06 -3.47031e-04 0.00000e+00
47.930000 2.60492e-05 -4.10017e-04 0.00000e+00
47.940000 2.49763e-05 -5.92386e-04 0.00000e+00
47.950000 2.76001e-05 -7.41807e-04 0.00000e+00
47.960000 4.24243e-05 -7.98679e-04 0.00000e+00
47.970000 3.26207e-05 -8.49039e-04 0.00000e+00
47.980000 1.79646e-05 -8.45395e-04 0.00000e+00
47.990000 7.82745e-06 -6.51738e-04 0.00000e+00
48.000000 1.59298e-05 -3.53598e-04 0.00000e+00
48.010000 9.45336e-06 -8.81993e-05 0.00000e+00
48.020000 -1.34453e-05 1.25114e-04 0.00000e+00
48.030000 -2.11442e-05 3.55564e-04 0.00000e+00
48.040000 -9.12752e-06 4.91018e-04 0.00000e+00
48.050000 -7.93659e-06 4.31216e-04 0.00000e+00
48.060000 -2.27547e-05 3.43315e-04 0.00000e+00
48.070000 -2.52520e-05 2.51162e-04 0.00000e+00
48.080000 -1.12077e-05 1.03899e-04 0.00000e+00
48.090000 -3.48905e-06 -3.02148e-06 0.00000e+00
48.100000 -2.00818e-05 6.64600e-05 0.00000e+00
48.110000 -9.18950e-06 1.95793e-04 0.00000e+00
48.120000 2.08836e-05 2.26318e-04 0.00000e+00
48.130000 3.90948e-05 2.64372e-04 0.00000e+00
48.140000 6.77821e-05 3.47814e-04 0.00000e+00
48.150000 9.92995e-05 3.86282e-04 0.00000e+00
48.160000 1.07328e-04 3.10659e-04 0.00000e+00
48.170000 8.43044e-05 2.55447e-04 0.00000e+00
48.180000 5.84292e-05 2.84470e-04 0.00000e+00
48.190000 3.50305e-05 2.18870e-04 0.00000e+00
48.200000 1.61126e-05 7.72175e-05 0.00000e+00
48.210000 -9.63849e-06 -1.36707e-05 0.00000e+00
48.220000 -1.24102e-05 -5.98330e-05 0.00000e+00
48.230000 1.04809e-05 -1.92197e-04 0.00000e+00
48.240000 1.23174e-05 -4.14497e-04 0.00000e+00
48.250000 1.74732e-05 -5.48268e-04 0.00000e+00
48.260000 3.44558e-05 -5.91668e-04 0.00000e+00
48.270000 5.08390e-05 -7.07851e-04 0.00000e+00
48.280000 3.38197e-05 -7.86803e-04 0.00000e+00
48.290000 1.84698e-05 -6.92145e-04 0.00000e+00
48.300000 2.72351e-05 -5.60601e-04 0.00000e+00
48.310000 2.74511e-05 -3.64046e-04 0.00000e+00
48.320000 4.22942e-06 -6.02886e-05 0.00000e+00
48.330000 -1.56782e-05 1.91984e-04 0.00000e+00
48.340000 9.90714e-07 2.58968e-04 0.00000e+00
48.350000 -8.15309e-06 1.75722e-04 0.00000e+00
48.360000 -2.96565e-05 9.01069e-05 0.00000e+00
48.370000 -3.74414e-05 -1.04941e-05 0.00000e+00
48.380000 -3.77841e-05 -1.75156e-04 0.00000e+00
48.390000 -3.85381e-05 -3.12312e-04 0.00000e+00
48.400000 -4.92382e-05 -2.75417e-04 0.00000e+00
48.410000 -3.72875e-05 -1.52709e-04 0.00000e+00
48.420000 -7.41527e-06 -1.32209e-04 0.00000e+00
48.430000 3.25545e-06 -7.55090e-05 0.00000e+00
48.440000 1.46203e-05 9.67734e-05 0.00000e+00
48.450000 3.76711e-05 2.06861e-04 0.00000e+00
48.460000 4.02016e-05 2.45662e-04 0.00000e+00
48.470000 3.62680e-05 3.41660e-04 0.00000e+00
48.480000 4.05257e-05 5.03699e-04 0.00000e+00
48.490000 1.54601e-05 5.94898e-04 0.00000e+00
48.500000 -1.07987e-05 5.64028e-04 0.00000e+00
48.510000 -2.95710e-05 6.08309e-04 0.00000e+00
48.520000 -2.56095e-05 6.49117e-04 0.00000e+00
48.530000 -1.36639e-05 4.97412e-04 0.00000e+00
48.540000 -1.64121e-05 3.16524e-04 0.00000e+00
48.550000 1.93983e-06 1.72810e-04 0.00000e+00
48.560000 2.30149e-05 3.81418e-05 0.00000e+00
48.570000 4.59351e-05 -1.15110e-04 0.00000e+00
48.580000 4.12638e-05 -2.79762e-04 0.00000e+00
48.590000 3.50455e-05 -2.75123e-04 0.00000e+00
48.600000 6.54834e-05 -1.83667e-04 0.00000e+00
48.610000 6.89033e-05 -1.49786e-04 0.00000e+00
48.620000 6.89211e-05 -7.44567e-05 0.00000e+00
48.630000 7.18319e-05 -6.77228e-06 0.00000e+00
48.640000 6.77620e-05 3.19793e-05 0.00000e+00
48.650000 6.13744e-05 1.43849e-04 0.00000e+00
48.660000 3.51665e-05 1.71068e-04 0.00000e+00
48.670000 1.57949e-05 2.98723e-05 0.00000e+00
48.680000 5.56288e-06 -1.60279e-04 0.00000e+00
48.690000 -2.59749e-05 -2.88569e-04 0.00000e+00
48.700000 -3.48108e-05 -2.80117e-04 0.00000e+00
48.710000 -2.31672e-05 -2.55256e-04 0.00000e+00
48.720000 -2.32930e-05 -2.65808e-04 0.00000e+00
48.730000 -9.81370e-06 -2.31565e-04 0.00000e+00
48.740000 -4.52552e-06 -1.37307e-04 0.00000e+00
48.750000 9.87404e-06 -7.55177e-05 0.00000e+00
48.760000 3.91943e-05 -8.83878e-05 0.00000e+00
48.770000 2.86041e-05 4.90344e-05 0.00000e+00
48.780000 2.73137e-05 2.13192e-04 0.00000e+00
48.790000 3.15108e-05 2.53658e-04 0.00000e+00
48.800000 3.18303e-05 3.26985e-04 0.00000e+00
48.810000 4.10843e-05 3.21278e-04 0.00000e+00
48.820000 3.28330e-05 2.72611e-04 0.00000e+00
48.830000 4.84907e-06 2.35030e-04 0.00000e+00
48.840000 2.97611e-06 1.03431e-04 0.00000e+00
48.850000 9.35481e-06 -1.12723e-04 0.00000e+00
48.860000 2.66139e-05 -3.94747e-04 0.00000e+00
48.870000 3.13135e-05 -6.50861e-04 0.00000e+00
48.880000 1.59149e-05 -8.43444e-04 0.00000e+00
48.890000 2.91463e-06 -1.04688e-03 0.00000e+00
48.900000 7.86315e-06 -1.18110e-03 0.00000e+00
48.910000 4.43698e-06 -1.27353e-03 0.00000e+00
48.920000 -3.10374e-06 -1.37248e-03 0.00000e+00
48.930000 -1.10622e-05 -1.33340e-03 0.00000e+00
48.940000 -1.42832e-05 -1.33662e-03 0.00000e+00
48.950000 -6.19803e-05 -1.46393e-03 0.00000e+00
48.960000 -7.22951e-05 -1.46395e-03 0.00000e+00
48.970000 -9.66704e-05 -1.36282e-03 0.00000e+00
48.980000 -1.29942e-04 -1.23930e-03 0.00000e+00
48.990000 -1.28293e-04 -1.14143e-03 0.00000e+00
49.000000 -1.54094e-04 -1.18958e-03 0.00000e+00
49.010000 -1.91579e-04 -1.25299e-03 0.00000e+00
49.020000 -2.07341e-04 -1.14678e-03 0.00000e+00
49.030000 -2.02165e-04 -8.95793e-04 0.00000e+00
49.040000 -2.03744e-04 -6.05777e-04 0.00000e+00
49.050000 -2.16040e-04 -4.00633e-04 0.00000e+00
49.060000 -2.05586e-04 -2.91517e-04 0.00000e+00
49.070000 -1.93223e-04 -1.52490e-04 0.00000e+00
49.080000 -1.99617e-04 7.33669e-05 0.00000e+00
49.090000 -1.89383e-04 3.67558e-04 0.00000e+00
49.100000 -1.76443e-04 7.00431e-04 0.00000e+00
49.110000 -1.87450e-04 1.00395e-03 0.00000e+00
49.120000 -1.62009e-04 1.15200e-03 0.00000e+00
49.130000 -1.27921e-04 1.30218e-03 0.00000e+00
49.140000 -1.29129e-04 1.48536e-03 0.00000e+00
49.150000 -1.29635e-04 1.56881e-03 0.00000e+00
49.160000 -1.29164e-04 1.73874e-03 0.00000e+00
49.170000 -1.17794e-04 1.89849e-03 0.00000e+00
49.180000 -7.77809e-05 1.88071e-03 0.00000e+00
49.190000 -4.02478e-05 1.85635e-03 0.00000e+00
49.200000 -2.78164e-05 1.92894e-03 0.00000e+00
49.210000 -2.33508e-05 1.94575e-03 0.00000e+00
49.220000 -1.91308e-05 1.84587e-03 0.00000e+00
49.230000 -2.93008e-07 1.83444e-03 0.00000e+00
49.240000 3.75342e-05 1.87689e-03 0.00000e+00
49.250000 7.63435e-05 1.80809e-03 0.00000e+00
49.260000 1.00845e-04 1.71721e-03 0.00000e+00
49.270000 1.04519e-04 1.60616e-03 0.00000e+00
49.280000 1.03953e-04 1.39028e-03 0.00000e+00
49.290000 1.20893e-04 1.19386e-03 0.00000e+00
49.300000 1.48294e-04 1.09351e-03 0.00000e+00
49.310000 1.45909e-04 8.42007e-04 0.00000e+00
49.320000 1.67510e-04 4.78934e-04 0.00000e+00
49.330000 1.74109e-04 1.52163e-04 0.00000e+00
49.340000 1.63173e-04 -1.82705e-04 0.00000e+00
49.350000 1.62010e-04 -4.36485e-04 0.00000e+00
49.360000 1.71241e-04 -5.90328e-04 0.00000e+00
49.370000 1.55838e-04 -8.16034e-04 0.00000e+00
49.380000 1.36112e-04 -1.16534e-03 0.00000e+00
49.390000 1.41253e-04 -1.49356e-03 0.00000e+00
49.400000 1.44647e-04 -1.74102e-03 0.00000e+00
49.410000 1.02945e-04 -1.88807e-03 0.00000e+00
49.420000 8.41210e-05 -1.85675e-03 0.00000e+00
49.430000 5.64162e-05 -1.74227e-03 0.00000e+00
49.440000 2.31324e-05 -1.76809e-03 0.00000e+00
49.450000 4.23063e-06 -1.83981e-03 0.00000e+00
49.460000 -1.78266e-05 -1.78433e-03 0.00000e+00
49.470000 -5.01535e-05 -1.64034e-03 0.00000e+00
49.480000 -8.25838e-05 -1.49071e-03 0.00000e+00
49.490000 -7.35393e-05 -1.22474e-03 0.00000e+00
49.500000 -9.05938e-05 -8.86115e-04 0.00000e+00
49.510000 -1.03917e-04 -6.63113e-04 0.00000e+00
49.520000 -1.12087e-04 -4.28404e-04 0.00000e+00
49.530000 -1.20302e-04 -9.30379e-05 0.00000e+00
49.540000 -1.35265e-04 1.68194e-04 0.00000e+00
49.550000 -1.20802e-04 3.57820e-04 0.00000e+00
49.560000 -9.31463e-05 6.86401e-04 0.00000e+00
49.570000 -7.83470e-05 1.07803e-03 0.00000e+00
49.580000 -5.57416e-05 1.29455e-03 0.00000e+00
49.590000 -2.81633e-05 1.41996e-03 0.00000e+00
49.600000 -3.75086e-05 1.48367e-03 0.00000e+00
49.610000 -3.76947e-05 1.38052e-03 0.00000e+00
49.620000 4.48277e-06 1.27532e-03 0.00000e+00
49.630000 2.34642e-05 1.19172e-03 0.00000e+00
49.640000 3.93940e-05 1.00683e-03 0.00000e+00
49.650000 6.79142e-05 7.24896e-04 0.00000e+00
49.660000 8.75650e-05 5.51590e-04 0.00000e+00
49.670000 7.24727e-05 3.93480e-04 0.00000e+00
49.680000 7.56676e-05 8.53354e-05 0.00000e+00
49.690000 8.87092e-05 -2.23127e-04 0.00000e+00
49.700000 8.24724e-05 -5.14607e-04 0.00000e+00
49.710000 6.92131e-05 -8.44014e-04 0.00000e+00
49.720000 8.36693e-05 -1.08358e-03 0.00000e+00
49.730000 7.21431e-05 -1.11908e-03 0.00000e+00
49.740000 3.08819e-05 -1.16956e-03 0.00000e+00
49.750000 -2.90959e-06 -1.23890e-03 0.00000e+00
49.760000 -2.92157e-05 -1.17105e-03 0.00000e+00
49.770000 -7.07451e-05 -1.15962e-03 0.00000e+00
49.780000 -8.22300e-05 -1.21691e-03 0.00000e+00
49.790000 -8.04122e-05 -1.02590e-03 0.00000e+00
49.800000 -9.78970e-05 -7.29137e-04 0.00000e+00
49.810000 -1.11386e-04 -5.51034e-04 0.00000e+00
49.820000 -1.12223e-04 -2.84508e-04 0.00000e+00
49.830000 -1.06985e-04 6.11327e-05 0.00000e+00
49.840000 -1.29720e-04 2.56990e-04 0.00000e+00
49.850000 -1.24234e-04 3.67805e-04 0.00000e+00
49.860000 -1.02465e-04 6.05848e-04 0.00000e+00
49.870000 -8.54036e-05 8.87502e-04 0.00000e+00
49.880000 -6.07828e-05 1.07325e-03 0.00000e+00
49.890000 -2.55493e-05 1.26541e-03 0.00000e+00
49.900000 -1.02607e-05 1.42080e-03 0.00000e+00
49.910000 -1.59849e-05 1.37178e-03 0.00000e+00
49.920000 2.14110e-05 1.17682e-03 0.00000e+00
49.930000 4.03502e-05 9.79041e-04 0.00000e+00
49.940000 4.81028e-05 7.56766e-04 0.00000e+00
49.950000 7.71544e-05 5.47292e-04 0.00000e+00
49.960000 9.96504e-05 4.62280e-04 0.00000e+00
49.970000 7.24755e-05 3.87481e-04 0.00000e+00
49.980000 7.19026e-05 2.12935e-04 0.00000e+00
49.990000 8.26792e-05 -1.85602e-05 0.00000e+00
50.000000 6.03107e-05 -2.11920e-04 0.00000e+00
50.010000 4.35668e-05 -4.01115e-04 0.00000e+00
50.020000 4.79315e-05 -5.79579e-04 0.00000e+00
50.030000 5.38705e-05 -6.66142e-04 0.00000e+00
50.040000 2.73938e-05 -7.14886e-04 0.00000e+00
50.050000 -2.60869e-06 -7.17750e-04 0.00000e+00
50.060000 -2.60455e-05 -6.39891e-04 0.00000e+00
50.070000 -5.27120e-05 -6.02897e-04 0.00000e+00
50.080000 -6.58287e-05 -6.99226e-04 0.00000e+00
50.090000 -6.33952e-05 -6.62298e-04 0.00000e+00
50.100000 -4.40535e-05 -4.68933e-04 0.00000e+00
50.110000 -3.52787e-05 -3.69968e-04 0.00000e+00
50.120000 -2.27275e-05 -2.20984e-04 0.00000e+00
50.130000 -1.73361e-05 2.16485e-05 0.00000e+00
50.140000 -2.79907e-05 8.09836e-05 0.00000e+00
50.150000 -4.32694e-05 1.89761e-05 0.00000e+00
50.160000 -3.62971e-05 1.19408e-04 0.00000e+00
50.170000 -1.41572e-05 2.24117e-04 0.00000e+00
50.180000 -1.20786e-06 2.03670e-04 0.00000e+00
50.190000 -1.24283e-06 2.03918e-04 0.00000e+00
50.200000 2.90881e-07 2.67494e-04 0.00000e+00
50.210000 -8.95017e-08 2.14901e-04 0.00000e+00
50.220000 1.56821e-06 2.00490e-05 0.00000e+00
50.230000 -1.00648e-05 -1.41229e-04 0.00000e+00
50.240000 -1.98669e-05 -2.79803e-04 0.00000e+00
50.250000 -1.02103e-05 -4.30672e-04 0.00000e+00
50.260000 1.39826e-05 -5.35904e-04 0.00000e+00
50.270000 -5.00959e-06 -5.12217e-04 0.00000e+00
50.280000 -2.02359e-05 -4.47098e-04 0.00000e+00
50.290000 -1.87811e-05 -3.54638e-04 0.00000e+00
50.300000 -4.08367e-05 -1.99723e-04 0.00000e+00
50.310000 -6.14108e-05 -1.14773e-04 0.00000e+00
50.320000 -5.11836e-05 -1.25935e-04 0.00000e+00
50.330000 -3.65859e-05 -8.93035e-05 0.00000e+00
50.340000 -6.00506e-05 5.86023e-05 0.00000e+00
50.350000 -7.15788e-05 2.82233e-04 0.00000e+00
50.360000 -7.43921e-05 4.79430e-04 0.00000e+00
50.370000 -7.44788e-05 5.99407e-04 0.00000e+00
50.380000 -8.17729e-05 7.34249e-04 0.00000e+00
50.390000 -5.43846e-05 8.40677e-04 0.00000e+00
50.400000 -2.88007e-05 8.61498e-04 0.00000e+00
50.410000 -1.45988e-05 8.81122e-04 0.00000e+00
50.420000 -1.06943e-06 9.84024e-04 0.00000e+00
50.430000 2.48969e-05 1.16629e-03 0.00000e+00
50.440000 4.97545e-05 1.24596e-03 0.00000e+00
50.450000 5.88178e-05 1.12385e-03 0.00000e+00
50.460000 8.41313e-05 1.04804e-03 0.00000e+00
50.470000 8.59035e-05 1.02764e-03 0.00000e+00
50.480000 8.47389e-05 9.14522e-04 0.00000e+00
50.490000 9.55233e-05 8.29911e-04 0.00000e+00
50.500000 1.15870e-04 8.38437e-04 0.00000e+00
50.510000 1.20704e-04 7.31012e-04 0.00000e+00
50.520000 1.30435e-04 4.70631e-04 0.00000e+00
50.530000 1.11132e-04 2.36623e-04 0.00000e+00
50.540000 1.09193e-04 4.45543e-05 0.00000e+00
50.550000 1.09378e-04 -1.62918e-04 0.00000e+00
50.560000 9.47148e-05 -2.67436e-04 0.00000e+00
50.570000 1.02120e-04 -2.26372e-04 0.00000e+00
50.580000 1.12984e-04 -2.40398e-04 0.00000e+00
50.590000 1.04291e-04 -3.56047e-04 0.00000e+00
50.600000 8.74984e-05 -4.22965e-04 0.00000e+00
50.610000 6.85445e-05 -3.54906e-04 0.00000e+00
50.620000 6.54620e-05 -2.48521e-04 0.00000e+00
50.630000 9.49480e-05 -1.19336e-04 0.00000e+00
50.640000 8.79983e-05 -7.02510e-05 0.00000e+00
50.650000 7.71947e-05 -1.17135e-04 0.00000e+00
50.660000 7.39773e-05 -8.82235e-05 0.00000e+00
50.670000 6.71967e-05 4.81871e-05 0.00000e+00
50.680000 4.90040e-05 1.87712e-04 0.00000e+00
50.690000 5.60182e-05 3.06463e-04 0.00000e+00
50.700000 7.51095e-05 3.57413e-04 0.00000e+00
50.710000 8.74672e-05 3.34363e-04 0.00000e+00
50.720000 9.89886e-05 3.39463e-04 0.00000e+00
50.730000 1.14295e-04 2.95292e-04 0.00000e+00
50.740000 1.06291e-04 2.91756e-04 0.00000e+00
50.750000 8.91430e-05 3.38807e-04 0.00000e+00
50.760000 9.72519e-05 3.01347e-04 0.00000e+00
50.770000 1.24726e-04 1.87283e-04 0.00000e+00
50.780000 1.38689e-04 2.88748e-06 0.00000e+00
50.790000 1.30701e-04 -1.49623e-04 0.00000e+00
50.800000 1.16616e-04 -1.06010e-04 0.00000e+00
50.810000 9.82312e-05 -9.22454e-05 0.00000e+00
50.820000 1.16929e-04 -2.87357e-04 0.00000e+00
50.830000 1.23300e-04 -5.15030e-04 0.00000e+00
50.840000 1.20292e-04 -7.38586e-04 0.00000e+00
50.850000 1.00402e-04 -9.45863e-04 0.00000e+00
50.860000 9.03450e-05 -1.06759e-03 0.00000e+00
50.870000 6.68179e-05 -1.10393e-03 0.00000e+00
50.880000 5.66836e-05 -1.14216e-03 0.00000e+00
50.890000 4.54543e-05 -1.20908e-03 0.00000e+00
50.900000 3.41951e-05 -1.23180e-03 0.00000e+00
50.910000 2.72067e-05 -1.29415e-03 0.00000e+00
50.920000 -4.50962e-06 -1.48311e-03 0.00000e+00
50.930000 -1.67417e-05 -1.61882e-03 0.00000e+00
50.940000 -2.83254e-05 -1.51303e-03 0.00000e+00
50.950000 -3.82519e-05 -1.28978e-03 0.00000e+00
50.960000 -3.62302e-05 -1.20141e-03 0.00000e+00
50.970000 -5.52093e-05 -1.26098e-03 0.00000e+00
50.980000 -1.03172e-04 -1.31126e-03 0.00000e+00
50.990000 -1.18593e-04 -1.20055e-03 0.00000e+00
51.000000 -1.13365e-04 -9.58088e-04 0.00000e+00
51.010000 -1.07989e-04 -6.98317e-04 0.00000e+00
51.020000 -9.37028e-05 -5.24848e-04 0.00000e+00
51.030000 -1.07353e-04 -3.57671e-04 0.00000e+00
51.040000 -1.22919e-04 -1.42725e-04 0.00000e+00
51.050000 -1.40036e-04 5.66580e-05 0.00000e+00
51.060000 -1.42191e-04 2.62136e-04 0.00000e+00
51.070000 -1.41440e-04 4.56124e-04 0.00000e+00
51.080000 -1.47170e-04 6.35910e-04 0.00000e+00
51.090000 -1.34280e-04 6.78068e-04 0.00000e+00
51.100000 -1.00609e-04 7.18716e-04 0.00000e+00
51.110000 -7.97446e-05 8.32669e-04 0.00000e+00
51.120000 -9.49539e-05 8.92528e-04 0.00000e+00
51.130000 -1.08489e-04 1.02293e-03 0.00000e+00
51.140000 -8.50864e-05 1.12719e-03 0.00000e+00
51.150000 -4.21232e-05 1.06515e-03 0.00000e+00
51.160000 -1.58055e-05 9.78270e-04 0.00000e+00
51.170000 1.31090e-06 9.85425e-04 0.00000e+00
51.180000 8.34597e-06 1.04420e-03 0.00000e+00
51.190000 7.90336e-06 1.12522e-03 0.00000e+00
51.200000 3.41457e-05 1.08093e-03 0.00000e+00
51.210000 3.20578e-05 8.47166e-04 0.00000e+00
51.220000 2.81211e-05 5.84885e-04 0.00000e+00
51.230000 2.30370e-05 3.56238e-04 0.00000e+00
51.240000 1.94085e-05 1.37444e-04 0.00000e+00
51.250000 1.01892e-05 -1.05391e-04 0.00000e+00
51.260000 9.10615e-06 -2.30515e-04 0.00000e+00
51.270000 3.82457e-05 -1.70335e-04 0.00000e+00
51.280000 2.70003e-05 -1.12056e-04 0.00000e+00
51.290000 3.31168e-05 -2.11824e-04 0.00000e+00
51.300000 4.25444e-05 -4.03278e-04 0.00000e+00
51.310000 2.40405e-05 -4.89771e-04 0.00000e+00
51.320000 2.72195e-05 -4.15254e-04 0.00000e+00
51.330000 1.84992e-05 -3.20339e-04 0.00000e+00
51.340000 1.19250e-05 -2.00442e-04 0.00000e+00
51.350000 -7.56734e-06 -7.00217e-05 0.00000e+00
51.360000 -3.07970e-05 -3.61740e-05 0.00000e+00
51.370000 -6.43463e-05 3.85355e-05 0.00000e+00
51.380000 -5.96083e-05 1.31509e-04 0.00000e+00
51.390000 -4.14664e-05 1.61425e-04 0.00000e+00
51.400000 -3.05063e-05 1.35012e-04 0.00000e+00
51.410000 -1.74591e-05 5.81203e-05 0.00000e+00
51.420000 9.10738e-06 -2.21183e-05 0.00000e+00
51.430000 3.78169e-05 -7.35114e-05 0.00000e+00
51.440000 2.73466e-05 4.15443e-06 0.00000e+00
51.450000 1.03832e-05 7.01777e-05 0.00000e+00
51.460000 1.27316e-05 1.00136e-04 0.00000e+00
51.470000 2.53441e-05 2.06654e-04 0.00000e+00
51.480000 3.41664e-05 2.22310e-04 0.00000e+00
51.490000 3.41515e-05 1.55071e-04 0.00000e+00
51.500000 3.25488e-05 1.09722e-04 0.00000e+00
51.510000 4.31963e-05 7.49789e-05 0.00000e+00
51.520000 1.71287e-05 -2.31846e-05 0.00000e+00
51.530000 4.29261e-06 -2.07397e-04 0.00000e+00
51.540000 1.84272e-06 -4.26922e-04 0.00000e+00
51.550000 -1.01583e-05 -5.74403e-04 0.00000e+00
51.560000 -1.99385e-05 -5.91616e-04 0.00000e+00
51.570000 -3.54859e-05 -6.23158e-04 0.00000e+00
51.580000 -2.70625e-05 -6.24261e-04 0.00000e+00
51.590000 -1.81602e-05 -4.68097e-04 0.00000e+00
51.600000 -8.92138e-06 -2.45732e-04 0.00000e+00
51.610000 -9.36656e-06 -1.72344e-04 0.00000e+00
51.620000 -1.84816e-05 -1.98148e-04 0.00000e+00
51.630000 -1.86206e-05 -1.20098e-04 0.00000e+00
51.640000 -3.41274e-05 2.49269e-06 0.00000e+00
51.650000 -5.27996e-05 9.73407e-05 0.00000e+00
51.660000 -5.51565e-05 1.72188e-04 0.00000e+00
51.670000 -4.40920e-05 2.72597e-04 0.00000e+00
51.680000 -4.45769e-05 4.23455e-04 0.00000e+00
51.690000 -4.80054e-05 4.39452e-04 0.00000e+00
51.700000 -3.26489e-05 3.79166e-04 0.00000e+00
51.710000 -1.48988e-05 4.34982e-04 0.00000e+00
51.720000 -2.21708e-06 5.08087e-04 0.00000e+00
51.730000 3.68662e-06 4.76303e-04 0.00000e+00
51.740000 9.13645e-06 3.90328e-04 0.00000e+00
51.750000 4.02455e-05 4.06561e-04 0.00000e+00
51.760000 4.19521e-05 4.58053e-04 0.00000e+00
51.770000 2.53491e-05 4.64879e-04 0.00000e+00
51.780000 1.89481e-05 4.49769e-04 0.00000e+00
51.790000 4.41645e-05 4.35437e-04 0.00000e+00
51.800000 4.27944e-05 4.14223e-04 0.00000e+00
51.810000 2.69195e-05 3.55544e-04 0.00000e+00
51.820000 2.94524e-05 2.60703e-04 0.00000e+00
51.830000 3.73565e-05 1.70217e-04 0.00000e+00
51.840000 4.42939e-05 1.66202e-04 0.00000e+00
51.850000 3.21114e-05 1.25941e-04 0.00000e+00
51.860000 2.35650e-05 -1.54012e-05 0.00000e+00
51.870000 4.80849e-05 -1.24563e-04 0.00000e+00
51.880000 4.94018e-05 -1.79599e-04 0.00000e+00
51.890000 3.69489e-05 -2.34257e-04 0.00000e+00
51.900000 1.97725e-05 -3.42717e-04 0.00000e+00
51.910000 3.83144e-05 -4.47408e-04 0.00000e+00
51.920000 3.72197e-05 -3.43723e-04 0.00000e+00
51.930000 1.97571e-05 -1.71572e-04 0.00000e+00
51.940000 2.14148e-05 -1.79617e-04 0.00000e+00
51.950000 2.80069e-05 -2.25364e-04 0.00000e+00
51.960000 3.63528e-05 -1.15387e-04 0.00000e+00
51.970000 2.43886e-05 -1.60213e-05 0.00000e+00
51.980000 3.08103e-05 -9.14671e-05 0.00000e+00
51.990000 2.38988e-05 -1.89900e-04 0.00000e+00
52.000000 1.77738e-05 -1.95948e-04 0.00000e+00
52.010000 7.93632e-06 -1.56740e-04 0.00000e+00
52.020000 -2.00469e-05 -2.11453e-04 0.00000e+00
52.030000 -1.91333e-05 -3.09982e-04 0.00000e+00
52.040000 -1.82741e-05 -2.07821e-04 0.00000e+00
52.050000 -1.53870e-05 -1.53966e-05 0.00000e+00
52.060000 -1.12303e-05 2.78781e-05 0.00000e+00
52.070000 8.02168e-07 -5.88252e-06 0.00000e+00
52.080000 3.35426e-05 8.77090e-05 0.00000e+00
52.090000 5.42893e-05 2.21218e-04 0.00000e+00
52.100000 2.82230e-05 1.87673e-04 0.00000e+00
52.110000 1.67692e-05 1.17244e-04 0.00000e+00
52.120000 2.35533e-05 1.65541e-04 0.00000e+00
52.130000 1.56742e-05 2.72439e-04 0.00000e+00
52.140000 -1.37791e-05 2.84394e-04 0.00000e+00
52.150000 -1.42123e-05 2.71152e-04 0.00000e+00
52.160000 -3.87551e-06 2.71031e-04 0.00000e+00
52.170000 1.25211e-05 2.42011e-04 0.00000e+00
52.180000 1.00111e-05 1.66788e-04 0.00000e+00
52.190000 1.67531e-05 -1.73362e-05 0.00000e+00
52.200000 4.55385e-05 -1.80317e-04 0.00000e+00
52.210000 6.56108e-05 -2.72683e-04 0.00000e+00
52.220000 4.32469e-05 -3.41731e-04 0.00000e+00
52.230000 3.15770e-05 -4.19316e-04 0.00000e+00
52.240000 3.81772e-05 -4.63004e-04 0.00000e+00
52.250000 3.83945e-05 -3.52305e-04 0.00000e+00
52.260000 9.60867e-06 -1.78079e-04 0.00000e+00
52.270000 8.73853e-07 -1.46253e-04 0.00000e+00
52.280000 8.86875e-06 -2.48293e-04 0.00000e+00
52.290000 1.81994e-05 -2.36664e-04 0.00000e+00
52.300000 -5.06992e-06 -1.52999e-04 0.00000e+00
52.310000 -1.96525e-05 -2.13075e-04 0.00000e+00
52.320000 -2.23066e-05 -3.25639e-04 0.00000e+00
52.330000 -3.08219e-05 -3.74844e-04 0.00000e+00
52.340000 -3.73159e-05 -3.12262e-04 0.00000e+00
52.350000 -4.97536e-05 -2.49861e-04 0.00000e+00
52.360000 -4.33697e-05 -2.71122e-04 0.00000e+00
52.370000 -3.11959e-05 -1.90577e-04 0.00000e+00
52.380000 -2.71079e-05 2.63161e-05 0.00000e+00
52.390000 -1.78544e-05 1.52665e-04 0.00000e+00
52.400000 -1.85680e-05 1.23951e-04 0.00000e+00
52.410000 3.80620e-06 1.00344e-04 0.00000e+00
52.420000 6.26822e-06 1.54827e-04 0.00000e+00
52.430000 -3.39557e-06 1.59704e-04 0.00000e+00
52.440000 -1.05603e-05 7.93218e-05 0.00000e+00
52.450000 -7.60758e-06 4.73059e-05 0.00000e+00
52.460000 1.33347e-05 1.54472e-04 0.00000e+00
52.470000 -5.08097e-06 2.40528e-04 0.00000e+00
52.480000 -1.83512e-05 1.75883e-04 0.00000e+00
52.490000 -1.71327e-05 1.21812e-04 0.00000e+00
52.500000 -7.82750e-06 1.39112e-04 0.00000e+00
52.510000 5.70711e-06 1.49084e-04 0.00000e+00
52.520000 -1.23486e-05 5.54964e-05 0.00000e+00
52.530000 -8.16957e-06 -4.20747e-05 0.00000e+00
52.540000 6.88131e-06 -1.57488e-05 0.00000e+00
52.550000 6.10322e-06 2.71039e-05 0.00000e+00
52.560000 -1.72290e-05 8.04829e-06 0.00000e+00
52.570000 -2.67354e-05 -4.34899e-05 0.00000e+00
52.580000 -1.74100e-05 1.38587e-05 0.00000e+00
52.590000 -1.94734e-07 1.13487e-04 0.00000e+00
52.600000 -8.40759e-06 7.08439e-05 0.00000e+00
52.610000 -4.68401e-06 2.72435e-05 0.00000e+00
52.620000 1.13892e-05 6.85054e-05 0.00000e+00
52.630000 3.21835e-05 2.27013e-04 0.00000e+00
52.640000 8.54301e-06 3.18401e-04 0.00000e+00
52.650000 3.64161e-06 2.97747e-04 0.00000e+00
52.660000 1.54161e-05 3.12411e-04 0.00000e+00
52.670000 2.11602e-05 3.27374e-04 0.00000e+00
52.680000 1.10858e-06 3.74601e-04 0.00000e+00
52.690000 -4.17797e-06 3.47652e-04 0.00000e+00
52.700000 1.18220e-05 2.56186e-04 0.00000e+00
52.710000 2.13132e-05 2.12987e-04 0.00000e+00
52.720000 7.28013e-06 2.23038e-04 0.00000e+00
52.730000 7.48877e-06 1.75197e-04 0.00000e+00
52.740000 2.23958e-05 2.20573e-05 0.00000e+00
52.750000 4.17528e-05 -9.48747e-05 0.00000e+00
52.760000 2.76581e-05 -8.19989e-05 0.00000e+00
52.770000 3.57586e-05 -1.23050e-04 0.00000e+00
52.780000 6.10096e-05 -2.50338e-04 0.00000e+00
52.790000 6.36979e-05 -2.66847e-04 0.00000e+00
52.800000 6.10129e-05 -1.81746e-04 0.00000e+00
52.810000 3.37593e-05 -1.87867e-04 0.00000e+00
52.820000 3.51507e-05 -2.96431e-04 0.00000e+00
52.830000 1.39181e-05 -3.24022e-04 0.00000e+00
52.840000 3.94242e-06 -3.04798e-04 0.00000e+00
52.850000 -2.74155e-06 -3.40011e-04 0.00000e+00
52.860000 -1.62574e-05 -4.11056e-04 0.00000e+00
52.870000 -1.81519e-05 -3.96866e-04 0.00000e+00
52.880000 -1.53918e-05 -2.82519e-04 0.00000e+00
52.890000 -3.31723e-06 -2.54841e-04 0.00000e+00
52.900000 -2.42694e-05 -3.29669e-04 0.00000e+00
52.910000 -2.95055e-05 -2.97056e-04 0.00000e+00
52.920000 -2.11248e-05 -1.70681e-04 0.00000e+00
52.930000 -1.21317e-05 -1.15871e-04 0.00000e+00
52.940000 -3.27227e-05 -2.88056e-05 0.00000e+00
52.950000 -1.25142e-05 2.63462e-04 0.00000e+00
52.960000 -9.85218e-07 5.74789e-04 0.00000e+00
52.970000 8.22776e-07 7.72742e-04 0.00000e+00
52.980000 -8.63500e-06 8.90245e-04 0.00000e+00
52.990000 1.75981e-07 1.01803e-03 0.00000e+00
53.000000 1.15560e-05 1.06755e-03 0.00000e+00
53.010000 2.10689e-05 1.05645e-03 0.00000e+00
53.020000 3.03081e-05 1.09021e-03 0.00000e+00
53.030000 3.85607e-05 1.03006e-03 0.00000e+00
53.040000 5.26209e-05 9.09492e-04 0.00000e+00
53.050000 6.00947e-05 7.98730e-04 0.00000e+00
53.060000 4.84855e-05 7.37706e-04 0.00000e+00
53.070000 6.83865e-05 6.13979e-04 0.00000e+00
53.080000 9.92998e-05 4.01137e-04 0.00000e+00
53.090000 1.09123e-04 2.16774e-04 0.00000e+00
53.100000 1.30069e-04 4.52515e-05 0.00000e+00
53.110000 1.58133e-04 -2.12365e-04 0.00000e+00
53.120000 1.60531e-04 -4.29114e-04 0.00000e+00
53.130000 1.33533e-04 -5.81199e-04 0.00000e+00
53.140000 1.17605e-04 -8.01766e-04 0.00000e+00
53.150000 1.07225e-04 -1.03291e-03 0.00000e+00
53.160000 8.42262e-05 -1.23370e-03 0.00000e+00
53.170000 5.09069e-05 -1.42657e-03 0.00000e+00
53.180000 4.96683e-05 -1.54926e-03 0.00000e+00
53.190000 1.49149e-05 -1.53886e-03 0.00000e+00
53.200000 -1.43156e-05 -1.55113e-03 0.00000e+00
53.210000 -2.98323e-05 -1.56586e-03 0.00000e+00
53.220000 -4.11293e-05 -1.52306e-03 0.00000e+00
53.230000 -5.35707e-05 -1.51883e-03 0.00000e+00
53.240000 -7.95294e-05 -1.45143e-03 0.00000e+00
53.250000 -9.53524e-05 -1.18125e-03 0.00000e+00
53.260000 -1.10275e-04 -8.90106e-04 0.00000e+00
53.270000 -1.18404e-04 -6.19606e-04 0.00000e+00
53.280000 -1.24536e-04 -2.36745e-04 0.00000e+00
53.290000 -1.19781e-04 1.21729e-04 0.00000e+00
53.300000 -1.33555e-04 3.09508e-04 0.00000e+00
53.310000 -1.20100e-04 4.16303e-04 0.00000e+00
53.320000 -1.06459e-04 6.35875e-04 0.00000e+00
53.330000 -9.75494e-05 8.82428e-04 0.00000e+00
53.340000 -8.23124e-05 1.01400e-03 0.00000e+00
53.350000 -3.88932e-05 1.17298e-03 0.00000e+00
53.360000 -3.19437e-05 1.25726e-03 0.00000e+00
53.370000 -3.76064e-05 1.15796e-03 0.00000e+00
53.380000 -1.11666e-05 1.05711e-03 0.00000e+00
53.390000 5.81991e-06 1.02264e-03 0.00000e+00
53.400000 2.38033e-05 9.83668e-04 0.00000e+00
53.410000 4.77275e-05 8.80728e-04 0.00000e+00
53.420000 6.13879e-05 7.65698e-04 0.00000e+00
53.430000 4.78644e-05 6.72746e-04 0.00000e+00
53.440000 5.47914e-05 5.46959e-04 0.00000e+00
53.450000 5.24530e-05 3.75820e-04 0.00000e+00
53.460000 3.72562e-05 2.29254e-04 0.00000e+00
53.470000 3.75726e-05 7.65583e-05 0.00000e+00
53.480000 5.09510e-05 -3.71505e-05 0.00000e+00
53.490000 7.08430e-05 -1.14417e-04 0.00000e+00
53.500000 4.47444e-05 -2.40051e-04 0.00000e+00
53.510000 3.19555e-05 -3.27226e-04 0.00000e+00
53.520000 1.55812e-05 -2.84890e-04 0.00000e+00
53.530000 -9.70334e-06 -2.31432e-04 0.00000e+00
53.540000 -1.11421e-05 -2.90991e-04 0.00000e+00
53.550000 6.18724e-06 -2.77095e-04 0.00000e+00
53.560000 1.53650e-05 -1.23423e-04 0.00000e+00
53.570000 1.34647e-05 5.50228e-05 0.00000e+00
53.580000 2.08016e-05 1.87785e-04 0.00000e+00
53.590000 2.53867e-05 3.00394e-04 0.00000e+00
53.600000 2.25736e-05 3.41447e-04 0.00000e+00
53.610000 1.24581e-05 3.19649e-04 0.00000e+00
53.620000 1.85733e-05 3.60000e-04 0.00000e+00
53.630000 3.07482e-05 3.59779e-04 0.00000e+00
53.640000 3.65585e-05 2.62923e-04 0.00000e+00
53.650000 4.14694e-05 2.15490e-04 0.00000e+00
53.660000 3.21145e-05 3.12920e-04 0.00000e+00
53.670000 4.60859e-05 2.90073e-04 0.00000e+00
53.680000 6.15167e-05 1.33515e-04 0.00000e+00
53.690000 6.81794e-05 2.78264e-06 0.00000e+00
53.700000 6.91380e-05 -2.34133e-04 0.00000e+00
53.710000 7.58364e-05 -4.72863e-04 0.00000e+00
53.720000 8.75717e-05 -5.57168e-04 0.00000e+00
53.730000 8.27092e-05 -5.79357e-04 0.00000e+00
53.740000 5.41953e-05 -6.19845e-04 0.00000e+00
53.750000 2.53428e-05 -6.29029e-04 0.00000e+00
53.760000 2.23478e-05 -6.14406e-04 0.00000e+00
53.770000 2.39984e-06 -6.90076e-04 0.00000e+00
53.780000 -5.39351e-06 -8.81689e-04 0.00000e+00
53.790000 -7.41692e-06 -9.83181e-04 0.00000e+00
53.800000 -3.71052e-05 -9.55534e-04 0.00000e+00
53.810000 -5.28088e-05 -9.63441e-04 0.00000e+00
53.820000 -4.42737e-05 -1.03754e-03 0.00000e+00
53.830000 -5.26516e-05 -1.17771e-03 0.00000e+00
53.840000 -8.81149e-05 -1.26696e-03 0.00000e+00
53.850000 -8.26853e-05 -1.21802e-03 0.00000e+00
53.860000 -9.61001e-05 -1.15959e-03 0.00000e+00
53.870000 -1.02356e-04 -1.09454e-03 0.00000e+00
53.880000 -8.66390e-05 -9.64726e-04 0.00000e+00
53.890000 -7.90103e-05 -7.96604e-04 0.00000e+00
53.900000 -8.82588e-05 -6.17710e-04 0.00000e+00
53.910000 -9.22072e-05 -5.44788e-04 0.00000e+00
53.920000 -1.08947e-04 -6.14740e-04 0.00000e+00
53.930000 -1.32327e-04 -6.01895e-04 0.00000e+00
53.940000 -1.59555e-04 -4.84271e-04 0.00000e+00
53.950000 -1.54147e-04 -3.46435e-04 0.00000e+00
53.960000 -1.38182e-04 -1.33316e-04 0.00000e+00
53.970000 -1.60516e-04 -1.74653e-05 0.00000e+00
53.980000 -1.81745e-04 -2.13529e-05 0.00000e+00
53.990000 -1.86262e-04 1.04353e-04 0.00000e+00
54.000000 -1.75775e-04 3.27975e-04 0.00000e+00
54.010000 -1.50962e-04 4.89525e-04 0.00000e+00
54.020000 -1.38082e-04 7.17298e-04 0.00000e+00
54.030000 -1.33852e-04 9.33227e-04 0.00000e+00
54.040000 -1.13222e-04 1.01073e-03 0.00000e+00
54.050000 -1.09133e-04 1.18738e-03 0.00000e+00
54.060000 -1.05873e-04 1.45722e-03 0.00000e+00
54.070000 -9.63126e-05 1.68551e-03 0.00000e+00
54.080000 -9.69755e-05 1.90933e-03 0.00000e+00
54.090000 -7.17106e-05 2.01133e-03 0.00000e+00
54.100000 -2.43431e-05 1.92079e-03 0.00000e+00
54.110000 -1.39144e-06 1.76414e-03 0.00000e+00
54.120000 1.54364e-05 1.72119e-03 0.00000e+00
54.130000 2.68763e-05 1.81255e-03 0.00000e+00
54.140000 2.62644e-05 1.75525e-03 0.00000e+00
54.150000 6.01233e-05 1.48303e-03 0.00000e+00
54.160000 1.03935e-04 1.20865e-03 0.00000e+00
54.170000 1.24648e-04 9.97369e-04 0.00000e+00
54.180000 1.38222e-04 7.88737e-04 0.00000e+00
54.190000 1.38449e-04 5.67774e-04 0.00000e+00
54.200000 1.16811e-04 3.00937e-04 0.00000e+00
54.210000 1.27665e-04 9.61602e-05 0.00000e+00
54.220000 1.50921e-04 -5.83371e-05 0.00000e+00
54.230000 1.42818e-04 -3.12749e-04 0.00000e+00
54.240000 1.33295e-04 -6.01026e-04 0.00000e+00
54.250000 1.07895e-04 -9.17646e-04 0.00000e+00
54.260000 6.55257e-05 -1.23188e-03 0.00000e+00
54.270000 6.23460e-05 -1.38630e-03 0.00000e+00
54.280000 6.98102e-05 -1.48397e-03 0.00000e+00
54.290000 6.93868e-05 -1.66282e-03 0.00000e+00
54.300000 3.12227e-05 -1.85519e-03 0.00000e+00
54.310000 -1.20257e-05 -2.02912e-03 0.00000e+00
54.320000 -3.27161e-05 -2.07629e-03 0.00000e+00
54.330000 -3.76273e-05 -1.92950e-03 0.00000e+00
54.340000 -6.15061e-05 -1.73882e-03 0.00000e+00
54.350000 -8.14038e-05 -1.59532e-03 0.00000e+00
54.360000 -8.43410e-05 -1.49407e-03 0.00000e+00
54.370000 -9.33174e-05 -1.44187e-03 0.00000e+00
54.380000 -9.24715e-05 -1.30662e-03 0.00000e+00
54.390000 -1.23271e-04 -1.00490e-03 0.00000e+00
54.400000 -1.52025e-04 -7.13729e-04 0.00000e+00
54.410000 -1.62584e-04 -4.99342e-04 0.00000e+00
54.420000 -1.74486e-04 -3.27449e-04 0.00000e+00
54.430000 -1.75615e-04 -2.41876e-04 0.00000e+00
54.440000 -1.66296e-04 -1.01967e-04 0.00000e+00
54.450000 -1.75557e-04 1.93900e-04 0.00000e+00
54.460000 -1.71195e-04 5.11481e-04 0.00000e+00
54.470000 -1.49551e-04 6.93595e-04 0.00000e+00
54.480000 -1.25072e-04 7.58051e-04 0.00000e+00
54.490000 -1.05943e-04 8.53111e-04 0.00000e+00
54.500000 -9.65867e-05 1.04715e-03 0.00000e+00
54.510000 -9.70367e-05 1.19466e-03 0.00000e+00
54.520000 -9.33955e-05 1.20217e-03 0.00000e+00
54.530000 -7.82662e-05 1.26379e-03 0.00000e+00
54.540000 -5.32924e-05 1.41929e-03 0.00000e+00
54.550000 -3.29805e-05 1.60070e-03 0.00000e+00
54.560000 -2.42858e-05 1.65819e-03 0.00000e+00
54.570000 -2.22706e-05 1.54453e-03 0.00000e+00
54.580000 -1.21152e-05 1.40243e-03 0.00000e+00
54.590000 2.96124e-06 1.21555e-03 0.00000e+00
54.600000 2.09405e-05 1.04457e-03 0.00000e+00
54.610000 4.23573e-05 9.57340e-04 0.00000e+00
54.620000 5.32829e-05 8.34723e-04 0.00000e+00
54.630000 5.31316e-05 7.06009e-04 0.00000e+00
54.640000 6.14893e-05 6.63593e-04 0.00000e+00
54.650000 7.92011e-05 6.32781e-04 0.00000e+00
54.660000 8.91188e-05 5.84791e-04 0.00000e+00
54.670000 9.29312e-05 5.06560e-04 0.00000e+00
54.680000 7.95515e-05 3.71646e-04 0.00000e+00
54.690000 8.79664e-05 2.55701e-04 0.00000e+00
54.700000 1.13937e-04 2.20863e-04 0.00000e+00
54.710000 1.11393e-04 2.34654e-04 0.00000e+00
54.720000 9.40450e-05 2.20413e-04 0.00000e+00
54.730000 6.47540e-05 1.08700e-04 0.00000e+00
54.740000 6.05380e-05 -4.05226e-05 0.00000e+00
54.750000 5.66923e-05 -8.15020e-05 0.00000e+00
54.760000 6.49253e-05 -9.81575e-06 0.00000e+00
54.770000 8.78440e-05 6.60282e-05 0.00000e+00
54.780000 9.36603e-05 9.96405e-05 0.00000e+00
54.790000 9.47745e-05 8.60222e-05 0.00000e+00
54.800000 1.03827e-04 4.42427e-05 0.00000e+00
54.810000 9.47840e-05 5.55352e-05 0.00000e+00
54.820000 8.64693e-05 1.66414e-04 0.00000e+00
54.830000 9.13084e-05 2.90568e-04 0.00000e+00
54.840000 9.44821e-05 3.18891e-04 0.00000e+00
54.850000 1.04719e-04 2.73798e-04 0.00000e+00
54.860000 1.18686e-04 2.64999e-04 0.00000e+00
54.870000 1.14154e-04 3.70890e-04 0.00000e+00
54.880000 1.01268e-04 5.33635e-04 0.00000e+00
54.890000 9.20171e-05 6.08079e-04 0.00000e+00
54.900000 1.00960e-04 4.96390e-04 0.00000e+00
54.910000 1.32247e-04 3.15513e-04 0.00000e+00
54.920000 1.54514e-04 1.98625e-04 0.00000e+00
54.930000 1.44327e-04 1.37431e-04 0.00000e+00
54.940000 1.24919e-04 2.10514e-04 0.00000e+00
54.950000 1.16186e-04 2.99001e-04 0.00000e+00
54.960000 1.25523e-04 2.41035e-04 0.00000e+00
54.970000 1.42762e-04 9.98315e-05 0.00000e+00
54.980000 1.54835e-04 -9.04059e-05 0.00000e+00
54.990000 1.49683e-04 -2.73813e-04 0.00000e+00
55.000000 1.33223e-04 -3.66662e-04 0.00000e+00
55.010000 1.21769e-04 -4.68103e-04 0.00000e+00
55.020000 1.36775e-04 -6.20457e-04 0.00000e+00
55.030000 1.38195e-04 -7.40677e-04 0.00000e+00
55.040000 1.40078e-04 -9.08536e-04 0.00000e+00
55.050000 1.29358e-04 -1.14635e-03 0.00000e+00
55.060000 9.31608e-05 -1.39755e-03 0.00000e+00
55.070000 6.46769e-05 -1.62338e-03 0.00000e+00
55.080000 6.61735e-05 -1.68118e-03 0.00000e+00
55.090000 6.86334e-05 -1.57903e-03 0.00000e+00
55.100000 5.95071e-05 -1.54640e-03 0.00000e+00
55.110000 4.34022e-05 -1.66131e-03 0.00000e+00
55.120000 -9.09607e-06 -1.81839e-03 0.00000e+00
55.130000 -4.69004e-05 -1.89217e-03 0.00000e+00
55.140000 -6.53140e-05 -1.79337e-03 0.00000e+00
55.150000 -6.45383e-05 -1.58800e-03 0.00000e+00
55.160000 -6.62727e-05 -1.37631e-03 0.00000e+00
55.170000 -8.63810e-05 -1.22708e-03 0.00000e+00
55.180000 -1.25165e-04 -1.07759e-03 0.00000e+00
55.190000 -1.38638e-04 -7.56676e-04 0.00000e+00
55.200000 -1.48913e-04 -3.91399e-04 0.00000e+00
55.210000 -1.59563e-04 -9.16227e-05 0.00000e+00
55.220000 -1.52636e-04 2.03969e-04 0.00000e+00
55.230000 -1.49074e-04 4.06123e-04 0.00000e+00
55.240000 -1.33714e-04 5.01883e-04 0.00000e+00
55.250000 -1.06824e-04 6.71162e-04 0.00000e+00
55.260000 -1.06042e-04 9.65168e-04 0.00000e+00
55.270000 -1.16768e-04 1.24707e-03 0.00000e+00
55.280000 -1.09588e-04 1.47676e-03 0.00000e+00
55.290000 -8.34140e-05 1.54072e-03 0.00000e+00
55.300000 -4.15459e-05 1.40054e-03 0.00000e+00
55.310000 -1.88832e-06 1.27380e-03 0.00000e+00
55.320000 1.40553e-05 1.29533e-03 0.00000e+00
55.330000 3.19439e-05 1.41167e-03 0.00000e+00
55.340000 4.03622e-05 1.45024e-03 0.00000e+00
55.350000 6.93717e-05 1.29744e-03 0.00000e+00
55.360000 7.77783e-05 1.04566e-03 0.00000e+00
55.370000 6.13769e-05 7.94714e-04 0.00000e+00
55.380000 6.37777e-05 5.62069e-04 0.00000e+00
55.390000 6.88883e-05 4.26290e-04 0.00000e+00
55.400000 6.37249e-05 3.30727e-04 0.00000e+00
55.410000 6.81960e-05 2.09793e-04 0.00000e+00
55.420000 8.27264e-05 1.26576e-04 0.00000e+00
55.430000 8.27054e-05 3.81780e-05 0.00000e+00
55.440000 6.63441e-05 -1.56977e-04 0.00000e+00
55.450000 5.43230e-05 -3.65679e-04 0.00000e+00
55.460000 2.99389e-05 -4.42069e-04 0.00000e+00
55.470000 2.95227e-05 -3.70279e-04 0.00000e+00
55.480000 5.49631e-05 -1.94781e-04 0.00000e+00
55.490000 6.83854e-05 -4.06030e-05 0.00000e+00
55.500000 5.49679e-05 1.96820e-05 0.00000e+00
55.510000 2.88018e-05 2.83307e-05 0.00000e+00
55.520000 1.20400e-05 1.26942e-04 0.00000e+00
55.530000 1.46720e-05 2.19226e-04 0.00000e+00
55.540000 3.14426e-05 1.78925e-04 0.00000e+00
55.550000 5.48181e-05 1.49086e-04 0.00000e+00
55.560000 6.38303e-05 1.46329e-04 0.00000e+00
55.570000 5.35514e-05 7.92230e-05 0.00000e+00
55.580000 4.99955e-05 -4.50843e-05 0.00000e+00
55.590000 5.58504e-05 -9.24493e-05 0.00000e+00
55.600000 6.26771e-05 -5.11552e-05 0.00000e+00
55.610000 6.33228e-05 -7.95344e-05 0.00000e+00
55.620000 8.29009e-05 -2.17114e-04 0.00000e+00
55.630000 9.57931e-05 -4.43063e-04 0.00000e+00
55.640000 9.50221e-05 -7.09262e-04 0.00000e+00
55.650000 8.19474e-05 -7.94054e-04 0.00000e+00
55.660000 5.54147e-05 -7.20822e-04 0.00000e+00
55.670000 2.97959e-05 -7.29411e-04 0.00000e+00
55.680000 2.47023e-05 -8.90731e-04 0.00000e+00
55.690000 1.77993e-05 -1.13735e-03 0.00000e+00
55.700000 -1.57222e-05 -1.36522e-03 0.00000e+00
55.710000 -1.81814e-05 -1.41797e-03 0.00000e+00
55.720000 -3.67192e-05 -1.27039e-03 0.00000e+00
55.730000 -5.87531e-05 -1.11920e-03 0.00000e+00
55.740000 -7.71719e-05 -1.07311e-03 0.00000e+00
55.750000 -8.03855e-05 -1.08951e-03 0.00000e+00
55.760000 -7.04829e-05 -1.07153e-03 0.00000e+00
55.770000 -8.16489e-05 -9.42949e-04 0.00000e+00
55.780000 -1.13947e-04 -7.75880e-04 0.00000e+00
55.790000 -1.31408e-04 -5.75577e-04 0.00000e+00
55.800000 -1.35214e-04 -3.02756e-04 0.00000e+00
55.810000 -1.24794e-04 -6.20383e-05 0.00000e+00
55.820000 -9.47845e-05 1.07669e-04 0.00000e+00
55.830000 -1.05446e-04 2.32914e-04 0.00000e+00
55.840000 -1.22179e-04 3.19525e-04 0.00000e+00
55.850000 -1.29979e-04 4.53762e-04 0.00000e+00
55.860000 -1.18029e-04 6.58553e-04 0.00000e+00
55.870000 -8.97157e-05 7.71566e-04 0.00000e+00
55.880000 -4.57172e-05 8.53667e-04 0.00000e+00
55.890000 -4.48881e-05 9.77542e-04 0.00000e+00
55.900000 -5.74914e-05 1.05494e-03 0.00000e+00
55.910000 -5.59678e-05 1.09002e-03 0.00000e+00
55.920000 -4.52060e-05 1.18390e-03 0.00000e+00
55.930000 -1.89096e-05 1.37668e-03 0.00000e+00
55.940000 5.65808e-06 1.48702e-03 0.00000e+00
55.950000 5.97366e-06 1.42526e-03 0.00000e+00
55.960000 1.73138e-05 1.32330e-03 0.00000e+00
55.970000 2.49595e-05 1.24828e-03 0.00000e+00
55.980000 2.84398e-05 1.21353e-03 0.00000e+00
55.990000 4.31373e-05 1.27570e-03 0.00000e+00
56.000000 6.26610e-05 1.25222e-03 0.00000e+00
56.010000 7.51500e-05 1.06023e-03 0.00000e+00
56.020000 9.62932e-05 9.04220e-04 0.00000e+00
56.030000 1.03858e-04 8.35897e-04 0.00000e+00
56.040000 1.08426e-04 8.26756e-04 0.00000e+00
56.050000 1.24493e-04 9.06645e-04 0.00000e+00
56.060000 1.40727e-04 9.48562e-04 0.00000e+00
56.070000 1.47318e-04 8.37354e-04 0.00000e+00
56.080000 1.56676e-04 6.80571e-04 0.00000e+00
56.090000 1.70540e-04 5.74676e-04 0.00000e+00
56.100000 1.58738e-04 5.02852e-04 0.00000e+00
56.110000 1.41244e-04 4.64817e-04 0.00000e+00
56.120000 1.47304e-04 4.22242e-04 0.00000e+00
56.130000 1.53924e-04 3.28715e-04 0.00000e+00
56.140000 1.53687e-04 2.26976e-04 0.00000e+00
56.150000 1.58856e-04 7.19422e-05 0.00000e+00
56.160000 1.57632e-04 -7.85181e-05 0.00000e+00
56.170000 1.48107e-04 -1.24390e-04 0.00000e+00
56.180000 1.64914e-04 -1.73200e-04 0.00000e+00
56.190000 1.83192e-04 -2.65827e-04 0.00000e+00
56.200000 1.76033e-04 -3.70805e-04 0.00000e+00
56.210000 1.69164e-04 -5.33733e-04 0.00000e+00
56.220000 1.63645e-04 -6.79058e-04 0.00000e+00
56.230000 1.50408e-04 -7.60284e-04 0.00000e+00
56.240000 1.38022e-04 -8.76782e-04 0.00000e+00
56.250000 1.31233e-04 -1.01953e-03 0.00000e+00
56.260000 1.27068e-04 -1.10288e-03 0.00000e+00
56.270000 1.09586e-04 -1.20887e-03 0.00000e+00
56.280000 1.10518e-04 -1.34246e-03 0.00000e+00
56.290000 9.46004e-05 -1.35556e-03 0.00000e+00
56.300000 7.11469e-05 -1.36091e-03 0.00000e+00
56.310000 5.73889e-05 -1.44671e-03 0.00000e+00
56.320000 3.76629e-05 -1.47268e-03 0.00000e+00
56.330000 3.63922e-05 -1.44646e-03 0.00000e+00
56.340000 1.99248e-05 -1.46148e-03 0.00000e+00
56.350000 -1.59845e-05 -1.35438e-03 0.00000e+00
56.360000 -3.78960e-05 -1.07872e-03 0.00000e+00
56.370000 -5.29288e-05 -8.95201e-04 0.00000e+00
56.380000 -7.08633e-05 -8.29244e-04 0.00000e+00
56.390000 -7.19714e-05 -7.58179e-04 0.00000e+00
56.400000 -8.36486e-05 -6.65428e-04 0.00000e+00
56.410000 -9.38511e-05 -6.16235e-04 0.00000e+00
56.420000 -8.72741e-05 -5.63818e-04 0.00000e+00
56.430000 -7.72187e-05 -4.18525e-04 0.00000e+00
56.440000 -7.33363e-05 -3.18532e-04 0.00000e+00
56.450000 -5.78745e-05 -2.15626e-04 0.00000e+00
56.460000 -6.50318e-05 -4.67759e-05 0.00000e+00
56.470000 -8.97473e-05 5.85315e-05 0.00000e+00
56.480000 -7.49444e-05 1.19778e-04 0.00000e+00
56.490000 -5.48908e-05 1.80291e-04 0.00000e+00
56.500000 -5.23479e-05 3.18162e-04 0.00000e+00
56.510000 -4.46923e-05 4.63654e-04 0.00000e+00
56.520000 -2.69469e-05 4.19762e-04 0.00000e+00
56.530000 -4.91731e-05 2.83110e-04 0.00000e+00
56.540000 -7.70609e-05 2.10020e-04 0.00000e+00
56.550000 -7.74792e-05 1.51393e-04 0.00000e+00
56.560000 -7.13796e-05 9.44900e-05 0.00000e+00
56.570000 -6.57798e-05 1.46975e-05 0.00000e+00
56.580000 -7.11876e-05 -2.42080e-05 0.00000e+00
56.590000 -4.88371e-05 3.24228e-05 0.00000e+00
56.600000 -4.25412e-05 1.01226e-04 0.00000e+00
56.610000 -4.93907e-05 1.85234e-04 0.00000e+00
56.620000 -3.00700e-05 3.08303e-04 0.00000e+00
56.630000 -2.87574e-05 3.85984e-04 0.00000e+00
56.640000 -3.63005e-05 3.56583e-04 0.00000e+00
56.650000 -3.50844e-05 4.53062e-04 0.00000e+00
56.660000 -2.66323e-05 7.13265e-04 0.00000e+00
56.670000 -2.55836e-05 8.93025e-04 0.00000e+00
56.680000 -4.74060e-05 9.90531e-04 0.00000e+00
56.690000 -5.71901e-05 1.14285e-03 0.00000e+00
56.700000 -3.62509e-05 1.18662e-03 0.00000e+00
56.710000 -1.50492e-05 9.79338e-04 0.00000e+00
56.720000 -5.85718e-06 7.54257e-04 0.00000e+00
56.730000 9.34011e-06 6.34570e-04 0.00000e+00
56.740000 3.08880e-05 5.33542e-04 0.00000e+00
56.750000 6.91678e-05 4.39580e-04 0.00000e+00
56.760000 6.72945e-05 4.15622e-04 0.00000e+00
56.770000 7.71972e-05 4.38870e-04 0.00000e+00
56.780000 9.10206e-05 4.23887e-04 0.00000e+00
56.790000 9.62070e-05 4.37260e-04 0.00000e+00
56.800000 1.00674e-04 4.73731e-04 0.00000e+00
56.810000 1.19050e-04 3.94178e-04 0.00000e+00
56.820000 1.31637e-04 2.39468e-04 0.00000e+00
56.830000 1.03348e-04 1.02061e-04 0.00000e+00
56.840000 7.11404e-05 -3.55508e-05 0.00000e+00
56.850000 5.56726e-05 -2.58117e-04 0.00000e+00
56.860000 3.85948e-05 -5.49135e-04 0.00000e+00
56.870000 2.76061e-06 -6.91692e-04 0.00000e+00
56.880000 -6.78471e-06 -7.14563e-04 0.00000e+00
56.890000 1.41901e-05 -7.83502e-04 0.00000e+00
56.900000 2.79341e-05 -8.27318e-04 0.00000e+00
56.910000 3.56927e-05 -8.00163e-04 0.00000e+00
56.920000 5.23666e-05 -6.92518e-04 0.00000e+00
56.930000 4.87018e-05 -6.50962e-04 0.00000e+00
56.940000 4.97720e-05 -6.55634e-04 0.00000e+00
56.950000 3.68355e-05 -5.30154e-04 0.00000e+00
56.960000 2.18473e-05 -3.83158e-04 0.00000e+00
56.970000 -1.33894e-06 -2.45983e-04 0.00000e+00
56.980000 -2.83358e-05 -3.02326e-05 0.00000e+00
56.990000 -3.50313e-05 2.01317e-04 0.00000e+00
57.000000 -3.48667e-05 2.53529e-04 0.00000e+00
57.010000 -3.38920e-05 1.14621e-04 0.00000e+00
57.020000 -3.01246e-05 -3.20045e-06 0.00000e+00
57.030000 -1.86741e-05 -7.52512e-05 0.00000e+00
57.040000 5.30546e-06 -2.28721e-04 0.00000e+00
57.050000 -6.87666e-06 -3.96296e-04 0.00000e+00
57.060000 -3.54642e-07 -3.95068e-04 0.00000e+00
57.070000 7.93641e-06 -3.25153e-04 0.00000e+00
57.080000 7.35230e-06 -2.63267e-04 0.00000e+00
57.090000 4.21368e-06 -9.27780e-05 0.00000e+00
57.100000 2.41912e-06 4.91420e-05 0.00000e+00
57.110000 2.37207e-05 1.55343e-04 0.00000e+00
57.120000 2.97091e-05 2.60630e-04 0.00000e+00
57.130000 1.51133e-05 2.66238e-04 0.00000e+00
57.140000 1.05598e-05 1.53896e-04 0.00000e+00
57.150000 -8.17982e-06 -2.19266e-05 0.00000e+00
57.160000 -3.84075e-05 -8.79192e-05 0.00000e+00
57.170000 -5.84757e-05 -4.93892e-05 0.00000e+00
57.180000 -5.38923e-05 -3.41231e-05 0.00000e+00
57.190000 -3.42342e-05 1.13289e-05 0.00000e+00
57.200000 -3.10018e-05 1.60029e-04 0.00000e+00
57.210000 -2.04732e-05 4.00493e-04 0.00000e+00
57.220000 -3.89061e-06 5.53892e-04 0.00000e+00
57.230000 1.69709e-05 6.38606e-04 0.00000e+00
57.240000 1.51541e-05 7.63013e-04 0.00000e+00
57.250000 3.95941e-05 7.66671e-04 0.00000e+00
57.260000 4.32792e-05 6.96433e-04 0.00000e+00
57.270000 2.91036e-05 6.88606e-04 0.00000e+00
57.280000 3.79124e-05 7.70591e-04 0.00000e+00
57.290000 2.54128e-05 8.59283e-04 0.00000e+00
57.300000 2.09522e-05 8.50979e-04 0.00000e+00
57.310000 3.20653e-05 7.86517e-04 0.00000e+00
57.320000 7.06587e-05 6.67484e-04 0.00000e+00
57.330000 1.02301e-04 4.48250e-04 0.00000e+00
57.340000 1.06396e-04 1.64953e-04 0.00000e+00
57.350000 1.13329e-04 -4.89412e-05 0.00000e+00
57.360000 1.36195e-04 -9.50122e-05 0.00000e+00
57.370000 1.35862e-04 -9.69673e-05 0.00000e+00
57.380000 1.19641e-04 -1.58612e-04 0.00000e+00
57.390000 9.04994e-05 -2.30320e-04 0.00000e+00
57.400000 8.22657e-05 -2.55231e-04 0.00000e+00
57.410000 5.51623e-05 -3.03568e-04 0.00000e+00
57.420000 3.64425e-05 -3.05405e-04 0.00000e+00
57.430000 5.31618e-05 -3.23803e-04 0.00000e+00
57.440000 5.95815e-05 -5.35612e-04 0.00000e+00
57.450000 4.55322e-05 -7.09073e-04 0.00000e+00
57.460000 3.00022e-05 -7.97762e-04 0.00000e+00
57.470000 1.84233e-05 -9.07266e-04 0.00000e+00
57.480000 7.58968e-06 -9.80153e-04 0.00000e+00
57.490000 2.35199e-06 -9.24934e-04 0.00000e+00
57.500000 4.07139e-06 -7.29415e-04 0.00000e+00
57.510000 9.75338e-06 -5.74031e-04 0.00000e+00
57.520000 2.93508e-05 -5.29023e-04 0.00000e+00
57.530000 3.30662e-05 -3.67052e-04 0.00000e+00
57.540000 1.42863e-05 -1.69167e-04 0.00000e+00
57.550000 -7.12566e-06 -1.25120e-04 0.00000e+00
57.560000 -1.29588e-05 -1.44716e-04 0.00000e+00
57.570000 -1.62294e-05 -1.58720e-04 0.00000e+00
57.580000 -2.74967e-05 -2.18682e-04 0.00000e+00
57.590000 -3.39557e-05 -3.71771e-04 0.00000e+00
57.600000 -6.33405e-05 -4.05737e-04 0.00000e+00
57.610000 -5.50401e-05 -2.97697e-04 0.00000e+00
57.620000 -2.53327e-05 -2.69857e-04 0.00000e+00
57.630000 -1.88890e-05 -3.17249e-04 0.00000e+00
57.640000 -2.03814e-05 -3.52074e-04 0.00000e+00
57.650000 -1.80131e-05 -4.34821e-04 0.00000e+00
57.660000 -1.15502e-05 -5.31056e-04 0.00000e+00
57.670000 -1.42862e-05 -5.59575e-04 0.00000e+00
57.680000 -3.60488e-05 -5.82218e-04 0.00000e+00
57.690000 -4.36725e-05 -5.25196e-04 0.00000e+00
57.700000 -3.12095e-05 -3.44085e-04 0.00000e+00
57.710000 -6.61137e-05 -1.92521e-04 0.00000e+00
57.720000 -7.36947e-05 -1.80011e-04 0.00000e+00
57.730000 -7.64461e-05 -2.13925e-04 0.00000e+00
57.740000 -8.92722e-05 -1.81119e-04 0.00000e+00
57.750000 -9.74849e-05 -1.57379e-04 0.00000e+00
57.760000 -9.53510e-05 -1.81951e-04 0.00000e+00
57.770000 -7.47473e-05 -2.83678e-04 0.00000e+00
57.780000 -8.12380e-05 -3.35416e-04 0.00000e+00
57.790000 -9.51205e-05 -1.99135e-04 0.00000e+00
57.800000 -9.29116e-05 -5.65051e-05 0.00000e+00
57.810000 -9.62702e-05 4.57756e-05 0.00000e+00
57.820000 -1.02725e-04 1.45533e-04 0.00000e+00
57.830000 -8.15237e-05 2.41479e-04 0.00000e+00
57.840000 -7.08157e-05 4.17273e-04 0.00000e+00
57.850000 -6.11169e-05 5.74887e-04 0.00000e+00
57.860000 -3.08232e-05 6.25636e-04 0.00000e+00
57.870000 -2.25947e-05 7.47756e-04 0.00000e+00
57.880000 -3.89776e-05 8.25161e-04 0.00000e+00
57.890000 -5.85307e-05 8.63634e-04 0.00000e+00
57.900000 -4.74976e-05 9.82984e-04 0.00000e+00
57.910000 -3.87648e-05 1.04034e-03 0.00000e+00
57.920000 -4.08042e-05 1.02443e-03 0.00000e+00
57.930000 -3.42591e-05 9.78197e-04 0.00000e+00
57.940000 -1.72070e-05 1.02845e-03 0.00000e+00
57.950000 8.60378e-06 1.09000e-03 0.00000e+00
57.960000 1.89809e-05 9.87584e-04 0.00000e+00
57.970000 2.42581e-05 8.03023e-04 0.00000e+00
57.980000 4.41828e-05 6.29564e-04 0.00000e+00
57.990000 4.78918e-05 4.46887e-04 0.00000e+00
58.000000 7.07381e-05 3.06549e-04 0.00000e+00
58.010000 9.32142e-05 1.81577e-04 0.00000e+00
58.020000 8.04632e-05 4.76820e-05 0.00000e+00
58.030000 7.58477e-05 3.11646e-05 0.00000e+00
58.040000 9.64630e-05 4.60590e-05 0.00000e+00
58.050000 8.96953e-05 -6.55148e-05 0.00000e+00
58.060000 9.93656e-05 -2.90493e-04 0.00000e+00
58.070000 7.50178e-05 -4.66493e-04 0.00000e+00
58.080000 5.89613e-05 -5.24214e-04 0.00000e+00
58.090000 3.88830e-05 -5.77200e-04 0.00000e+00
58.100000 3.29605e-05 -6.78269e-04 0.00000e+00
58.110000 2.86681e-05 -7.91487e-04 0.00000e+00
58.120000 -1.16449e-06 -8.07170e-04 0.00000e+00
58.130000 -3.05552e-05 -7.65555e-04 0.00000e+00
58.140000 -3.51352e-05 -7.58717e-04 0.00000e+00
58.150000 -2.87263e-05 -7.06715e-04 0.00000e+00
58.160000 -3.08992e-05 -6.12875e-04 0.00000e+00
58.170000 -3.24819e-05 -4.77260e-04 0.00000e+00
58.180000 -3.18665e-05 -2.65824e-04 0.00000e+00
58.190000 -1.65931e-05 -1.40100e-04 0.00000e+00
58.200000 -1.26030e-05 -1.34130e-04 0.00000e+00
58.210000 -2.33850e-05 -3.75369e-05 0.00000e+00
58.220000 -2.83575e-05 9.74369e-05 0.00000e+00
58.230000 -2.55320e-05 2.42667e-04 0.00000e+00
58.240000 -9.86251e-06 3.58436e-04 0.00000e+00
58.250000 -3.91915e-06 3.79171e-04 0.00000e+00
58.260000 -1.18179e-05 3.74516e-04 0.00000e+00
58.270000 -2.12671e-05 4.18393e-04 0.00000e+00
58.280000 -1.05456e-05 5.32326e-04 0.00000e+00
58.290000 1.30752e-05 5.05908e-04 0.00000e+00
58.300000 1.50010e-05 3.70418e-04 0.00000e+00
58.310000 2.07957e-05 3.11451e-04 0.00000e+00
58.320000 2.85452e-05 3.21103e-04 0.00000e+00
58.330000 3.22445e-05 2.82488e-04 0.00000e+00
58.340000 2.76225e-05 2.05618e-04 0.00000e+00
58.350000 2.08085e-05 1.56393e-04 0.00000e+00
58.360000 6.60265e-06 1.46705e-04 0.00000e+00
58.370000 9.28280e-06 1.16084e-04 0.00000e+00
58.380000 2.60146e-05 1.82444e-05 0.00000e+00
58.390000 2.71912e-05 -7.16308e-05 0.00000e+00
58.400000 3.38423e-05 -1.62101e-04 0.00000e+00
58.410000 2.44662e-05 -1.84034e-04 0.00000e+00
58.420000 2.61420e-05 -1.42413e-04 0.00000e+00
58.430000 2.87187e-05 -1.68581e-04 0.00000e+00
58.440000 3.92952e-05 -2.60462e-04 0.00000e+00
58.450000 2.21259e-05 -2.73663e-04 0.00000e+00
58.460000 5.31361e-06 -1.25532e-04 0.00000e+00
58.470000 1.80397e-05 -7.76048e-06 0.00000e+00
58.480000 1.40779e-05 1.92032e-05 0.00000e+00
58.490000 1.20247e-06 6.01741e-05 0.00000e+00
58.500000 -1.04931e-05 1.19525e-04 0.00000e+00
58.510000 -2.69073e-06 9.30465e-05 0.00000e+00
58.520000 -5.15114e-06 -3.36452e-05 0.00000e+00
58.530000 -9.07936e-06 -1.84314e-04 0.00000e+00
58.540000 -1.38169e-05 -3.20784e-04 0.00000e+00
58.550000 -4.72840e-08 -3.68767e-04 0.00000e+00
58.560000 5.88171e-06 -3.45427e-04 0.00000e+00
58.570000 6.90667e-06 -2.42407e-04 0.00000e+00
58.580000 2.71351e-05 -1.01468e-04 0.00000e+00
58.590000 2.33296e-05 2.06272e-05 0.00000e+00
58.600000 2.33635e-05 1.77861e-04 0.00000e+00
58.610000 2.95237e-05 3.52915e-04 0.00000e+00
58.620000 4.46263e-05 3.98272e-04 0.00000e+00
58.630000 3.23909e-05 2.96241e-04 0.00000e+00
58.640000 3.78240e-06 2.72239e-04 0.00000e+00
58.650000 -6.57431e-06 3.04278e-04 0.00000e+00
58.660000 -1.37816e-05 2.37853e-04 0.00000e+00
58.670000 -2.61415e-05 1.24230e-04 0.00000e+00
58.680000 -4.63620e-05 9.60955e-05 0.00000e+00
58.690000 -3.33611e-05 1.09048e-04 0.00000e+00
58.700000 -1.35609e-05 4.80667e-05 0.00000e+00
58.710000 8.50443e-06 -8.68777e-05 0.00000e+00
58.720000 4.08082e-05 -1.53783e-04 0.00000e+00
58.730000 6.98863e-05 -1.29641e-04 0.00000e+00
58.740000 8.70534e-05 -1.34302e-04 0.00000e+00
58.750000 7.90139e-05 -1.15088e-04 0.00000e+00
58.760000 6.53008e-05 -8.15863e-05 0.00000e+00
58.770000 5.10630e-05 -2.82994e-05 0.00000e+00
58.780000 2.12425e-05 7.81270e-05 0.00000e+00
58.790000 -4.28351e-06 1.84676e-04 0.00000e+00
58.800000 -3.42980e-06 2.00596e-04 0.00000e+00
58.810000 5.05220e-06 1.06977e-04 0.00000e+00
58.820000 -4.07265e-06 -1.52800e-05 0.00000e+00
58.830000 -9.86312e-06 -1.70465e-04 0.00000e+00
58.840000 -1.11230e-06 -3.48613e-04 0.00000e+00
58.850000 4.16567e-06 -4.98233e-04 0.00000e+00
58.860000 -9.40870e-06 -5.78378e-04 0.00000e+00
58.870000 -1.81945e-05 -5.30643e-04 0.00000e+00
58.880000 -1.27608e-05 -3.77493e-04 0.00000e+00
58.890000 1.24193e-05 -1.54207e-04 0.00000e+00
58.900000 1.15513e-05 1.16940e-04 0.00000e+00
58.910000 1.21403e-05 3.74538e-04 0.00000e+00
58.920000 1.59435e-05 5.05346e-04 0.00000e+00
58.930000 2.61601e-05 4.45202e-04 0.00000e+00
58.940000 2.73601e-05 3.21666e-04 0.00000e+00
58.950000 9.18260e-06 1.91098e-04 0.00000e+00
58.960000 -1.17066e-05 5.35975e-06 0.00000e+00
58.970000 -1.97328e-05 -1.52173e-04 0.00000e+00
58.980000 -1.67496e-05 -2.07163e-04 0.00000e+00
58.990000 -2.24411e-05 -2.03282e-04 0.00000e+00
59.000000 -1.45107e-05 -2.17579e-04 0.00000e+00
59.010000 1.45337e-05 -2.25475e-04 0.00000e+00
59.020000 3.82349e-05 -1.74903e-04 0.00000e+00
59.030000 4.38009e-05 -1.80910e-04 0.00000e+00
59.040000 5.97561e-05 -2.84359e-04 0.00000e+00
59.050000 5.08739e-05 -3.68529e-04 0.00000e+00
59.060000 3.22503e-05 -3.60774e-04 0.00000e+00
59.070000 5.25992e-06 -3.38641e-04 0.00000e+00
59.080000 -2.67253e-05 -3.75407e-04 0.00000e+00
59.090000 -6.32584e-05 -3.83895e-04 0.00000e+00
59.100000 -7.89552e-05 -2.66790e-04 0.00000e+00
59.110000 -6.20164e-05 -1.17682e-04 0.00000e+00
59.120000 -5.31549e-05 -5.74030e-05 0.00000e+00
59.130000 -5.01959e-05 -5.04731e-05 0.00000e+00
59.140000 -3.39530e-05 -1.91563e-05 0.00000e+00
59.150000 -1.54372e-05 2.07742e-05 0.00000e+00
59.160000 -5.11212e-06 -1.07962e-05 0.00000e+00
59.170000 -1.85756e-05 -8.00032e-06 0.00000e+00
59.180000 -1.82305e-05 1.53760e-04 0.00000e+00
59.190000 -2.02061e-05 3.83724e-04 0.00000e+00
59.200000 -3.57112e-05 5.41264e-04 0.00000e+00
59.210000 -3.69101e-05 7.04640e-04 0.00000e+00
59.220000 -2.55718e-05 8.38274e-04 0.00000e+00
59.230000 -1.52547e-05 8.02245e-04 0.00000e+00
59.240000 -2.04116e-06 6.30174e-04 0.00000e+00
59.250000 1.03941e-05 3.98712e-04 0.00000e+00
59.260000 3.95021e-05 1.68789e-04 0.00000e+00
59.270000 5.60781e-05 -1.65337e-05 0.00000e+00
59.280000 4.55562e-05 -5.16992e-05 0.00000e+00
59.290000 4.69239e-05 -3.20410e-05 0.00000e+00
59.300000 4.65393e-05 -9.67154e-05 0.00000e+00
59.310000 4.09036e-05 -1.23235e-04 0.00000e+00
59.320000 2.42285e-05 -5.96757e-05 0.00000e+00
59.330000 2.69225e-05 8.51594e-06 0.00000e+00
59.340000 4.39715e-05 -1.34409e-05 0.00000e+00
59.350000 3.82698e-05 -7.19929e-05 0.00000e+00
59.360000 1.80388e-05 -6.11343e-05 0.00000e+00
59.370000 -8.73140e-07 -7.65076e-05 0.00000e+00
59.380000 -8.10241e-06 -1.19931e-04 0.00000e+00
59.390000 -3.77170e-05 -1.46946e-04 0.00000e+00
59.400000 -5.03847e-05 -1.80775e-04 0.00000e+00
59.410000 -4.23973e-05 -1.35150e-04 0.00000e+00
59.420000 -1.31046e-05 -6.14399e-05 0.00000e+00
59.430000 8.13795e-06 1.03934e-05 0.00000e+00
59.440000 2.07850e-05 1.54556e-04 0.00000e+00
59.450000 2.59195e-05 2.73124e-04 0.00000e+00
59.460000 1.37434e-05 3.46285e-04 0.00000e+00
59.470000 1.66505e-05 3.50573e-04 0.00000e+00
59.480000 3.40877e-05 2.63151e-04 0.00000e+00
59.490000 3.39773e-05 1.57681e-04 0.00000e+00
59.500000 3.27468e-05 1.13213e-04 0.00000e+00
59.510000 3.11344e-05 1.45754e-04 0.00000e+00
59.520000 4.29858e-05 1.37218e-04 0.00000e+00
59.530000 4.83326e-05 6.68692e-05 0.00000e+00
59.540000 3.69523e-05 -3.41481e-05 0.00000e+00
59.550000 3.04666e-05 -1.83285e-04 0.00000e+00
59.560000 2.12044e-05 -3.97675e-04 0.00000e+00
59.570000 2.84958e-05 -5.90129e-04 0.00000e+00
59.580000 3.88252e-05 -6.97725e-04 0.00000e+00
59.590000 1.67115e-05 -6.36943e-04 0.00000e+00
59.600000 1.72203e-05 -4.21625e-04 0.00000e+00
59.610000 1.81377e-05 -2.68557e-04 0.00000e+00
59.620000 -3.50750e-07 -2.12209e-04 0.00000e+00
59.630000 -2.75969e-05 -2.24246e-04 0.00000e+00
59.640000 -5.25308e-05 -2.39511e-04 0.00000e+00
59.650000 -4.61763e-05 -1.99848e-04 0.00000e+00
59.660000 -3.31425e-05 -1.44849e-04 0.00000e+00
59.670000 -3.11502e-05 -7.96397e-05 0.00000e+00
59.680000 -3.99047e-05 6.70275e-06 0.00000e+00
59.690000 -3.91241e-05 1.06919e-04 0.00000e+00
59.700000 -3.01526e-05 1.88328e-04 0.00000e+00
59.710000 -3.57920e-05 1.95175e-04 0.00000e+00
59.720000 -3.30363e-05 1.44232e-04 0.00000e+00
59.730000 -7.70076e-06 6.19999e-05 0.00000e+00
59.740000 1.72626e-05 2.20420e-05 0.00000e+00
59.750000 2.69310e-05 4.27754e-05 0.00000e+00
59.760000 5.11306e-05 -3.22127e-05 0.00000e+00
59.770000 3.22506e-05 -1.05700e-04 0.00000e+00
59.780000 2.20256e-06 -5.56598e-05 0.00000e+00
59.790000 -5.46526e-06 -7.37421e-05 0.00000e+00
59.800000 -5.43004e-06 -2.12148e-04 0.00000e+00
59.810000 -4.79426e-06 -3.80347e-04 0.00000e+00
59.820000 -7.14962e-06 -4.64970e-04 0.00000e+00
59.830000 4.36240e-07 -4.15068e-04 0.00000e+00
59.840000 -4.64697e-06 -3.87255e-04 0.00000e+00
59.850000 -1.94847e-05 -4.63552e-04 0.00000e+00
59.860000 -4.32970e-05 -4.73235e-04 0.00000e+00
59.870000 -5.95566e-05 -3.43077e-04 0.00000e+00
59.880000 -7.04907e-05 -2.52430e-04 0.00000e+00
59.890000 -7.65703e-05 -2.18295e-04 0.00000e+00
59.900000 -7.53143e-05 -7.71720e-05 0.00000e+00
59.910000 -6.50574e-05 1.89608e-04 0.00000e+00
59.920000 -6.60350e-05 4.26012e-04 0.00000e+00
59.930000 -5.65945e-05 6.79790e-04 0.00000e+00
59.940000 -3.28308e-05 9.01942e-04 0.00000e+00
59.950000 -2.74306e-05 9.55346e-04 0.00000e+00
59.960000 -3.53668e-05 1.04182e-03 0.00000e+00
59.970000 -1.70112e-05 1.20163e-03 0.00000e+00
59.980000 1.43744e-06 1.31593e-03 0.00000e+00
59.990000 2.40935e-05 1.35888e-03 0.00000e+00
60.000000 3.65106e-05 1.41062e-03 0.00000e+00
60.010000 3.95811e-05 1.46958e-03 0.00000e+00
60.020000 6.67245e-05 1.43981e-03 0.00000e+00
60.030000 1.08725e-04 1.30079e-03 0.00000e+00
60.040000 1.14318e-04 1.14192e-03 0.00000e+00
60.050000 1.11873e-04 1.00845e-03 0.00000e+00
60.060000 1.28918e-04 8.17327e-04 0.00000e+00
60.070000 1.48824e-04 5.92355e-04 0.00000e+00
60.080000 1.54109e-04 3.49533e-04 0.00000e+00
60.090000 1.46932e-04 7.86432e-05 0.00000e+00
60.100000 1.58271e-04 -1.70787e-04 0.00000e+00
60.110000 1.48617e-04 -2.93534e-04 0.00000e+00
60.120000 1.46460e-04 -3.83964e-04 0.00000e+00
60.130000 1.49471e-04 -6.04167e-04 0.00000e+00
60.140000 1.23513e-04 -7.68277e-04 0.00000e+00
60.150000 1.01671e-04 -8.11733e-04 0.00000e+00
60.160000 8.84738e-05 -8.58786e-04 0.00000e+00
60.170000 8.67670e-05 -9.43361e-04 0.00000e+00
60.180000 6.90314e-05 -1.08406e-03 0.00000e+00
60.190000 5.19989e-05 -1.14499e-03 0.00000e+00
60.200000 3.92265e-05 -9.76727e-04 0.00000e+00
60.210000 3.75352e-05 -8.01516e-04 0.00000e+00
60.220000 1.33365e-05 -7.90658e-04 0.00000e+00
60.230000 -9.68765e-06 -8.13370e-04 0.00000e+00
60.240000 -1.64200e-05 -7.80003e-04 0.00000e+00
60.250000 -2.27427e-05 -6.76804e-04 0.00000e+00
60.260000 -6.15233e-06 -5.70454e-04 0.00000e+00
60.270000 4.80313e-06 -4.41117e-04 0.00000e+00
60.280000 1.84754e-05 -2.83087e-04 0.00000e+00
60.290000 2.22033e-06 -1.30879e-04 0.00000e+00
60.300000 1.13956e-06 1.90287e-05 0.00000e+00
60.310000 1.54159e-05 5.43389e-05 0.00000e+00
60.320000 3.34809e-06 -3.65145e-05 0.00000e+00
60.330000 -9.51039e-06 -1.64252e-04 0.00000e+00
60.340000 -1.01534e-05 -2.09376e-04 0.00000e+00
60.350000 -7.91343e-07 -1.36681e-04 0.00000e+00
60.360000 1.86438e-05 -7.92015e-05 0.00000e+00
60.370000 2.03483e-05 -1.20067e-04 0.00000e+00
60.380000 -1.37566e-05 -1.50269e-04 0.00000e+00
60.390000 -2.91170e-05 -1.54852e-04 0.00000e+00
60.400000 -2.93001e-05 -2.20388e-04 0.00000e+00
60.410000 -1.00166e-05 -2.75045e-04 0.00000e+00
60.420000 5.77503e-06 -3.41493e-04 0.00000e+00
60.430000 9.33303e-07 -2.94046e-04 0.00000e+00
60.440000 -3.44637e-06 -9.04265e-05 0.00000e+00
60.450000 -1.05650e-05 1.45846e-04 0.00000e+00
60.460000 -3.01110e-05 2.90932e-04 0.00000e+00
60.470000 -5.37544e-05 3.09602e-04 0.00000e+00
60.480000 -6.62480e-05 3.86109e-04 0.00000e+00
60.490000 -6.35634e-05 4.52567e-04 0.00000e+00
60.500000 -4.42999e-05 4.17213e-04 0.00000e+00
60.510000 -6.98260e-06 3.75234e-04 0.00000e+00
60.520000 6.22519e-06 4.09600e-04 0.00000e+00
60.530000 -1.09342e-05 5.05779e-04 0.00000e+00
60.540000 -1.46352e-05 5.52783e-04 0.00000e+00
60.550000 1.22179e-05 4.43701e-04 0.00000e+00
60.560000 2.27572e-05 2.67245e-04 0.00000e+00
60.570000 2.89649e-05 1.26339e-04 0.00000e+00
60.580000 4.09428e-05 8.38995e-05 0.00000e+00
60.590000 5.36571e-05 1.49929e-04 0.00000e+00
60.600000 9.02697e-05 1.46256e-04 0.00000e+00
60.610000 8.11350e-05 5.66385e-05 0.00000e+00
60.620000 6.52010e-05 -4.76879e-05 0.00000e+00
60.630000 3.25860e-05 -2.33912e-04 0.00000e+00
60.640000 2.02861e-05 -4.80196e-04 0.00000e+00
60.650000 1.98886e-05 -6.30157e-04 0.00000e+00
60.660000 6.37976e-06 -6.83094e-04 0.00000e+00
60.670000 -3.64346e-06 -6.85387e-04 0.00000e+00
60.680000 -5.10887e-06 -5.63095e-04 0.00000e+00
60.690000 -8.36572e-06 -3.70080e-04 0.00000e+00
60.700000 -2.75981e-05 -3.04900e-04 0.00000e+00
60.710000 -4.15648e-05 -3.36084e-04 0.00000e+00
60.720000 -4.42702e-05 -1.90874e-04 0.00000e+00
60.730000 -4.14557e-05 5.49094e-05 0.00000e+00
60.740000 -3.94825e-05 2.30630e-04 0.00000e+00
60.750000 -2.47727e-05 4.20677e-04 0.00000e+00
60.760000 -2.93151e-05 6.40410e-04 0.00000e+00
60.770000 -4.18843e-05 9.39561e-04 0.00000e+00
60.780000 -3.37151e-05 1.17984e-03 0.00000e+00
60.790000 -2.30378e-05 1.23147e-03 0.00000e+00
60.800000 -5.74580e-06 1.15357e-03 0.00000e+00
60.810000 3.46678e-05 9.82397e-04 0.00000e+00
60.820000 7.13359e-05 8.64935e-04 0.00000e+00
60.830000 7.68017e-05 8.39288e-04 0.00000e+00
60.840000 9.30813e-05 8.11044e-04 0.00000e+00
60.850000 1.11783e-04 7.05059e-04 0.00000e+00
60.860000 1.19896e-04 5.72189e-04 0.00000e+00
60.870000 1.14654e-04 4.36260e-04 0.00000e+00
60.880000 1.32454e-04 2.73526e-04 0.00000e+00
60.890000 1.54779e-04 1.10983e-04 0.00000e+00
60.900000 1.36460e-04 -5.97364e-05 0.00000e+00
60.910000 1.26917e-04 -2.33670e-04 0.00000e+00
60.920000 1.17748e-04 -3.53806e-04 0.00000e+00
60.930000 9.80851e-05 -5.02948e-04 0.00000e+00
60.940000 7.52673e-05 -7.52023e-04 0.00000e+00
60.950000 3.81651e-05 -9.55588e-04 0.00000e+00
60.960000 1.50869e-05 -1.11185e-03 0.00000e+00
60.970000 1.21524e-06 -1.25960e-03 0.00000e+00
60.980000 -1.32420e-06 -1.31056e-03 0.00000e+00
60.990000 2.02941e-05 -1.21610e-03 0.00000e+00
61.000000 2.37473e-05 -1.15690e-03 0.00000e+00
61.010000 -1.75853e-06 -1.17489e-03 0.00000e+00
61.020000 -2.15566e-05 -1.10434e-03 0.00000e+00
61.030000 -1.14017e-05 -9.34141e-04 0.00000e+00
61.040000 -1.42293e-05 -7.44740e-04 0.00000e+00
61.050000 -2.49857e-05 -5.08409e-04 0.00000e+00
61.060000 -3.95035e-05 -1.71542e-04 0.00000e+00
61.070000 -4.78279e-05 5.38067e-05 0.00000e+00
61.080000 -4.86586e-05 1.52726e-04 0.00000e+00
61.090000 -5.18135e-05 2.58451e-04 0.00000e+00
61.100000 -6.51992e-05 2.89573e-04 0.00000e+00
61.110000 -6.03316e-05 2.02718e-04 0.00000e+00
61.120000 -5.42155e-05 5.94456e-05 0.00000e+00
61.130000 -5.81899e-05 -1.95209e-05 0.00000e+00
61.140000 -4.66959e-05 -3.16801e-05 0.00000e+00
61.150000 -3.34694e-05 -6.46010e-05 0.00000e+00
61.160000 -1.61748e-05 4.09469e-05 0.00000e+00
61.170000 -2.48789e-05 2.80367e-04 0.00000e+00
61.180000 -3.91407e-06 3.80695e-04 0.00000e+00
61.190000 2.32626e-05 3.27561e-04 0.00000e+00
61.200000 4.00940e-05 3.39815e-04 0.00000e+00
61.210000 3.14871e-05 4.02108e-04 0.00000e+00
61.220000 2.07241e-05 3.46296e-04 0.00000e+00
61.230000 -2.32268e-06 1.78510e-04 0.00000e+00
61.240000 -3.33418e-05 2.79461e-05 0.00000e+00
61.250000 -4.28102e-05 1.73254e-06 0.00000e+00
61.260000 -5.31741e-05 4.21825e-06 0.00000e+00
61.270000 -6.31336e-05 -1.06856e-04 0.00000e+00
61.280000 -5.28191e-05 -2.10770e-04 0.00000e+00
61.290000 -2.04462e-05 -2.07560e-04 0.00000e+00
61.300000 1.83022e-06 -2.39229e-04 0.00000e+00
61.310000 -8.81767e-08 -3.14134e-04 0.00000e+00
61.320000 4.84686e-06 -3.55855e-04 0.00000e+00
61.330000 3.04491e-05 -2.74284e-04 0.00000e+00
61.340000 1.19328e-05 -1.84869e-04 0.00000e+00
61.350000 -1.84926e-05 -1.56436e-04 0.00000e+00
61.360000 -3.16534e-05 -2.90800e-05 0.00000e+00
61.370000 -3.06200e-05 1.73297e-04 0.00000e+00
61.380000 -4.98799e-05 3.45247e-04 0.00000e+00
61.390000 -6.15886e-05 3.99210e-04 0.00000e+00
61.400000 -5.11725e-05 3.66545e-04 0.00000e+00
61.410000 -2.15650e-05 2.91423e-04 0.00000e+00
61.420000 -1.21586e-05 2.17247e-04 0.00000e+00
61.430000 -2.70802e-05 1.44377e-04 0.00000e+00
61.440000 -3.22233e-05 -1.22525e-05 0.00000e+00
61.450000 -1.13369e-05 -1.29426e-04 0.00000e+00
61.460000 -1.13176e-05 -4.89345e-05 0.00000e+00
61.470000 -2.01105e-05 9.85499e-05 0.00000e+00
61.480000 -1.38855e-05 1.26307e-04 0.00000e+00
61.490000 6.18479e-06 9.08116e-05 0.00000e+00
61.500000 2.67733e-05 1.70249e-04 0.00000e+00
61.510000 7.56760e-06 1.81799e-04 0.00000e+00
61.520000 3.70755e-06 -4.27936e-05 0.00000e+00
61.530000 1.65051e-05 -2.73227e-04 0.00000e+00
61.540000 1.31383e-05 -4.02437e-04 0.00000e+00
61.550000 -1.16070e-06 -5.62371e-04 0.00000e+00
61.560000 -2.60497e-05 -7.91411e-04 0.00000e+00
61.570000 -2.18164e-05 -9.19738e-04 0.00000e+00
61.580000 -3.05588e-05 -8.28173e-04 0.00000e+00
61.590000 -4.17461e-05 -7.02554e-04 0.00000e+00
61.600000 -5.67510e-05 -7.25409e-04 0.00000e+00
61.610000 -6.28193e-05 -7.44669e-04 0.00000e+00
61.620000 -4.63939e-05 -5.96019e-04 0.00000e+00
61.630000 -4.96572e-05 -4.36540e-04 0.00000e+00
61.640000 -7.94224e-05 -4.30915e-04 0.00000e+00
61.650000 -9.86491e-05 -4.20835e-04 0.00000e+00
61.660000 -1.04573e-04 -2.75581e-04 0.00000e+00
61.670000 -1.10465e-04 -6.41677e-05 0.00000e+00
61.680000 -1.40517e-04 5.08467e-05 0.00000e+00
61.690000 -1.37372e-04 1.06437e-04 0.00000e+00
61.700000 -1.15106e-04 3.19927e-04 0.00000e+00
61.710000 -1.04821e-04 5.95147e-04 0.00000e+00
61.720000 -9.57302e-05 7.80509e-04 0.00000e+00
61.730000 -7.19660e-05 8.69203e-04 0.00000e+00
61.740000 -3.60520e-05 9.74046e-04 0.00000e+00
61.750000 -1.76686e-05 1.07072e-03 0.00000e+00
61.760000 -2.89455e-05 9.96136e-04 0.00000e+00
61.770000 -1.51552e-05 8.59829e-04 0.00000e+00
61.780000 8.35478e-06 7.93000e-04 0.00000e+00
61.790000 1.07542e-05 8.40243e-04 0.00000e+00
61.800000 -8.20930e-06 8.65923e-04 0.00000e+00
61.810000 -5.92487e-06 7.49675e-04 0.00000e+00
61.820000 1.98517e-05 6.19447e-04 0.00000e+00
61.830000 3.35288e-05 5.49959e-04 0.00000e+00
61.840000 3.53677e-05 4.60976e-04 0.00000e+00
61.850000 4.48778e-05 2.36025e-04 0.00000e+00
61.860000 6.27801e-05 -1.13469e-05 0.00000e+00
61.870000 7.99580e-05 -1.04647e-04 0.00000e+00
61.880000 5.67629e-05 -1.82297e-04 0.00000e+00
61.890000 4.00506e-05 -3.63004e-04 0.00000e+00
61.900000 1.78902e-05 -4.90854e-04 0.00000e+00
61.910000 5.07318e-06 -4.23319e-04 0.00000e+00
61.920000 -2.66575e-05 -2.99311e-04 0.00000e+00
61.930000 -3.56795e-05 -3.26211e-04 0.00000e+00
61.940000 -1.03427e-05 -3.48899e-04 0.00000e+00
61.950000 3.90423e-06 -2.12619e-04 0.00000e+00
61.960000 1.26236e-06 -1.13163e-04 0.00000e+00
61.970000 -9.69513e-06 -1.86613e-04 0.00000e+00
61.980000 4.92040e-08 -2.76824e-04 0.00000e+00
61.990000 6.49820e-06 -2.13437e-04 0.00000e+00
62.000000 -5.61764e-06 -8.16790e-05 0.00000e+00
62.010000 -2.17047e-05 -6.34418e-06 0.00000e+00
62.020000 -2.65630e-05 7.46626e-05 0.00000e+00
62.030000 -1.54246e-05 2.30393e-04 0.00000e+00
62.040000 -9.94316e-06 3.89369e-04 0.00000e+00
62.050000 -2.04741e-05 4.12883e-04 0.00000e+00
62.060000 -1.13870e-05 3.24806e-04 0.00000e+00
62.070000 2.28966e-05 1.97744e-04 0.00000e+00
62.080000 3.81904e-05 4.69029e-05 0.00000e+00
62.090000 2.57486e-05 -1.44944e-04 0.00000e+00
62.100000 2.08745e-05 -3.03619e-04 0.00000e+00
62.110000 3.73853e-05 -2.67938e-04 0.00000e+00
62.120000 2.83486e-05 -1.12517e-04 0.00000e+00
62.130000 6.62971e-06 1.82167e-05 0.00000e+00
62.140000 3.67410e-06 8.50033e-05 0.00000e+00
62.150000 1.92778e-05 1.82170e-04 0.00000e+00
62.160000 2.35289e-05 2.88534e-04 0.00000e+00
62.170000 1.57961e-05 2.92502e-04 0.00000e+00
62.180000 5.98985e-06 1.77487e-04 0.00000e+00
62.190000 4.69203e-06 1.39953e-06 0.00000e+00
62.200000 -1.11579e-05 -9.74976e-05 0.00000e+00
62.210000 -3.16678e-05 -1.19280e-04 0.00000e+00
62.220000 -3.91747e-05 -1.63163e-04 0.00000e+00
62.230000 -3.49249e-05 -2.12020e-04 0.00000e+00
62.240000 -2.64220e-05 -7.30797e-05 0.00000e+00
62.250000 -5.76417e-06 2.14340e-04 0.00000e+00
62.260000 1.92438e-05 3.69826e-04 0.00000e+00
62.270000 5.30078e-05 3.81063e-04 0.00000e+00
62.280000 6.81067e-05 4.00265e-04 0.00000e+00
62.290000 7.21952e-05 4.43823e-04 0.00000e+00
62.300000 6.19037e-05 4.17656e-04 0.00000e+00
62.310000 5.04627e-05 3.05270e-04 0.00000e+00
62.320000 3.57310e-05 2.50269e-04 0.00000e+00
62.330000 9.41454e-06 3.08069e-04 0.00000e+00
62.340000 -2.14860e-06 3.64307e-04 0.00000e+00
62.350000 -9.52098e-06 3.11692e-04 0.00000e+00
62.360000 5.19542e-06 2.06449e-04 0.00000e+00
62.370000 3.30907e-05 1.24701e-04 0.00000e+00
62.380000 4.79473e-05 -1.20149e-05 0.00000e+00
62.390000 6.19207e-05 -1.74843e-04 0.00000e+00
62.400000 7.23534e-05 -3.29918e-04 0.00000e+00
62.410000 9.71081e-05 -4.60873e-04 0.00000e+00
62.420000 7.32469e-05 -5.18094e-04 0.00000e+00
62.430000 3.78113e-05 -5.55251e-04 0.00000e+00
62.440000 1.87588e-05 -4.91517e-04 0.00000e+00
62.450000 1.73315e-05 -3.82140e-04 0.00000e+00
62.460000 2.02019e-05 -2.78279e-04 0.00000e+00
62.470000 4.81758e-06 -2.28284e-04 0.00000e+00
62.480000 -6.48899e-06 -2.78667e-04 0.00000e+00
62.490000 1.44000e-05 -3.07776e-04 0.00000e+00
62.500000 1.68650e-05 -3.90120e-04 0.00000e+00
62.510000 -1.74128e-06 -4.98718e-04 0.00000e+00
62.520000 -2.77494e-05 -5.97376e-04 0.00000e+00
62.530000 -2.09742e-05 -6.55757e-04 0.00000e+00
62.540000 -2.08698e-05 -6.37184e-04 0.00000e+00
62.550000 -3.52241e-05 -5.71005e-04 0.00000e+00
62.560000 -4.05064e-05 -4.18386e-04 0.00000e+00
62.570000 -4.75987e-05 -2.52615e-04 0.00000e+00
62.580000 -3.71593e-05 -4.05842e-05 0.00000e+00
62.590000 -3.57181e-05 1.15670e-04 0.00000e+00
62.600000 -3.48355e-05 8.93569e-05 0.00000e+00
62.610000 -1.10828e-05 1.46340e-05 0.00000e+00
62.620000 -2.27638e-05 -4.68144e-05 0.00000e+00
62.630000 -1.13432e-05 -6.00749e-06 0.00000e+00
62.640000 -4.05101e-05 5.63235e-05 0.00000e+00
62.650000 -2.97130e-05 1.52188e-05 0.00000e+00
62.660000 -2.96692e-05 1.13094e-04 0.00000e+00
62.670000 -3.66201e-05 3.66804e-04 0.00000e+00
62.680000 -3.57331e-05 4.81405e-04 0.00000e+00
62.690000 -3.76886e-05 4.40483e-04 0.00000e+00
62.700000 -2.83228e-05 4.38178e-04 0.00000e+00
62.710000 -1.98123e-05 4.83245e-04 0.00000e+00
62.720000 4.17576e-06 3.81760e-04 0.00000e+00
62.730000 1.31013e-05 2.23870e-04 0.00000e+00
62.740000 -1.80205e-06 1.04900e-04 0.00000e+00
62.750000 3.57778e-06 2.59879e-05 0.00000e+00
62.760000 -1.44901e-05 -3.08289e-05 0.00000e+00
62.770000 -1.38013e-05 -1.18308e-04 0.00000e+00
62.780000 -1.51997e-05 -1.12740e-04 0.00000e+00
62.790000 7.76478e-07 -7.52779e-05 0.00000e+00
62.800000 2.56121e-05 -1.70736e-05 0.00000e+00
62.810000 2.25247e-05 -1.05146e-05 0.00000e+00
62.820000 2.46489e-05 -1.74396e-05 0.00000e+00
62.830000 5.36115e-05 2.51548e-05 0.00000e+00
62.840000 2.89832e-05 -6.55520e-05 0.00000e+00
62.850000 -4.60541e-06 -1.47647e-04 0.00000e+00
62.860000 -1.81836e-05 -1.77066e-04 0.00000e+00
62.870000 -2.60289e-05 -1.97511e-04 0.00000e+00
62.880000 -4.82599e-05 -1.80597e-04 0.00000e+00
62.890000 -6.27570e-05 -6.77452e-05 0.00000e+00
62.900000 -4.26273e-05 9.13111e-05 0.00000e+00
62.910000 -3.57836e-05 1.61262e-04 0.00000e+00
62.920000 -2.45025e-05 2.28068e-04 0.00000e+00
62.930000 -1.69625e-05 2.98526e-04 0.00000e+00
62.940000 2.85837e-07 3.65154e-04 0.00000e+00
62.950000 2.27355e-05 3.99557e-04 0.00000e+00
62.960000 3.16390e-05 4.87883e-04 0.00000e+00
62.970000 3.68087e-05 7.47199e-04 0.00000e+00
62.980000 2.48286e-05 9.38661e-04 0.00000e+00
62.990000 3.04269e-05 1.03084e-03 0.00000e+00
63.000000 1.48670e-05 1.25687e-03 0.00000e+00
63.010000 2.10598e-05 1.45893e-03 0.00000e+00
63.020000 5.24799e-05 1.48164e-03 0.00000e+00
63.030000 6.26776e-05 1.42609e-03 0.00000e+00
63.040000 8.05578e-05 1.34009e-03 0.00000e+00
63.050000 1.02051e-04 1.22643e-03 0.00000e+00
63.060000 1.24506e-04 1.04768e-03 0.00000e+00
63.070000 1.28989e-04 9.64531e-04 0.00000e+00
63.080000 1.41668e-04 9.46373e-04 0.00000e+00
63.090000 1.54248e-04 8.01046e-04 0.00000e+00
63.100000 1.64902e-04 6.01637e-04 0.00000e+00
63.110000 1.69832e-04 4.15932e-04 0.00000e+00
63.120000 1.70721e-04 2.60748e-04 0.00000e+00
63.130000 2.04416e-04 1.68271e-04 0.00000e+00
63.140000 2.00135e-04 7.54606e-05 0.00000e+00
63.150000 1.83142e-04 -1.40054e-04 0.00000e+00
63.160000 1.89809e-04 -4.53314e-04 0.00000e+00
63.170000 1.93784e-04 -8.05215e-04 0.00000e+00
63.180000 1.67731e-04 -1.10777e-03 0.00000e+00
63.190000 1.46645e-04 -1.28112e-03 0.00000e+00
63.200000 1.15508e-04 -1.44811e-03 0.00000e+00
63.210000 1.10253e-04 -1.62119e-03 0.00000e+00
63.220000 9.74159e-05 -1.76783e-03 0.00000e+00
63.230000 7.77045e-05 -1.89787e-03 0.00000e+00
63.240000 6.56493e-05 -2.00905e-03 0.00000e+00
63.250000 2.32350e-05 -2.12623e-03 0.00000e+00
63.260000 -1.53405e-05 -2.23443e-03 0.00000e+00
63.270000 -2.04559e-05 -2.26381e-03 0.00000e+00
63.280000 -3.78601e-05 -2.25042e-03 0.00000e+00
63.290000 -4.33313e-05 -2.24979e-03 0.00000e+00
63.300000 -5.54966e-05 -2.09935e-03 0.00000e+00
63.310000 -9.62946e-05 -1.94351e-03 0.00000e+00
63.320000 -1.34545e-04 -1.91796e-03 0.00000e+00
63.330000 -1.52806e-04 -1.74659e-03 0.00000e+00
63.340000 -1.52122e-04 -1.43882e-03 0.00000e+00
63.350000 -1.55419e-04 -1.19332e-03 0.00000e+00
63.360000 -1.78054e-04 -1.00444e-03 0.00000e+00
63.370000 -1.93218e-04 -8.96288e-04 0.00000e+00
63.380000 -2.05595e-04 -6.95750e-04 0.00000e+00
63.390000 -2.21098e-04 -3.71777e-04 0.00000e+00
63.400000 -2.21839e-04 -1.50943e-04 0.00000e+00
63.410000 -2.20702e-04 7.41583e-05 0.00000e+00
63.420000 -2.26894e-04 2.97407e-04 0.00000e+00
63.430000 -2.15000e-04 3.84594e-04 0.00000e+00
63.440000 -1.94190e-04 5.88835e-04 0.00000e+00
63.450000 -1.94956e-04 9.01212e-04 0.00000e+00
63.460000 -1.79646e-04 1.13940e-03 0.00000e+00
63.470000 -1.63114e-04 1.37731e-03 0.00000e+00
63.480000 -1.64914e-04 1.51564e-03 0.00000e+00
63.490000 -1.28517e-04 1.51645e-03 0.00000e+00
63.500000 -9.30649e-05 1.54701e-03 0.00000e+00
63.510000 -9.25576e-05 1.65007e-03 0.00000e+00
63.520000 -8.37106e-05 1.75960e-03 0.00000e+00
63.530000 -7.59400e-05 1.78498e-03 0.00000e+00
63.540000 -6.18436e-05 1.74296e-03 0.00000e+00
63.550000 -1.70985e-05 1.67000e-03 0.00000e+00
63.560000 -2.31193e-05 1.43016e-03 0.00000e+00
63.570000 -1.48020e-05 1.16369e-03 0.00000e+00
63.580000 1.49969e-05 9.66818e-04 0.00000e+00
63.590000 2.72116e-05 7.15869e-04 0.00000e+00
63.600000 3.30945e-05 4.76334e-04 0.00000e+00
63.610000 7.19016e-05 2.77600e-04 0.00000e+00
63.620000 5.04148e-05 -1.78532e-05 0.00000e+00
63.630000 4.73274e-05 -3.16847e-04 0.00000e+00
63.640000 4.68354e-05 -5.51189e-04 0.00000e+00
63.650000 3.87832e-05 -8.11689e-04 0.00000e+00
63.660000 3.28115e-05 -9.90486e-04 0.00000e+00
63.670000 3.78033e-05 -1.05591e-03 0.00000e+00
63.680000 1.35525e-05 -1.16105e-03 0.00000e+00
63.690000 -2.66453e-07 -1.30195e-03 0.00000e+00
63.700000 -3.25519e-05 -1.40938e-03 0.00000e+00
63.710000 -5.33648e-05 -1.48172e-03 0.00000e+00
63.720000 -9.59690e-05 -1.43533e-03 0.00000e+00
63.730000 -1.24172e-04 -1.38508e-03 0.00000e+00
63.740000 -1.13169e-04 -1.38114e-03 0.00000e+00
63.750000 -1.30035e-04 -1.26660e-03 0.00000e+00
63.760000 -1.45538e-04 -1.09612e-03 0.00000e+00
63.770000 -1.54244e-04 -9.33843e-04 0.00000e+00
63.780000 -1.74083e-04 -6.68714e-04 0.00000e+00
63.790000 -1.78575e-04 -4.15664e-04 0.00000e+00
63.800000 -1.61377e-04 -2.26569e-04 0.00000e+00
63.810000 -1.61358e-04 2.71755e-05 0.00000e+00
63.820000 -1.46470e-04 2.98138e-04 0.00000e+00
63.830000 -1.40285e-04 4.92815e-04 0.00000e+00
63.840000 -1.31948e-04 6.94461e-04 0.00000e+00
63.850000 -1.21460e-04 9.03076e-04 0.00000e+00
63.860000 -1.08821e-04 1.11866e-03 0.00000e+00
63.870000 -9.40303e-05 1.34121e-03 0.00000e+00
63.880000 -7.70887e-05 1.57073e-03 0.00000e+00
63.890000 -5.79959e-05 1.80722e-03 0.00000e+00
63.900000 -3.67519e-05 2.05068e-03 0.00000e+00
63.910000 -1.33567e-05 2.30111e-03 0.00000e+00
63.920000 1.21897e-05 2.55851e-03 0.00000e+00
63.930000 3.98874e-05 2.82287e-03 0.00000e+00
63.940000 6.97362e-05 3.09421e-03 0.00000e+00
63.950000 1.01736e-04 3.37251e-03 0.00000e+00
63.960000 1.35888e-04 3.65778e-03 0.00000e+00
63.970000 1.72190e-04 3.95002e-03 0.00000e+00
63.980000 2.10644e-04 4.24923e-03 0.00000e+00
63.990000 2.51249e-04 4.55541e-03 0.00000e+00
