# focused wave waveinput_round2\waveinput_420010.dat
@v301
# Wavedata CFDwavemaker
[wave type]
piston

[general input data]
depth 0.6

[wave input piston]
# number of timesteps to read
6400
# Time[sec], paddle position[m], paddle velocity[m/s], surface_elevation[m]
0.000000 -0.00000e+00 -3.27477e-05 0.00000e+00
0.010000 -5.69594e-07 -3.18694e-05 0.00000e+00
0.020000 -1.05165e-06 -3.09156e-05 0.00000e+00
0.030000 -1.45290e-06 -2.98862e-05 0.00000e+00
0.040000 -1.78008e-06 -2.87812e-05 0.00000e+00
0.050000 -2.03992e-06 -2.76007e-05 0.00000e+00
0.060000 -2.23915e-06 -2.63447e-05 0.00000e+00
0.070000 -2.38449e-06 -2.50131e-05 0.00000e+00
0.080000 -2.48269e-06 -2.36060e-05 0.00000e+00
0.090000 -2.54047e-06 -2.21233e-05 0.00000e+00
0.100000 -2.56456e-06 -2.05651e-05 0.00000e+00
0.110000 -2.56169e-06 -1.89313e-05 0.00000e+00
0.120000 -2.53860e-06 -1.72220e-05 0.00000e+00
0.130000 -2.50202e-06 -1.54371e-05 0.00000e+00
0.140000 -2.45867e-06 -1.35767e-05 0.00000e+00
0.150000 -2.41530e-06 -1.16407e-05 0.00000e+00
0.160000 -2.37862e-06 -9.62923e-06 0.00000e+00
0.170000 -2.35537e-06 -7.54217e-06 0.00000e+00
0.180000 -3.28917e-06 -4.80544e-06 0.00000e+00
0.190000 -3.52683e-06 -8.65297e-07 0.00000e+00
0.200000 -2.29311e-06 1.12253e-06 0.00000e+00
0.210000 -3.77720e-06 -3.76099e-06 0.00000e+00
0.220000 -3.51699e-06 -1.10655e-05 0.00000e+00
0.230000 -2.66911e-06 -1.32648e-05 0.00000e+00
0.240000 -3.54173e-06 -1.60452e-05 0.00000e+00
0.250000 -4.15764e-06 -1.97999e-05 0.00000e+00
0.260000 -3.25419e-06 -2.53829e-05 0.00000e+00
0.270000 -4.55054e-06 -2.18319e-05 0.00000e+00
0.280000 -3.58365e-06 -3.04530e-06 0.00000e+00
0.290000 -2.30080e-06 1.91775e-05 0.00000e+00
0.300000 -3.45485e-06 4.48826e-05 0.00000e+00
0.310000 -2.79121e-06 7.29781e-05 0.00000e+00
0.320000 -1.56714e-06 1.00583e-04 0.00000e+00
0.330000 -2.81416e-06 1.12510e-04 0.00000e+00
0.340000 -1.44082e-06 1.13655e-04 0.00000e+00
0.350000 -5.72082e-07 1.21875e-04 0.00000e+00
0.360000 -1.53647e-06 1.31676e-04 0.00000e+00
0.370000 -1.58065e-06 1.44426e-04 0.00000e+00
0.380000 -1.92197e-06 1.49242e-04 0.00000e+00
0.390000 1.54609e-06 1.48846e-04 0.00000e+00
0.400000 3.44014e-06 1.46782e-04 0.00000e+00
0.410000 5.73981e-06 1.38828e-04 0.00000e+00
0.420000 9.08268e-06 1.30000e-04 0.00000e+00
0.430000 1.34303e-05 1.24480e-04 0.00000e+00
0.440000 1.98259e-05 1.01642e-04 0.00000e+00
0.450000 2.21277e-05 7.37785e-05 0.00000e+00
0.460000 2.23474e-05 6.10816e-05 0.00000e+00
0.470000 2.27471e-05 3.89524e-05 0.00000e+00
0.480000 2.03961e-05 1.27553e-05 0.00000e+00
0.490000 1.79933e-05 -1.17683e-05 0.00000e+00
0.500000 1.35459e-05 -4.41740e-05 0.00000e+00
0.510000 1.66627e-05 -7.47162e-05 0.00000e+00
0.520000 1.69288e-05 -9.85463e-05 0.00000e+00
0.530000 1.53510e-05 -1.34427e-04 0.00000e+00
0.540000 1.29615e-05 -1.68237e-04 0.00000e+00
0.550000 1.03106e-05 -2.00460e-04 0.00000e+00
0.560000 8.65085e-06 -2.14107e-04 0.00000e+00
0.570000 5.53003e-06 -1.98993e-04 0.00000e+00
0.580000 5.47877e-06 -1.93291e-04 0.00000e+00
0.590000 3.01750e-06 -1.73366e-04 0.00000e+00
0.600000 3.70230e-07 -1.25439e-04 0.00000e+00
0.610000 -3.90866e-06 -5.17363e-05 0.00000e+00
0.620000 -3.90332e-07 2.08110e-05 0.00000e+00
0.630000 -2.32220e-06 7.20572e-05 0.00000e+00
0.640000 -3.23939e-06 1.44350e-04 0.00000e+00
0.650000 -3.11042e-06 2.09813e-04 0.00000e+00
0.660000 -2.86438e-06 2.65916e-04 0.00000e+00
0.670000 -5.15437e-07 3.29448e-04 0.00000e+00
0.680000 2.90692e-06 4.11152e-04 0.00000e+00
0.690000 6.22601e-06 5.08455e-04 0.00000e+00
0.700000 1.08664e-05 5.75794e-04 0.00000e+00
0.710000 2.05944e-05 6.21755e-04 0.00000e+00
0.720000 2.69972e-05 6.80255e-04 0.00000e+00
0.730000 4.07496e-05 7.46239e-04 0.00000e+00
0.740000 4.70087e-05 7.80204e-04 0.00000e+00
0.750000 5.42184e-05 8.04526e-04 0.00000e+00
0.760000 6.84185e-05 8.23350e-04 0.00000e+00
0.770000 7.62205e-05 8.26364e-04 0.00000e+00
0.780000 8.47411e-05 8.26105e-04 0.00000e+00
0.790000 8.80367e-05 8.45271e-04 0.00000e+00
0.800000 9.92913e-05 8.57432e-04 0.00000e+00
0.810000 1.10810e-04 8.31206e-04 0.00000e+00
0.820000 1.13422e-04 7.84867e-04 0.00000e+00
0.830000 1.26699e-04 7.13513e-04 0.00000e+00
0.840000 1.31520e-04 6.29322e-04 0.00000e+00
0.850000 1.38256e-04 5.33235e-04 0.00000e+00
0.860000 1.37669e-04 4.03447e-04 0.00000e+00
0.870000 1.39207e-04 2.69929e-04 0.00000e+00
0.880000 1.45365e-04 1.72434e-04 0.00000e+00
0.890000 1.52242e-04 6.80904e-05 0.00000e+00
0.900000 1.48110e-04 -2.56740e-05 0.00000e+00
0.910000 1.45911e-04 -1.12250e-04 0.00000e+00
0.920000 1.49694e-04 -2.50931e-04 0.00000e+00
0.930000 1.48451e-04 -3.55158e-04 0.00000e+00
0.940000 1.50431e-04 -4.33667e-04 0.00000e+00
0.950000 1.48174e-04 -5.39147e-04 0.00000e+00
0.960000 1.42123e-04 -6.57026e-04 0.00000e+00
0.970000 1.26979e-04 -7.39254e-04 0.00000e+00
0.980000 1.15379e-04 -7.61704e-04 0.00000e+00
0.990000 1.02063e-04 -8.09471e-04 0.00000e+00
1.000000 9.06330e-05 -8.51649e-04 0.00000e+00
1.010000 8.01314e-05 -8.72852e-04 0.00000e+00
1.020000 6.80910e-05 -8.90904e-04 0.00000e+00
1.030000 5.87551e-05 -9.04905e-04 0.00000e+00
1.040000 5.86615e-05 -9.30436e-04 0.00000e+00
1.050000 5.00181e-05 -9.35003e-04 0.00000e+00
1.060000 3.70277e-05 -8.91560e-04 0.00000e+00
1.070000 3.09660e-05 -8.45907e-04 0.00000e+00
1.080000 1.62706e-05 -8.20325e-04 0.00000e+00
1.090000 6.32747e-06 -7.58242e-04 0.00000e+00
1.100000 1.07371e-05 -6.65161e-04 0.00000e+00
1.110000 -3.00063e-06 -5.61277e-04 0.00000e+00
1.120000 -5.49814e-06 -4.37064e-04 0.00000e+00
1.130000 -7.43373e-06 -3.08956e-04 0.00000e+00
1.140000 -2.00624e-06 -2.08417e-04 0.00000e+00
1.150000 -1.10140e-05 -1.50107e-04 0.00000e+00
1.160000 -1.94627e-05 -1.31294e-04 0.00000e+00
1.170000 -1.99984e-05 -1.22561e-04 0.00000e+00
1.180000 -2.24205e-05 -8.89344e-05 0.00000e+00
1.190000 -2.16975e-05 -3.70977e-05 0.00000e+00
1.200000 -2.33668e-05 5.96295e-06 0.00000e+00
1.210000 -2.25511e-05 7.49187e-05 0.00000e+00
1.220000 -1.70691e-05 1.47984e-04 0.00000e+00
1.230000 -1.01866e-05 1.64837e-04 0.00000e+00
1.240000 -1.09478e-05 1.60836e-04 0.00000e+00
1.250000 -6.57300e-06 1.24477e-04 0.00000e+00
1.260000 -4.59833e-07 3.76075e-05 0.00000e+00
1.270000 1.83827e-06 6.63547e-06 0.00000e+00
1.280000 1.38202e-06 -1.25878e-05 0.00000e+00
1.290000 2.48880e-06 -9.59591e-05 0.00000e+00
1.300000 -4.23928e-06 -1.56192e-04 0.00000e+00
1.310000 -1.21930e-05 -1.74248e-04 0.00000e+00
1.320000 -2.30130e-05 -2.15413e-04 0.00000e+00
1.330000 -2.30538e-05 -3.15564e-04 0.00000e+00
1.340000 -1.71286e-05 -4.36373e-04 0.00000e+00
1.350000 -1.29330e-05 -5.33494e-04 0.00000e+00
1.360000 -1.73215e-05 -6.42639e-04 0.00000e+00
1.370000 -2.72901e-05 -7.71436e-04 0.00000e+00
1.380000 -3.39687e-05 -9.05330e-04 0.00000e+00
1.390000 -5.10433e-05 -1.01779e-03 0.00000e+00
1.400000 -6.61813e-05 -1.06768e-03 0.00000e+00
1.410000 -7.93900e-05 -1.12383e-03 0.00000e+00
1.420000 -9.19983e-05 -1.19758e-03 0.00000e+00
1.430000 -1.00355e-04 -1.26375e-03 0.00000e+00
1.440000 -1.00167e-04 -1.31414e-03 0.00000e+00
1.450000 -1.19895e-04 -1.33625e-03 0.00000e+00
1.460000 -1.34918e-04 -1.33586e-03 0.00000e+00
1.470000 -1.38867e-04 -1.34110e-03 0.00000e+00
1.480000 -1.57307e-04 -1.36040e-03 0.00000e+00
1.490000 -1.76987e-04 -1.37829e-03 0.00000e+00
1.500000 -1.97698e-04 -1.36851e-03 0.00000e+00
1.510000 -2.11749e-04 -1.27253e-03 0.00000e+00
1.520000 -2.20163e-04 -1.09542e-03 0.00000e+00
1.530000 -2.41963e-04 -9.36588e-04 0.00000e+00
1.540000 -2.45259e-04 -8.19183e-04 0.00000e+00
1.550000 -2.55942e-04 -6.64016e-04 0.00000e+00
1.560000 -2.52671e-04 -4.96010e-04 0.00000e+00
1.570000 -2.59375e-04 -3.73067e-04 0.00000e+00
1.580000 -2.71892e-04 -2.48318e-04 0.00000e+00
1.590000 -2.76254e-04 -9.36289e-05 0.00000e+00
1.600000 -2.76200e-04 5.95170e-05 0.00000e+00
1.610000 -2.65601e-04 2.92195e-04 0.00000e+00
1.620000 -2.59689e-04 5.51469e-04 0.00000e+00
1.630000 -2.54861e-04 7.39808e-04 0.00000e+00
1.640000 -2.48700e-04 9.67915e-04 0.00000e+00
1.650000 -2.35714e-04 1.18559e-03 0.00000e+00
1.660000 -2.20404e-04 1.34893e-03 0.00000e+00
1.670000 -2.00792e-04 1.47498e-03 0.00000e+00
1.680000 -1.77212e-04 1.56252e-03 0.00000e+00
1.690000 -1.64815e-04 1.68017e-03 0.00000e+00
1.700000 -1.59778e-04 1.79899e-03 0.00000e+00
1.710000 -1.36544e-04 1.95793e-03 0.00000e+00
1.720000 -1.13664e-04 2.10492e-03 0.00000e+00
1.730000 -9.94355e-05 2.23171e-03 0.00000e+00
1.740000 -8.32878e-05 2.36678e-03 0.00000e+00
1.750000 -5.19612e-05 2.40623e-03 0.00000e+00
1.760000 -2.62405e-05 2.39371e-03 0.00000e+00
1.770000 5.35017e-07 2.37461e-03 0.00000e+00
1.780000 3.96325e-05 2.37790e-03 0.00000e+00
1.790000 5.10116e-05 2.37238e-03 0.00000e+00
1.800000 6.91259e-05 2.29773e-03 0.00000e+00
1.810000 9.53828e-05 2.19157e-03 0.00000e+00
1.820000 1.08295e-04 2.09599e-03 0.00000e+00
1.830000 1.33283e-04 2.00360e-03 0.00000e+00
1.840000 1.49525e-04 1.91770e-03 0.00000e+00
1.850000 1.80954e-04 1.89842e-03 0.00000e+00
1.860000 2.14529e-04 1.86692e-03 0.00000e+00
1.870000 2.40857e-04 1.74670e-03 0.00000e+00
1.880000 2.59093e-04 1.65758e-03 0.00000e+00
1.890000 2.57120e-04 1.58674e-03 0.00000e+00
1.900000 2.74674e-04 1.43312e-03 0.00000e+00
1.910000 2.73307e-04 1.20115e-03 0.00000e+00
1.920000 2.74591e-04 1.02296e-03 0.00000e+00
1.930000 2.82559e-04 8.86079e-04 0.00000e+00
1.940000 2.91082e-04 7.03468e-04 0.00000e+00
1.950000 2.97968e-04 5.79389e-04 0.00000e+00
1.960000 2.96387e-04 4.16971e-04 0.00000e+00
1.970000 2.99599e-04 1.66327e-04 0.00000e+00
1.980000 3.12411e-04 -5.56637e-05 0.00000e+00
1.990000 3.20489e-04 -2.81782e-04 0.00000e+00
2.000000 3.27502e-04 -5.29026e-04 0.00000e+00
2.010000 3.35937e-04 -7.41080e-04 0.00000e+00
2.020000 3.41565e-04 -8.61195e-04 0.00000e+00
2.030000 3.20488e-04 -9.14940e-04 0.00000e+00
2.040000 3.12605e-04 -9.16507e-04 0.00000e+00
2.050000 2.98563e-04 -8.89302e-04 0.00000e+00
2.060000 2.69126e-04 -9.29143e-04 0.00000e+00
2.070000 2.47567e-04 -9.88302e-04 0.00000e+00
2.080000 2.34659e-04 -1.00557e-03 0.00000e+00
2.090000 2.34125e-04 -1.02004e-03 0.00000e+00
2.100000 2.08236e-04 -1.01706e-03 0.00000e+00
2.110000 1.94197e-04 -1.00789e-03 0.00000e+00
2.120000 1.83493e-04 -9.73736e-04 0.00000e+00
2.130000 1.57241e-04 -9.20379e-04 0.00000e+00
2.140000 1.50616e-04 -8.52912e-04 0.00000e+00
2.150000 1.45750e-04 -7.05094e-04 0.00000e+00
2.160000 1.46103e-04 -4.87669e-04 0.00000e+00
2.170000 1.47337e-04 -2.29446e-04 0.00000e+00
2.180000 1.69207e-04 3.97730e-05 0.00000e+00
2.190000 1.74685e-04 3.09115e-04 0.00000e+00
2.200000 1.77096e-04 5.05834e-04 0.00000e+00
2.210000 1.87850e-04 6.57277e-04 0.00000e+00
2.220000 1.81802e-04 8.32530e-04 0.00000e+00
2.230000 1.79646e-04 9.36417e-04 0.00000e+00
2.240000 1.86768e-04 9.63054e-04 0.00000e+00
2.250000 2.04001e-04 1.00848e-03 0.00000e+00
2.260000 2.05236e-04 1.13215e-03 0.00000e+00
2.270000 2.13409e-04 1.22011e-03 0.00000e+00
2.280000 2.23193e-04 1.20835e-03 0.00000e+00
2.290000 2.48967e-04 1.14793e-03 0.00000e+00
2.300000 2.63002e-04 9.96480e-04 0.00000e+00
2.310000 2.84723e-04 7.88877e-04 0.00000e+00
2.320000 3.00746e-04 5.63100e-04 0.00000e+00
2.330000 3.11525e-04 2.85333e-04 0.00000e+00
2.340000 3.10655e-04 -1.95020e-06 0.00000e+00
2.350000 3.02110e-04 -2.03702e-04 0.00000e+00
2.360000 2.98331e-04 -4.48438e-04 0.00000e+00
2.370000 2.90105e-04 -7.66367e-04 0.00000e+00
2.380000 2.88589e-04 -1.03263e-03 0.00000e+00
2.390000 2.80032e-04 -1.33202e-03 0.00000e+00
2.400000 2.63319e-04 -1.70024e-03 0.00000e+00
2.410000 2.50214e-04 -2.08223e-03 0.00000e+00
2.420000 2.41907e-04 -2.41617e-03 0.00000e+00
2.430000 2.17139e-04 -2.74876e-03 0.00000e+00
2.440000 1.72661e-04 -3.13914e-03 0.00000e+00
2.450000 1.23966e-04 -3.49363e-03 0.00000e+00
2.460000 7.84359e-05 -3.74781e-03 0.00000e+00
2.470000 3.55383e-05 -3.95838e-03 0.00000e+00
2.480000 -9.64943e-06 -4.09795e-03 0.00000e+00
2.490000 -5.22957e-05 -4.18341e-03 0.00000e+00
2.500000 -9.22073e-05 -4.27685e-03 0.00000e+00
2.510000 -1.20332e-04 -4.35008e-03 0.00000e+00
2.520000 -1.61481e-04 -4.42863e-03 0.00000e+00
2.530000 -2.18647e-04 -4.43496e-03 0.00000e+00
2.540000 -2.42685e-04 -4.32467e-03 0.00000e+00
2.550000 -2.88864e-04 -4.16518e-03 0.00000e+00
2.560000 -3.37684e-04 -3.87972e-03 0.00000e+00
2.570000 -3.85596e-04 -3.52703e-03 0.00000e+00
2.580000 -4.24269e-04 -3.18714e-03 0.00000e+00
2.590000 -4.56443e-04 -2.74055e-03 0.00000e+00
2.600000 -4.93451e-04 -2.25874e-03 0.00000e+00
2.610000 -5.23656e-04 -1.83966e-03 0.00000e+00
2.620000 -5.30682e-04 -1.52068e-03 0.00000e+00
2.630000 -5.50196e-04 -1.26989e-03 0.00000e+00
2.640000 -5.62021e-04 -9.76402e-04 0.00000e+00
2.650000 -5.67997e-04 -6.42558e-04 0.00000e+00
2.660000 -5.85136e-04 -3.02405e-04 0.00000e+00
2.670000 -5.81264e-04 2.65866e-05 0.00000e+00
2.680000 -5.67370e-04 4.22368e-04 0.00000e+00
2.690000 -5.48770e-04 8.23435e-04 0.00000e+00
2.700000 -5.10759e-04 1.09358e-03 0.00000e+00
2.710000 -4.87690e-04 1.45104e-03 0.00000e+00
2.720000 -4.65733e-04 1.83052e-03 0.00000e+00
2.730000 -4.26059e-04 2.07197e-03 0.00000e+00
2.740000 -4.27462e-04 2.29486e-03 0.00000e+00
2.750000 -4.08014e-04 2.49160e-03 0.00000e+00
2.760000 -3.84855e-04 2.65481e-03 0.00000e+00
2.770000 -3.82796e-04 2.78599e-03 0.00000e+00
2.780000 -3.69059e-04 2.85538e-03 0.00000e+00
2.790000 -3.64101e-04 2.95452e-03 0.00000e+00
2.800000 -3.23697e-04 3.01028e-03 0.00000e+00
2.810000 -2.80545e-04 3.02561e-03 0.00000e+00
2.820000 -2.43720e-04 3.05648e-03 0.00000e+00
2.830000 -2.12602e-04 2.99188e-03 0.00000e+00
2.840000 -1.76389e-04 2.91786e-03 0.00000e+00
2.850000 -1.32825e-04 2.88475e-03 0.00000e+00
2.860000 -1.11120e-04 2.85521e-03 0.00000e+00
2.870000 -7.23763e-05 2.84923e-03 0.00000e+00
2.880000 -2.34807e-05 2.87078e-03 0.00000e+00
2.890000 -1.79942e-05 2.88498e-03 0.00000e+00
2.900000 1.68112e-05 2.93671e-03 0.00000e+00
2.910000 4.38150e-05 2.87864e-03 0.00000e+00
2.920000 6.23098e-05 2.65755e-03 0.00000e+00
2.930000 8.42498e-05 2.49012e-03 0.00000e+00
2.940000 1.08375e-04 2.30196e-03 0.00000e+00
2.950000 1.21275e-04 2.00619e-03 0.00000e+00
2.960000 1.48371e-04 1.63271e-03 0.00000e+00
2.970000 1.51739e-04 1.32342e-03 0.00000e+00
2.980000 1.88582e-04 1.12921e-03 0.00000e+00
2.990000 1.84994e-04 9.02461e-04 0.00000e+00
3.000000 2.03973e-04 6.46797e-04 0.00000e+00
3.010000 2.15252e-04 4.24354e-04 0.00000e+00
3.020000 2.25013e-04 2.94216e-04 0.00000e+00
3.030000 2.27685e-04 1.36728e-04 0.00000e+00
3.040000 2.34813e-04 -1.06736e-05 0.00000e+00
3.050000 2.40999e-04 -3.74658e-05 0.00000e+00
3.060000 2.33320e-04 -1.14928e-04 0.00000e+00
3.070000 2.13953e-04 -1.91268e-04 0.00000e+00
3.080000 1.87567e-04 -2.08732e-04 0.00000e+00
3.090000 1.77107e-04 -2.76190e-04 0.00000e+00
3.100000 1.89159e-04 -3.15481e-04 0.00000e+00
3.110000 1.66191e-04 -3.22960e-04 0.00000e+00
3.120000 1.55035e-04 -3.29064e-04 0.00000e+00
3.130000 1.54011e-04 -2.55611e-04 0.00000e+00
3.140000 1.69755e-04 -2.28405e-04 0.00000e+00
3.150000 1.60655e-04 -1.49316e-04 0.00000e+00
3.160000 1.63113e-04 2.78781e-05 0.00000e+00
3.170000 1.74718e-04 1.79562e-04 0.00000e+00
3.180000 1.91597e-04 3.97264e-04 0.00000e+00
3.190000 2.00841e-04 5.96129e-04 0.00000e+00
3.200000 2.00660e-04 7.75007e-04 0.00000e+00
3.210000 2.21331e-04 1.01360e-03 0.00000e+00
3.220000 2.25100e-04 1.33564e-03 0.00000e+00
3.230000 2.33100e-04 1.64309e-03 0.00000e+00
3.240000 2.42384e-04 1.80957e-03 0.00000e+00
3.250000 2.44980e-04 1.91930e-03 0.00000e+00
3.260000 2.59183e-04 2.02061e-03 0.00000e+00
3.270000 2.84693e-04 2.18899e-03 0.00000e+00
3.280000 2.96907e-04 2.29107e-03 0.00000e+00
3.290000 3.30414e-04 2.23198e-03 0.00000e+00
3.300000 3.52038e-04 2.13807e-03 0.00000e+00
3.310000 3.68541e-04 2.08332e-03 0.00000e+00
3.320000 4.19781e-04 2.05391e-03 0.00000e+00
3.330000 4.44569e-04 2.03348e-03 0.00000e+00
3.340000 4.62214e-04 2.05987e-03 0.00000e+00
3.350000 4.91969e-04 2.06039e-03 0.00000e+00
3.360000 5.03892e-04 2.00292e-03 0.00000e+00
3.370000 5.44460e-04 1.84940e-03 0.00000e+00
3.380000 5.68562e-04 1.64582e-03 0.00000e+00
3.390000 5.86451e-04 1.39292e-03 0.00000e+00
3.400000 5.74259e-04 1.07475e-03 0.00000e+00
3.410000 5.73631e-04 6.76480e-04 0.00000e+00
3.420000 5.85980e-04 2.12373e-04 0.00000e+00
3.430000 5.72498e-04 -1.71454e-04 0.00000e+00
3.440000 5.71373e-04 -5.14660e-04 0.00000e+00
3.450000 5.41071e-04 -1.00945e-03 0.00000e+00
3.460000 5.35040e-04 -1.48680e-03 0.00000e+00
3.470000 5.31495e-04 -1.88546e-03 0.00000e+00
3.480000 5.44868e-04 -2.41841e-03 0.00000e+00
3.490000 5.40697e-04 -2.80885e-03 0.00000e+00
3.500000 5.23150e-04 -3.06888e-03 0.00000e+00
3.510000 4.77551e-04 -3.43010e-03 0.00000e+00
3.520000 4.26356e-04 -3.72035e-03 0.00000e+00
3.530000 3.75779e-04 -4.01136e-03 0.00000e+00
3.540000 3.20186e-04 -4.23492e-03 0.00000e+00
3.550000 2.66444e-04 -4.36552e-03 0.00000e+00
3.560000 2.16332e-04 -4.47548e-03 0.00000e+00
3.570000 1.65684e-04 -4.59238e-03 0.00000e+00
3.580000 1.09845e-04 -4.75766e-03 0.00000e+00
3.590000 8.18217e-05 -4.79616e-03 0.00000e+00
3.600000 3.76238e-05 -4.80988e-03 0.00000e+00
3.610000 -4.01989e-05 -4.83707e-03 0.00000e+00
3.620000 -1.01085e-04 -4.86775e-03 0.00000e+00
3.630000 -1.19597e-04 -4.88099e-03 0.00000e+00
3.640000 -1.77866e-04 -4.75568e-03 0.00000e+00
3.650000 -2.19086e-04 -4.44803e-03 0.00000e+00
3.660000 -2.21792e-04 -4.02503e-03 0.00000e+00
3.670000 -2.80406e-04 -3.61231e-03 0.00000e+00
3.680000 -3.15869e-04 -3.27711e-03 0.00000e+00
3.690000 -3.42941e-04 -2.99775e-03 0.00000e+00
3.700000 -3.87087e-04 -2.68470e-03 0.00000e+00
3.710000 -3.97370e-04 -2.33793e-03 0.00000e+00
3.720000 -4.34023e-04 -1.96808e-03 0.00000e+00
3.730000 -4.40805e-04 -1.57579e-03 0.00000e+00
3.740000 -4.74101e-04 -1.14363e-03 0.00000e+00
3.750000 -4.85626e-04 -6.82813e-04 0.00000e+00
3.760000 -4.90281e-04 -1.51857e-04 0.00000e+00
3.770000 -5.06924e-04 3.66611e-04 0.00000e+00
3.780000 -5.04393e-04 6.90562e-04 0.00000e+00
3.790000 -4.95666e-04 9.55483e-04 0.00000e+00
3.800000 -4.74151e-04 1.35183e-03 0.00000e+00
3.810000 -4.42323e-04 1.70574e-03 0.00000e+00
3.820000 -4.16567e-04 1.94769e-03 0.00000e+00
3.830000 -4.04909e-04 2.30495e-03 0.00000e+00
3.840000 -3.90630e-04 2.52444e-03 0.00000e+00
3.850000 -3.67319e-04 2.60118e-03 0.00000e+00
3.860000 -3.26606e-04 2.72459e-03 0.00000e+00
3.870000 -2.85575e-04 2.69099e-03 0.00000e+00
3.880000 -2.45946e-04 2.65991e-03 0.00000e+00
3.890000 -2.10703e-04 2.60779e-03 0.00000e+00
3.900000 -1.76284e-04 2.53289e-03 0.00000e+00
3.910000 -1.40562e-04 2.39550e-03 0.00000e+00
3.920000 -1.19571e-04 2.10809e-03 0.00000e+00
3.930000 -1.09370e-04 1.81800e-03 0.00000e+00
3.940000 -1.11503e-04 1.40722e-03 0.00000e+00
3.950000 -9.63719e-05 9.46971e-04 0.00000e+00
3.960000 -7.32814e-05 5.21077e-04 0.00000e+00
3.970000 -7.31280e-05 1.05980e-04 0.00000e+00
3.980000 -8.01575e-05 -2.48817e-04 0.00000e+00
3.990000 -8.34899e-05 -6.45998e-04 0.00000e+00
4.000000 -9.17651e-05 -1.05717e-03 0.00000e+00
4.010000 -1.24355e-04 -1.42349e-03 0.00000e+00
4.020000 -1.13807e-04 -1.74461e-03 0.00000e+00
4.030000 -1.45617e-04 -1.93168e-03 0.00000e+00
4.040000 -1.62864e-04 -2.02506e-03 0.00000e+00
4.050000 -1.65137e-04 -2.05822e-03 0.00000e+00
4.060000 -1.99075e-04 -2.06939e-03 0.00000e+00
4.070000 -2.18026e-04 -2.08565e-03 0.00000e+00
4.080000 -2.75939e-04 -1.99515e-03 0.00000e+00
4.090000 -3.03790e-04 -1.81698e-03 0.00000e+00
4.100000 -3.35120e-04 -1.64917e-03 0.00000e+00
4.110000 -3.63943e-04 -1.47822e-03 0.00000e+00
4.120000 -3.67507e-04 -1.23583e-03 0.00000e+00
4.130000 -3.82895e-04 -8.88896e-04 0.00000e+00
4.140000 -3.87120e-04 -5.60421e-04 0.00000e+00
4.150000 -3.90184e-04 -2.45200e-04 0.00000e+00
4.160000 -3.92226e-04 9.22915e-05 0.00000e+00
4.170000 -3.53325e-04 4.25252e-04 0.00000e+00
4.180000 -3.45517e-04 7.41040e-04 0.00000e+00
4.190000 -3.20540e-04 1.17962e-03 0.00000e+00
4.200000 -3.04596e-04 1.65357e-03 0.00000e+00
4.210000 -2.93244e-04 2.02320e-03 0.00000e+00
4.220000 -2.75820e-04 2.50258e-03 0.00000e+00
4.230000 -2.62584e-04 2.90020e-03 0.00000e+00
4.240000 -2.27712e-04 3.26741e-03 0.00000e+00
4.250000 -1.77266e-04 3.63070e-03 0.00000e+00
4.260000 -1.47655e-04 3.88476e-03 0.00000e+00
4.270000 -1.12459e-04 4.11261e-03 0.00000e+00
4.280000 -7.09598e-05 4.25700e-03 0.00000e+00
4.290000 -3.33510e-05 4.48169e-03 0.00000e+00
4.300000 2.84926e-06 4.74028e-03 0.00000e+00
4.310000 4.30457e-05 4.94329e-03 0.00000e+00
4.320000 1.03169e-04 5.15168e-03 0.00000e+00
4.330000 1.45826e-04 5.32147e-03 0.00000e+00
4.340000 2.13460e-04 5.52417e-03 0.00000e+00
4.350000 2.80120e-04 5.69664e-03 0.00000e+00
4.360000 3.46060e-04 5.84927e-03 0.00000e+00
4.370000 3.85977e-04 5.96064e-03 0.00000e+00
4.380000 4.43277e-04 5.87799e-03 0.00000e+00
4.390000 5.07027e-04 5.67569e-03 0.00000e+00
4.400000 5.44460e-04 5.39720e-03 0.00000e+00
4.410000 6.31038e-04 5.09825e-03 0.00000e+00
4.420000 6.62617e-04 4.79213e-03 0.00000e+00
4.430000 7.08617e-04 4.46351e-03 0.00000e+00
4.440000 7.52202e-04 4.03158e-03 0.00000e+00
4.450000 8.10358e-04 3.47966e-03 0.00000e+00
4.460000 8.70088e-04 2.81290e-03 0.00000e+00
4.470000 8.95956e-04 2.07203e-03 0.00000e+00
4.480000 9.25618e-04 1.33107e-03 0.00000e+00
4.490000 9.44004e-04 5.72373e-04 0.00000e+00
4.500000 9.46605e-04 -2.10832e-04 0.00000e+00
4.510000 9.42742e-04 -9.40012e-04 0.00000e+00
4.520000 9.30740e-04 -1.61107e-03 0.00000e+00
4.530000 9.13661e-04 -2.26747e-03 0.00000e+00
4.540000 8.51502e-04 -2.98328e-03 0.00000e+00
4.550000 8.06073e-04 -3.71056e-03 0.00000e+00
4.560000 7.65136e-04 -4.35836e-03 0.00000e+00
4.570000 7.25581e-04 -4.97322e-03 0.00000e+00
4.580000 6.72108e-04 -5.37497e-03 0.00000e+00
4.590000 6.09486e-04 -5.72726e-03 0.00000e+00
4.600000 5.53337e-04 -6.13174e-03 0.00000e+00
4.610000 4.55066e-04 -6.36766e-03 0.00000e+00
4.620000 3.84457e-04 -6.41756e-03 0.00000e+00
4.630000 3.11440e-04 -6.26993e-03 0.00000e+00
4.640000 2.67172e-04 -6.03863e-03 0.00000e+00
4.650000 2.01502e-04 -5.79374e-03 0.00000e+00
4.660000 1.39295e-04 -5.49739e-03 0.00000e+00
4.670000 9.24050e-05 -5.14418e-03 0.00000e+00
4.680000 4.21693e-05 -4.74207e-03 0.00000e+00
4.690000 -1.98325e-05 -4.28491e-03 0.00000e+00
4.700000 -6.37337e-05 -3.78513e-03 0.00000e+00
4.710000 -1.15564e-04 -3.37869e-03 0.00000e+00
4.720000 -1.35534e-04 -3.00713e-03 0.00000e+00
4.730000 -1.62772e-04 -2.52234e-03 0.00000e+00
4.740000 -1.55968e-04 -1.97450e-03 0.00000e+00
4.750000 -1.70052e-04 -1.44794e-03 0.00000e+00
4.760000 -1.90628e-04 -9.59648e-04 0.00000e+00
4.770000 -1.80484e-04 -4.43185e-04 0.00000e+00
4.780000 -1.59692e-04 -8.86548e-05 0.00000e+00
4.790000 -1.56133e-04 1.48514e-04 0.00000e+00
4.800000 -1.48125e-04 4.48729e-04 0.00000e+00
4.810000 -1.56743e-04 7.91421e-04 0.00000e+00
4.820000 -1.60393e-04 1.07514e-03 0.00000e+00
4.830000 -1.52625e-04 1.27777e-03 0.00000e+00
4.840000 -1.33804e-04 1.52397e-03 0.00000e+00
4.850000 -1.27180e-04 1.73570e-03 0.00000e+00
4.860000 -1.08220e-04 1.81862e-03 0.00000e+00
4.870000 -1.02444e-04 1.79488e-03 0.00000e+00
4.880000 -8.16660e-05 1.67301e-03 0.00000e+00
4.890000 -5.47297e-05 1.56229e-03 0.00000e+00
4.900000 -2.73042e-05 1.45257e-03 0.00000e+00
4.910000 -1.79037e-05 1.34200e-03 0.00000e+00
4.920000 -2.48419e-06 1.15495e-03 0.00000e+00
4.930000 1.18728e-05 8.49076e-04 0.00000e+00
4.940000 2.25600e-05 6.51996e-04 0.00000e+00
4.950000 1.15953e-05 5.25779e-04 0.00000e+00
4.960000 4.41139e-05 2.75794e-04 0.00000e+00
4.970000 5.12298e-05 -4.53783e-05 0.00000e+00
4.980000 5.46100e-05 -4.08548e-04 0.00000e+00
4.990000 4.09287e-05 -8.45098e-04 0.00000e+00
5.000000 5.27751e-05 -1.22748e-03 0.00000e+00
5.010000 2.90157e-05 -1.56793e-03 0.00000e+00
5.020000 9.36922e-07 -1.93083e-03 0.00000e+00
5.030000 -3.78118e-05 -2.34287e-03 0.00000e+00
5.040000 -6.75962e-05 -2.70353e-03 0.00000e+00
5.050000 -9.78542e-05 -2.97851e-03 0.00000e+00
5.060000 -1.14593e-04 -3.20075e-03 0.00000e+00
5.070000 -1.65686e-04 -3.39079e-03 0.00000e+00
5.080000 -1.95949e-04 -3.62816e-03 0.00000e+00
5.090000 -2.52345e-04 -3.89253e-03 0.00000e+00
5.100000 -2.56868e-04 -4.06186e-03 0.00000e+00
5.110000 -3.04739e-04 -4.19123e-03 0.00000e+00
5.120000 -3.60755e-04 -4.30042e-03 0.00000e+00
5.130000 -4.24099e-04 -4.17970e-03 0.00000e+00
5.140000 -4.42984e-04 -3.94582e-03 0.00000e+00
5.150000 -4.93679e-04 -3.79961e-03 0.00000e+00
5.160000 -5.13366e-04 -3.59312e-03 0.00000e+00
5.170000 -5.50220e-04 -3.21548e-03 0.00000e+00
5.180000 -5.85986e-04 -2.79805e-03 0.00000e+00
5.190000 -6.22662e-04 -2.43298e-03 0.00000e+00
5.200000 -6.45568e-04 -2.07555e-03 0.00000e+00
5.210000 -6.47781e-04 -1.72481e-03 0.00000e+00
5.220000 -6.79353e-04 -1.33619e-03 0.00000e+00
5.230000 -7.07227e-04 -8.13183e-04 0.00000e+00
5.240000 -7.27207e-04 -2.79025e-04 0.00000e+00
5.250000 -7.39069e-04 2.24055e-04 0.00000e+00
5.260000 -7.23181e-04 7.42045e-04 0.00000e+00
5.270000 -6.96083e-04 1.34829e-03 0.00000e+00
5.280000 -6.75906e-04 2.02409e-03 0.00000e+00
5.290000 -6.24974e-04 2.57786e-03 0.00000e+00
5.300000 -5.92234e-04 3.00951e-03 0.00000e+00
5.310000 -5.84955e-04 3.53286e-03 0.00000e+00
5.320000 -5.45444e-04 4.07409e-03 0.00000e+00
5.330000 -4.77796e-04 4.61438e-03 0.00000e+00
5.340000 -4.38123e-04 5.13083e-03 0.00000e+00
5.350000 -4.00236e-04 5.52721e-03 0.00000e+00
5.360000 -3.52703e-04 5.91109e-03 0.00000e+00
5.370000 -2.99548e-04 6.23314e-03 0.00000e+00
5.380000 -2.38740e-04 6.57190e-03 0.00000e+00
5.390000 -1.59126e-04 6.75612e-03 0.00000e+00
5.400000 -7.80879e-05 6.76757e-03 0.00000e+00
5.410000 -1.89097e-05 6.69795e-03 0.00000e+00
5.420000 5.70799e-05 6.56113e-03 0.00000e+00
5.430000 1.31307e-04 6.45421e-03 0.00000e+00
5.440000 2.04597e-04 6.39242e-03 0.00000e+00
5.450000 2.70793e-04 6.24479e-03 0.00000e+00
5.460000 3.25295e-04 6.04180e-03 0.00000e+00
5.470000 3.89488e-04 5.78598e-03 0.00000e+00
5.480000 4.68047e-04 5.26177e-03 0.00000e+00
5.490000 5.08848e-04 4.66710e-03 0.00000e+00
5.500000 5.71987e-04 4.21840e-03 0.00000e+00
5.510000 5.85403e-04 3.67811e-03 0.00000e+00
5.520000 6.40882e-04 3.02146e-03 0.00000e+00
5.530000 6.58406e-04 2.35683e-03 0.00000e+00
5.540000 6.74870e-04 1.63861e-03 0.00000e+00
5.550000 6.81993e-04 9.46810e-04 0.00000e+00
5.560000 6.73674e-04 3.56097e-04 0.00000e+00
5.570000 6.93749e-04 -1.50746e-04 0.00000e+00
5.580000 6.86162e-04 -7.15976e-04 0.00000e+00
5.590000 6.97451e-04 -1.31975e-03 0.00000e+00
5.600000 6.79435e-04 -1.88350e-03 0.00000e+00
5.610000 6.55721e-04 -2.39850e-03 0.00000e+00
5.620000 5.99748e-04 -2.79878e-03 0.00000e+00
5.630000 5.65236e-04 -3.16481e-03 0.00000e+00
5.640000 5.08501e-04 -3.55588e-03 0.00000e+00
5.650000 4.67573e-04 -3.74529e-03 0.00000e+00
5.660000 4.51359e-04 -3.81947e-03 0.00000e+00
5.670000 4.12092e-04 -3.85793e-03 0.00000e+00
5.680000 3.56844e-04 -3.91924e-03 0.00000e+00
5.690000 3.37465e-04 -3.87910e-03 0.00000e+00
5.700000 2.85717e-04 -3.71166e-03 0.00000e+00
5.710000 2.55565e-04 -3.56693e-03 0.00000e+00
5.720000 2.29711e-04 -3.32500e-03 0.00000e+00
5.730000 1.96246e-04 -3.06384e-03 0.00000e+00
5.740000 1.50924e-04 -2.67271e-03 0.00000e+00
5.750000 1.05457e-04 -2.23038e-03 0.00000e+00
5.760000 7.82371e-05 -1.75044e-03 0.00000e+00
5.770000 6.39132e-05 -1.27950e-03 0.00000e+00
5.780000 6.41933e-05 -9.14357e-04 0.00000e+00
5.790000 6.62468e-05 -5.30922e-04 0.00000e+00
5.800000 4.74874e-05 -1.30754e-04 0.00000e+00
5.810000 5.35924e-05 2.18062e-04 0.00000e+00
5.820000 9.08587e-05 5.87033e-04 0.00000e+00
5.830000 8.47013e-05 1.13452e-03 0.00000e+00
5.840000 9.91887e-05 1.68353e-03 0.00000e+00
5.850000 1.10565e-04 2.03811e-03 0.00000e+00
5.860000 1.60439e-04 2.45915e-03 0.00000e+00
5.870000 1.69339e-04 2.88211e-03 0.00000e+00
5.880000 2.15289e-04 3.14649e-03 0.00000e+00
5.890000 2.44193e-04 3.47697e-03 0.00000e+00
5.900000 2.76471e-04 3.77727e-03 0.00000e+00
5.910000 3.05935e-04 3.87308e-03 0.00000e+00
5.920000 3.20040e-04 3.78766e-03 0.00000e+00
5.930000 3.55234e-04 3.64370e-03 0.00000e+00
5.940000 3.71168e-04 3.46319e-03 0.00000e+00
5.950000 4.27954e-04 3.27964e-03 0.00000e+00
5.960000 4.87185e-04 3.05865e-03 0.00000e+00
5.970000 5.16140e-04 2.67163e-03 0.00000e+00
5.980000 5.59557e-04 2.17911e-03 0.00000e+00
5.990000 6.10895e-04 1.75993e-03 0.00000e+00
6.000000 6.34225e-04 1.23524e-03 0.00000e+00
6.010000 6.30474e-04 4.97886e-04 0.00000e+00
6.020000 6.36189e-04 -2.43727e-04 0.00000e+00
6.030000 6.60013e-04 -8.79000e-04 0.00000e+00
6.040000 6.24821e-04 -1.58900e-03 0.00000e+00
6.050000 6.12583e-04 -2.31739e-03 0.00000e+00
6.060000 5.97687e-04 -2.94104e-03 0.00000e+00
6.070000 5.35450e-04 -3.66684e-03 0.00000e+00
6.080000 4.76028e-04 -4.41467e-03 0.00000e+00
6.090000 4.27137e-04 -5.19928e-03 0.00000e+00
6.100000 3.76985e-04 -5.94206e-03 0.00000e+00
6.110000 3.10491e-04 -6.59335e-03 0.00000e+00
6.120000 2.49232e-04 -7.09775e-03 0.00000e+00
6.130000 1.56971e-04 -7.37008e-03 0.00000e+00
6.140000 7.69154e-05 -7.68206e-03 0.00000e+00
6.150000 -9.40405e-06 -7.98224e-03 0.00000e+00
6.160000 -8.69455e-05 -8.02645e-03 0.00000e+00
6.170000 -1.93013e-04 -7.91140e-03 0.00000e+00
6.180000 -2.68385e-04 -7.85156e-03 0.00000e+00
6.190000 -3.27796e-04 -7.74525e-03 0.00000e+00
6.200000 -4.04663e-04 -7.37346e-03 0.00000e+00
6.210000 -4.93088e-04 -7.03580e-03 0.00000e+00
6.220000 -5.45275e-04 -6.67753e-03 0.00000e+00
6.230000 -6.30218e-04 -6.06141e-03 0.00000e+00
6.240000 -7.10014e-04 -5.49585e-03 0.00000e+00
6.250000 -7.53740e-04 -5.03482e-03 0.00000e+00
6.260000 -8.03985e-04 -4.52903e-03 0.00000e+00
6.270000 -8.22211e-04 -3.92648e-03 0.00000e+00
6.280000 -8.53000e-04 -3.28265e-03 0.00000e+00
6.290000 -8.73539e-04 -2.52628e-03 0.00000e+00
6.300000 -9.08452e-04 -1.75021e-03 0.00000e+00
6.310000 -9.41959e-04 -1.08030e-03 0.00000e+00
6.320000 -9.24373e-04 -3.90719e-04 0.00000e+00
6.330000 -9.07009e-04 3.42965e-04 0.00000e+00
6.340000 -9.07102e-04 1.02424e-03 0.00000e+00
6.350000 -9.08769e-04 1.67944e-03 0.00000e+00
6.360000 -8.70277e-04 2.44451e-03 0.00000e+00
6.370000 -8.44128e-04 3.17203e-03 0.00000e+00
6.380000 -8.33636e-04 3.74673e-03 0.00000e+00
6.390000 -7.65279e-04 4.37831e-03 0.00000e+00
6.400000 -7.36938e-04 4.92458e-03 0.00000e+00
6.410000 -7.12477e-04 5.30628e-03 0.00000e+00
6.420000 -6.64542e-04 5.79744e-03 0.00000e+00
6.430000 -5.96994e-04 6.22402e-03 0.00000e+00
6.440000 -5.14437e-04 6.59456e-03 0.00000e+00
6.450000 -4.34745e-04 6.93040e-03 0.00000e+00
6.460000 -3.43748e-04 7.17135e-03 0.00000e+00
6.470000 -2.93893e-04 7.35963e-03 0.00000e+00
6.480000 -2.20814e-04 7.39171e-03 0.00000e+00
6.490000 -1.31401e-04 7.40265e-03 0.00000e+00
6.500000 -5.31805e-05 7.44640e-03 0.00000e+00
6.510000 2.09747e-05 7.34993e-03 0.00000e+00
6.520000 9.61606e-05 6.99197e-03 0.00000e+00
6.530000 1.68397e-04 6.58219e-03 0.00000e+00
6.540000 2.21388e-04 6.18154e-03 0.00000e+00
6.550000 2.90061e-04 5.60192e-03 0.00000e+00
6.560000 3.58479e-04 5.05713e-03 0.00000e+00
6.570000 3.90683e-04 4.44630e-03 0.00000e+00
6.580000 4.62666e-04 3.55053e-03 0.00000e+00
6.590000 4.97560e-04 2.56199e-03 0.00000e+00
6.600000 5.02617e-04 1.65071e-03 0.00000e+00
6.610000 5.37334e-04 8.77960e-04 0.00000e+00
6.620000 5.39423e-04 1.39022e-04 0.00000e+00
6.630000 5.57075e-04 -5.63981e-04 0.00000e+00
6.640000 5.45091e-04 -1.34716e-03 0.00000e+00
6.650000 5.16968e-04 -2.23181e-03 0.00000e+00
6.660000 4.86459e-04 -2.99621e-03 0.00000e+00
6.670000 4.43487e-04 -3.67819e-03 0.00000e+00
6.680000 3.80414e-04 -4.31653e-03 0.00000e+00
6.690000 3.15707e-04 -4.83427e-03 0.00000e+00
6.700000 2.84224e-04 -5.26771e-03 0.00000e+00
6.710000 2.20637e-04 -5.68024e-03 0.00000e+00
6.720000 1.58698e-04 -5.92384e-03 0.00000e+00
6.730000 9.45663e-05 -5.92560e-03 0.00000e+00
6.740000 3.81735e-06 -5.89583e-03 0.00000e+00
6.750000 -5.82616e-05 -5.71122e-03 0.00000e+00
6.760000 -9.97258e-05 -5.31582e-03 0.00000e+00
6.770000 -1.26938e-04 -4.94076e-03 0.00000e+00
6.780000 -1.73276e-04 -4.45949e-03 0.00000e+00
6.790000 -2.33450e-04 -3.82894e-03 0.00000e+00
6.800000 -2.80762e-04 -3.04183e-03 0.00000e+00
6.810000 -3.39176e-04 -2.13174e-03 0.00000e+00
6.820000 -3.64424e-04 -1.31169e-03 0.00000e+00
6.830000 -3.71739e-04 -4.79969e-04 0.00000e+00
6.840000 -3.75055e-04 4.29373e-04 0.00000e+00
6.850000 -3.62190e-04 1.25316e-03 0.00000e+00
6.860000 -3.40177e-04 2.03500e-03 0.00000e+00
6.870000 -3.21671e-04 2.99156e-03 0.00000e+00
6.880000 -2.70017e-04 4.01515e-03 0.00000e+00
6.890000 -2.04013e-04 4.86897e-03 0.00000e+00
6.900000 -1.51395e-04 5.61465e-03 0.00000e+00
6.910000 -9.92836e-05 6.20683e-03 0.00000e+00
6.920000 -1.50606e-05 6.65956e-03 0.00000e+00
6.930000 5.31428e-05 7.16337e-03 0.00000e+00
6.940000 1.27701e-04 7.72809e-03 0.00000e+00
6.950000 2.15273e-04 8.15967e-03 0.00000e+00
6.960000 3.11713e-04 8.38555e-03 0.00000e+00
6.970000 3.98666e-04 8.48632e-03 0.00000e+00
6.980000 4.67836e-04 8.38214e-03 0.00000e+00
6.990000 5.32335e-04 8.09562e-03 0.00000e+00
7.000000 6.37251e-04 7.73084e-03 0.00000e+00
7.010000 7.11615e-04 7.28465e-03 0.00000e+00
7.020000 7.88322e-04 6.75463e-03 0.00000e+00
7.030000 8.80411e-04 6.08799e-03 0.00000e+00
7.040000 9.55616e-04 5.26552e-03 0.00000e+00
7.050000 9.86990e-04 4.42491e-03 0.00000e+00
7.060000 1.00553e-03 3.61308e-03 0.00000e+00
7.070000 1.04482e-03 2.62769e-03 0.00000e+00
7.080000 1.06691e-03 1.46609e-03 0.00000e+00
7.090000 1.09402e-03 3.74827e-04 0.00000e+00
7.100000 1.12000e-03 -6.63901e-04 0.00000e+00
7.110000 1.10915e-03 -1.81355e-03 0.00000e+00
7.120000 1.07417e-03 -3.01182e-03 0.00000e+00
7.130000 1.04507e-03 -4.08156e-03 0.00000e+00
7.140000 9.85757e-04 -5.05574e-03 0.00000e+00
7.150000 9.12095e-04 -6.12065e-03 0.00000e+00
7.160000 8.40334e-04 -7.22053e-03 0.00000e+00
7.170000 7.66265e-04 -8.10905e-03 0.00000e+00
7.180000 6.84953e-04 -8.91549e-03 0.00000e+00
7.190000 5.80291e-04 -9.68869e-03 0.00000e+00
7.200000 4.67810e-04 -1.01768e-02 0.00000e+00
7.210000 3.67972e-04 -1.04901e-02 0.00000e+00
7.220000 2.59143e-04 -1.08560e-02 0.00000e+00
7.230000 1.28417e-04 -1.12164e-02 0.00000e+00
7.240000 -7.39134e-06 -1.13976e-02 0.00000e+00
7.250000 -1.03803e-04 -1.14065e-02 0.00000e+00
7.260000 -2.05300e-04 -1.12359e-02 0.00000e+00
7.270000 -3.27359e-04 -1.08647e-02 0.00000e+00
7.280000 -4.56765e-04 -1.03662e-02 0.00000e+00
7.290000 -5.49095e-04 -9.78624e-03 0.00000e+00
7.300000 -6.30177e-04 -9.12275e-03 0.00000e+00
7.310000 -7.37638e-04 -8.41098e-03 0.00000e+00
7.320000 -8.36713e-04 -7.64788e-03 0.00000e+00
7.330000 -8.95934e-04 -6.77978e-03 0.00000e+00
7.340000 -9.57524e-04 -5.81698e-03 0.00000e+00
7.350000 -1.02490e-03 -4.80757e-03 0.00000e+00
7.360000 -1.04453e-03 -3.75717e-03 0.00000e+00
7.370000 -1.07208e-03 -2.68684e-03 0.00000e+00
7.380000 -1.11901e-03 -1.55450e-03 0.00000e+00
7.390000 -1.13854e-03 -4.01009e-04 0.00000e+00
7.400000 -1.12694e-03 6.33717e-04 0.00000e+00
7.410000 -1.11252e-03 1.58929e-03 0.00000e+00
7.420000 -1.08170e-03 2.63598e-03 0.00000e+00
7.430000 -1.04103e-03 3.74610e-03 0.00000e+00
7.440000 -9.99037e-04 4.67340e-03 0.00000e+00
7.450000 -9.38118e-04 5.45146e-03 0.00000e+00
7.460000 -8.85082e-04 6.25863e-03 0.00000e+00
7.470000 -8.29747e-04 7.06844e-03 0.00000e+00
7.480000 -7.51512e-04 7.66320e-03 0.00000e+00
7.490000 -6.61502e-04 8.09833e-03 0.00000e+00
7.500000 -5.78617e-04 8.61069e-03 0.00000e+00
7.510000 -4.89171e-04 9.02435e-03 0.00000e+00
7.520000 -3.95603e-04 9.15510e-03 0.00000e+00
7.530000 -2.84507e-04 9.23923e-03 0.00000e+00
7.540000 -1.97089e-04 9.29476e-03 0.00000e+00
7.550000 -1.01013e-04 9.08489e-03 0.00000e+00
7.560000 -2.62804e-05 8.65605e-03 0.00000e+00
7.570000 6.77249e-05 8.19832e-03 0.00000e+00
7.580000 1.63274e-04 7.68783e-03 0.00000e+00
7.590000 2.50459e-04 7.05335e-03 0.00000e+00
7.600000 3.09214e-04 6.31374e-03 0.00000e+00
7.610000 3.66556e-04 5.43789e-03 0.00000e+00
7.620000 4.44039e-04 4.51377e-03 0.00000e+00
7.630000 4.89896e-04 3.52410e-03 0.00000e+00
7.640000 5.16255e-04 2.39931e-03 0.00000e+00
7.650000 5.37362e-04 1.28386e-03 0.00000e+00
7.660000 5.75577e-04 1.89307e-04 0.00000e+00
7.670000 5.69056e-04 -1.01555e-03 0.00000e+00
7.680000 5.20377e-04 -2.25449e-03 0.00000e+00
7.690000 4.92810e-04 -3.43824e-03 0.00000e+00
7.700000 4.66334e-04 -4.54704e-03 0.00000e+00
7.710000 4.03416e-04 -5.58151e-03 0.00000e+00
7.720000 3.31264e-04 -6.57620e-03 0.00000e+00
7.730000 2.60791e-04 -7.49858e-03 0.00000e+00
7.740000 1.92806e-04 -8.25609e-03 0.00000e+00
7.750000 9.65828e-05 -8.81172e-03 0.00000e+00
7.760000 -3.17454e-06 -9.22651e-03 0.00000e+00
7.770000 -1.07400e-04 -9.56006e-03 0.00000e+00
7.780000 -2.07574e-04 -9.76439e-03 0.00000e+00
7.790000 -3.01699e-04 -9.71477e-03 0.00000e+00
7.800000 -4.14863e-04 -9.46384e-03 0.00000e+00
7.810000 -5.16623e-04 -9.12213e-03 0.00000e+00
7.820000 -6.14666e-04 -8.62767e-03 0.00000e+00
7.830000 -7.29271e-04 -7.79262e-03 0.00000e+00
7.840000 -8.23127e-04 -6.80760e-03 0.00000e+00
7.850000 -8.82712e-04 -5.95371e-03 0.00000e+00
7.860000 -9.43658e-04 -4.98565e-03 0.00000e+00
7.870000 -9.87268e-04 -3.75726e-03 0.00000e+00
7.880000 -1.01401e-03 -2.44802e-03 0.00000e+00
7.890000 -1.03638e-03 -1.08839e-03 0.00000e+00
7.900000 -1.02535e-03 3.64963e-04 0.00000e+00
7.910000 -1.01316e-03 1.90016e-03 0.00000e+00
7.920000 -9.93348e-04 3.43358e-03 0.00000e+00
7.930000 -9.57062e-04 4.83547e-03 0.00000e+00
7.940000 -8.99585e-04 6.21599e-03 0.00000e+00
7.950000 -8.21481e-04 7.60804e-03 0.00000e+00
7.960000 -7.36966e-04 8.88997e-03 0.00000e+00
7.970000 -6.36258e-04 1.00656e-02 0.00000e+00
7.980000 -5.28220e-04 1.11493e-02 0.00000e+00
7.990000 -3.94758e-04 1.20785e-02 0.00000e+00
8.000000 -2.61575e-04 1.28067e-02 0.00000e+00
8.010000 -1.59614e-04 1.33238e-02 0.00000e+00
8.020000 -1.74819e-05 1.37728e-02 0.00000e+00
8.030000 1.55975e-04 1.41269e-02 0.00000e+00
8.040000 3.12800e-04 1.42968e-02 0.00000e+00
8.050000 4.69853e-04 1.44020e-02 0.00000e+00
8.060000 6.25450e-04 1.43064e-02 0.00000e+00
8.070000 7.64223e-04 1.39894e-02 0.00000e+00
8.080000 8.99583e-04 1.34924e-02 0.00000e+00
8.090000 1.02303e-03 1.27936e-02 0.00000e+00
8.100000 1.13713e-03 1.19299e-02 0.00000e+00
8.110000 1.27813e-03 1.08993e-02 0.00000e+00
8.120000 1.36872e-03 9.72963e-03 0.00000e+00
8.130000 1.45986e-03 8.43394e-03 0.00000e+00
8.140000 1.55627e-03 7.07687e-03 0.00000e+00
8.150000 1.61850e-03 5.60826e-03 0.00000e+00
8.160000 1.66448e-03 4.03778e-03 0.00000e+00
8.170000 1.71504e-03 2.44225e-03 0.00000e+00
8.180000 1.73271e-03 7.08863e-04 0.00000e+00
8.190000 1.76412e-03 -1.07717e-03 0.00000e+00
8.200000 1.74337e-03 -2.73056e-03 0.00000e+00
8.210000 1.72371e-03 -4.31998e-03 0.00000e+00
8.220000 1.67002e-03 -5.84119e-03 0.00000e+00
8.230000 1.57103e-03 -7.26442e-03 0.00000e+00
8.240000 1.48075e-03 -8.73704e-03 0.00000e+00
8.250000 1.37588e-03 -1.01861e-02 0.00000e+00
8.260000 1.26713e-03 -1.14450e-02 0.00000e+00
8.270000 1.13110e-03 -1.25728e-02 0.00000e+00
8.280000 9.89479e-04 -1.34755e-02 0.00000e+00
8.290000 8.43056e-04 -1.42323e-02 0.00000e+00
8.300000 6.97932e-04 -1.49416e-02 0.00000e+00
8.310000 5.42019e-04 -1.53906e-02 0.00000e+00
8.320000 3.61241e-04 -1.56624e-02 0.00000e+00
8.330000 2.03511e-04 -1.58001e-02 0.00000e+00
8.340000 4.55509e-05 -1.56814e-02 0.00000e+00
8.350000 -1.11971e-04 -1.53718e-02 0.00000e+00
8.360000 -2.64842e-04 -1.47539e-02 0.00000e+00
8.370000 -4.07827e-04 -1.38632e-02 0.00000e+00
8.380000 -5.44845e-04 -1.28227e-02 0.00000e+00
8.390000 -6.70325e-04 -1.16530e-02 0.00000e+00
8.400000 -8.11631e-04 -1.05449e-02 0.00000e+00
8.410000 -9.33114e-04 -9.39505e-03 0.00000e+00
8.420000 -1.00179e-03 -8.00026e-03 0.00000e+00
8.430000 -1.06544e-03 -6.42870e-03 0.00000e+00
8.440000 -1.13945e-03 -4.86603e-03 0.00000e+00
8.450000 -1.18381e-03 -3.35833e-03 0.00000e+00
8.460000 -1.23155e-03 -1.85192e-03 0.00000e+00
8.470000 -1.24037e-03 -2.51465e-04 0.00000e+00
8.480000 -1.22519e-03 1.41193e-03 0.00000e+00
8.490000 -1.20409e-03 2.98601e-03 0.00000e+00
8.500000 -1.14572e-03 4.47821e-03 0.00000e+00
8.510000 -1.08052e-03 5.95387e-03 0.00000e+00
8.520000 -9.94940e-04 7.33861e-03 0.00000e+00
8.530000 -8.85133e-04 8.57685e-03 0.00000e+00
8.540000 -8.03078e-04 9.65228e-03 0.00000e+00
8.550000 -7.13631e-04 1.06093e-02 0.00000e+00
8.560000 -6.24825e-04 1.14208e-02 0.00000e+00
8.570000 -5.12264e-04 1.19728e-02 0.00000e+00
8.580000 -3.67647e-04 1.23309e-02 0.00000e+00
8.590000 -2.13588e-04 1.26522e-02 0.00000e+00
8.600000 -1.03921e-04 1.28419e-02 0.00000e+00
8.610000 1.30177e-05 1.27019e-02 0.00000e+00
8.620000 1.42066e-04 1.22913e-02 0.00000e+00
8.630000 2.87787e-04 1.16034e-02 0.00000e+00
8.640000 4.34767e-04 1.07462e-02 0.00000e+00
8.650000 5.47638e-04 9.79519e-03 0.00000e+00
8.660000 6.48097e-04 8.66992e-03 0.00000e+00
8.670000 7.33459e-04 7.54080e-03 0.00000e+00
8.680000 8.16618e-04 6.32777e-03 0.00000e+00
8.690000 8.66281e-04 4.99942e-03 0.00000e+00
8.700000 9.11008e-04 3.69284e-03 0.00000e+00
8.710000 9.38301e-04 2.21285e-03 0.00000e+00
8.720000 9.69065e-04 5.15808e-04 0.00000e+00
8.730000 9.53654e-04 -1.30457e-03 0.00000e+00
8.740000 9.44145e-04 -3.14146e-03 0.00000e+00
8.750000 9.08752e-04 -4.83815e-03 0.00000e+00
8.760000 8.42725e-04 -6.34124e-03 0.00000e+00
8.770000 7.36984e-04 -7.86134e-03 0.00000e+00
8.780000 6.32451e-04 -9.46066e-03 0.00000e+00
8.790000 5.18896e-04 -1.09225e-02 0.00000e+00
8.800000 4.04540e-04 -1.21911e-02 0.00000e+00
8.810000 2.99354e-04 -1.31770e-02 0.00000e+00
8.820000 1.61265e-04 -1.39941e-02 0.00000e+00
8.830000 3.56039e-05 -1.47272e-02 0.00000e+00
8.840000 -1.04378e-04 -1.53005e-02 0.00000e+00
8.850000 -2.91186e-04 -1.56969e-02 0.00000e+00
8.860000 -4.46155e-04 -1.59426e-02 0.00000e+00
8.870000 -6.35036e-04 -1.59691e-02 0.00000e+00
8.880000 -8.25183e-04 -1.57217e-02 0.00000e+00
8.890000 -9.94005e-04 -1.52103e-02 0.00000e+00
8.900000 -1.14705e-03 -1.45198e-02 0.00000e+00
8.910000 -1.27834e-03 -1.36261e-02 0.00000e+00
8.920000 -1.40627e-03 -1.24952e-02 0.00000e+00
8.930000 -1.52878e-03 -1.12655e-02 0.00000e+00
8.940000 -1.66476e-03 -9.95914e-03 0.00000e+00
8.950000 -1.76183e-03 -8.56711e-03 0.00000e+00
8.960000 -1.83544e-03 -7.00200e-03 0.00000e+00
8.970000 -1.89591e-03 -5.24027e-03 0.00000e+00
8.980000 -1.92481e-03 -3.25770e-03 0.00000e+00
8.990000 -1.97201e-03 -1.22379e-03 0.00000e+00
9.000000 -1.97642e-03 8.84452e-04 0.00000e+00
9.010000 -1.96843e-03 3.19974e-03 0.00000e+00
9.020000 -1.92652e-03 5.44886e-03 0.00000e+00
9.030000 -1.85892e-03 7.61157e-03 0.00000e+00
9.040000 -1.75269e-03 9.70964e-03 0.00000e+00
9.050000 -1.65257e-03 1.16323e-02 0.00000e+00
9.060000 -1.52612e-03 1.34836e-02 0.00000e+00
9.070000 -1.39282e-03 1.52855e-02 0.00000e+00
9.080000 -1.22317e-03 1.70023e-02 0.00000e+00
9.090000 -1.06162e-03 1.85509e-02 0.00000e+00
9.100000 -8.65882e-04 1.98647e-02 0.00000e+00
9.110000 -6.57764e-04 2.08349e-02 0.00000e+00
9.120000 -4.34745e-04 2.15239e-02 0.00000e+00
9.130000 -1.87564e-04 2.20951e-02 0.00000e+00
9.140000 5.55345e-05 2.23897e-02 0.00000e+00
9.150000 2.98061e-04 2.24292e-02 0.00000e+00
9.160000 5.29350e-04 2.21886e-02 0.00000e+00
9.170000 7.94508e-04 2.16618e-02 0.00000e+00
9.180000 1.02600e-03 2.08188e-02 0.00000e+00
9.190000 1.22335e-03 1.96888e-02 0.00000e+00
9.200000 1.41931e-03 1.83811e-02 0.00000e+00
9.210000 1.60786e-03 1.68986e-02 0.00000e+00
9.220000 1.77880e-03 1.52134e-02 0.00000e+00
9.230000 1.93570e-03 1.32700e-02 0.00000e+00
9.240000 2.05690e-03 1.11246e-02 0.00000e+00
9.250000 2.15302e-03 8.91601e-03 0.00000e+00
9.260000 2.21510e-03 6.59976e-03 0.00000e+00
9.270000 2.26499e-03 4.13048e-03 0.00000e+00
9.280000 2.28095e-03 1.60022e-03 0.00000e+00
9.290000 2.30267e-03 -1.03446e-03 0.00000e+00
9.300000 2.28371e-03 -3.54896e-03 0.00000e+00
9.310000 2.22399e-03 -5.91441e-03 0.00000e+00
9.320000 2.16681e-03 -8.26124e-03 0.00000e+00
9.330000 2.06729e-03 -1.05286e-02 0.00000e+00
9.340000 1.94481e-03 -1.25279e-02 0.00000e+00
9.350000 1.78371e-03 -1.42833e-02 0.00000e+00
9.360000 1.64885e-03 -1.59817e-02 0.00000e+00
9.370000 1.46768e-03 -1.75634e-02 0.00000e+00
9.380000 1.28704e-03 -1.88903e-02 0.00000e+00
9.390000 1.07832e-03 -1.99673e-02 0.00000e+00
9.400000 8.65727e-04 -2.08241e-02 0.00000e+00
9.410000 6.50731e-04 -2.14219e-02 0.00000e+00
9.420000 4.35733e-04 -2.17125e-02 0.00000e+00
9.430000 1.80053e-04 -2.17185e-02 0.00000e+00
9.440000 -5.60238e-05 -2.15180e-02 0.00000e+00
9.450000 -2.93244e-04 -2.10259e-02 0.00000e+00
9.460000 -5.02744e-04 -2.01589e-02 0.00000e+00
9.470000 -6.75293e-04 -1.89932e-02 0.00000e+00
9.480000 -8.79742e-04 -1.76779e-02 0.00000e+00
9.490000 -1.05742e-03 -1.61201e-02 0.00000e+00
9.500000 -1.20808e-03 -1.42697e-02 0.00000e+00
9.510000 -1.34265e-03 -1.23010e-02 0.00000e+00
9.520000 -1.48131e-03 -1.02731e-02 0.00000e+00
9.530000 -1.59468e-03 -8.02905e-03 0.00000e+00
9.540000 -1.68054e-03 -5.69599e-03 0.00000e+00
9.550000 -1.72348e-03 -3.29334e-03 0.00000e+00
9.560000 -1.75632e-03 -7.31056e-04 0.00000e+00
9.570000 -1.74189e-03 1.82603e-03 0.00000e+00
9.580000 -1.69226e-03 4.33827e-03 0.00000e+00
9.590000 -1.61848e-03 6.84963e-03 0.00000e+00
9.600000 -1.54419e-03 9.18935e-03 0.00000e+00
9.610000 -1.44187e-03 1.12593e-02 0.00000e+00
9.620000 -1.29034e-03 1.31217e-02 0.00000e+00
9.630000 -1.14896e-03 1.48562e-02 0.00000e+00
9.640000 -9.86001e-04 1.66351e-02 0.00000e+00
9.650000 -8.11677e-04 1.81441e-02 0.00000e+00
9.660000 -6.04301e-04 1.92671e-02 0.00000e+00
9.670000 -3.99015e-04 2.01671e-02 0.00000e+00
9.680000 -2.02401e-04 2.08252e-02 0.00000e+00
9.690000 2.49960e-05 2.11441e-02 0.00000e+00
9.700000 2.53996e-04 2.10929e-02 0.00000e+00
9.710000 4.70891e-04 2.07129e-02 0.00000e+00
9.720000 7.26097e-04 2.00622e-02 0.00000e+00
9.730000 9.32577e-04 1.91156e-02 0.00000e+00
9.740000 1.11883e-03 1.79463e-02 0.00000e+00
9.750000 1.29263e-03 1.66323e-02 0.00000e+00
9.760000 1.46556e-03 1.51293e-02 0.00000e+00
9.770000 1.58633e-03 1.33516e-02 0.00000e+00
9.780000 1.71531e-03 1.12937e-02 0.00000e+00
9.790000 1.82949e-03 9.19639e-03 0.00000e+00
9.800000 1.94784e-03 6.92464e-03 0.00000e+00
9.810000 2.00844e-03 4.41107e-03 0.00000e+00
9.820000 2.01024e-03 1.76258e-03 0.00000e+00
9.830000 2.01881e-03 -8.70422e-04 0.00000e+00
9.840000 1.99474e-03 -3.48124e-03 0.00000e+00
9.850000 1.95082e-03 -6.23586e-03 0.00000e+00
9.860000 1.86564e-03 -8.91267e-03 0.00000e+00
9.870000 1.76286e-03 -1.14322e-02 0.00000e+00
9.880000 1.63050e-03 -1.38854e-02 0.00000e+00
9.890000 1.49145e-03 -1.60385e-02 0.00000e+00
9.900000 1.32180e-03 -1.79445e-02 0.00000e+00
9.910000 1.15024e-03 -1.98081e-02 0.00000e+00
9.920000 9.26165e-04 -2.15270e-02 0.00000e+00
9.930000 6.99707e-04 -2.29618e-02 0.00000e+00
9.940000 4.32740e-04 -2.42103e-02 0.00000e+00
9.950000 1.80540e-04 -2.52755e-02 0.00000e+00
9.960000 -9.17567e-05 -2.59869e-02 0.00000e+00
9.970000 -3.93423e-04 -2.62534e-02 0.00000e+00
9.980000 -6.68214e-04 -2.62136e-02 0.00000e+00
9.990000 -9.44251e-04 -2.60552e-02 0.00000e+00
10.000000 -1.19398e-03 -2.55640e-02 0.00000e+00
10.010000 -1.47525e-03 -2.47300e-02 0.00000e+00
10.020000 -1.72147e-03 -2.36068e-02 0.00000e+00
10.030000 -1.93599e-03 -2.21420e-02 0.00000e+00
10.040000 -2.15639e-03 -2.03845e-02 0.00000e+00
10.050000 -2.34211e-03 -1.83727e-02 0.00000e+00
10.060000 -2.50516e-03 -1.60934e-02 0.00000e+00
10.070000 -2.68017e-03 -1.35526e-02 0.00000e+00
10.080000 -2.82513e-03 -1.07656e-02 0.00000e+00
10.090000 -2.93213e-03 -7.83012e-03 0.00000e+00
10.100000 -3.00422e-03 -4.76492e-03 0.00000e+00
10.110000 -3.06410e-03 -1.64484e-03 0.00000e+00
10.120000 -3.06898e-03 1.48792e-03 0.00000e+00
10.130000 -3.03649e-03 4.69288e-03 0.00000e+00
10.140000 -2.97091e-03 7.78781e-03 0.00000e+00
10.150000 -2.89860e-03 1.07834e-02 0.00000e+00
10.160000 -2.76421e-03 1.37759e-02 0.00000e+00
10.170000 -2.60104e-03 1.67157e-02 0.00000e+00
10.180000 -2.41849e-03 1.93897e-02 0.00000e+00
10.190000 -2.18535e-03 2.18494e-02 0.00000e+00
10.200000 -1.93284e-03 2.42640e-02 0.00000e+00
10.210000 -1.67428e-03 2.63438e-02 0.00000e+00
10.220000 -1.39082e-03 2.80539e-02 0.00000e+00
10.230000 -1.08821e-03 2.95636e-02 0.00000e+00
10.240000 -7.69852e-04 3.06451e-02 0.00000e+00
10.250000 -4.47809e-04 3.12027e-02 0.00000e+00
10.260000 -1.19334e-04 3.13557e-02 0.00000e+00
10.270000 2.10240e-04 3.11199e-02 0.00000e+00
10.280000 5.20199e-04 3.04525e-02 0.00000e+00
10.290000 8.42657e-04 2.94056e-02 0.00000e+00
10.300000 1.15320e-03 2.81286e-02 0.00000e+00
10.310000 1.44115e-03 2.65894e-02 0.00000e+00
10.320000 1.72227e-03 2.46428e-02 0.00000e+00
10.330000 1.98979e-03 2.24220e-02 0.00000e+00
10.340000 2.20708e-03 1.99901e-02 0.00000e+00
10.350000 2.40448e-03 1.73064e-02 0.00000e+00
10.360000 2.59356e-03 1.45429e-02 0.00000e+00
10.370000 2.71816e-03 1.17201e-02 0.00000e+00
10.380000 2.78841e-03 8.69241e-03 0.00000e+00
10.390000 2.86639e-03 5.52469e-03 0.00000e+00
10.400000 2.89486e-03 2.34640e-03 0.00000e+00
10.410000 2.86369e-03 -7.65562e-04 0.00000e+00
10.420000 2.82007e-03 -3.76203e-03 0.00000e+00
10.430000 2.75300e-03 -6.62287e-03 0.00000e+00
10.440000 2.66571e-03 -9.41469e-03 0.00000e+00
10.450000 2.55910e-03 -1.21015e-02 0.00000e+00
10.460000 2.43243e-03 -1.45234e-02 0.00000e+00
10.470000 2.28957e-03 -1.67077e-02 0.00000e+00
10.480000 2.09362e-03 -1.87001e-02 0.00000e+00
10.490000 1.88431e-03 -2.04440e-02 0.00000e+00
10.500000 1.67024e-03 -2.18960e-02 0.00000e+00
10.510000 1.42738e-03 -2.31059e-02 0.00000e+00
10.520000 1.19935e-03 -2.40441e-02 0.00000e+00
10.530000 9.47656e-04 -2.45795e-02 0.00000e+00
10.540000 6.75693e-04 -2.48498e-02 0.00000e+00
10.550000 3.95466e-04 -2.50493e-02 0.00000e+00
10.560000 1.47536e-04 -2.49262e-02 0.00000e+00
10.570000 -1.00188e-04 -2.44452e-02 0.00000e+00
10.580000 -3.27346e-04 -2.38715e-02 0.00000e+00
10.590000 -5.66395e-04 -2.30876e-02 0.00000e+00
10.600000 -7.96964e-04 -2.19795e-02 0.00000e+00
10.610000 -1.03636e-03 -2.06393e-02 0.00000e+00
10.620000 -1.21033e-03 -1.90256e-02 0.00000e+00
10.630000 -1.40565e-03 -1.70949e-02 0.00000e+00
10.640000 -1.57912e-03 -1.49038e-02 0.00000e+00
10.650000 -1.73210e-03 -1.26696e-02 0.00000e+00
10.660000 -1.85301e-03 -1.03656e-02 0.00000e+00
10.670000 -1.95459e-03 -7.85717e-03 0.00000e+00
10.680000 -2.01329e-03 -5.28812e-03 0.00000e+00
10.690000 -2.05638e-03 -2.63403e-03 0.00000e+00
10.700000 -2.07148e-03 7.75142e-05 0.00000e+00
10.710000 -2.08581e-03 2.72567e-03 0.00000e+00
10.720000 -2.04915e-03 5.29393e-03 0.00000e+00
10.730000 -1.96961e-03 7.92775e-03 0.00000e+00
10.740000 -1.88562e-03 1.06175e-02 0.00000e+00
10.750000 -1.77135e-03 1.32304e-02 0.00000e+00
10.760000 -1.60335e-03 1.57069e-02 0.00000e+00
10.770000 -1.43283e-03 1.78958e-02 0.00000e+00
10.780000 -1.23502e-03 1.97395e-02 0.00000e+00
10.790000 -1.00640e-03 2.14018e-02 0.00000e+00
10.800000 -7.73537e-04 2.28342e-02 0.00000e+00
10.810000 -5.47095e-04 2.39040e-02 0.00000e+00
10.820000 -3.08528e-04 2.47021e-02 0.00000e+00
10.830000 -2.71505e-05 2.51531e-02 0.00000e+00
10.840000 2.34706e-04 2.52380e-02 0.00000e+00
10.850000 4.98767e-04 2.50872e-02 0.00000e+00
10.860000 7.70672e-04 2.46267e-02 0.00000e+00
10.870000 1.03108e-03 2.38151e-02 0.00000e+00
10.880000 1.29619e-03 2.26228e-02 0.00000e+00
10.890000 1.54408e-03 2.10197e-02 0.00000e+00
10.900000 1.78773e-03 1.92047e-02 0.00000e+00
10.910000 1.96933e-03 1.72020e-02 0.00000e+00
10.920000 2.13112e-03 1.49592e-02 0.00000e+00
10.930000 2.25457e-03 1.25620e-02 0.00000e+00
10.940000 2.34749e-03 1.00364e-02 0.00000e+00
10.950000 2.43471e-03 7.35215e-03 0.00000e+00
10.960000 2.50109e-03 4.60404e-03 0.00000e+00
10.970000 2.52850e-03 1.78528e-03 0.00000e+00
10.980000 2.53391e-03 -1.18035e-03 0.00000e+00
10.990000 2.50064e-03 -4.15028e-03 0.00000e+00
11.000000 2.42571e-03 -6.91614e-03 0.00000e+00
11.010000 2.34966e-03 -9.60768e-03 0.00000e+00
11.020000 2.24155e-03 -1.22435e-02 0.00000e+00
11.030000 2.08159e-03 -1.46908e-02 0.00000e+00
11.040000 1.91954e-03 -1.69554e-02 0.00000e+00
11.050000 1.71371e-03 -1.89791e-02 0.00000e+00
11.060000 1.50721e-03 -2.07785e-02 0.00000e+00
11.070000 1.30576e-03 -2.23093e-02 0.00000e+00
11.080000 1.07918e-03 -2.37008e-02 0.00000e+00
11.090000 8.17420e-04 -2.50046e-02 0.00000e+00
11.100000 5.49982e-04 -2.61452e-02 0.00000e+00
11.110000 2.78586e-04 -2.70720e-02 0.00000e+00
11.120000 -9.28126e-06 -2.76501e-02 0.00000e+00
11.130000 -2.91192e-04 -2.79293e-02 0.00000e+00
11.140000 -5.78839e-04 -2.79303e-02 0.00000e+00
11.150000 -8.49377e-04 -2.76070e-02 0.00000e+00
11.160000 -1.09938e-03 -2.70200e-02 0.00000e+00
11.170000 -1.36840e-03 -2.62616e-02 0.00000e+00
11.180000 -1.64274e-03 -2.52301e-02 0.00000e+00
11.190000 -1.87796e-03 -2.38451e-02 0.00000e+00
11.200000 -2.12364e-03 -2.22656e-02 0.00000e+00
11.210000 -2.34257e-03 -2.05015e-02 0.00000e+00
11.220000 -2.55948e-03 -1.85810e-02 0.00000e+00
11.230000 -2.75848e-03 -1.64675e-02 0.00000e+00
11.240000 -2.93194e-03 -1.39720e-02 0.00000e+00
11.250000 -3.09628e-03 -1.12264e-02 0.00000e+00
11.260000 -3.20499e-03 -8.48130e-03 0.00000e+00
11.270000 -3.28469e-03 -5.75180e-03 0.00000e+00
11.280000 -3.30690e-03 -2.91875e-03 0.00000e+00
11.290000 -3.32504e-03 -3.62644e-05 0.00000e+00
11.300000 -3.31251e-03 2.79140e-03 0.00000e+00
11.310000 -3.25312e-03 5.58577e-03 0.00000e+00
11.320000 -3.17779e-03 8.45580e-03 0.00000e+00
11.330000 -3.08181e-03 1.14221e-02 0.00000e+00
11.340000 -2.94739e-03 1.43360e-02 0.00000e+00
11.350000 -2.77426e-03 1.69872e-02 0.00000e+00
11.360000 -2.57640e-03 1.94951e-02 0.00000e+00
11.370000 -2.37345e-03 2.18192e-02 0.00000e+00
11.380000 -2.13977e-03 2.37930e-02 0.00000e+00
11.390000 -1.88507e-03 2.54539e-02 0.00000e+00
11.400000 -1.58968e-03 2.67775e-02 0.00000e+00
11.410000 -1.30326e-03 2.78256e-02 0.00000e+00
11.420000 -1.03621e-03 2.85179e-02 0.00000e+00
11.430000 -7.65669e-04 2.88926e-02 0.00000e+00
11.440000 -4.63033e-04 2.90009e-02 0.00000e+00
11.450000 -1.51163e-04 2.88783e-02 0.00000e+00
11.460000 1.48573e-04 2.84971e-02 0.00000e+00
11.470000 4.46425e-04 2.77165e-02 0.00000e+00
11.480000 7.68279e-04 2.66955e-02 0.00000e+00
11.490000 1.07224e-03 2.55442e-02 0.00000e+00
11.500000 1.33572e-03 2.40901e-02 0.00000e+00
11.510000 1.56827e-03 2.23722e-02 0.00000e+00
11.520000 1.76199e-03 2.05581e-02 0.00000e+00
11.530000 1.96339e-03 1.86183e-02 0.00000e+00
11.540000 2.10266e-03 1.64497e-02 0.00000e+00
11.550000 2.24175e-03 1.41183e-02 0.00000e+00
11.560000 2.36653e-03 1.17497e-02 0.00000e+00
11.570000 2.47437e-03 9.38508e-03 0.00000e+00
11.580000 2.55578e-03 7.01070e-03 0.00000e+00
11.590000 2.59905e-03 4.46851e-03 0.00000e+00
11.600000 2.63101e-03 1.79933e-03 0.00000e+00
11.610000 2.63166e-03 -7.32421e-04 0.00000e+00
11.620000 2.62137e-03 -3.06422e-03 0.00000e+00
11.630000 2.57369e-03 -5.30130e-03 0.00000e+00
11.640000 2.50871e-03 -7.48468e-03 0.00000e+00
11.650000 2.45020e-03 -9.38856e-03 0.00000e+00
11.660000 2.35576e-03 -1.09629e-02 0.00000e+00
11.670000 2.20892e-03 -1.24277e-02 0.00000e+00
11.680000 2.08304e-03 -1.38244e-02 0.00000e+00
11.690000 1.92377e-03 -1.52137e-02 0.00000e+00
11.700000 1.74423e-03 -1.64320e-02 0.00000e+00
11.710000 1.54913e-03 -1.75264e-02 0.00000e+00
11.720000 1.36781e-03 -1.85228e-02 0.00000e+00
11.730000 1.16735e-03 -1.92889e-02 0.00000e+00
11.740000 9.59640e-04 -1.97948e-02 0.00000e+00
11.750000 7.49310e-04 -2.00387e-02 0.00000e+00
11.760000 5.34686e-04 -2.02398e-02 0.00000e+00
11.770000 3.50040e-04 -2.02607e-02 0.00000e+00
11.780000 1.72843e-04 -2.00332e-02 0.00000e+00
11.790000 -2.43485e-05 -1.96552e-02 0.00000e+00
11.800000 -2.14611e-04 -1.90997e-02 0.00000e+00
11.810000 -3.98623e-04 -1.84423e-02 0.00000e+00
11.820000 -5.46304e-04 -1.75325e-02 0.00000e+00
11.830000 -7.34386e-04 -1.63214e-02 0.00000e+00
11.840000 -9.10353e-04 -1.51014e-02 0.00000e+00
11.850000 -1.08255e-03 -1.37782e-02 0.00000e+00
11.860000 -1.23426e-03 -1.23166e-02 0.00000e+00
11.870000 -1.34743e-03 -1.08544e-02 0.00000e+00
11.880000 -1.46744e-03 -9.30224e-03 0.00000e+00
11.890000 -1.54236e-03 -7.62774e-03 0.00000e+00
11.900000 -1.61596e-03 -5.91078e-03 0.00000e+00
11.910000 -1.64930e-03 -4.24287e-03 0.00000e+00
11.920000 -1.70375e-03 -2.50096e-03 0.00000e+00
11.930000 -1.73298e-03 -7.30727e-04 0.00000e+00
11.940000 -1.70121e-03 1.10333e-03 0.00000e+00
11.950000 -1.68864e-03 3.06807e-03 0.00000e+00
11.960000 -1.64480e-03 4.92172e-03 0.00000e+00
11.970000 -1.57735e-03 6.65857e-03 0.00000e+00
11.980000 -1.49943e-03 8.41549e-03 0.00000e+00
11.990000 -1.37414e-03 1.02102e-02 0.00000e+00
12.000000 -1.26614e-03 1.18495e-02 0.00000e+00
12.010000 -1.16236e-03 1.32250e-02 0.00000e+00
12.020000 -1.02025e-03 1.44194e-02 0.00000e+00
12.030000 -8.84718e-04 1.54731e-02 0.00000e+00
12.040000 -7.14769e-04 1.64057e-02 0.00000e+00
12.050000 -5.38135e-04 1.71660e-02 0.00000e+00
12.060000 -3.68644e-04 1.77819e-02 0.00000e+00
12.070000 -1.90308e-04 1.82655e-02 0.00000e+00
12.080000 5.49765e-06 1.86447e-02 0.00000e+00
12.090000 2.24152e-04 1.87484e-02 0.00000e+00
12.100000 4.04899e-04 1.85286e-02 0.00000e+00
12.110000 6.13343e-04 1.82992e-02 0.00000e+00
12.120000 7.87026e-04 1.78392e-02 0.00000e+00
12.130000 9.59342e-04 1.70645e-02 0.00000e+00
12.140000 1.14784e-03 1.61823e-02 0.00000e+00
12.150000 1.32419e-03 1.51295e-02 0.00000e+00
12.160000 1.46056e-03 1.40217e-02 0.00000e+00
12.170000 1.58847e-03 1.28263e-02 0.00000e+00
12.180000 1.70527e-03 1.13890e-02 0.00000e+00
12.190000 1.82108e-03 9.77275e-03 0.00000e+00
12.200000 1.91524e-03 7.98924e-03 0.00000e+00
12.210000 1.98494e-03 6.16913e-03 0.00000e+00
12.220000 2.05223e-03 4.34809e-03 0.00000e+00
12.230000 2.08938e-03 2.40161e-03 0.00000e+00
12.240000 2.11109e-03 3.36299e-04 0.00000e+00
12.250000 2.09978e-03 -1.76540e-03 0.00000e+00
12.260000 2.04779e-03 -3.71482e-03 0.00000e+00
12.270000 2.01386e-03 -5.64782e-03 0.00000e+00
12.280000 1.94388e-03 -7.62059e-03 0.00000e+00
12.290000 1.82767e-03 -9.49195e-03 0.00000e+00
12.300000 1.74045e-03 -1.13188e-02 0.00000e+00
12.310000 1.62566e-03 -1.29905e-02 0.00000e+00
12.320000 1.49432e-03 -1.44493e-02 0.00000e+00
12.330000 1.35218e-03 -1.58877e-02 0.00000e+00
12.340000 1.17284e-03 -1.72878e-02 0.00000e+00
12.350000 9.76627e-04 -1.85500e-02 0.00000e+00
12.360000 7.61265e-04 -1.96394e-02 0.00000e+00
12.370000 5.61889e-04 -2.05873e-02 0.00000e+00
12.380000 3.56715e-04 -2.14352e-02 0.00000e+00
12.390000 1.18614e-04 -2.20427e-02 0.00000e+00
12.400000 -1.16301e-04 -2.24323e-02 0.00000e+00
12.410000 -3.52997e-04 -2.26441e-02 0.00000e+00
12.420000 -5.71411e-04 -2.27855e-02 0.00000e+00
12.430000 -7.82071e-04 -2.28773e-02 0.00000e+00
12.440000 -1.02504e-03 -2.26561e-02 0.00000e+00
12.450000 -1.23902e-03 -2.21651e-02 0.00000e+00
12.460000 -1.43841e-03 -2.16218e-02 0.00000e+00
12.470000 -1.65453e-03 -2.08495e-02 0.00000e+00
12.480000 -1.85202e-03 -1.98318e-02 0.00000e+00
12.490000 -2.05499e-03 -1.87311e-02 0.00000e+00
12.500000 -2.26128e-03 -1.74492e-02 0.00000e+00
12.510000 -2.43080e-03 -1.59696e-02 0.00000e+00
12.520000 -2.60156e-03 -1.43824e-02 0.00000e+00
12.530000 -2.74368e-03 -1.27529e-02 0.00000e+00
12.540000 -2.88277e-03 -1.09691e-02 0.00000e+00
12.550000 -2.97410e-03 -9.01182e-03 0.00000e+00
12.560000 -3.05368e-03 -7.08318e-03 0.00000e+00
12.570000 -3.12480e-03 -5.11531e-03 0.00000e+00
12.580000 -3.17634e-03 -3.06680e-03 0.00000e+00
12.590000 -3.21236e-03 -9.40172e-04 0.00000e+00
12.600000 -3.17540e-03 1.36122e-03 0.00000e+00
12.610000 -3.13180e-03 3.61271e-03 0.00000e+00
12.620000 -3.09008e-03 5.85152e-03 0.00000e+00
12.630000 -3.02147e-03 8.25089e-03 0.00000e+00
12.640000 -2.92470e-03 1.05714e-02 0.00000e+00
12.650000 -2.82542e-03 1.27790e-02 0.00000e+00
12.660000 -2.68519e-03 1.49257e-02 0.00000e+00
12.670000 -2.50886e-03 1.68539e-02 0.00000e+00
12.680000 -2.32204e-03 1.86186e-02 0.00000e+00
12.690000 -2.14114e-03 2.02464e-02 0.00000e+00
12.700000 -1.93672e-03 2.17319e-02 0.00000e+00
12.710000 -1.70538e-03 2.30905e-02 0.00000e+00
12.720000 -1.47859e-03 2.43499e-02 0.00000e+00
12.730000 -1.22747e-03 2.54776e-02 0.00000e+00
12.740000 -9.43855e-04 2.63507e-02 0.00000e+00
12.750000 -6.73071e-04 2.70185e-02 0.00000e+00
12.760000 -3.73453e-04 2.75161e-02 0.00000e+00
12.770000 -7.91722e-05 2.79697e-02 0.00000e+00
12.780000 1.97874e-04 2.83124e-02 0.00000e+00
12.790000 5.05654e-04 2.82831e-02 0.00000e+00
12.800000 7.81054e-04 2.78664e-02 0.00000e+00
12.810000 1.03481e-03 2.72381e-02 0.00000e+00
12.820000 1.30319e-03 2.64139e-02 0.00000e+00
12.830000 1.55287e-03 2.53716e-02 0.00000e+00
12.840000 1.78574e-03 2.42263e-02 0.00000e+00
12.850000 2.03160e-03 2.29270e-02 0.00000e+00
12.860000 2.26621e-03 2.13643e-02 0.00000e+00
12.870000 2.49763e-03 1.96263e-02 0.00000e+00
12.880000 2.70170e-03 1.77568e-02 0.00000e+00
12.890000 2.88464e-03 1.56806e-02 0.00000e+00
12.900000 3.03260e-03 1.34684e-02 0.00000e+00
12.910000 3.17616e-03 1.12339e-02 0.00000e+00
12.920000 3.29658e-03 8.87834e-03 0.00000e+00
12.930000 3.38621e-03 6.44684e-03 0.00000e+00
12.940000 3.42824e-03 4.10709e-03 0.00000e+00
12.950000 3.42404e-03 1.70673e-03 0.00000e+00
12.960000 3.39398e-03 -6.92227e-04 0.00000e+00
12.970000 3.36363e-03 -3.08198e-03 0.00000e+00
12.980000 3.33832e-03 -5.55235e-03 0.00000e+00
12.990000 3.27089e-03 -7.96263e-03 0.00000e+00
13.000000 3.17838e-03 -1.02978e-02 0.00000e+00
13.010000 3.06743e-03 -1.26122e-02 0.00000e+00
13.020000 2.92237e-03 -1.48216e-02 0.00000e+00
13.030000 2.76480e-03 -1.68270e-02 0.00000e+00
13.040000 2.58883e-03 -1.86186e-02 0.00000e+00
13.050000 2.37465e-03 -2.02445e-02 0.00000e+00
13.060000 2.16402e-03 -2.16898e-02 0.00000e+00
13.070000 1.93979e-03 -2.29330e-02 0.00000e+00
13.080000 1.69857e-03 -2.39714e-02 0.00000e+00
13.090000 1.44601e-03 -2.47675e-02 0.00000e+00
13.100000 1.20918e-03 -2.53918e-02 0.00000e+00
13.110000 9.59535e-04 -2.59226e-02 0.00000e+00
13.120000 6.71415e-04 -2.64173e-02 0.00000e+00
13.130000 4.03564e-04 -2.67699e-02 0.00000e+00
13.140000 1.19636e-04 -2.68498e-02 0.00000e+00
13.150000 -1.41004e-04 -2.65863e-02 0.00000e+00
13.160000 -4.15785e-04 -2.60593e-02 0.00000e+00
13.170000 -6.75346e-04 -2.53366e-02 0.00000e+00
13.180000 -9.35161e-04 -2.44344e-02 0.00000e+00
13.190000 -1.16907e-03 -2.33398e-02 0.00000e+00
13.200000 -1.39127e-03 -2.19988e-02 0.00000e+00
13.210000 -1.60462e-03 -2.04550e-02 0.00000e+00
13.220000 -1.80838e-03 -1.88620e-02 0.00000e+00
13.230000 -1.98072e-03 -1.71566e-02 0.00000e+00
13.240000 -2.15658e-03 -1.52739e-02 0.00000e+00
13.250000 -2.31564e-03 -1.32615e-02 0.00000e+00
13.260000 -2.45899e-03 -1.11225e-02 0.00000e+00
13.270000 -2.58106e-03 -8.82351e-03 0.00000e+00
13.280000 -2.67138e-03 -6.37360e-03 0.00000e+00
13.290000 -2.72293e-03 -3.97717e-03 0.00000e+00
13.300000 -2.72986e-03 -1.61300e-03 0.00000e+00
13.310000 -2.72783e-03 7.91635e-04 0.00000e+00
13.320000 -2.69728e-03 3.24670e-03 0.00000e+00
13.330000 -2.65267e-03 5.58765e-03 0.00000e+00
13.340000 -2.57896e-03 7.72361e-03 0.00000e+00
13.350000 -2.49666e-03 9.79731e-03 0.00000e+00
13.360000 -2.36075e-03 1.18417e-02 0.00000e+00
13.370000 -2.23711e-03 1.37787e-02 0.00000e+00
13.380000 -2.09447e-03 1.55337e-02 0.00000e+00
13.390000 -1.94376e-03 1.71562e-02 0.00000e+00
13.400000 -1.73848e-03 1.86997e-02 0.00000e+00
13.410000 -1.54211e-03 1.99947e-02 0.00000e+00
13.420000 -1.30551e-03 2.09522e-02 0.00000e+00
13.430000 -1.08882e-03 2.17221e-02 0.00000e+00
13.440000 -8.48024e-04 2.22658e-02 0.00000e+00
13.450000 -6.27572e-04 2.26013e-02 0.00000e+00
13.460000 -3.95436e-04 2.28013e-02 0.00000e+00
13.470000 -1.65206e-04 2.28432e-02 0.00000e+00
13.480000 7.66151e-05 2.27005e-02 0.00000e+00
13.490000 2.84815e-04 2.23499e-02 0.00000e+00
13.500000 4.78363e-04 2.18129e-02 0.00000e+00
13.510000 6.98123e-04 2.10669e-02 0.00000e+00
13.520000 9.30415e-04 2.00941e-02 0.00000e+00
13.530000 1.12491e-03 1.90263e-02 0.00000e+00
13.540000 1.30708e-03 1.77713e-02 0.00000e+00
13.550000 1.48485e-03 1.62874e-02 0.00000e+00
13.560000 1.65937e-03 1.45819e-02 0.00000e+00
13.570000 1.78931e-03 1.28201e-02 0.00000e+00
13.580000 1.89376e-03 1.10231e-02 0.00000e+00
13.590000 2.00642e-03 9.15475e-03 0.00000e+00
13.600000 2.11501e-03 7.24772e-03 0.00000e+00
13.610000 2.17176e-03 5.20243e-03 0.00000e+00
13.620000 2.23460e-03 3.11675e-03 0.00000e+00
13.630000 2.24705e-03 9.87274e-04 0.00000e+00
13.640000 2.24711e-03 -1.15777e-03 0.00000e+00
13.650000 2.22575e-03 -3.24004e-03 0.00000e+00
13.660000 2.18232e-03 -5.36691e-03 0.00000e+00
13.670000 2.11307e-03 -7.61820e-03 0.00000e+00
13.680000 2.01628e-03 -9.77625e-03 0.00000e+00
13.690000 1.90762e-03 -1.16523e-02 0.00000e+00
13.700000 1.78110e-03 -1.34265e-02 0.00000e+00
13.710000 1.61427e-03 -1.51969e-02 0.00000e+00
13.720000 1.46264e-03 -1.67630e-02 0.00000e+00
13.730000 1.26336e-03 -1.81129e-02 0.00000e+00
13.740000 1.10561e-03 -1.93745e-02 0.00000e+00
13.750000 8.77693e-04 -2.05601e-02 0.00000e+00
13.760000 6.82590e-04 -2.14551e-02 0.00000e+00
13.770000 4.36092e-04 -2.20007e-02 0.00000e+00
13.780000 2.10937e-04 -2.24593e-02 0.00000e+00
13.790000 -1.90540e-05 -2.28103e-02 0.00000e+00
13.800000 -2.56948e-04 -2.29737e-02 0.00000e+00
13.810000 -4.99757e-04 -2.29664e-02 0.00000e+00
13.820000 -7.30593e-04 -2.26746e-02 0.00000e+00
13.830000 -9.85439e-04 -2.22570e-02 0.00000e+00
13.840000 -1.19523e-03 -2.17355e-02 0.00000e+00
13.850000 -1.40391e-03 -2.10153e-02 0.00000e+00
13.860000 -1.59049e-03 -2.01336e-02 0.00000e+00
13.870000 -1.81475e-03 -1.91532e-02 0.00000e+00
13.880000 -1.98096e-03 -1.80936e-02 0.00000e+00
13.890000 -2.15113e-03 -1.68462e-02 0.00000e+00
13.900000 -2.31223e-03 -1.55097e-02 0.00000e+00
13.910000 -2.46225e-03 -1.39748e-02 0.00000e+00
13.920000 -2.57112e-03 -1.22978e-02 0.00000e+00
13.930000 -2.67965e-03 -1.05585e-02 0.00000e+00
13.940000 -2.79348e-03 -8.74695e-03 0.00000e+00
13.950000 -2.90930e-03 -6.98143e-03 0.00000e+00
13.960000 -2.96122e-03 -5.08632e-03 0.00000e+00
13.970000 -3.00441e-03 -3.15077e-03 0.00000e+00
13.980000 -3.01198e-03 -1.22871e-03 0.00000e+00
13.990000 -3.02393e-03 7.09511e-04 0.00000e+00
14.000000 -3.03295e-03 2.56301e-03 0.00000e+00
14.010000 -2.98525e-03 4.47016e-03 0.00000e+00
14.020000 -2.92526e-03 6.47188e-03 0.00000e+00
14.030000 -2.86417e-03 8.48955e-03 0.00000e+00
14.040000 -2.77083e-03 1.04077e-02 0.00000e+00
14.050000 -2.63851e-03 1.23048e-02 0.00000e+00
14.060000 -2.49617e-03 1.41827e-02 0.00000e+00
14.070000 -2.34324e-03 1.58997e-02 0.00000e+00
14.080000 -2.14993e-03 1.75885e-02 0.00000e+00
14.090000 -1.97709e-03 1.93015e-02 0.00000e+00
14.100000 -1.77245e-03 2.09769e-02 0.00000e+00
14.110000 -1.57713e-03 2.24076e-02 0.00000e+00
14.120000 -1.35087e-03 2.35267e-02 0.00000e+00
14.130000 -1.10072e-03 2.45225e-02 0.00000e+00
14.140000 -8.62142e-04 2.55491e-02 0.00000e+00
14.150000 -5.98831e-04 2.65205e-02 0.00000e+00
14.160000 -3.36331e-04 2.71891e-02 0.00000e+00
14.170000 -5.40095e-05 2.75373e-02 0.00000e+00
14.180000 2.45857e-04 2.77719e-02 0.00000e+00
14.190000 5.23110e-04 2.78744e-02 0.00000e+00
14.200000 8.14817e-04 2.77350e-02 0.00000e+00
14.210000 1.08969e-03 2.74326e-02 0.00000e+00
14.220000 1.37834e-03 2.70183e-02 0.00000e+00
14.230000 1.63105e-03 2.64580e-02 0.00000e+00
14.240000 1.92325e-03 2.56679e-02 0.00000e+00
14.250000 2.19308e-03 2.47094e-02 0.00000e+00
14.260000 2.44136e-03 2.36163e-02 0.00000e+00
14.270000 2.65805e-03 2.23006e-02 0.00000e+00
14.280000 2.85827e-03 2.07974e-02 0.00000e+00
14.290000 3.06256e-03 1.91413e-02 0.00000e+00
14.300000 3.26580e-03 1.74053e-02 0.00000e+00
14.310000 3.45015e-03 1.55623e-02 0.00000e+00
14.320000 3.56793e-03 1.35393e-02 0.00000e+00
14.330000 3.66388e-03 1.14053e-02 0.00000e+00
14.340000 3.78971e-03 9.20338e-03 0.00000e+00
14.350000 3.86818e-03 7.03317e-03 0.00000e+00
14.360000 3.93571e-03 4.83652e-03 0.00000e+00
14.370000 3.97681e-03 2.52194e-03 0.00000e+00
14.380000 4.00256e-03 1.54124e-04 0.00000e+00
14.390000 3.97756e-03 -2.21750e-03 0.00000e+00
14.400000 3.95206e-03 -4.60026e-03 0.00000e+00
14.410000 3.87654e-03 -6.87842e-03 0.00000e+00
14.420000 3.81450e-03 -8.99586e-03 0.00000e+00
14.430000 3.71262e-03 -1.11559e-02 0.00000e+00
14.440000 3.58254e-03 -1.33159e-02 0.00000e+00
14.450000 3.44400e-03 -1.54400e-02 0.00000e+00
14.460000 3.27702e-03 -1.74717e-02 0.00000e+00
14.470000 3.09030e-03 -1.93082e-02 0.00000e+00
14.480000 2.88591e-03 -2.09563e-02 0.00000e+00
14.490000 2.64199e-03 -2.26080e-02 0.00000e+00
14.500000 2.42371e-03 -2.42930e-02 0.00000e+00
14.510000 2.16113e-03 -2.56966e-02 0.00000e+00
14.520000 1.91517e-03 -2.69100e-02 0.00000e+00
14.530000 1.61265e-03 -2.80290e-02 0.00000e+00
14.540000 1.32220e-03 -2.89024e-02 0.00000e+00
14.550000 1.02617e-03 -2.96284e-02 0.00000e+00
14.560000 7.36332e-04 -3.02488e-02 0.00000e+00
14.570000 4.34583e-04 -3.06631e-02 0.00000e+00
14.580000 1.36519e-04 -3.09202e-02 0.00000e+00
14.590000 -1.90143e-04 -3.09170e-02 0.00000e+00
14.600000 -5.10255e-04 -3.06233e-02 0.00000e+00
14.610000 -8.09261e-04 -3.02565e-02 0.00000e+00
14.620000 -1.12087e-03 -2.97423e-02 0.00000e+00
14.630000 -1.41837e-03 -2.90316e-02 0.00000e+00
14.640000 -1.70752e-03 -2.81683e-02 0.00000e+00
14.650000 -1.99528e-03 -2.72037e-02 0.00000e+00
14.660000 -2.27888e-03 -2.61944e-02 0.00000e+00
14.670000 -2.53119e-03 -2.49317e-02 0.00000e+00
14.680000 -2.76800e-03 -2.35444e-02 0.00000e+00
14.690000 -3.01533e-03 -2.20321e-02 0.00000e+00
14.700000 -3.21436e-03 -2.04053e-02 0.00000e+00
14.710000 -3.40746e-03 -1.87948e-02 0.00000e+00
14.720000 -3.59712e-03 -1.70400e-02 0.00000e+00
14.730000 -3.73370e-03 -1.51306e-02 0.00000e+00
14.740000 -3.86433e-03 -1.31051e-02 0.00000e+00
14.750000 -3.97369e-03 -1.10606e-02 0.00000e+00
14.760000 -4.05401e-03 -8.96625e-03 0.00000e+00
14.770000 -4.14850e-03 -6.80752e-03 0.00000e+00
14.780000 -4.22323e-03 -4.54873e-03 0.00000e+00
14.790000 -4.25706e-03 -2.25696e-03 0.00000e+00
14.800000 -4.27417e-03 2.37124e-05 0.00000e+00
14.810000 -4.27443e-03 2.40166e-03 0.00000e+00
14.820000 -4.25589e-03 4.81593e-03 0.00000e+00
14.830000 -4.18962e-03 7.20527e-03 0.00000e+00
14.840000 -4.09976e-03 9.54978e-03 0.00000e+00
14.850000 -4.02380e-03 1.18856e-02 0.00000e+00
14.860000 -3.87453e-03 1.41348e-02 0.00000e+00
14.870000 -3.75112e-03 1.63415e-02 0.00000e+00
14.880000 -3.57337e-03 1.85503e-02 0.00000e+00
14.890000 -3.37680e-03 2.06011e-02 0.00000e+00
14.900000 -3.15361e-03 2.26397e-02 0.00000e+00
14.910000 -2.92665e-03 2.45465e-02 0.00000e+00
14.920000 -2.67024e-03 2.62735e-02 0.00000e+00
14.930000 -2.37215e-03 2.78941e-02 0.00000e+00
14.940000 -2.08447e-03 2.92032e-02 0.00000e+00
14.950000 -1.78003e-03 3.01854e-02 0.00000e+00
14.960000 -1.46770e-03 3.09772e-02 0.00000e+00
14.970000 -1.13400e-03 3.15805e-02 0.00000e+00
14.980000 -7.89223e-04 3.19202e-02 0.00000e+00
14.990000 -4.66788e-04 3.19873e-02 0.00000e+00
15.000000 -1.37347e-04 3.19208e-02 0.00000e+00
15.010000 1.72090e-04 3.16886e-02 0.00000e+00
15.020000 5.13688e-04 3.10375e-02 0.00000e+00
15.030000 8.24176e-04 3.01927e-02 0.00000e+00
15.040000 1.14748e-03 2.91515e-02 0.00000e+00
15.050000 1.43390e-03 2.78357e-02 0.00000e+00
15.060000 1.71559e-03 2.64179e-02 0.00000e+00
15.070000 1.97292e-03 2.49009e-02 0.00000e+00
15.080000 2.18577e-03 2.32117e-02 0.00000e+00
15.090000 2.42293e-03 2.13523e-02 0.00000e+00
15.100000 2.59839e-03 1.94922e-02 0.00000e+00
15.110000 2.77365e-03 1.75341e-02 0.00000e+00
15.120000 2.93656e-03 1.53876e-02 0.00000e+00
15.130000 3.08631e-03 1.31958e-02 0.00000e+00
15.140000 3.20769e-03 1.10577e-02 0.00000e+00
15.150000 3.30983e-03 8.99937e-03 0.00000e+00
15.160000 3.39041e-03 6.86991e-03 0.00000e+00
15.170000 3.45304e-03 4.59536e-03 0.00000e+00
15.180000 3.45669e-03 2.31699e-03 0.00000e+00
15.190000 3.46293e-03 2.10971e-04 0.00000e+00
15.200000 3.47252e-03 -1.86160e-03 0.00000e+00
15.210000 3.43734e-03 -3.89370e-03 0.00000e+00
15.220000 3.40183e-03 -5.82143e-03 0.00000e+00
15.230000 3.34567e-03 -7.73630e-03 0.00000e+00
15.240000 3.26557e-03 -9.56789e-03 0.00000e+00
15.250000 3.14551e-03 -1.14259e-02 0.00000e+00
15.260000 3.02642e-03 -1.31768e-02 0.00000e+00
15.270000 2.88032e-03 -1.48461e-02 0.00000e+00
15.280000 2.71076e-03 -1.64479e-02 0.00000e+00
15.290000 2.53696e-03 -1.78477e-02 0.00000e+00
15.300000 2.37407e-03 -1.91086e-02 0.00000e+00
15.310000 2.17594e-03 -2.02678e-02 0.00000e+00
15.320000 1.96013e-03 -2.12328e-02 0.00000e+00
15.330000 1.71151e-03 -2.19919e-02 0.00000e+00
15.340000 1.48404e-03 -2.26700e-02 0.00000e+00
15.350000 1.27232e-03 -2.33374e-02 0.00000e+00
15.360000 1.03646e-03 -2.38821e-02 0.00000e+00
15.370000 7.68265e-04 -2.41410e-02 0.00000e+00
15.380000 5.43270e-04 -2.41895e-02 0.00000e+00
15.390000 2.82054e-04 -2.40641e-02 0.00000e+00
15.400000 3.93123e-05 -2.37744e-02 0.00000e+00
15.410000 -2.06399e-04 -2.32949e-02 0.00000e+00
15.420000 -4.43581e-04 -2.27332e-02 0.00000e+00
15.430000 -6.65893e-04 -2.20802e-02 0.00000e+00
15.440000 -8.84449e-04 -2.13080e-02 0.00000e+00
15.450000 -1.08089e-03 -2.04865e-02 0.00000e+00
15.460000 -1.28675e-03 -1.95502e-02 0.00000e+00
15.470000 -1.47938e-03 -1.83891e-02 0.00000e+00
15.480000 -1.65364e-03 -1.70629e-02 0.00000e+00
15.490000 -1.80098e-03 -1.57395e-02 0.00000e+00
15.500000 -1.97554e-03 -1.44498e-02 0.00000e+00
15.510000 -2.12592e-03 -1.30597e-02 0.00000e+00
15.520000 -2.23939e-03 -1.14378e-02 0.00000e+00
15.530000 -2.32563e-03 -9.76126e-03 0.00000e+00
15.540000 -2.40730e-03 -8.17374e-03 0.00000e+00
15.550000 -2.47152e-03 -6.52799e-03 0.00000e+00
15.560000 -2.54125e-03 -4.81420e-03 0.00000e+00
15.570000 -2.58640e-03 -3.14068e-03 0.00000e+00
15.580000 -2.60753e-03 -1.45535e-03 0.00000e+00
15.590000 -2.64071e-03 2.37042e-04 0.00000e+00
15.600000 -2.62981e-03 1.90593e-03 0.00000e+00
15.610000 -2.61667e-03 3.58012e-03 0.00000e+00
15.620000 -2.55977e-03 5.29069e-03 0.00000e+00
15.630000 -2.49520e-03 6.91595e-03 0.00000e+00
15.640000 -2.39986e-03 8.44254e-03 0.00000e+00
15.650000 -2.31641e-03 9.97259e-03 0.00000e+00
15.660000 -2.21256e-03 1.15402e-02 0.00000e+00
15.670000 -2.08365e-03 1.29384e-02 0.00000e+00
15.680000 -1.92925e-03 1.41066e-02 0.00000e+00
15.690000 -1.78448e-03 1.52213e-02 0.00000e+00
15.700000 -1.63382e-03 1.63622e-02 0.00000e+00
15.710000 -1.46042e-03 1.74413e-02 0.00000e+00
15.720000 -1.27552e-03 1.84038e-02 0.00000e+00
15.730000 -1.08138e-03 1.91732e-02 0.00000e+00
15.740000 -8.92260e-04 1.98066e-02 0.00000e+00
15.750000 -6.81137e-04 2.04834e-02 0.00000e+00
15.760000 -4.76233e-04 2.09572e-02 0.00000e+00
15.770000 -2.66762e-04 2.12144e-02 0.00000e+00
15.780000 -3.89712e-05 2.13448e-02 0.00000e+00
15.790000 1.69847e-04 2.13724e-02 0.00000e+00
15.800000 3.79202e-04 2.13288e-02 0.00000e+00
15.810000 6.04387e-04 2.11884e-02 0.00000e+00
15.820000 8.19273e-04 2.08845e-02 0.00000e+00
15.830000 1.01909e-03 2.03871e-02 0.00000e+00
15.840000 1.19570e-03 1.98434e-02 0.00000e+00
15.850000 1.39733e-03 1.92908e-02 0.00000e+00
15.860000 1.59205e-03 1.85790e-02 0.00000e+00
15.870000 1.79322e-03 1.76828e-02 0.00000e+00
15.880000 1.95622e-03 1.66608e-02 0.00000e+00
15.890000 2.13010e-03 1.55018e-02 0.00000e+00
15.900000 2.27427e-03 1.43627e-02 0.00000e+00
15.910000 2.44952e-03 1.31312e-02 0.00000e+00
15.920000 2.56953e-03 1.17456e-02 0.00000e+00
15.930000 2.65367e-03 1.03806e-02 0.00000e+00
15.940000 2.74752e-03 8.93127e-03 0.00000e+00
15.950000 2.83055e-03 7.41668e-03 0.00000e+00
15.960000 2.90024e-03 5.81711e-03 0.00000e+00
15.970000 2.95064e-03 4.09189e-03 0.00000e+00
15.980000 2.98138e-03 2.39883e-03 0.00000e+00
15.990000 2.99430e-03 7.05235e-04 0.00000e+00
16.000000 3.00000e-03 -1.06157e-03 0.00000e+00
16.010000 2.99120e-03 -2.96907e-03 0.00000e+00
16.020000 2.94422e-03 -4.89148e-03 0.00000e+00
16.030000 2.87243e-03 -6.71295e-03 0.00000e+00
16.040000 2.80082e-03 -8.45190e-03 0.00000e+00
16.050000 2.69736e-03 -1.02434e-02 0.00000e+00
16.060000 2.60282e-03 -1.20639e-02 0.00000e+00
16.070000 2.50161e-03 -1.38479e-02 0.00000e+00
16.080000 2.32938e-03 -1.54700e-02 0.00000e+00
16.090000 2.18251e-03 -1.70160e-02 0.00000e+00
16.100000 2.01445e-03 -1.86871e-02 0.00000e+00
16.110000 1.79651e-03 -2.02998e-02 0.00000e+00
16.120000 1.58757e-03 -2.18068e-02 0.00000e+00
16.130000 1.35302e-03 -2.31301e-02 0.00000e+00
16.140000 1.12552e-03 -2.43507e-02 0.00000e+00
16.150000 8.81318e-04 -2.54503e-02 0.00000e+00
16.160000 6.12902e-04 -2.64108e-02 0.00000e+00
16.170000 3.40809e-04 -2.72052e-02 0.00000e+00
16.180000 5.37312e-05 -2.77890e-02 0.00000e+00
16.190000 -2.13938e-04 -2.82604e-02 0.00000e+00
16.200000 -5.04688e-04 -2.86343e-02 0.00000e+00
16.210000 -7.99709e-04 -2.89063e-02 0.00000e+00
16.220000 -1.11705e-03 -2.89994e-02 0.00000e+00
16.230000 -1.39728e-03 -2.87989e-02 0.00000e+00
16.240000 -1.69402e-03 -2.82912e-02 0.00000e+00
16.250000 -1.96268e-03 -2.77654e-02 0.00000e+00
16.260000 -2.27428e-03 -2.71183e-02 0.00000e+00
16.270000 -2.53285e-03 -2.61666e-02 0.00000e+00
16.280000 -2.80328e-03 -2.51787e-02 0.00000e+00
16.290000 -3.03593e-03 -2.41144e-02 0.00000e+00
16.300000 -3.25968e-03 -2.28917e-02 0.00000e+00
16.310000 -3.49139e-03 -2.14639e-02 0.00000e+00
16.320000 -3.67797e-03 -1.97611e-02 0.00000e+00
16.330000 -3.87906e-03 -1.79160e-02 0.00000e+00
16.340000 -4.03672e-03 -1.59615e-02 0.00000e+00
16.350000 -4.20208e-03 -1.39494e-02 0.00000e+00
16.360000 -4.33366e-03 -1.18502e-02 0.00000e+00
16.370000 -4.45408e-03 -9.58914e-03 0.00000e+00
16.380000 -4.54534e-03 -7.30271e-03 0.00000e+00
16.390000 -4.58243e-03 -5.04749e-03 0.00000e+00
16.400000 -4.62214e-03 -2.63955e-03 0.00000e+00
16.410000 -4.65321e-03 -1.04513e-04 0.00000e+00
16.420000 -4.66869e-03 2.48401e-03 0.00000e+00
16.430000 -4.62010e-03 5.00414e-03 0.00000e+00
16.440000 -4.57398e-03 7.49237e-03 0.00000e+00
16.450000 -4.49906e-03 1.00048e-02 0.00000e+00
16.460000 -4.38002e-03 1.25371e-02 0.00000e+00
16.470000 -4.22403e-03 1.51789e-02 0.00000e+00
16.480000 -4.03588e-03 1.76578e-02 0.00000e+00
16.490000 -3.83607e-03 2.00190e-02 0.00000e+00
16.500000 -3.63765e-03 2.22954e-02 0.00000e+00
16.510000 -3.41391e-03 2.44925e-02 0.00000e+00
16.520000 -3.17982e-03 2.65409e-02 0.00000e+00
16.530000 -2.89642e-03 2.83588e-02 0.00000e+00
16.540000 -2.59474e-03 3.00149e-02 0.00000e+00
16.550000 -2.29251e-03 3.14646e-02 0.00000e+00
16.560000 -1.94692e-03 3.28147e-02 0.00000e+00
16.570000 -1.58710e-03 3.39837e-02 0.00000e+00
16.580000 -1.24276e-03 3.48559e-02 0.00000e+00
16.590000 -8.82792e-04 3.54492e-02 0.00000e+00
16.600000 -5.27980e-04 3.59308e-02 0.00000e+00
16.610000 -1.43914e-04 3.62610e-02 0.00000e+00
16.620000 2.26586e-04 3.62820e-02 0.00000e+00
16.630000 6.20907e-04 3.61369e-02 0.00000e+00
16.640000 9.76276e-04 3.58922e-02 0.00000e+00
16.650000 1.31453e-03 3.54847e-02 0.00000e+00
16.660000 1.67504e-03 3.49304e-02 0.00000e+00
16.670000 2.02251e-03 3.41654e-02 0.00000e+00
16.680000 2.35970e-03 3.31099e-02 0.00000e+00
16.690000 2.66077e-03 3.18746e-02 0.00000e+00
16.700000 2.97338e-03 3.05705e-02 0.00000e+00
16.710000 3.26719e-03 2.92391e-02 0.00000e+00
16.720000 3.54965e-03 2.77475e-02 0.00000e+00
16.730000 3.82048e-03 2.61433e-02 0.00000e+00
16.740000 4.07077e-03 2.45624e-02 0.00000e+00
16.750000 4.31581e-03 2.28771e-02 0.00000e+00
16.760000 4.53984e-03 2.10482e-02 0.00000e+00
16.770000 4.75621e-03 1.90725e-02 0.00000e+00
16.780000 4.92454e-03 1.70919e-02 0.00000e+00
16.790000 5.08380e-03 1.51917e-02 0.00000e+00
16.800000 5.23034e-03 1.32611e-02 0.00000e+00
16.810000 5.35060e-03 1.12787e-02 0.00000e+00
16.820000 5.44295e-03 9.15729e-03 0.00000e+00
16.830000 5.53729e-03 6.95632e-03 0.00000e+00
16.840000 5.57881e-03 4.86312e-03 0.00000e+00
16.850000 5.61444e-03 2.76878e-03 0.00000e+00
16.860000 5.64862e-03 4.83084e-04 0.00000e+00
16.870000 5.64496e-03 -1.79992e-03 0.00000e+00
16.880000 5.61872e-03 -3.97676e-03 0.00000e+00
16.890000 5.55307e-03 -6.17125e-03 0.00000e+00
16.900000 5.48618e-03 -8.38876e-03 0.00000e+00
16.910000 5.39434e-03 -1.05680e-02 0.00000e+00
16.920000 5.26729e-03 -1.26755e-02 0.00000e+00
16.930000 5.12252e-03 -1.47583e-02 0.00000e+00
16.940000 4.96609e-03 -1.67745e-02 0.00000e+00
16.950000 4.81674e-03 -1.88001e-02 0.00000e+00
16.960000 4.61856e-03 -2.08760e-02 0.00000e+00
16.970000 4.38503e-03 -2.28498e-02 0.00000e+00
16.980000 4.15499e-03 -2.47786e-02 0.00000e+00
16.990000 3.88338e-03 -2.66702e-02 0.00000e+00
17.000000 3.61392e-03 -2.83395e-02 0.00000e+00
17.010000 3.34404e-03 -2.99305e-02 0.00000e+00
17.020000 3.00637e-03 -3.15479e-02 0.00000e+00
17.030000 2.68911e-03 -3.28940e-02 0.00000e+00
17.040000 2.37790e-03 -3.40867e-02 0.00000e+00
17.050000 2.02882e-03 -3.52336e-02 0.00000e+00
17.060000 1.65846e-03 -3.62751e-02 0.00000e+00
17.070000 1.28966e-03 -3.71661e-02 0.00000e+00
17.080000 9.20397e-04 -3.78418e-02 0.00000e+00
17.090000 5.24582e-04 -3.84012e-02 0.00000e+00
17.100000 1.23550e-04 -3.88517e-02 0.00000e+00
17.110000 -2.73948e-04 -3.91994e-02 0.00000e+00
17.120000 -6.87724e-04 -3.92170e-02 0.00000e+00
17.130000 -1.08296e-03 -3.89885e-02 0.00000e+00
17.140000 -1.46934e-03 -3.87880e-02 0.00000e+00
17.150000 -1.86131e-03 -3.84276e-02 0.00000e+00
17.160000 -2.22210e-03 -3.79135e-02 0.00000e+00
17.170000 -2.58959e-03 -3.72446e-02 0.00000e+00
17.180000 -2.98022e-03 -3.62866e-02 0.00000e+00
17.190000 -3.33360e-03 -3.52853e-02 0.00000e+00
17.200000 -3.65960e-03 -3.42227e-02 0.00000e+00
17.210000 -4.02431e-03 -3.28589e-02 0.00000e+00
17.220000 -4.33233e-03 -3.13459e-02 0.00000e+00
17.230000 -4.64286e-03 -2.98405e-02 0.00000e+00
17.240000 -4.92192e-03 -2.82075e-02 0.00000e+00
17.250000 -5.20096e-03 -2.63681e-02 0.00000e+00
17.260000 -5.45908e-03 -2.44662e-02 0.00000e+00
17.270000 -5.70375e-03 -2.25172e-02 0.00000e+00
17.280000 -5.91691e-03 -2.04800e-02 0.00000e+00
17.290000 -6.08113e-03 -1.83729e-02 0.00000e+00
17.300000 -6.28509e-03 -1.61629e-02 0.00000e+00
17.310000 -6.44162e-03 -1.37631e-02 0.00000e+00
17.320000 -6.55743e-03 -1.12182e-02 0.00000e+00
17.330000 -6.65934e-03 -8.57244e-03 0.00000e+00
17.340000 -6.72253e-03 -5.82377e-03 0.00000e+00
17.350000 -6.77571e-03 -3.09840e-03 0.00000e+00
17.360000 -6.81288e-03 -3.72220e-04 0.00000e+00
17.370000 -6.79983e-03 2.52005e-03 0.00000e+00
17.380000 -6.76436e-03 5.33040e-03 0.00000e+00
17.390000 -6.71489e-03 8.09225e-03 0.00000e+00
17.400000 -6.63114e-03 1.09624e-02 0.00000e+00
17.410000 -6.49482e-03 1.38769e-02 0.00000e+00
17.420000 -6.35328e-03 1.67021e-02 0.00000e+00
17.430000 -6.18051e-03 1.94081e-02 0.00000e+00
17.440000 -5.96992e-03 2.20888e-02 0.00000e+00
17.450000 -5.73388e-03 2.46484e-02 0.00000e+00
17.460000 -5.45527e-03 2.72301e-02 0.00000e+00
17.470000 -5.15896e-03 2.95630e-02 0.00000e+00
17.480000 -4.82837e-03 3.15848e-02 0.00000e+00
17.490000 -4.50268e-03 3.36002e-02 0.00000e+00
17.500000 -4.15923e-03 3.55109e-02 0.00000e+00
17.510000 -3.78914e-03 3.72794e-02 0.00000e+00
17.520000 -3.40840e-03 3.87998e-02 0.00000e+00
17.530000 -3.01283e-03 4.00576e-02 0.00000e+00
17.540000 -2.59158e-03 4.11999e-02 0.00000e+00
17.550000 -2.18888e-03 4.21580e-02 0.00000e+00
17.560000 -1.73249e-03 4.28622e-02 0.00000e+00
17.570000 -1.29513e-03 4.32448e-02 0.00000e+00
17.580000 -8.52708e-04 4.35059e-02 0.00000e+00
17.590000 -4.43486e-04 4.35814e-02 0.00000e+00
17.600000 1.93401e-05 4.33312e-02 0.00000e+00
17.610000 4.41094e-04 4.29902e-02 0.00000e+00
17.620000 8.67908e-04 4.24752e-02 0.00000e+00
17.630000 1.29320e-03 4.18519e-02 0.00000e+00
17.640000 1.68493e-03 4.11797e-02 0.00000e+00
17.650000 2.11880e-03 4.03974e-02 0.00000e+00
17.660000 2.53395e-03 3.93693e-02 0.00000e+00
17.670000 2.92139e-03 3.80901e-02 0.00000e+00
17.680000 3.29203e-03 3.67463e-02 0.00000e+00
17.690000 3.63734e-03 3.52770e-02 0.00000e+00
17.700000 4.00461e-03 3.37075e-02 0.00000e+00
17.710000 4.32347e-03 3.21442e-02 0.00000e+00
17.720000 4.62369e-03 3.04183e-02 0.00000e+00
17.730000 4.90850e-03 2.86561e-02 0.00000e+00
17.740000 5.16681e-03 2.69286e-02 0.00000e+00
17.750000 5.45149e-03 2.50037e-02 0.00000e+00
17.760000 5.66120e-03 2.29147e-02 0.00000e+00
17.770000 5.90076e-03 2.08576e-02 0.00000e+00
17.780000 6.11340e-03 1.87844e-02 0.00000e+00
17.790000 6.28304e-03 1.65518e-02 0.00000e+00
17.800000 6.46265e-03 1.42187e-02 0.00000e+00
17.810000 6.58203e-03 1.18008e-02 0.00000e+00
17.820000 6.67895e-03 9.44844e-03 0.00000e+00
17.830000 6.73703e-03 7.17804e-03 0.00000e+00
17.840000 6.82160e-03 4.81905e-03 0.00000e+00
17.850000 6.86360e-03 2.43272e-03 0.00000e+00
17.860000 6.88257e-03 1.31614e-05 0.00000e+00
17.870000 6.88776e-03 -2.38799e-03 0.00000e+00
17.880000 6.85450e-03 -4.76303e-03 0.00000e+00
17.890000 6.77643e-03 -7.24104e-03 0.00000e+00
17.900000 6.70984e-03 -9.76117e-03 0.00000e+00
17.910000 6.57740e-03 -1.23379e-02 0.00000e+00
17.920000 6.43104e-03 -1.47354e-02 0.00000e+00
17.930000 6.28663e-03 -1.70927e-02 0.00000e+00
17.940000 6.10501e-03 -1.94434e-02 0.00000e+00
17.950000 5.88555e-03 -2.15881e-02 0.00000e+00
17.960000 5.65027e-03 -2.37814e-02 0.00000e+00
17.970000 5.40155e-03 -2.58378e-02 0.00000e+00
17.980000 5.16154e-03 -2.77820e-02 0.00000e+00
17.990000 4.87322e-03 -2.97346e-02 0.00000e+00
18.000000 4.57124e-03 -3.15775e-02 0.00000e+00
18.010000 4.24105e-03 -3.32152e-02 0.00000e+00
18.020000 3.91815e-03 -3.46395e-02 0.00000e+00
18.030000 3.54179e-03 -3.59052e-02 0.00000e+00
18.040000 3.17661e-03 -3.69855e-02 0.00000e+00
18.050000 2.78133e-03 -3.79725e-02 0.00000e+00
18.060000 2.38288e-03 -3.89055e-02 0.00000e+00
18.070000 1.97814e-03 -3.95898e-02 0.00000e+00
18.080000 1.58293e-03 -4.01129e-02 0.00000e+00
18.090000 1.19477e-03 -4.06029e-02 0.00000e+00
18.100000 7.61295e-04 -4.07880e-02 0.00000e+00
18.110000 3.58413e-04 -4.07845e-02 0.00000e+00
18.120000 -6.27636e-05 -4.07299e-02 0.00000e+00
18.130000 -4.83734e-04 -4.05988e-02 0.00000e+00
18.140000 -8.63173e-04 -4.03450e-02 0.00000e+00
18.150000 -1.28024e-03 -3.97896e-02 0.00000e+00
18.160000 -1.65340e-03 -3.91113e-02 0.00000e+00
18.170000 -2.03626e-03 -3.83860e-02 0.00000e+00
18.180000 -2.40802e-03 -3.74631e-02 0.00000e+00
18.190000 -2.77856e-03 -3.63375e-02 0.00000e+00
18.200000 -3.13060e-03 -3.51624e-02 0.00000e+00
18.210000 -3.50048e-03 -3.40070e-02 0.00000e+00
18.220000 -3.83471e-03 -3.26985e-02 0.00000e+00
18.230000 -4.15013e-03 -3.12814e-02 0.00000e+00
18.240000 -4.43746e-03 -2.98852e-02 0.00000e+00
18.250000 -4.74731e-03 -2.83732e-02 0.00000e+00
18.260000 -5.01051e-03 -2.66406e-02 0.00000e+00
18.270000 -5.26388e-03 -2.49182e-02 0.00000e+00
18.280000 -5.53022e-03 -2.31803e-02 0.00000e+00
18.290000 -5.75555e-03 -2.13585e-02 0.00000e+00
18.300000 -5.97202e-03 -1.95624e-02 0.00000e+00
18.310000 -6.14025e-03 -1.75525e-02 0.00000e+00
18.320000 -6.29215e-03 -1.54124e-02 0.00000e+00
18.330000 -6.45125e-03 -1.32136e-02 0.00000e+00
18.340000 -6.54579e-03 -1.09147e-02 0.00000e+00
18.350000 -6.63574e-03 -8.69373e-03 0.00000e+00
18.360000 -6.72091e-03 -6.39087e-03 0.00000e+00
18.370000 -6.79578e-03 -3.96797e-03 0.00000e+00
18.380000 -6.82818e-03 -1.59026e-03 0.00000e+00
18.390000 -6.81667e-03 8.38128e-04 0.00000e+00
18.400000 -6.82389e-03 3.36496e-03 0.00000e+00
18.410000 -6.79469e-03 5.91628e-03 0.00000e+00
18.420000 -6.70331e-03 8.35266e-03 0.00000e+00
18.430000 -6.62031e-03 1.07367e-02 0.00000e+00
18.440000 -6.51338e-03 1.32184e-02 0.00000e+00
18.450000 -6.37122e-03 1.55711e-02 0.00000e+00
18.460000 -6.20093e-03 1.78103e-02 0.00000e+00
18.470000 -6.00197e-03 2.00160e-02 0.00000e+00
18.480000 -5.75598e-03 2.21708e-02 0.00000e+00
18.490000 -5.53604e-03 2.43171e-02 0.00000e+00
18.500000 -5.27768e-03 2.63311e-02 0.00000e+00
18.510000 -5.02225e-03 2.82555e-02 0.00000e+00
18.520000 -4.72453e-03 3.01953e-02 0.00000e+00
18.530000 -4.37767e-03 3.18923e-02 0.00000e+00
18.540000 -4.05601e-03 3.33306e-02 0.00000e+00
18.550000 -3.71059e-03 3.46251e-02 0.00000e+00
18.560000 -3.34689e-03 3.58673e-02 0.00000e+00
18.570000 -3.00128e-03 3.69615e-02 0.00000e+00
18.580000 -2.63516e-03 3.77968e-02 0.00000e+00
18.590000 -2.26421e-03 3.85668e-02 0.00000e+00
18.600000 -1.85399e-03 3.91530e-02 0.00000e+00
18.610000 -1.45764e-03 3.95028e-02 0.00000e+00
18.620000 -1.06961e-03 3.96850e-02 0.00000e+00
18.630000 -6.65826e-04 3.96890e-02 0.00000e+00
18.640000 -2.60574e-04 3.95747e-02 0.00000e+00
18.650000 1.36660e-04 3.94241e-02 0.00000e+00
18.660000 5.45209e-04 3.90425e-02 0.00000e+00
18.670000 9.30209e-04 3.83727e-02 0.00000e+00
18.680000 1.31585e-03 3.75226e-02 0.00000e+00
18.690000 1.69399e-03 3.65030e-02 0.00000e+00
18.700000 2.02931e-03 3.55588e-02 0.00000e+00
18.710000 2.40612e-03 3.45229e-02 0.00000e+00
18.720000 2.74210e-03 3.32568e-02 0.00000e+00
18.730000 3.09648e-03 3.19507e-02 0.00000e+00
18.740000 3.40029e-03 3.04825e-02 0.00000e+00
18.750000 3.69786e-03 2.88765e-02 0.00000e+00
18.760000 3.97288e-03 2.71956e-02 0.00000e+00
18.770000 4.23085e-03 2.55614e-02 0.00000e+00
18.780000 4.48222e-03 2.39917e-02 0.00000e+00
18.790000 4.69773e-03 2.22895e-02 0.00000e+00
18.800000 4.91335e-03 2.05080e-02 0.00000e+00
18.810000 5.10882e-03 1.87360e-02 0.00000e+00
18.820000 5.27577e-03 1.69162e-02 0.00000e+00
18.830000 5.40635e-03 1.51424e-02 0.00000e+00
18.840000 5.54691e-03 1.33765e-02 0.00000e+00
18.850000 5.67247e-03 1.15161e-02 0.00000e+00
18.860000 5.78704e-03 9.72340e-03 0.00000e+00
18.870000 5.89420e-03 7.86330e-03 0.00000e+00
18.880000 5.94082e-03 6.05327e-03 0.00000e+00
18.890000 5.99744e-03 4.29734e-03 0.00000e+00
18.900000 6.03627e-03 2.56107e-03 0.00000e+00
18.910000 6.04817e-03 8.55153e-04 0.00000e+00
18.920000 6.06406e-03 -9.52636e-04 0.00000e+00
18.930000 6.04815e-03 -2.79019e-03 0.00000e+00
18.940000 6.03802e-03 -4.60335e-03 0.00000e+00
18.950000 5.96954e-03 -6.30816e-03 0.00000e+00
18.960000 5.88586e-03 -8.03988e-03 0.00000e+00
18.970000 5.78898e-03 -9.83235e-03 0.00000e+00
18.980000 5.68919e-03 -1.15928e-02 0.00000e+00
18.990000 5.55707e-03 -1.33596e-02 0.00000e+00
19.000000 5.43510e-03 -1.51900e-02 0.00000e+00
19.010000 5.25372e-03 -1.70038e-02 0.00000e+00
19.020000 5.08824e-03 -1.87657e-02 0.00000e+00
19.030000 4.90748e-03 -2.04375e-02 0.00000e+00
19.040000 4.69025e-03 -2.19086e-02 0.00000e+00
19.050000 4.47530e-03 -2.33713e-02 0.00000e+00
19.060000 4.21943e-03 -2.48497e-02 0.00000e+00
19.070000 3.97550e-03 -2.62005e-02 0.00000e+00
19.080000 3.69203e-03 -2.74440e-02 0.00000e+00
19.090000 3.40827e-03 -2.85100e-02 0.00000e+00
19.100000 3.12284e-03 -2.94949e-02 0.00000e+00
19.110000 2.83820e-03 -3.03050e-02 0.00000e+00
19.120000 2.52012e-03 -3.10226e-02 0.00000e+00
19.130000 2.17631e-03 -3.17964e-02 0.00000e+00
19.140000 1.84173e-03 -3.24013e-02 0.00000e+00
19.150000 1.51077e-03 -3.28098e-02 0.00000e+00
19.160000 1.17307e-03 -3.30988e-02 0.00000e+00
19.170000 8.34342e-04 -3.32013e-02 0.00000e+00
19.180000 4.99125e-04 -3.32414e-02 0.00000e+00
19.190000 1.68600e-04 -3.31881e-02 0.00000e+00
19.200000 -1.37250e-04 -3.29095e-02 0.00000e+00
19.210000 -4.61841e-04 -3.26110e-02 0.00000e+00
19.220000 -8.01456e-04 -3.22939e-02 0.00000e+00
19.230000 -1.12256e-03 -3.18780e-02 0.00000e+00
19.240000 -1.42841e-03 -3.13324e-02 0.00000e+00
19.250000 -1.72791e-03 -3.07325e-02 0.00000e+00
19.260000 -2.03251e-03 -3.00554e-02 0.00000e+00
19.270000 -2.34166e-03 -2.92725e-02 0.00000e+00
19.280000 -2.60894e-03 -2.83237e-02 0.00000e+00
19.290000 -2.91506e-03 -2.72524e-02 0.00000e+00
19.300000 -3.16734e-03 -2.63056e-02 0.00000e+00
19.310000 -3.40957e-03 -2.53974e-02 0.00000e+00
19.320000 -3.65608e-03 -2.43350e-02 0.00000e+00
19.330000 -3.89258e-03 -2.31197e-02 0.00000e+00
19.340000 -4.11542e-03 -2.18397e-02 0.00000e+00
19.350000 -4.34657e-03 -2.05403e-02 0.00000e+00
19.360000 -4.53486e-03 -1.91606e-02 0.00000e+00
19.370000 -4.74323e-03 -1.75876e-02 0.00000e+00
19.380000 -4.92714e-03 -1.59353e-02 0.00000e+00
19.390000 -5.08745e-03 -1.43857e-02 0.00000e+00
19.400000 -5.20150e-03 -1.28563e-02 0.00000e+00
19.410000 -5.33225e-03 -1.11306e-02 0.00000e+00
19.420000 -5.42789e-03 -9.21367e-03 0.00000e+00
19.430000 -5.50639e-03 -7.32269e-03 0.00000e+00
19.440000 -5.57692e-03 -5.50597e-03 0.00000e+00
19.450000 -5.60812e-03 -3.57388e-03 0.00000e+00
19.460000 -5.65618e-03 -1.64786e-03 0.00000e+00
19.470000 -5.68587e-03 2.51526e-04 0.00000e+00
19.480000 -5.65483e-03 2.31790e-03 0.00000e+00
19.490000 -5.60090e-03 4.37743e-03 0.00000e+00
19.500000 -5.54331e-03 6.39770e-03 0.00000e+00
19.510000 -5.48512e-03 8.36010e-03 0.00000e+00
19.520000 -5.39628e-03 1.02295e-02 0.00000e+00
19.530000 -5.27663e-03 1.21562e-02 0.00000e+00
19.540000 -5.14712e-03 1.39519e-02 0.00000e+00
19.550000 -5.02064e-03 1.55662e-02 0.00000e+00
19.560000 -4.85888e-03 1.72010e-02 0.00000e+00
19.570000 -4.65965e-03 1.89147e-02 0.00000e+00
19.580000 -4.42648e-03 2.05258e-02 0.00000e+00
19.590000 -4.22826e-03 2.19455e-02 0.00000e+00
19.600000 -4.01873e-03 2.33001e-02 0.00000e+00
19.610000 -3.77390e-03 2.45040e-02 0.00000e+00
19.620000 -3.51043e-03 2.56743e-02 0.00000e+00
19.630000 -3.25800e-03 2.66685e-02 0.00000e+00
19.640000 -2.97283e-03 2.73745e-02 0.00000e+00
19.650000 -2.68455e-03 2.81400e-02 0.00000e+00
19.660000 -2.40748e-03 2.89653e-02 0.00000e+00
19.670000 -2.11245e-03 2.96128e-02 0.00000e+00
19.680000 -1.82716e-03 3.00178e-02 0.00000e+00
19.690000 -1.50551e-03 3.02555e-02 0.00000e+00
19.700000 -1.20251e-03 3.04226e-02 0.00000e+00
19.710000 -9.18193e-04 3.04618e-02 0.00000e+00
19.720000 -5.86633e-04 3.02338e-02 0.00000e+00
19.730000 -2.73111e-04 2.98542e-02 0.00000e+00
19.740000 2.82803e-05 2.95259e-02 0.00000e+00
19.750000 2.96887e-04 2.92788e-02 0.00000e+00
19.760000 5.90013e-04 2.88383e-02 0.00000e+00
19.770000 8.75118e-04 2.81233e-02 0.00000e+00
19.780000 1.15806e-03 2.73337e-02 0.00000e+00
19.790000 1.44283e-03 2.65261e-02 0.00000e+00
19.800000 1.68652e-03 2.56379e-02 0.00000e+00
19.810000 1.96650e-03 2.46727e-02 0.00000e+00
19.820000 2.23252e-03 2.37286e-02 0.00000e+00
19.830000 2.44655e-03 2.26900e-02 0.00000e+00
19.840000 2.64780e-03 2.15150e-02 0.00000e+00
19.850000 2.84923e-03 2.02584e-02 0.00000e+00
19.860000 3.04228e-03 1.91039e-02 0.00000e+00
19.870000 3.22425e-03 1.80173e-02 0.00000e+00
19.880000 3.38550e-03 1.68193e-02 0.00000e+00
19.890000 3.54613e-03 1.57013e-02 0.00000e+00
19.900000 3.72128e-03 1.46319e-02 0.00000e+00
19.910000 3.87250e-03 1.34629e-02 0.00000e+00
19.920000 3.98962e-03 1.21871e-02 0.00000e+00
19.930000 4.07153e-03 1.09163e-02 0.00000e+00
19.940000 4.17616e-03 9.70970e-03 0.00000e+00
19.950000 4.25944e-03 8.46462e-03 0.00000e+00
19.960000 4.34781e-03 7.19185e-03 0.00000e+00
19.970000 4.40952e-03 5.84125e-03 0.00000e+00
19.980000 4.46586e-03 4.55947e-03 0.00000e+00
19.990000 4.51187e-03 3.46102e-03 0.00000e+00
20.000000 4.52858e-03 2.26385e-03 0.00000e+00
20.010000 4.54735e-03 9.59802e-04 0.00000e+00
20.020000 4.57739e-03 -2.77178e-04 0.00000e+00
20.030000 4.59854e-03 -1.55171e-03 0.00000e+00
20.040000 4.56982e-03 -2.88915e-03 0.00000e+00
20.050000 4.53982e-03 -4.22330e-03 0.00000e+00
20.060000 4.48529e-03 -5.57712e-03 0.00000e+00
20.070000 4.40563e-03 -6.83303e-03 0.00000e+00
20.080000 4.32655e-03 -7.97531e-03 0.00000e+00
20.090000 4.24002e-03 -9.22042e-03 0.00000e+00
20.100000 4.14075e-03 -1.05885e-02 0.00000e+00
20.110000 4.01531e-03 -1.18480e-02 0.00000e+00
20.120000 3.87741e-03 -1.30254e-02 0.00000e+00
20.130000 3.74180e-03 -1.41872e-02 0.00000e+00
20.140000 3.61022e-03 -1.53262e-02 0.00000e+00
20.150000 3.47396e-03 -1.64518e-02 0.00000e+00
20.160000 3.31034e-03 -1.75163e-02 0.00000e+00
20.170000 3.11976e-03 -1.85473e-02 0.00000e+00
20.180000 2.94292e-03 -1.95016e-02 0.00000e+00
20.190000 2.73490e-03 -2.02699e-02 0.00000e+00
20.200000 2.50412e-03 -2.08484e-02 0.00000e+00
20.210000 2.29836e-03 -2.14207e-02 0.00000e+00
20.220000 2.08229e-03 -2.19999e-02 0.00000e+00
20.230000 1.85262e-03 -2.24785e-02 0.00000e+00
20.240000 1.63544e-03 -2.29118e-02 0.00000e+00
20.250000 1.39524e-03 -2.32293e-02 0.00000e+00
20.260000 1.14416e-03 -2.33948e-02 0.00000e+00
20.270000 9.23254e-04 -2.35271e-02 0.00000e+00
20.280000 6.88498e-04 -2.36714e-02 0.00000e+00
20.290000 4.29475e-04 -2.38118e-02 0.00000e+00
20.300000 1.85406e-04 -2.38671e-02 0.00000e+00
20.310000 -5.99844e-05 -2.37729e-02 0.00000e+00
20.320000 -2.89801e-04 -2.35367e-02 0.00000e+00
20.330000 -5.20340e-04 -2.32060e-02 0.00000e+00
20.340000 -7.34070e-04 -2.28439e-02 0.00000e+00
20.350000 -9.54915e-04 -2.23905e-02 0.00000e+00
20.360000 -1.16636e-03 -2.19008e-02 0.00000e+00
20.370000 -1.38929e-03 -2.14734e-02 0.00000e+00
20.380000 -1.60655e-03 -2.09634e-02 0.00000e+00
20.390000 -1.80945e-03 -2.03580e-02 0.00000e+00
20.400000 -1.99456e-03 -1.97530e-02 0.00000e+00
20.410000 -2.18954e-03 -1.90861e-02 0.00000e+00
20.420000 -2.36903e-03 -1.83457e-02 0.00000e+00
20.430000 -2.57307e-03 -1.76036e-02 0.00000e+00
20.440000 -2.76450e-03 -1.67353e-02 0.00000e+00
20.450000 -2.93594e-03 -1.57787e-02 0.00000e+00
20.460000 -3.08784e-03 -1.49202e-02 0.00000e+00
20.470000 -3.22590e-03 -1.40835e-02 0.00000e+00
20.480000 -3.35159e-03 -1.31895e-02 0.00000e+00
20.490000 -3.47113e-03 -1.22540e-02 0.00000e+00
20.500000 -3.57568e-03 -1.12369e-02 0.00000e+00
20.510000 -3.68424e-03 -1.01118e-02 0.00000e+00
20.520000 -3.78208e-03 -8.92389e-03 0.00000e+00
20.530000 -3.88018e-03 -7.65713e-03 0.00000e+00
20.540000 -3.94759e-03 -6.36028e-03 0.00000e+00
20.550000 -4.01049e-03 -5.06114e-03 0.00000e+00
20.560000 -4.05816e-03 -3.65494e-03 0.00000e+00
20.570000 -4.09054e-03 -2.18090e-03 0.00000e+00
20.580000 -4.09885e-03 -7.14789e-04 0.00000e+00
20.590000 -4.09767e-03 7.45694e-04 0.00000e+00
20.600000 -4.08888e-03 2.12891e-03 0.00000e+00
20.610000 -4.06957e-03 3.42818e-03 0.00000e+00
20.620000 -4.05410e-03 4.75073e-03 0.00000e+00
20.630000 -4.01258e-03 6.10557e-03 0.00000e+00
20.640000 -3.94377e-03 7.43532e-03 0.00000e+00
20.650000 -3.85810e-03 8.71003e-03 0.00000e+00
20.660000 -3.75822e-03 9.91578e-03 0.00000e+00
20.670000 -3.63005e-03 1.11513e-02 0.00000e+00
20.680000 -3.50307e-03 1.23838e-02 0.00000e+00
20.690000 -3.35996e-03 1.34597e-02 0.00000e+00
20.700000 -3.20551e-03 1.44219e-02 0.00000e+00
20.710000 -3.05496e-03 1.53315e-02 0.00000e+00
20.720000 -2.88330e-03 1.61277e-02 0.00000e+00
20.730000 -2.71484e-03 1.68343e-02 0.00000e+00
20.740000 -2.55817e-03 1.75601e-02 0.00000e+00
20.750000 -2.37984e-03 1.82098e-02 0.00000e+00
20.760000 -2.20443e-03 1.87855e-02 0.00000e+00
20.770000 -2.01674e-03 1.93023e-02 0.00000e+00
20.780000 -1.82185e-03 1.95970e-02 0.00000e+00
20.790000 -1.62598e-03 1.97116e-02 0.00000e+00
20.800000 -1.43759e-03 1.97118e-02 0.00000e+00
20.810000 -1.24936e-03 1.96322e-02 0.00000e+00
20.820000 -1.04855e-03 1.95437e-02 0.00000e+00
20.830000 -8.38947e-04 1.94805e-02 0.00000e+00
20.840000 -6.16459e-04 1.94954e-02 0.00000e+00
20.850000 -4.34497e-04 1.94380e-02 0.00000e+00
20.860000 -2.49576e-04 1.92743e-02 0.00000e+00
20.870000 -4.77237e-05 1.91008e-02 0.00000e+00
20.880000 1.36507e-04 1.88117e-02 0.00000e+00
20.890000 3.23434e-04 1.84488e-02 0.00000e+00
20.900000 5.26957e-04 1.80575e-02 0.00000e+00
20.910000 7.07830e-04 1.74840e-02 0.00000e+00
20.920000 8.56254e-04 1.69233e-02 0.00000e+00
20.930000 1.02922e-03 1.63916e-02 0.00000e+00
20.940000 1.16448e-03 1.57814e-02 0.00000e+00
20.950000 1.29505e-03 1.52015e-02 0.00000e+00
20.960000 1.46404e-03 1.46072e-02 0.00000e+00
20.970000 1.60252e-03 1.40049e-02 0.00000e+00
20.980000 1.76427e-03 1.33175e-02 0.00000e+00
20.990000 1.91869e-03 1.26217e-02 0.00000e+00
21.000000 2.06495e-03 1.20056e-02 0.00000e+00
21.010000 2.17479e-03 1.14954e-02 0.00000e+00
21.020000 2.25727e-03 1.09001e-02 0.00000e+00
21.030000 2.35765e-03 1.01881e-02 0.00000e+00
21.040000 2.44009e-03 9.62867e-03 0.00000e+00
21.050000 2.51159e-03 9.07609e-03 0.00000e+00
21.060000 2.59781e-03 8.43913e-03 0.00000e+00
21.070000 2.67007e-03 7.88169e-03 0.00000e+00
21.080000 2.74254e-03 7.33828e-03 0.00000e+00
21.090000 2.84534e-03 6.61659e-03 0.00000e+00
21.100000 2.88417e-03 5.91463e-03 0.00000e+00
21.110000 2.95223e-03 5.16405e-03 0.00000e+00
21.120000 3.00121e-03 4.23799e-03 0.00000e+00
21.130000 3.04530e-03 3.40261e-03 0.00000e+00
21.140000 3.08332e-03 2.60300e-03 0.00000e+00
21.150000 3.09842e-03 1.87122e-03 0.00000e+00
21.160000 3.14212e-03 1.27546e-03 0.00000e+00
21.170000 3.15348e-03 6.22219e-04 0.00000e+00
21.180000 3.16706e-03 -1.49694e-04 0.00000e+00
21.190000 3.13897e-03 -1.05843e-03 0.00000e+00
21.200000 3.15315e-03 -2.00762e-03 0.00000e+00
21.210000 3.12829e-03 -2.94999e-03 0.00000e+00
21.220000 3.07280e-03 -4.01816e-03 0.00000e+00
21.230000 3.02182e-03 -5.10700e-03 0.00000e+00
21.240000 2.97090e-03 -6.16000e-03 0.00000e+00
21.250000 2.88715e-03 -7.15424e-03 0.00000e+00
21.260000 2.81053e-03 -7.94549e-03 0.00000e+00
21.270000 2.73935e-03 -8.76937e-03 0.00000e+00
21.280000 2.62624e-03 -9.62699e-03 0.00000e+00
21.290000 2.54329e-03 -1.03881e-02 0.00000e+00
21.300000 2.44921e-03 -1.11028e-02 0.00000e+00
21.310000 2.34371e-03 -1.17561e-02 0.00000e+00
21.320000 2.23549e-03 -1.24922e-02 0.00000e+00
21.330000 2.08617e-03 -1.31214e-02 0.00000e+00
21.340000 1.92185e-03 -1.36286e-02 0.00000e+00
21.350000 1.77759e-03 -1.41943e-02 0.00000e+00
21.360000 1.62070e-03 -1.48036e-02 0.00000e+00
21.370000 1.46637e-03 -1.52278e-02 0.00000e+00
21.380000 1.30478e-03 -1.54935e-02 0.00000e+00
21.390000 1.13754e-03 -1.59095e-02 0.00000e+00
21.400000 1.00159e-03 -1.63398e-02 0.00000e+00
21.410000 8.54336e-04 -1.66117e-02 0.00000e+00
21.420000 7.20088e-04 -1.68130e-02 0.00000e+00
21.430000 5.52007e-04 -1.70161e-02 0.00000e+00
21.440000 3.75067e-04 -1.70962e-02 0.00000e+00
21.450000 2.11812e-04 -1.71594e-02 0.00000e+00
21.460000 3.84145e-05 -1.71868e-02 0.00000e+00
21.470000 -1.33764e-04 -1.71169e-02 0.00000e+00
21.480000 -3.25322e-04 -1.69394e-02 0.00000e+00
21.490000 -5.11659e-04 -1.66448e-02 0.00000e+00
21.500000 -6.63315e-04 -1.64088e-02 0.00000e+00
21.510000 -8.54813e-04 -1.62665e-02 0.00000e+00
21.520000 -1.02460e-03 -1.60387e-02 0.00000e+00
21.530000 -1.17126e-03 -1.56773e-02 0.00000e+00
21.540000 -1.30543e-03 -1.53257e-02 0.00000e+00
21.550000 -1.48270e-03 -1.49317e-02 0.00000e+00
21.560000 -1.63394e-03 -1.44919e-02 0.00000e+00
21.570000 -1.75730e-03 -1.38494e-02 0.00000e+00
21.580000 -1.87158e-03 -1.29902e-02 0.00000e+00
21.590000 -2.00421e-03 -1.20744e-02 0.00000e+00
21.600000 -2.12893e-03 -1.11732e-02 0.00000e+00
21.610000 -2.23552e-03 -1.03406e-02 0.00000e+00
21.620000 -2.34909e-03 -9.44519e-03 0.00000e+00
21.630000 -2.44340e-03 -8.54363e-03 0.00000e+00
21.640000 -2.52957e-03 -7.65750e-03 0.00000e+00
21.650000 -2.58377e-03 -6.76045e-03 0.00000e+00
21.660000 -2.67182e-03 -5.88540e-03 0.00000e+00
21.670000 -2.73096e-03 -4.95084e-03 0.00000e+00
21.680000 -2.77635e-03 -4.01020e-03 0.00000e+00
21.690000 -2.79346e-03 -3.12052e-03 0.00000e+00
21.700000 -2.82154e-03 -2.17134e-03 0.00000e+00
21.710000 -2.84162e-03 -1.09824e-03 0.00000e+00
21.720000 -2.82203e-03 -1.57082e-04 0.00000e+00
21.730000 -2.80883e-03 6.54150e-04 0.00000e+00
21.740000 -2.76585e-03 1.58945e-03 0.00000e+00
21.750000 -2.76642e-03 2.58664e-03 0.00000e+00
21.760000 -2.75489e-03 3.49215e-03 0.00000e+00
21.770000 -2.73425e-03 4.20055e-03 0.00000e+00
21.780000 -2.69139e-03 4.93619e-03 0.00000e+00
21.790000 -2.64293e-03 5.68145e-03 0.00000e+00
21.800000 -2.59302e-03 6.28991e-03 0.00000e+00
21.810000 -2.51303e-03 6.84698e-03 0.00000e+00
21.820000 -2.43376e-03 7.40730e-03 0.00000e+00
21.830000 -2.35371e-03 7.90198e-03 0.00000e+00
21.840000 -2.26719e-03 8.33068e-03 0.00000e+00
21.850000 -2.16451e-03 8.75852e-03 0.00000e+00
21.860000 -2.07578e-03 9.17424e-03 0.00000e+00
21.870000 -1.96848e-03 9.62968e-03 0.00000e+00
21.880000 -1.86592e-03 9.97258e-03 0.00000e+00
21.890000 -1.78236e-03 1.03344e-02 0.00000e+00
21.900000 -1.65856e-03 1.07914e-02 0.00000e+00
21.910000 -1.54975e-03 1.12719e-02 0.00000e+00
21.920000 -1.45118e-03 1.16547e-02 0.00000e+00
21.930000 -1.35622e-03 1.18364e-02 0.00000e+00
21.940000 -1.25070e-03 1.19670e-02 0.00000e+00
21.950000 -1.10271e-03 1.20865e-02 0.00000e+00
21.960000 -1.01219e-03 1.21736e-02 0.00000e+00
21.970000 -8.94751e-04 1.22180e-02 0.00000e+00
21.980000 -7.68847e-04 1.23074e-02 0.00000e+00
21.990000 -6.34700e-04 1.24567e-02 0.00000e+00
22.000000 -4.98361e-04 1.25782e-02 0.00000e+00
22.010000 -3.63558e-04 1.26408e-02 0.00000e+00
22.020000 -2.38702e-04 1.27638e-02 0.00000e+00
22.030000 -1.00280e-04 1.28471e-02 0.00000e+00
22.040000 4.18199e-05 1.28717e-02 0.00000e+00
22.050000 1.49732e-04 1.29705e-02 0.00000e+00
22.060000 3.06506e-04 1.29354e-02 0.00000e+00
22.070000 4.23554e-04 1.28927e-02 0.00000e+00
22.080000 5.42793e-04 1.28872e-02 0.00000e+00
22.090000 6.42507e-04 1.27200e-02 0.00000e+00
22.100000 7.59311e-04 1.24343e-02 0.00000e+00
22.110000 8.80151e-04 1.20360e-02 0.00000e+00
22.120000 9.99591e-04 1.17366e-02 0.00000e+00
22.130000 1.11883e-03 1.14366e-02 0.00000e+00
22.140000 1.25004e-03 1.09960e-02 0.00000e+00
22.150000 1.36909e-03 1.05470e-02 0.00000e+00
22.160000 1.48484e-03 1.00448e-02 0.00000e+00
22.170000 1.58071e-03 9.57127e-03 0.00000e+00
22.180000 1.68273e-03 9.11710e-03 0.00000e+00
22.190000 1.78597e-03 8.59575e-03 0.00000e+00
22.200000 1.85557e-03 8.07569e-03 0.00000e+00
22.210000 1.95026e-03 7.55910e-03 0.00000e+00
22.220000 2.02319e-03 6.95722e-03 0.00000e+00
22.230000 2.06490e-03 6.43266e-03 0.00000e+00
22.240000 2.13597e-03 5.92276e-03 0.00000e+00
22.250000 2.16054e-03 5.25009e-03 0.00000e+00
22.260000 2.19900e-03 4.48195e-03 0.00000e+00
22.270000 2.23183e-03 3.64736e-03 0.00000e+00
22.280000 2.26748e-03 2.78116e-03 0.00000e+00
22.290000 2.31877e-03 1.96714e-03 0.00000e+00
22.300000 2.33063e-03 1.22485e-03 0.00000e+00
22.310000 2.33466e-03 5.84859e-04 0.00000e+00
22.320000 2.33757e-03 -1.82182e-05 0.00000e+00
22.330000 2.33988e-03 -6.46430e-04 0.00000e+00
22.340000 2.35601e-03 -1.25053e-03 0.00000e+00
22.350000 2.33357e-03 -1.87585e-03 0.00000e+00
22.360000 2.31738e-03 -2.48598e-03 0.00000e+00
22.370000 2.28856e-03 -3.15752e-03 0.00000e+00
22.380000 2.24900e-03 -3.76024e-03 0.00000e+00
22.390000 2.21350e-03 -4.27792e-03 0.00000e+00
22.400000 2.16182e-03 -4.94073e-03 0.00000e+00
22.410000 2.07886e-03 -5.59444e-03 0.00000e+00
22.420000 2.00286e-03 -6.21619e-03 0.00000e+00
22.430000 1.93235e-03 -6.91423e-03 0.00000e+00
22.440000 1.85830e-03 -7.56390e-03 0.00000e+00
22.450000 1.79572e-03 -8.13803e-03 0.00000e+00
22.460000 1.75068e-03 -8.55898e-03 0.00000e+00
22.470000 1.67044e-03 -8.87222e-03 0.00000e+00
22.480000 1.59348e-03 -9.26990e-03 0.00000e+00
22.490000 1.47902e-03 -9.73614e-03 0.00000e+00
22.500000 1.38813e-03 -1.01413e-02 0.00000e+00
22.510000 1.27684e-03 -1.03779e-02 0.00000e+00
22.520000 1.15647e-03 -1.05194e-02 0.00000e+00
22.530000 1.04368e-03 -1.06626e-02 0.00000e+00
22.540000 9.33369e-04 -1.08132e-02 0.00000e+00
22.550000 8.32887e-04 -1.09540e-02 0.00000e+00
22.560000 6.96993e-04 -1.09688e-02 0.00000e+00
22.570000 5.74278e-04 -1.09917e-02 0.00000e+00
22.580000 4.67173e-04 -1.11274e-02 0.00000e+00
22.590000 3.56601e-04 -1.12156e-02 0.00000e+00
22.600000 2.38619e-04 -1.12643e-02 0.00000e+00
22.610000 1.51839e-04 -1.13121e-02 0.00000e+00
22.620000 4.69586e-05 -1.12763e-02 0.00000e+00
22.630000 -4.40658e-05 -1.10294e-02 0.00000e+00
22.640000 -1.64104e-04 -1.07301e-02 0.00000e+00
22.650000 -2.95256e-04 -1.04916e-02 0.00000e+00
22.660000 -3.98226e-04 -1.03312e-02 0.00000e+00
22.670000 -4.75132e-04 -1.01977e-02 0.00000e+00
22.680000 -5.65641e-04 -1.00169e-02 0.00000e+00
22.690000 -6.61358e-04 -9.84134e-03 0.00000e+00
22.700000 -7.79576e-04 -9.63088e-03 0.00000e+00
22.710000 -8.74250e-04 -9.39562e-03 0.00000e+00
22.720000 -9.60968e-04 -9.03068e-03 0.00000e+00
22.730000 -1.04510e-03 -8.66146e-03 0.00000e+00
22.740000 -1.16406e-03 -8.39153e-03 0.00000e+00
22.750000 -1.22577e-03 -8.05301e-03 0.00000e+00
22.760000 -1.30770e-03 -7.63607e-03 0.00000e+00
22.770000 -1.39139e-03 -7.26245e-03 0.00000e+00
22.780000 -1.45718e-03 -6.80261e-03 0.00000e+00
22.790000 -1.50839e-03 -6.28331e-03 0.00000e+00
22.800000 -1.56744e-03 -5.78599e-03 0.00000e+00
22.810000 -1.64830e-03 -5.21230e-03 0.00000e+00
22.820000 -1.71313e-03 -4.70287e-03 0.00000e+00
22.830000 -1.76504e-03 -4.21359e-03 0.00000e+00
22.840000 -1.79642e-03 -3.61973e-03 0.00000e+00
22.850000 -1.81772e-03 -2.95327e-03 0.00000e+00
22.860000 -1.83317e-03 -2.28017e-03 0.00000e+00
22.870000 -1.85051e-03 -1.72111e-03 0.00000e+00
22.880000 -1.85856e-03 -1.15350e-03 0.00000e+00
22.890000 -1.84966e-03 -4.80507e-04 0.00000e+00
22.900000 -1.87729e-03 1.12429e-04 0.00000e+00
22.910000 -1.87680e-03 5.66493e-04 0.00000e+00
22.920000 -1.86772e-03 1.09978e-03 0.00000e+00
22.930000 -1.85344e-03 1.65071e-03 0.00000e+00
22.940000 -1.84875e-03 2.00620e-03 0.00000e+00
22.950000 -1.80572e-03 2.38756e-03 0.00000e+00
22.960000 -1.79531e-03 2.84761e-03 0.00000e+00
22.970000 -1.74148e-03 3.23857e-03 0.00000e+00
22.980000 -1.69635e-03 3.51560e-03 0.00000e+00
22.990000 -1.67087e-03 3.76831e-03 0.00000e+00
23.000000 -1.63123e-03 4.03734e-03 0.00000e+00
23.010000 -1.57998e-03 4.31802e-03 0.00000e+00
23.020000 -1.52432e-03 4.63719e-03 0.00000e+00
23.030000 -1.47758e-03 4.94731e-03 0.00000e+00
23.040000 -1.43496e-03 5.17116e-03 0.00000e+00
23.050000 -1.36377e-03 5.37842e-03 0.00000e+00
23.060000 -1.33184e-03 5.68344e-03 0.00000e+00
23.070000 -1.29221e-03 5.89936e-03 0.00000e+00
23.080000 -1.22452e-03 5.97608e-03 0.00000e+00
23.090000 -1.16428e-03 6.12577e-03 0.00000e+00
23.100000 -1.13099e-03 6.32157e-03 0.00000e+00
23.110000 -1.06163e-03 6.44661e-03 0.00000e+00
23.120000 -9.72186e-04 6.69509e-03 0.00000e+00
23.130000 -9.10162e-04 7.00207e-03 0.00000e+00
23.140000 -8.37573e-04 7.29030e-03 0.00000e+00
23.150000 -7.46532e-04 7.68062e-03 0.00000e+00
23.160000 -6.62498e-04 7.98808e-03 0.00000e+00
23.170000 -5.88599e-04 8.25939e-03 0.00000e+00
23.180000 -5.10737e-04 8.58778e-03 0.00000e+00
23.190000 -4.32033e-04 9.01651e-03 0.00000e+00
23.200000 -3.59488e-04 9.43739e-03 0.00000e+00
23.210000 -2.75485e-04 9.70985e-03 0.00000e+00
23.220000 -1.68530e-04 1.00289e-02 0.00000e+00
23.230000 -7.46576e-05 1.02948e-02 0.00000e+00
23.240000 6.98712e-06 1.03718e-02 0.00000e+00
23.250000 1.12375e-04 1.04628e-02 0.00000e+00
23.260000 2.40870e-04 1.05123e-02 0.00000e+00
23.270000 3.46494e-04 1.03836e-02 0.00000e+00
23.280000 4.67182e-04 1.02333e-02 0.00000e+00
23.290000 6.02020e-04 1.01770e-02 0.00000e+00
23.300000 6.95000e-04 9.97593e-03 0.00000e+00
23.310000 8.03413e-04 9.67469e-03 0.00000e+00
23.320000 9.08777e-04 9.48314e-03 0.00000e+00
23.330000 1.00107e-03 9.26035e-03 0.00000e+00
23.340000 1.11042e-03 8.90054e-03 0.00000e+00
23.350000 1.20139e-03 8.41986e-03 0.00000e+00
23.360000 1.29591e-03 7.83375e-03 0.00000e+00
23.370000 1.33754e-03 7.19704e-03 0.00000e+00
23.380000 1.40218e-03 6.56571e-03 0.00000e+00
23.390000 1.46696e-03 5.98605e-03 0.00000e+00
23.400000 1.50205e-03 5.37134e-03 0.00000e+00
23.410000 1.54285e-03 4.63100e-03 0.00000e+00
23.420000 1.58841e-03 3.96242e-03 0.00000e+00
23.430000 1.61263e-03 3.45504e-03 0.00000e+00
23.440000 1.65848e-03 2.91022e-03 0.00000e+00
23.450000 1.69144e-03 2.34288e-03 0.00000e+00
23.460000 1.71124e-03 1.95560e-03 0.00000e+00
23.470000 1.71384e-03 1.58501e-03 0.00000e+00
23.480000 1.75867e-03 1.15585e-03 0.00000e+00
23.490000 1.75736e-03 7.61446e-04 0.00000e+00
23.500000 1.74100e-03 3.55468e-04 0.00000e+00
23.510000 1.72389e-03 2.07933e-05 0.00000e+00
23.520000 1.71327e-03 -2.79273e-04 0.00000e+00
23.530000 1.70753e-03 -5.95848e-04 0.00000e+00
23.540000 1.71945e-03 -9.88151e-04 0.00000e+00
23.550000 1.70512e-03 -1.49070e-03 0.00000e+00
23.560000 1.69067e-03 -1.94969e-03 0.00000e+00
23.570000 1.66028e-03 -2.46323e-03 0.00000e+00
23.580000 1.65445e-03 -3.08698e-03 0.00000e+00
23.590000 1.64532e-03 -3.71122e-03 0.00000e+00
23.600000 1.60553e-03 -4.29435e-03 0.00000e+00
23.610000 1.55826e-03 -4.81964e-03 0.00000e+00
23.620000 1.53442e-03 -5.36022e-03 0.00000e+00
23.630000 1.49550e-03 -5.90594e-03 0.00000e+00
23.640000 1.42563e-03 -6.42014e-03 0.00000e+00
23.650000 1.35437e-03 -6.82480e-03 0.00000e+00
23.660000 1.28156e-03 -7.18427e-03 0.00000e+00
23.670000 1.20549e-03 -7.64644e-03 0.00000e+00
23.680000 1.12430e-03 -8.11799e-03 0.00000e+00
23.690000 1.02050e-03 -8.54711e-03 0.00000e+00
23.700000 9.23758e-04 -8.95462e-03 0.00000e+00
23.710000 8.16006e-04 -9.19542e-03 0.00000e+00
23.720000 7.02492e-04 -9.31716e-03 0.00000e+00
23.730000 6.07349e-04 -9.44027e-03 0.00000e+00
23.740000 4.94296e-04 -9.53670e-03 0.00000e+00
23.750000 3.96603e-04 -9.51164e-03 0.00000e+00
23.760000 3.13707e-04 -9.30811e-03 0.00000e+00
23.770000 2.39735e-04 -9.12933e-03 0.00000e+00
23.780000 1.38025e-04 -8.96156e-03 0.00000e+00
23.790000 5.15936e-05 -8.64602e-03 0.00000e+00
23.800000 -1.09905e-05 -8.26387e-03 0.00000e+00
23.810000 -8.99124e-05 -7.91488e-03 0.00000e+00
23.820000 -1.72998e-04 -7.58499e-03 0.00000e+00
23.830000 -2.54117e-04 -7.29004e-03 0.00000e+00
23.840000 -3.31640e-04 -6.98598e-03 0.00000e+00
23.850000 -3.99298e-04 -6.61255e-03 0.00000e+00
23.860000 -4.66657e-04 -6.24487e-03 0.00000e+00
23.870000 -5.23391e-04 -5.92200e-03 0.00000e+00
23.880000 -5.53755e-04 -5.64462e-03 0.00000e+00
23.890000 -6.19519e-04 -5.47063e-03 0.00000e+00
23.900000 -6.68255e-04 -5.33783e-03 0.00000e+00
23.910000 -7.17888e-04 -5.23356e-03 0.00000e+00
23.920000 -7.53969e-04 -5.13344e-03 0.00000e+00
23.930000 -8.09624e-04 -4.94726e-03 0.00000e+00
23.940000 -8.63719e-04 -4.66056e-03 0.00000e+00
23.950000 -8.98372e-04 -4.49396e-03 0.00000e+00
23.960000 -9.47987e-04 -4.41616e-03 0.00000e+00
23.970000 -1.00303e-03 -4.18143e-03 0.00000e+00
23.980000 -1.04021e-03 -3.96780e-03 0.00000e+00
23.990000 -1.09394e-03 -3.89004e-03 0.00000e+00
24.000000 -1.13431e-03 -3.84167e-03 0.00000e+00
24.010000 -1.15621e-03 -3.79962e-03 0.00000e+00
24.020000 -1.18298e-03 -3.74930e-03 0.00000e+00
24.030000 -1.22756e-03 -3.69250e-03 0.00000e+00
24.040000 -1.27413e-03 -3.62144e-03 0.00000e+00
24.050000 -1.31875e-03 -3.38624e-03 0.00000e+00
24.060000 -1.35680e-03 -3.13947e-03 0.00000e+00
24.070000 -1.37952e-03 -2.95228e-03 0.00000e+00
24.080000 -1.39144e-03 -2.70506e-03 0.00000e+00
24.090000 -1.40151e-03 -2.39307e-03 0.00000e+00
24.100000 -1.41713e-03 -2.06312e-03 0.00000e+00
24.110000 -1.44158e-03 -1.75803e-03 0.00000e+00
24.120000 -1.48539e-03 -1.39884e-03 0.00000e+00
24.130000 -1.47880e-03 -1.06587e-03 0.00000e+00
24.140000 -1.49854e-03 -7.69247e-04 0.00000e+00
24.150000 -1.53127e-03 -3.07751e-04 0.00000e+00
24.160000 -1.53827e-03 2.75535e-04 0.00000e+00
24.170000 -1.52882e-03 8.25135e-04 0.00000e+00
24.180000 -1.52266e-03 1.40674e-03 0.00000e+00
24.190000 -1.50193e-03 2.04793e-03 0.00000e+00
24.200000 -1.47979e-03 2.66302e-03 0.00000e+00
24.210000 -1.44031e-03 3.27029e-03 0.00000e+00
24.220000 -1.39675e-03 3.86699e-03 0.00000e+00
24.230000 -1.37520e-03 4.43603e-03 0.00000e+00
24.240000 -1.32510e-03 5.01260e-03 0.00000e+00
24.250000 -1.27504e-03 5.63167e-03 0.00000e+00
24.260000 -1.21576e-03 6.27492e-03 0.00000e+00
24.270000 -1.15925e-03 6.86190e-03 0.00000e+00
24.280000 -1.09060e-03 7.30869e-03 0.00000e+00
24.290000 -1.02058e-03 7.60076e-03 0.00000e+00
24.300000 -9.35275e-04 7.93858e-03 0.00000e+00
24.310000 -8.19412e-04 8.22776e-03 0.00000e+00
24.320000 -7.04643e-04 8.32664e-03 0.00000e+00
24.330000 -6.27511e-04 8.37528e-03 0.00000e+00
24.340000 -5.57143e-04 8.40354e-03 0.00000e+00
24.350000 -4.65308e-04 8.37885e-03 0.00000e+00
24.360000 -3.70094e-04 8.34567e-03 0.00000e+00
24.370000 -2.78511e-04 8.30408e-03 0.00000e+00
24.380000 -1.85636e-04 8.21915e-03 0.00000e+00
24.390000 -1.15581e-04 8.08183e-03 0.00000e+00
24.400000 -3.49402e-05 7.87857e-03 0.00000e+00
24.410000 3.48571e-05 7.67742e-03 0.00000e+00
24.420000 1.12378e-04 7.47290e-03 0.00000e+00
24.430000 1.68099e-04 7.22514e-03 0.00000e+00
24.440000 2.24303e-04 6.94288e-03 0.00000e+00
24.450000 2.74952e-04 6.62661e-03 0.00000e+00
24.460000 3.51710e-04 6.26574e-03 0.00000e+00
24.470000 4.11237e-04 5.96912e-03 0.00000e+00
24.480000 4.57317e-04 5.86835e-03 0.00000e+00
24.490000 5.25199e-04 5.89659e-03 0.00000e+00
24.500000 5.80021e-04 5.80436e-03 0.00000e+00
24.510000 6.36956e-04 5.55450e-03 0.00000e+00
24.520000 7.01618e-04 5.35881e-03 0.00000e+00
24.530000 7.62320e-04 5.24698e-03 0.00000e+00
24.540000 8.07776e-04 5.12778e-03 0.00000e+00
24.550000 8.51372e-04 5.05305e-03 0.00000e+00
24.560000 9.01005e-04 4.91688e-03 0.00000e+00
24.570000 9.64227e-04 4.65635e-03 0.00000e+00
24.580000 1.00143e-03 4.41332e-03 0.00000e+00
24.590000 1.03736e-03 4.16897e-03 0.00000e+00
24.600000 1.07257e-03 3.82096e-03 0.00000e+00
24.610000 1.11163e-03 3.39855e-03 0.00000e+00
24.620000 1.14637e-03 2.97671e-03 0.00000e+00
24.630000 1.19133e-03 2.63856e-03 0.00000e+00
24.640000 1.24914e-03 2.29772e-03 0.00000e+00
24.650000 1.27542e-03 1.86528e-03 0.00000e+00
24.660000 1.28309e-03 1.49074e-03 0.00000e+00
24.670000 1.27523e-03 1.07535e-03 0.00000e+00
24.680000 1.29539e-03 6.25993e-04 0.00000e+00
24.690000 1.30722e-03 2.81319e-04 0.00000e+00
24.700000 1.30550e-03 3.90852e-05 0.00000e+00
24.710000 1.29342e-03 -2.71679e-04 0.00000e+00
24.720000 1.28772e-03 -6.63569e-04 0.00000e+00
24.730000 1.24339e-03 -1.03816e-03 0.00000e+00
24.740000 1.22999e-03 -1.28000e-03 0.00000e+00
24.750000 1.21880e-03 -1.46757e-03 0.00000e+00
24.760000 1.18819e-03 -1.73795e-03 0.00000e+00
24.770000 1.16397e-03 -1.99853e-03 0.00000e+00
24.780000 1.15944e-03 -2.28946e-03 0.00000e+00
24.790000 1.14292e-03 -2.54911e-03 0.00000e+00
24.800000 1.12528e-03 -2.71113e-03 0.00000e+00
24.810000 1.08156e-03 -2.76793e-03 0.00000e+00
24.820000 1.06916e-03 -2.81235e-03 0.00000e+00
24.830000 1.03430e-03 -2.92751e-03 0.00000e+00
24.840000 9.97731e-04 -3.12247e-03 0.00000e+00
24.850000 9.90776e-04 -3.30144e-03 0.00000e+00
24.860000 9.67477e-04 -3.39182e-03 0.00000e+00
24.870000 9.30110e-04 -3.54182e-03 0.00000e+00
24.880000 8.66160e-04 -3.75460e-03 0.00000e+00
24.890000 8.41875e-04 -3.90310e-03 0.00000e+00
24.900000 8.02250e-04 -4.14495e-03 0.00000e+00
24.910000 7.82812e-04 -4.47250e-03 0.00000e+00
24.920000 7.12177e-04 -4.74546e-03 0.00000e+00
24.930000 6.61470e-04 -5.04393e-03 0.00000e+00
24.940000 6.03469e-04 -5.35522e-03 0.00000e+00
24.950000 5.47682e-04 -5.61726e-03 0.00000e+00
24.960000 5.14237e-04 -5.84881e-03 0.00000e+00
24.970000 4.57252e-04 -6.06637e-03 0.00000e+00
24.980000 3.97837e-04 -6.26144e-03 0.00000e+00
24.990000 3.30704e-04 -6.38793e-03 0.00000e+00
25.000000 2.64288e-04 -6.51847e-03 0.00000e+00
25.010000 1.88710e-04 -6.71817e-03 0.00000e+00
25.020000 1.23960e-04 -6.80021e-03 0.00000e+00
25.030000 5.23452e-05 -6.80795e-03 0.00000e+00
25.040000 -2.97541e-05 -6.87248e-03 0.00000e+00
25.050000 -8.98155e-05 -7.02593e-03 0.00000e+00
25.060000 -1.61892e-04 -7.10763e-03 0.00000e+00
25.070000 -2.56318e-04 -7.11583e-03 0.00000e+00
25.080000 -3.25243e-04 -7.06114e-03 0.00000e+00
25.090000 -3.95439e-04 -6.98197e-03 0.00000e+00
25.100000 -4.54441e-04 -6.95127e-03 0.00000e+00
25.110000 -5.22304e-04 -6.85221e-03 0.00000e+00
25.120000 -5.83548e-04 -6.73749e-03 0.00000e+00
25.130000 -6.38733e-04 -6.50920e-03 0.00000e+00
25.140000 -6.87136e-04 -6.24994e-03 0.00000e+00
25.150000 -7.39916e-04 -6.01724e-03 0.00000e+00
25.160000 -8.11545e-04 -5.66664e-03 0.00000e+00
25.170000 -8.84742e-04 -5.28581e-03 0.00000e+00
25.180000 -9.36135e-04 -4.97103e-03 0.00000e+00
25.190000 -9.86819e-04 -4.67437e-03 0.00000e+00
25.200000 -1.04716e-03 -4.25014e-03 0.00000e+00
25.210000 -1.09530e-03 -3.82341e-03 0.00000e+00
25.220000 -1.13380e-03 -3.38671e-03 0.00000e+00
25.230000 -1.15876e-03 -2.85783e-03 0.00000e+00
25.240000 -1.19572e-03 -2.43007e-03 0.00000e+00
25.250000 -1.20079e-03 -2.00796e-03 0.00000e+00
25.260000 -1.22382e-03 -1.54297e-03 0.00000e+00
25.270000 -1.23632e-03 -9.94325e-04 0.00000e+00
25.280000 -1.24156e-03 -3.99353e-04 0.00000e+00
25.290000 -1.24728e-03 1.15532e-04 0.00000e+00
25.300000 -1.23629e-03 6.21262e-04 0.00000e+00
25.310000 -1.23774e-03 1.13761e-03 0.00000e+00
25.320000 -1.20450e-03 1.62753e-03 0.00000e+00
25.330000 -1.18097e-03 2.03930e-03 0.00000e+00
25.340000 -1.18324e-03 2.36598e-03 0.00000e+00
25.350000 -1.16167e-03 2.65614e-03 0.00000e+00
25.360000 -1.12173e-03 2.88284e-03 0.00000e+00
25.370000 -1.06301e-03 2.99508e-03 0.00000e+00
25.380000 -1.05315e-03 3.06116e-03 0.00000e+00
25.390000 -9.97927e-04 3.13419e-03 0.00000e+00
25.400000 -9.68158e-04 3.25644e-03 0.00000e+00
25.410000 -9.33311e-04 3.36315e-03 0.00000e+00
25.420000 -8.85867e-04 3.44367e-03 0.00000e+00
25.430000 -8.45149e-04 3.53920e-03 0.00000e+00
25.440000 -7.91734e-04 3.60274e-03 0.00000e+00
25.450000 -7.80502e-04 3.63254e-03 0.00000e+00
25.460000 -7.56693e-04 3.57281e-03 0.00000e+00
25.470000 -7.25052e-04 3.50701e-03 0.00000e+00
25.480000 -6.96716e-04 3.48639e-03 0.00000e+00
25.490000 -6.68641e-04 3.51703e-03 0.00000e+00
25.500000 -6.37726e-04 3.57528e-03 0.00000e+00
25.510000 -6.14679e-04 3.51426e-03 0.00000e+00
25.520000 -5.94051e-04 3.39451e-03 0.00000e+00
25.530000 -5.67110e-04 3.36769e-03 0.00000e+00
25.540000 -5.20293e-04 3.50067e-03 0.00000e+00
25.550000 -4.68709e-04 3.57213e-03 0.00000e+00
25.560000 -4.17575e-04 3.60993e-03 0.00000e+00
25.570000 -3.66367e-04 3.74184e-03 0.00000e+00
25.580000 -3.33097e-04 3.84377e-03 0.00000e+00
25.590000 -2.94657e-04 3.95736e-03 0.00000e+00
25.600000 -2.50232e-04 4.11581e-03 0.00000e+00
25.610000 -2.22869e-04 4.37595e-03 0.00000e+00
25.620000 -1.93570e-04 4.57472e-03 0.00000e+00
25.630000 -1.56008e-04 4.57764e-03 0.00000e+00
25.640000 -9.34029e-05 4.60485e-03 0.00000e+00
25.650000 -4.38148e-05 4.67884e-03 0.00000e+00
25.660000 -5.39339e-06 4.79508e-03 0.00000e+00
25.670000 3.25724e-05 4.95204e-03 0.00000e+00
25.680000 7.84329e-05 5.03747e-03 0.00000e+00
25.690000 1.32790e-04 5.05047e-03 0.00000e+00
25.700000 1.99218e-04 5.01084e-03 0.00000e+00
25.710000 2.55357e-04 4.97559e-03 0.00000e+00
25.720000 2.94178e-04 5.04397e-03 0.00000e+00
25.730000 3.55851e-04 5.14298e-03 0.00000e+00
25.740000 4.11837e-04 5.21866e-03 0.00000e+00
25.750000 4.56408e-04 5.24109e-03 0.00000e+00
25.760000 5.09262e-04 5.20912e-03 0.00000e+00
25.770000 5.70478e-04 5.23281e-03 0.00000e+00
25.780000 6.17122e-04 5.15086e-03 0.00000e+00
25.790000 6.41112e-04 4.94550e-03 0.00000e+00
25.800000 6.81387e-04 4.73588e-03 0.00000e+00
25.810000 7.59538e-04 4.58273e-03 0.00000e+00
25.820000 8.08344e-04 4.39059e-03 0.00000e+00
25.830000 8.69977e-04 4.07005e-03 0.00000e+00
25.840000 8.89011e-04 3.66208e-03 0.00000e+00
25.850000 9.18363e-04 3.25563e-03 0.00000e+00
25.860000 9.45912e-04 2.91477e-03 0.00000e+00
25.870000 9.78368e-04 2.58889e-03 0.00000e+00
25.880000 1.01453e-03 2.21405e-03 0.00000e+00
25.890000 1.05826e-03 1.76816e-03 0.00000e+00
25.900000 1.06239e-03 1.35696e-03 0.00000e+00
25.910000 1.08493e-03 1.00808e-03 0.00000e+00
25.920000 1.08656e-03 5.99898e-04 0.00000e+00
25.930000 1.10002e-03 1.62282e-04 0.00000e+00
25.940000 1.09234e-03 -1.57416e-04 0.00000e+00
25.950000 1.06288e-03 -4.51212e-04 0.00000e+00
25.960000 1.06148e-03 -8.68263e-04 0.00000e+00
25.970000 1.04285e-03 -1.36505e-03 0.00000e+00
25.980000 1.02172e-03 -1.65309e-03 0.00000e+00
25.990000 9.80221e-04 -1.87718e-03 0.00000e+00
26.000000 9.65945e-04 -2.09994e-03 0.00000e+00
26.010000 9.40776e-04 -2.31290e-03 0.00000e+00
26.020000 9.37248e-04 -2.60395e-03 0.00000e+00
26.030000 9.01916e-04 -2.86649e-03 0.00000e+00
26.040000 8.66997e-04 -3.17641e-03 0.00000e+00
26.050000 8.31398e-04 -3.44562e-03 0.00000e+00
26.060000 8.16052e-04 -3.58197e-03 0.00000e+00
26.070000 7.83176e-04 -3.74090e-03 0.00000e+00
26.080000 7.52088e-04 -3.85794e-03 0.00000e+00
26.090000 7.03788e-04 -3.92629e-03 0.00000e+00
26.100000 6.81573e-04 -4.00989e-03 0.00000e+00
26.110000 6.45150e-04 -4.08274e-03 0.00000e+00
26.120000 5.87489e-04 -4.29354e-03 0.00000e+00
26.130000 5.32548e-04 -4.48614e-03 0.00000e+00
26.140000 4.91537e-04 -4.64733e-03 0.00000e+00
26.150000 4.67186e-04 -4.83943e-03 0.00000e+00
26.160000 3.92175e-04 -5.00143e-03 0.00000e+00
26.170000 3.62011e-04 -5.08970e-03 0.00000e+00
26.180000 2.86918e-04 -5.16057e-03 0.00000e+00
26.190000 2.33041e-04 -5.17816e-03 0.00000e+00
26.200000 1.64557e-04 -5.23475e-03 0.00000e+00
26.210000 1.08822e-04 -5.38179e-03 0.00000e+00
26.220000 7.78538e-05 -5.51470e-03 0.00000e+00
26.230000 3.56674e-05 -5.54021e-03 0.00000e+00
26.240000 -1.78733e-05 -5.49160e-03 0.00000e+00
26.250000 -5.68571e-05 -5.50277e-03 0.00000e+00
26.260000 -1.34445e-04 -5.50187e-03 0.00000e+00
26.270000 -1.88526e-04 -5.40488e-03 0.00000e+00
26.280000 -2.58365e-04 -5.29049e-03 0.00000e+00
26.290000 -3.16840e-04 -5.28056e-03 0.00000e+00
26.300000 -3.57568e-04 -5.23156e-03 0.00000e+00
26.310000 -4.09112e-04 -5.08827e-03 0.00000e+00
26.320000 -4.38431e-04 -4.82464e-03 0.00000e+00
26.330000 -4.77092e-04 -4.62060e-03 0.00000e+00
26.340000 -5.32371e-04 -4.42458e-03 0.00000e+00
26.350000 -5.96547e-04 -4.22826e-03 0.00000e+00
26.360000 -6.39311e-04 -4.16862e-03 0.00000e+00
26.370000 -7.06925e-04 -4.05109e-03 0.00000e+00
26.380000 -7.27206e-04 -3.86642e-03 0.00000e+00
26.390000 -7.67823e-04 -3.57657e-03 0.00000e+00
26.400000 -7.77742e-04 -3.22840e-03 0.00000e+00
26.410000 -8.28930e-04 -2.91662e-03 0.00000e+00
26.420000 -8.50722e-04 -2.58720e-03 0.00000e+00
26.430000 -8.68690e-04 -2.33102e-03 0.00000e+00
26.440000 -8.90263e-04 -2.08467e-03 0.00000e+00
26.450000 -9.26800e-04 -1.83406e-03 0.00000e+00
26.460000 -9.23928e-04 -1.65093e-03 0.00000e+00
26.470000 -9.21703e-04 -1.35556e-03 0.00000e+00
26.480000 -9.35764e-04 -9.46863e-04 0.00000e+00
26.490000 -9.47100e-04 -4.72290e-04 0.00000e+00
26.500000 -9.70529e-04 1.19120e-05 0.00000e+00
26.510000 -9.73693e-04 3.46372e-04 0.00000e+00
26.520000 -9.89177e-04 5.26475e-04 0.00000e+00
26.530000 -9.82196e-04 6.94262e-04 0.00000e+00
26.540000 -9.43582e-04 8.19822e-04 0.00000e+00
26.550000 -9.40347e-04 1.00449e-03 0.00000e+00
26.560000 -9.23910e-04 1.22859e-03 0.00000e+00
26.570000 -9.21644e-04 1.45860e-03 0.00000e+00
26.580000 -9.02684e-04 1.64590e-03 0.00000e+00
26.590000 -8.91346e-04 1.73813e-03 0.00000e+00
26.600000 -8.65011e-04 1.87929e-03 0.00000e+00
26.610000 -8.32508e-04 1.97159e-03 0.00000e+00
26.620000 -8.11571e-04 1.98133e-03 0.00000e+00
26.630000 -7.71961e-04 2.03581e-03 0.00000e+00
26.640000 -7.19937e-04 2.22568e-03 0.00000e+00
26.650000 -6.96928e-04 2.36243e-03 0.00000e+00
26.660000 -6.90772e-04 2.40022e-03 0.00000e+00
26.670000 -6.97274e-04 2.43737e-03 0.00000e+00
26.680000 -6.95840e-04 2.52195e-03 0.00000e+00
26.690000 -6.71273e-04 2.57942e-03 0.00000e+00
26.700000 -6.36266e-04 2.63391e-03 0.00000e+00
26.710000 -6.04855e-04 2.88283e-03 0.00000e+00
26.720000 -5.64973e-04 3.09982e-03 0.00000e+00
26.730000 -5.51818e-04 3.17129e-03 0.00000e+00
26.740000 -5.14826e-04 3.22281e-03 0.00000e+00
26.750000 -5.02741e-04 3.29864e-03 0.00000e+00
26.760000 -4.67267e-04 3.35351e-03 0.00000e+00
26.770000 -4.36236e-04 3.44486e-03 0.00000e+00
26.780000 -3.99779e-04 3.64994e-03 0.00000e+00
26.790000 -3.49633e-04 3.80967e-03 0.00000e+00
26.800000 -2.96876e-04 4.04695e-03 0.00000e+00
26.810000 -2.45642e-04 4.40959e-03 0.00000e+00
26.820000 -2.15805e-04 4.72552e-03 0.00000e+00
26.830000 -1.56104e-04 4.95192e-03 0.00000e+00
26.840000 -9.33085e-05 5.05489e-03 0.00000e+00
26.850000 -4.44913e-05 5.05286e-03 0.00000e+00
26.860000 -4.64686e-06 5.03900e-03 0.00000e+00
26.870000 5.40601e-05 5.13145e-03 0.00000e+00
26.880000 9.73910e-05 5.26078e-03 0.00000e+00
26.890000 1.14010e-04 5.32448e-03 0.00000e+00
26.900000 1.64084e-04 5.32697e-03 0.00000e+00
26.910000 2.24727e-04 5.33202e-03 0.00000e+00
26.920000 2.84819e-04 5.29669e-03 0.00000e+00
26.930000 3.37318e-04 5.15360e-03 0.00000e+00
26.940000 4.18810e-04 5.01163e-03 0.00000e+00
26.950000 4.67606e-04 4.87845e-03 0.00000e+00
26.960000 5.21519e-04 4.71726e-03 0.00000e+00
26.970000 5.90266e-04 4.55915e-03 0.00000e+00
26.980000 6.17962e-04 4.45527e-03 0.00000e+00
26.990000 6.59617e-04 4.24794e-03 0.00000e+00
27.000000 6.91320e-04 4.02949e-03 0.00000e+00
27.010000 7.16978e-04 3.94341e-03 0.00000e+00
27.020000 7.51709e-04 3.78590e-03 0.00000e+00
27.030000 7.93531e-04 3.44451e-03 0.00000e+00
27.040000 8.44059e-04 3.10573e-03 0.00000e+00
27.050000 8.55533e-04 2.75458e-03 0.00000e+00
27.060000 8.78618e-04 2.24362e-03 0.00000e+00
27.070000 9.09112e-04 1.74493e-03 0.00000e+00
27.080000 9.26294e-04 1.33480e-03 0.00000e+00
27.090000 9.29025e-04 9.30822e-04 0.00000e+00
27.100000 9.34447e-04 4.86870e-04 0.00000e+00
27.110000 9.57709e-04 1.78101e-04 0.00000e+00
27.120000 9.58814e-04 -8.90066e-05 0.00000e+00
27.130000 9.55354e-04 -4.62168e-04 0.00000e+00
27.140000 9.66518e-04 -7.83563e-04 0.00000e+00
27.150000 9.63768e-04 -1.10220e-03 0.00000e+00
27.160000 9.35209e-04 -1.40270e-03 0.00000e+00
27.170000 9.35612e-04 -1.67987e-03 0.00000e+00
27.180000 8.97689e-04 -2.01299e-03 0.00000e+00
27.190000 8.46030e-04 -2.32847e-03 0.00000e+00
27.200000 8.05317e-04 -2.58291e-03 0.00000e+00
27.210000 7.94810e-04 -2.68928e-03 0.00000e+00
27.220000 7.47033e-04 -2.80839e-03 0.00000e+00
27.230000 7.32921e-04 -3.00006e-03 0.00000e+00
27.240000 7.03482e-04 -3.07720e-03 0.00000e+00
27.250000 6.73960e-04 -3.13753e-03 0.00000e+00
27.260000 6.37096e-04 -3.24432e-03 0.00000e+00
27.270000 6.14819e-04 -3.35107e-03 0.00000e+00
27.280000 5.95035e-04 -3.37277e-03 0.00000e+00
27.290000 5.40554e-04 -3.32744e-03 0.00000e+00
27.300000 5.05968e-04 -3.31812e-03 0.00000e+00
27.310000 4.82622e-04 -3.27465e-03 0.00000e+00
27.320000 4.61518e-04 -3.19309e-03 0.00000e+00
27.330000 4.30874e-04 -3.18245e-03 0.00000e+00
27.340000 3.84711e-04 -3.11469e-03 0.00000e+00
27.350000 3.53093e-04 -3.04319e-03 0.00000e+00
27.360000 3.25960e-04 -3.13858e-03 0.00000e+00
27.370000 3.02213e-04 -3.28697e-03 0.00000e+00
27.380000 2.82731e-04 -3.34151e-03 0.00000e+00
27.390000 2.29353e-04 -3.38239e-03 0.00000e+00
27.400000 2.04117e-04 -3.39813e-03 0.00000e+00
27.410000 1.71827e-04 -3.40677e-03 0.00000e+00
27.420000 1.28228e-04 -3.44466e-03 0.00000e+00
27.430000 9.97886e-05 -3.44639e-03 0.00000e+00
27.440000 6.66606e-05 -3.43920e-03 0.00000e+00
27.450000 4.07259e-05 -3.37593e-03 0.00000e+00
27.460000 5.42441e-06 -3.36275e-03 0.00000e+00
27.470000 -3.82537e-05 -3.37194e-03 0.00000e+00
27.480000 -7.08791e-05 -3.30403e-03 0.00000e+00
27.490000 -1.07347e-04 -3.18043e-03 0.00000e+00
27.500000 -1.40154e-04 -3.07698e-03 0.00000e+00
27.510000 -1.70164e-04 -3.02605e-03 0.00000e+00
27.520000 -2.18952e-04 -2.98432e-03 0.00000e+00
27.530000 -2.56090e-04 -2.92312e-03 0.00000e+00
27.540000 -2.81344e-04 -2.84956e-03 0.00000e+00
27.550000 -3.00762e-04 -2.79095e-03 0.00000e+00
27.560000 -3.24991e-04 -2.81166e-03 0.00000e+00
27.570000 -3.50468e-04 -2.84251e-03 0.00000e+00
27.580000 -3.86860e-04 -2.77685e-03 0.00000e+00
27.590000 -3.90776e-04 -2.71036e-03 0.00000e+00
27.600000 -4.17766e-04 -2.67970e-03 0.00000e+00
27.610000 -4.39464e-04 -2.65917e-03 0.00000e+00
27.620000 -4.58692e-04 -2.61085e-03 0.00000e+00
27.630000 -4.80359e-04 -2.52136e-03 0.00000e+00
27.640000 -5.02229e-04 -2.51564e-03 0.00000e+00
27.650000 -5.30461e-04 -2.63906e-03 0.00000e+00
27.660000 -5.59224e-04 -2.70836e-03 0.00000e+00
27.670000 -5.98286e-04 -2.72203e-03 0.00000e+00
27.680000 -6.23301e-04 -2.77309e-03 0.00000e+00
27.690000 -6.65741e-04 -2.85129e-03 0.00000e+00
27.700000 -6.95044e-04 -2.95352e-03 0.00000e+00
27.710000 -7.32461e-04 -3.02449e-03 0.00000e+00
27.720000 -7.59647e-04 -3.05038e-03 0.00000e+00
27.730000 -7.76923e-04 -3.00705e-03 0.00000e+00
27.740000 -7.89653e-04 -2.88967e-03 0.00000e+00
27.750000 -8.03841e-04 -2.75194e-03 0.00000e+00
27.760000 -8.37156e-04 -2.48497e-03 0.00000e+00
27.770000 -8.72852e-04 -2.16418e-03 0.00000e+00
27.780000 -8.91659e-04 -1.88782e-03 0.00000e+00
27.790000 -9.12155e-04 -1.51701e-03 0.00000e+00
27.800000 -9.38739e-04 -1.12554e-03 0.00000e+00
27.810000 -9.82435e-04 -6.89429e-04 0.00000e+00
27.820000 -9.93775e-04 -1.90002e-04 0.00000e+00
27.830000 -9.71832e-04 2.72261e-04 0.00000e+00
27.840000 -9.89394e-04 7.71065e-04 0.00000e+00
27.850000 -9.85386e-04 1.32121e-03 0.00000e+00
27.860000 -9.68915e-04 1.80950e-03 0.00000e+00
27.870000 -9.54440e-04 2.28584e-03 0.00000e+00
27.880000 -9.21293e-04 2.74365e-03 0.00000e+00
27.890000 -8.78521e-04 3.14614e-03 0.00000e+00
27.900000 -8.17709e-04 3.65551e-03 0.00000e+00
27.910000 -7.70299e-04 4.29209e-03 0.00000e+00
27.920000 -7.17880e-04 4.90112e-03 0.00000e+00
27.930000 -6.65640e-04 5.38536e-03 0.00000e+00
27.940000 -6.27832e-04 5.75311e-03 0.00000e+00
27.950000 -5.65856e-04 6.11567e-03 0.00000e+00
27.960000 -4.97626e-04 6.39544e-03 0.00000e+00
27.970000 -4.45353e-04 6.55063e-03 0.00000e+00
27.980000 -3.61012e-04 6.55456e-03 0.00000e+00
27.990000 -3.07127e-04 6.48877e-03 0.00000e+00
28.000000 -2.40265e-04 6.60561e-03 0.00000e+00
28.010000 -1.61280e-04 6.59787e-03 0.00000e+00
28.020000 -1.12138e-04 6.38382e-03 0.00000e+00
28.030000 -5.26255e-05 6.17559e-03 0.00000e+00
28.040000 2.01549e-05 5.93626e-03 0.00000e+00
28.050000 7.80963e-05 5.62077e-03 0.00000e+00
28.060000 1.59479e-04 5.32683e-03 0.00000e+00
28.070000 2.42620e-04 5.16072e-03 0.00000e+00
28.080000 2.90388e-04 4.95845e-03 0.00000e+00
28.090000 3.13592e-04 4.68180e-03 0.00000e+00
28.100000 3.52805e-04 4.39476e-03 0.00000e+00
28.110000 3.84898e-04 3.99922e-03 0.00000e+00
28.120000 4.21175e-04 3.57652e-03 0.00000e+00
28.130000 4.27514e-04 3.25159e-03 0.00000e+00
28.140000 4.75270e-04 2.92875e-03 0.00000e+00
28.150000 4.92117e-04 2.70716e-03 0.00000e+00
28.160000 5.43036e-04 2.47598e-03 0.00000e+00
28.170000 5.60968e-04 2.15366e-03 0.00000e+00
28.180000 5.46985e-04 1.89724e-03 0.00000e+00
28.190000 5.70463e-04 1.62968e-03 0.00000e+00
28.200000 5.90214e-04 1.33263e-03 0.00000e+00
28.210000 6.06314e-04 1.14618e-03 0.00000e+00
28.220000 6.15781e-04 1.03687e-03 0.00000e+00
28.230000 6.54335e-04 9.31031e-04 0.00000e+00
28.240000 6.61969e-04 9.84589e-04 0.00000e+00
28.250000 6.49837e-04 1.06015e-03 0.00000e+00
28.260000 6.59026e-04 9.55509e-04 0.00000e+00
28.270000 6.55878e-04 8.06852e-04 0.00000e+00
28.280000 6.59112e-04 7.02110e-04 0.00000e+00
28.290000 6.78662e-04 5.61667e-04 0.00000e+00
28.300000 6.97073e-04 3.65664e-04 0.00000e+00
28.310000 7.01369e-04 3.30209e-04 0.00000e+00
28.320000 7.09785e-04 3.22345e-04 0.00000e+00
28.330000 6.80464e-04 3.14695e-04 0.00000e+00
28.340000 6.92952e-04 3.77882e-04 0.00000e+00
28.350000 6.91108e-04 2.32747e-04 0.00000e+00
28.360000 7.08417e-04 1.01455e-04 0.00000e+00
28.370000 7.08349e-04 4.48491e-05 0.00000e+00
28.380000 7.31810e-04 -4.88684e-05 0.00000e+00
28.390000 7.16911e-04 -1.49040e-04 0.00000e+00
28.400000 7.15285e-04 -1.71252e-04 0.00000e+00
28.410000 7.22556e-04 -1.90405e-04 0.00000e+00
28.420000 6.93788e-04 -3.91097e-04 0.00000e+00
28.430000 6.72624e-04 -5.96304e-04 0.00000e+00
28.440000 6.72344e-04 -7.70214e-04 0.00000e+00
28.450000 6.65922e-04 -1.01104e-03 0.00000e+00
28.460000 6.59522e-04 -1.15826e-03 0.00000e+00
28.470000 6.76708e-04 -1.19942e-03 0.00000e+00
28.480000 6.82190e-04 -1.31554e-03 0.00000e+00
28.490000 6.40005e-04 -1.52628e-03 0.00000e+00
28.500000 6.42413e-04 -1.79863e-03 0.00000e+00
28.510000 6.06586e-04 -2.04361e-03 0.00000e+00
28.520000 5.79550e-04 -2.22496e-03 0.00000e+00
28.530000 5.70146e-04 -2.30559e-03 0.00000e+00
28.540000 5.31464e-04 -2.38265e-03 0.00000e+00
28.550000 5.14186e-04 -2.45429e-03 0.00000e+00
28.560000 4.83664e-04 -2.59187e-03 0.00000e+00
28.570000 4.55978e-04 -2.82012e-03 0.00000e+00
28.580000 4.07818e-04 -2.92392e-03 0.00000e+00
28.590000 3.74513e-04 -3.10107e-03 0.00000e+00
28.600000 3.55244e-04 -3.37872e-03 0.00000e+00
28.610000 3.18555e-04 -3.59336e-03 0.00000e+00
28.620000 2.86865e-04 -3.72012e-03 0.00000e+00
28.630000 2.71133e-04 -3.84375e-03 0.00000e+00
28.640000 2.17800e-04 -3.89073e-03 0.00000e+00
28.650000 1.65783e-04 -3.87067e-03 0.00000e+00
28.660000 1.29042e-04 -3.97174e-03 0.00000e+00
28.670000 1.13788e-04 -4.00060e-03 0.00000e+00
28.680000 7.46375e-05 -3.97191e-03 0.00000e+00
28.690000 4.78367e-05 -4.08295e-03 0.00000e+00
28.700000 7.19029e-06 -4.13111e-03 0.00000e+00
28.710000 -6.11953e-05 -4.09335e-03 0.00000e+00
28.720000 -1.04884e-04 -4.02066e-03 0.00000e+00
28.730000 -1.69456e-04 -3.93712e-03 0.00000e+00
28.740000 -1.92971e-04 -3.90058e-03 0.00000e+00
28.750000 -2.34075e-04 -3.86715e-03 0.00000e+00
28.760000 -2.86903e-04 -3.84590e-03 0.00000e+00
28.770000 -3.16732e-04 -3.79304e-03 0.00000e+00
28.780000 -3.49453e-04 -3.71938e-03 0.00000e+00
28.790000 -3.74137e-04 -3.65477e-03 0.00000e+00
28.800000 -4.21602e-04 -3.46676e-03 0.00000e+00
28.810000 -4.41844e-04 -3.25092e-03 0.00000e+00
28.820000 -4.84472e-04 -3.15362e-03 0.00000e+00
28.830000 -4.99472e-04 -2.99575e-03 0.00000e+00
28.840000 -5.23010e-04 -2.65517e-03 0.00000e+00
28.850000 -5.61592e-04 -2.32904e-03 0.00000e+00
28.860000 -5.96666e-04 -2.03442e-03 0.00000e+00
28.870000 -5.88947e-04 -1.77967e-03 0.00000e+00
28.880000 -6.07755e-04 -1.68335e-03 0.00000e+00
28.890000 -6.33216e-04 -1.53897e-03 0.00000e+00
28.900000 -6.67602e-04 -1.37673e-03 0.00000e+00
28.910000 -6.81992e-04 -1.15979e-03 0.00000e+00
28.920000 -6.92425e-04 -9.28211e-04 0.00000e+00
28.930000 -7.12309e-04 -8.65783e-04 0.00000e+00
28.940000 -7.15880e-04 -7.71910e-04 0.00000e+00
28.950000 -7.07257e-04 -5.84811e-04 0.00000e+00
28.960000 -7.01538e-04 -3.89221e-04 0.00000e+00
28.970000 -6.78919e-04 -2.39755e-04 0.00000e+00
28.980000 -6.87539e-04 -9.06538e-05 0.00000e+00
28.990000 -6.83383e-04 6.43380e-05 0.00000e+00
29.000000 -6.65501e-04 2.50001e-04 0.00000e+00
29.010000 -6.66731e-04 4.64901e-04 0.00000e+00
29.020000 -6.91577e-04 6.12209e-04 0.00000e+00
29.030000 -6.83769e-04 7.43014e-04 0.00000e+00
29.040000 -7.01050e-04 9.89498e-04 0.00000e+00
29.050000 -6.70166e-04 1.30798e-03 0.00000e+00
29.060000 -6.48167e-04 1.56444e-03 0.00000e+00
29.070000 -6.41928e-04 1.75618e-03 0.00000e+00
29.080000 -6.30990e-04 1.91059e-03 0.00000e+00
29.090000 -6.38684e-04 2.07728e-03 0.00000e+00
29.100000 -6.15332e-04 2.23064e-03 0.00000e+00
29.110000 -5.71350e-04 2.37634e-03 0.00000e+00
29.120000 -5.46160e-04 2.55963e-03 0.00000e+00
29.130000 -5.20447e-04 2.79233e-03 0.00000e+00
29.140000 -4.89266e-04 3.08108e-03 0.00000e+00
29.150000 -4.53045e-04 3.33614e-03 0.00000e+00
29.160000 -4.14551e-04 3.54479e-03 0.00000e+00
29.170000 -3.72667e-04 3.81747e-03 0.00000e+00
29.180000 -3.40575e-04 4.00511e-03 0.00000e+00
29.190000 -2.88759e-04 3.98608e-03 0.00000e+00
29.200000 -2.44001e-04 3.92230e-03 0.00000e+00
29.210000 -1.97672e-04 3.77418e-03 0.00000e+00
29.220000 -1.61479e-04 3.71433e-03 0.00000e+00
29.230000 -1.29712e-04 3.80868e-03 0.00000e+00
29.240000 -1.02527e-04 3.74133e-03 0.00000e+00
29.250000 -7.08193e-05 3.55346e-03 0.00000e+00
29.260000 -3.04242e-05 3.28921e-03 0.00000e+00
29.270000 1.06397e-05 2.99213e-03 0.00000e+00
29.280000 4.40274e-05 2.86023e-03 0.00000e+00
29.290000 8.53533e-05 2.73751e-03 0.00000e+00
29.300000 1.23895e-04 2.48165e-03 0.00000e+00
29.310000 1.48163e-04 2.29350e-03 0.00000e+00
29.320000 1.68836e-04 2.13935e-03 0.00000e+00
29.330000 1.84327e-04 2.01560e-03 0.00000e+00
29.340000 1.89512e-04 1.97131e-03 0.00000e+00
29.350000 1.78076e-04 1.93310e-03 0.00000e+00
29.360000 1.94691e-04 1.88526e-03 0.00000e+00
29.370000 2.12834e-04 1.87666e-03 0.00000e+00
29.380000 2.35058e-04 1.89905e-03 0.00000e+00
29.390000 2.81982e-04 1.99520e-03 0.00000e+00
29.400000 2.71060e-04 2.13467e-03 0.00000e+00
29.410000 2.67081e-04 2.18636e-03 0.00000e+00
29.420000 2.88020e-04 2.21306e-03 0.00000e+00
29.430000 3.14376e-04 2.29115e-03 0.00000e+00
29.440000 3.43835e-04 2.40696e-03 0.00000e+00
29.450000 3.87489e-04 2.44339e-03 0.00000e+00
29.460000 3.88447e-04 2.48622e-03 0.00000e+00
29.470000 4.29530e-04 2.63358e-03 0.00000e+00
29.480000 4.78204e-04 2.76017e-03 0.00000e+00
29.490000 4.99960e-04 2.82086e-03 0.00000e+00
29.500000 5.48823e-04 2.85749e-03 0.00000e+00
29.510000 5.71952e-04 2.80171e-03 0.00000e+00
29.520000 5.96446e-04 2.60090e-03 0.00000e+00
29.530000 6.13158e-04 2.38718e-03 0.00000e+00
29.540000 6.57825e-04 2.17852e-03 0.00000e+00
29.550000 6.82398e-04 1.89361e-03 0.00000e+00
29.560000 7.22519e-04 1.75492e-03 0.00000e+00
29.570000 7.12543e-04 1.59987e-03 0.00000e+00
29.580000 7.13267e-04 1.18076e-03 0.00000e+00
29.590000 7.25596e-04 7.85808e-04 0.00000e+00
29.600000 7.31945e-04 4.75115e-04 0.00000e+00
29.610000 7.28957e-04 1.20353e-04 0.00000e+00
29.620000 7.22830e-04 -1.45751e-04 0.00000e+00
29.630000 7.49457e-04 -4.19218e-04 0.00000e+00
29.640000 7.44841e-04 -7.57328e-04 0.00000e+00
29.650000 7.28139e-04 -9.59090e-04 0.00000e+00
29.660000 7.07494e-04 -1.20295e-03 0.00000e+00
29.670000 6.88955e-04 -1.38418e-03 0.00000e+00
29.680000 6.51075e-04 -1.50521e-03 0.00000e+00
29.690000 6.36369e-04 -1.78746e-03 0.00000e+00
29.700000 6.13015e-04 -2.10750e-03 0.00000e+00
29.710000 5.89106e-04 -2.28926e-03 0.00000e+00
29.720000 5.72754e-04 -2.42466e-03 0.00000e+00
29.730000 5.81341e-04 -2.51522e-03 0.00000e+00
29.740000 5.21840e-04 -2.63499e-03 0.00000e+00
29.750000 4.90066e-04 -2.84315e-03 0.00000e+00
29.760000 4.78267e-04 -3.04846e-03 0.00000e+00
29.770000 4.48346e-04 -3.25559e-03 0.00000e+00
29.780000 4.16231e-04 -3.43574e-03 0.00000e+00
29.790000 4.11582e-04 -3.65398e-03 0.00000e+00
29.800000 3.57760e-04 -3.75454e-03 0.00000e+00
29.810000 3.23270e-04 -3.83157e-03 0.00000e+00
29.820000 2.88220e-04 -4.06761e-03 0.00000e+00
29.830000 2.38485e-04 -4.31599e-03 0.00000e+00
29.840000 2.09283e-04 -4.46887e-03 0.00000e+00
29.850000 1.33228e-04 -4.67898e-03 0.00000e+00
29.860000 7.52702e-05 -4.87606e-03 0.00000e+00
29.870000 5.04814e-05 -4.95912e-03 0.00000e+00
29.880000 1.24815e-05 -5.05853e-03 0.00000e+00
29.890000 -4.55051e-05 -5.14614e-03 0.00000e+00
29.900000 -8.48231e-05 -5.06172e-03 0.00000e+00
29.910000 -1.54507e-04 -4.97740e-03 0.00000e+00
29.920000 -2.07610e-04 -4.98499e-03 0.00000e+00
29.930000 -2.78722e-04 -4.83110e-03 0.00000e+00
29.940000 -3.11688e-04 -4.63808e-03 0.00000e+00
29.950000 -3.66062e-04 -4.49743e-03 0.00000e+00
29.960000 -4.16301e-04 -4.21155e-03 0.00000e+00
29.970000 -4.57803e-04 -3.93175e-03 0.00000e+00
29.980000 -5.21483e-04 -3.75740e-03 0.00000e+00
29.990000 -5.55307e-04 -3.45963e-03 0.00000e+00
30.000000 -5.67204e-04 -3.09063e-03 0.00000e+00
30.010000 -5.88777e-04 -2.70726e-03 0.00000e+00
30.020000 -6.29033e-04 -2.43568e-03 0.00000e+00
30.030000 -6.26646e-04 -2.25870e-03 0.00000e+00
30.040000 -6.50912e-04 -1.89510e-03 0.00000e+00
30.050000 -6.66815e-04 -1.36916e-03 0.00000e+00
30.060000 -6.71816e-04 -8.37676e-04 0.00000e+00
30.070000 -6.59242e-04 -3.55962e-04 0.00000e+00
30.080000 -6.77416e-04 5.21658e-05 0.00000e+00
30.090000 -6.79498e-04 3.98796e-04 0.00000e+00
30.100000 -6.78808e-04 6.28881e-04 0.00000e+00
30.110000 -6.90335e-04 9.20149e-04 0.00000e+00
30.120000 -6.82060e-04 1.22953e-03 0.00000e+00
30.130000 -6.63735e-04 1.33284e-03 0.00000e+00
30.140000 -6.70063e-04 1.36541e-03 0.00000e+00
30.150000 -6.44625e-04 1.33280e-03 0.00000e+00
30.160000 -6.07357e-04 1.30936e-03 0.00000e+00
30.170000 -5.95404e-04 1.42890e-03 0.00000e+00
30.180000 -5.89238e-04 1.48221e-03 0.00000e+00
30.190000 -5.66941e-04 1.39850e-03 0.00000e+00
30.200000 -5.21847e-04 1.41570e-03 0.00000e+00
30.210000 -4.72234e-04 1.41896e-03 0.00000e+00
30.220000 -4.49828e-04 1.26567e-03 0.00000e+00
30.230000 -4.44954e-04 1.06208e-03 0.00000e+00
30.240000 -4.63367e-04 9.50831e-04 0.00000e+00
30.250000 -4.53117e-04 8.53618e-04 0.00000e+00
30.260000 -4.67466e-04 6.49116e-04 0.00000e+00
30.270000 -4.66971e-04 4.35891e-04 0.00000e+00
30.280000 -4.54783e-04 2.02172e-04 0.00000e+00
30.290000 -4.89208e-04 -5.78693e-05 0.00000e+00
30.300000 -4.99677e-04 -2.10948e-04 0.00000e+00
30.310000 -4.83845e-04 -3.16723e-04 0.00000e+00
30.320000 -4.68092e-04 -4.02762e-04 0.00000e+00
30.330000 -4.53450e-04 -3.70027e-04 0.00000e+00
30.340000 -4.58299e-04 -3.59039e-04 0.00000e+00
30.350000 -4.84058e-04 -3.85969e-04 0.00000e+00
30.360000 -4.65572e-04 -2.63016e-04 0.00000e+00
30.370000 -4.72566e-04 6.78078e-05 0.00000e+00
30.380000 -4.98608e-04 5.64302e-04 0.00000e+00
30.390000 -5.05683e-04 1.13256e-03 0.00000e+00
30.400000 -4.95004e-04 1.59914e-03 0.00000e+00
30.410000 -4.67416e-04 1.89678e-03 0.00000e+00
30.420000 -4.70015e-04 2.23782e-03 0.00000e+00
30.430000 -4.64202e-04 2.54756e-03 0.00000e+00
30.440000 -4.36837e-04 2.81201e-03 0.00000e+00
30.450000 -4.05552e-04 3.19811e-03 0.00000e+00
30.460000 -3.70497e-04 3.43012e-03 0.00000e+00
30.470000 -3.07746e-04 3.51380e-03 0.00000e+00
30.480000 -2.72471e-04 3.73038e-03 0.00000e+00
30.490000 -2.27880e-04 4.07341e-03 0.00000e+00
30.500000 -1.79120e-04 4.46491e-03 0.00000e+00
30.510000 -1.20491e-04 4.80070e-03 0.00000e+00
30.520000 -3.96111e-05 4.91039e-03 0.00000e+00
30.530000 4.08729e-05 5.00960e-03 0.00000e+00
30.540000 9.16778e-05 5.09618e-03 0.00000e+00
30.550000 1.40369e-04 5.00998e-03 0.00000e+00
30.560000 1.68447e-04 4.88378e-03 0.00000e+00
30.570000 1.80368e-04 4.74250e-03 0.00000e+00
30.580000 2.16797e-04 4.64606e-03 0.00000e+00
30.590000 2.66123e-04 4.46069e-03 0.00000e+00
30.600000 2.83883e-04 4.11303e-03 0.00000e+00
30.610000 3.47262e-04 3.74631e-03 0.00000e+00
30.620000 3.72619e-04 3.40567e-03 0.00000e+00
30.630000 3.99174e-04 3.03038e-03 0.00000e+00
30.640000 4.50516e-04 2.73954e-03 0.00000e+00
30.650000 5.11422e-04 2.44487e-03 0.00000e+00
30.660000 5.43338e-04 2.04338e-03 0.00000e+00
30.670000 5.64871e-04 1.72033e-03 0.00000e+00
30.680000 5.58210e-04 1.48591e-03 0.00000e+00
30.690000 5.58653e-04 1.36593e-03 0.00000e+00
30.700000 5.82965e-04 1.34841e-03 0.00000e+00
30.710000 5.78728e-04 1.28074e-03 0.00000e+00
30.720000 5.99085e-04 1.13314e-03 0.00000e+00
30.730000 5.97875e-04 8.65937e-04 0.00000e+00
30.740000 5.94042e-04 4.63058e-04 0.00000e+00
30.750000 5.95616e-04 7.23044e-05 0.00000e+00
30.760000 5.72698e-04 -2.71863e-04 0.00000e+00
30.770000 5.69837e-04 -6.39877e-04 0.00000e+00
30.780000 5.65840e-04 -8.65683e-04 0.00000e+00
30.790000 5.72748e-04 -9.89649e-04 0.00000e+00
30.800000 5.61925e-04 -1.18675e-03 0.00000e+00
30.810000 5.78462e-04 -1.29466e-03 0.00000e+00
30.820000 5.51557e-04 -1.29339e-03 0.00000e+00
30.830000 5.65187e-04 -1.26605e-03 0.00000e+00
30.840000 5.67688e-04 -1.29636e-03 0.00000e+00
30.850000 5.57835e-04 -1.41895e-03 0.00000e+00
30.860000 5.30679e-04 -1.58595e-03 0.00000e+00
30.870000 4.98877e-04 -1.70840e-03 0.00000e+00
30.880000 4.49706e-04 -1.80519e-03 0.00000e+00
30.890000 4.13620e-04 -1.84073e-03 0.00000e+00
30.900000 3.66664e-04 -1.84170e-03 0.00000e+00
30.910000 3.59926e-04 -1.90486e-03 0.00000e+00
30.920000 3.36957e-04 -1.97068e-03 0.00000e+00
30.930000 3.31613e-04 -2.09820e-03 0.00000e+00
30.940000 3.34811e-04 -2.29389e-03 0.00000e+00
30.950000 3.41714e-04 -2.47031e-03 0.00000e+00
30.960000 3.10075e-04 -2.52432e-03 0.00000e+00
30.970000 2.90446e-04 -2.57095e-03 0.00000e+00
30.980000 2.63919e-04 -2.55770e-03 0.00000e+00
30.990000 2.36787e-04 -2.54437e-03 0.00000e+00
31.000000 2.11724e-04 -2.53913e-03 0.00000e+00
31.010000 1.74297e-04 -2.38235e-03 0.00000e+00
31.020000 1.50629e-04 -2.26781e-03 0.00000e+00
31.030000 1.23935e-04 -2.20042e-03 0.00000e+00
31.040000 1.00459e-04 -2.13964e-03 0.00000e+00
31.050000 8.91790e-05 -2.18185e-03 0.00000e+00
31.060000 6.03427e-05 -2.32319e-03 0.00000e+00
31.070000 2.32719e-05 -2.49555e-03 0.00000e+00
31.080000 -1.59686e-05 -2.58206e-03 0.00000e+00
31.090000 -4.80964e-05 -2.63422e-03 0.00000e+00
31.100000 -8.37432e-05 -2.73784e-03 0.00000e+00
31.110000 -1.06167e-04 -2.69398e-03 0.00000e+00
31.120000 -1.11532e-04 -2.50404e-03 0.00000e+00
31.130000 -1.11158e-04 -2.39124e-03 0.00000e+00
31.140000 -1.47762e-04 -2.41236e-03 0.00000e+00
31.150000 -1.45039e-04 -2.46226e-03 0.00000e+00
31.160000 -1.86621e-04 -2.50929e-03 0.00000e+00
31.170000 -1.88461e-04 -2.47236e-03 0.00000e+00
31.180000 -2.18868e-04 -2.45078e-03 0.00000e+00
31.190000 -2.49550e-04 -2.39716e-03 0.00000e+00
31.200000 -2.73001e-04 -2.28051e-03 0.00000e+00
31.210000 -3.06892e-04 -2.23705e-03 0.00000e+00
31.220000 -3.55678e-04 -2.13520e-03 0.00000e+00
31.230000 -3.78205e-04 -2.00350e-03 0.00000e+00
31.240000 -3.97814e-04 -1.97189e-03 0.00000e+00
31.250000 -4.11827e-04 -1.98893e-03 0.00000e+00
31.260000 -4.47240e-04 -2.00793e-03 0.00000e+00
31.270000 -4.51994e-04 -2.05868e-03 0.00000e+00
31.280000 -4.50718e-04 -2.12063e-03 0.00000e+00
31.290000 -4.80984e-04 -2.08392e-03 0.00000e+00
31.300000 -5.22279e-04 -1.96158e-03 0.00000e+00
31.310000 -5.45862e-04 -1.94615e-03 0.00000e+00
31.320000 -5.47344e-04 -1.89468e-03 0.00000e+00
31.330000 -5.41815e-04 -1.77892e-03 0.00000e+00
31.340000 -5.37666e-04 -1.57755e-03 0.00000e+00
31.350000 -5.60141e-04 -1.28858e-03 0.00000e+00
31.360000 -5.55502e-04 -1.02807e-03 0.00000e+00
31.370000 -5.91594e-04 -7.23669e-04 0.00000e+00
31.380000 -6.09467e-04 -5.46275e-04 0.00000e+00
31.390000 -6.12440e-04 -5.16343e-04 0.00000e+00
31.400000 -6.37441e-04 -4.68000e-04 0.00000e+00
31.410000 -6.57190e-04 -3.47644e-04 0.00000e+00
31.420000 -6.63295e-04 -1.87857e-04 0.00000e+00
31.430000 -6.74469e-04 -7.62754e-05 0.00000e+00
31.440000 -6.78482e-04 4.25066e-05 0.00000e+00
31.450000 -6.72013e-04 2.99646e-04 0.00000e+00
31.460000 -6.55632e-04 5.14198e-04 0.00000e+00
31.470000 -6.52205e-04 5.33424e-04 0.00000e+00
31.480000 -6.33670e-04 5.62082e-04 0.00000e+00
31.490000 -5.88392e-04 7.40911e-04 0.00000e+00
31.500000 -5.58795e-04 9.96188e-04 0.00000e+00
31.510000 -5.25062e-04 1.32699e-03 0.00000e+00
31.520000 -5.25378e-04 1.60978e-03 0.00000e+00
31.530000 -5.14560e-04 1.88181e-03 0.00000e+00
31.540000 -5.33149e-04 2.10129e-03 0.00000e+00
31.550000 -5.48600e-04 2.18359e-03 0.00000e+00
31.560000 -5.21565e-04 2.30616e-03 0.00000e+00
31.570000 -4.97060e-04 2.39731e-03 0.00000e+00
31.580000 -4.68405e-04 2.38786e-03 0.00000e+00
31.590000 -4.45541e-04 2.42355e-03 0.00000e+00
31.600000 -4.21104e-04 2.51061e-03 0.00000e+00
31.610000 -3.87658e-04 2.60362e-03 0.00000e+00
31.620000 -3.52928e-04 2.71274e-03 0.00000e+00
31.630000 -3.39009e-04 2.85061e-03 0.00000e+00
31.640000 -3.04288e-04 2.98018e-03 0.00000e+00
31.650000 -2.40605e-04 3.10862e-03 0.00000e+00
31.660000 -2.01860e-04 3.35660e-03 0.00000e+00
31.670000 -1.65603e-04 3.62676e-03 0.00000e+00
31.680000 -1.26541e-04 3.88170e-03 0.00000e+00
31.690000 -1.12326e-04 4.03329e-03 0.00000e+00
31.700000 -7.97046e-05 4.10068e-03 0.00000e+00
31.710000 -6.67323e-05 4.09611e-03 0.00000e+00
31.720000 -3.30420e-05 3.93551e-03 0.00000e+00
31.730000 9.18729e-06 3.79902e-03 0.00000e+00
31.740000 5.02161e-05 3.76922e-03 0.00000e+00
31.750000 9.63329e-05 3.77991e-03 0.00000e+00
31.760000 1.62472e-04 3.71808e-03 0.00000e+00
31.770000 2.02340e-04 3.55450e-03 0.00000e+00
31.780000 2.46825e-04 3.36311e-03 0.00000e+00
31.790000 2.74659e-04 3.12115e-03 0.00000e+00
31.800000 3.17378e-04 2.83524e-03 0.00000e+00
31.810000 3.44257e-04 2.56170e-03 0.00000e+00
31.820000 3.80371e-04 2.38808e-03 0.00000e+00
31.830000 3.99674e-04 2.24313e-03 0.00000e+00
31.840000 4.13531e-04 2.08592e-03 0.00000e+00
31.850000 4.29187e-04 1.97008e-03 0.00000e+00
31.860000 4.32796e-04 1.78980e-03 0.00000e+00
31.870000 4.54915e-04 1.54740e-03 0.00000e+00
31.880000 4.56342e-04 1.25985e-03 0.00000e+00
31.890000 4.67291e-04 9.69790e-04 0.00000e+00
31.900000 4.82122e-04 6.99816e-04 0.00000e+00
31.910000 4.99599e-04 4.21767e-04 0.00000e+00
31.920000 4.85747e-04 2.21553e-04 0.00000e+00
31.930000 4.63863e-04 2.05641e-04 0.00000e+00
31.940000 4.56464e-04 2.41195e-04 0.00000e+00
31.950000 4.56496e-04 2.10766e-04 0.00000e+00
31.960000 4.57725e-04 7.11585e-05 0.00000e+00
31.970000 4.85714e-04 -2.98570e-05 0.00000e+00
31.980000 4.85046e-04 -5.75216e-05 0.00000e+00
31.990000 5.00042e-04 -1.68678e-04 0.00000e+00
32.000000 5.01738e-04 -2.75410e-04 0.00000e+00
32.010000 5.15481e-04 -3.40635e-04 0.00000e+00
32.020000 4.98697e-04 -4.04526e-04 0.00000e+00
32.030000 4.88223e-04 -4.79708e-04 0.00000e+00
32.040000 4.68565e-04 -4.79257e-04 0.00000e+00
32.050000 4.68060e-04 -4.42724e-04 0.00000e+00
32.060000 4.58575e-04 -4.64493e-04 0.00000e+00
32.070000 4.52323e-04 -5.31590e-04 0.00000e+00
32.080000 4.62065e-04 -4.85306e-04 0.00000e+00
32.090000 4.78490e-04 -4.81550e-04 0.00000e+00
32.100000 4.70988e-04 -6.28407e-04 0.00000e+00
32.110000 4.38035e-04 -7.49026e-04 0.00000e+00
32.120000 4.05926e-04 -8.91934e-04 0.00000e+00
32.130000 3.84239e-04 -1.01463e-03 0.00000e+00
32.140000 3.98688e-04 -9.87780e-04 0.00000e+00
32.150000 3.70447e-04 -9.84081e-04 0.00000e+00
32.160000 3.59503e-04 -1.02415e-03 0.00000e+00
32.170000 3.76304e-04 -9.84953e-04 0.00000e+00
32.180000 3.75495e-04 -9.25756e-04 0.00000e+00
32.190000 3.64468e-04 -9.97061e-04 0.00000e+00
32.200000 3.66539e-04 -1.15625e-03 0.00000e+00
32.210000 3.56888e-04 -1.30189e-03 0.00000e+00
32.220000 3.33250e-04 -1.44124e-03 0.00000e+00
32.230000 3.02462e-04 -1.58326e-03 0.00000e+00
32.240000 2.90393e-04 -1.74613e-03 0.00000e+00
32.250000 2.98073e-04 -1.80206e-03 0.00000e+00
32.260000 2.47443e-04 -1.76110e-03 0.00000e+00
32.270000 2.44615e-04 -1.79330e-03 0.00000e+00
32.280000 2.15673e-04 -2.00920e-03 0.00000e+00
32.290000 1.94172e-04 -2.29531e-03 0.00000e+00
32.300000 1.89680e-04 -2.56818e-03 0.00000e+00
32.310000 1.67726e-04 -2.71577e-03 0.00000e+00
32.320000 1.21962e-04 -2.89122e-03 0.00000e+00
32.330000 1.09594e-04 -3.18338e-03 0.00000e+00
32.340000 7.39334e-05 -3.31666e-03 0.00000e+00
32.350000 2.59602e-05 -3.39348e-03 0.00000e+00
32.360000 -2.72699e-05 -3.56380e-03 0.00000e+00
32.370000 -3.85661e-05 -3.61190e-03 0.00000e+00
32.380000 -7.85591e-05 -3.62506e-03 0.00000e+00
32.390000 -1.06118e-04 -3.69032e-03 0.00000e+00
32.400000 -1.46989e-04 -3.71692e-03 0.00000e+00
32.410000 -1.66388e-04 -3.72026e-03 0.00000e+00
32.420000 -2.03465e-04 -3.57177e-03 0.00000e+00
32.430000 -2.54650e-04 -3.47211e-03 0.00000e+00
32.440000 -3.15912e-04 -3.34768e-03 0.00000e+00
32.450000 -3.50553e-04 -3.10939e-03 0.00000e+00
32.460000 -3.76670e-04 -2.93382e-03 0.00000e+00
32.470000 -4.08741e-04 -2.69433e-03 0.00000e+00
32.480000 -4.36992e-04 -2.40945e-03 0.00000e+00
32.490000 -4.81516e-04 -2.19010e-03 0.00000e+00
32.500000 -4.97753e-04 -1.96360e-03 0.00000e+00
32.510000 -5.04711e-04 -1.75690e-03 0.00000e+00
32.520000 -5.34568e-04 -1.63913e-03 0.00000e+00
32.530000 -5.35142e-04 -1.48739e-03 0.00000e+00
32.540000 -5.21883e-04 -1.16541e-03 0.00000e+00
32.550000 -5.50254e-04 -8.27798e-04 0.00000e+00
32.560000 -5.27846e-04 -5.55431e-04 0.00000e+00
32.570000 -5.32697e-04 -2.54167e-04 0.00000e+00
32.580000 -5.31356e-04 7.62597e-05 0.00000e+00
32.590000 -5.20365e-04 3.55541e-04 0.00000e+00
32.600000 -5.28695e-04 4.77259e-04 0.00000e+00
32.610000 -5.12265e-04 4.85782e-04 0.00000e+00
32.620000 -5.29446e-04 4.70455e-04 0.00000e+00
32.630000 -5.34501e-04 4.91408e-04 0.00000e+00
32.640000 -5.31730e-04 4.95793e-04 0.00000e+00
32.650000 -5.28240e-04 4.71246e-04 0.00000e+00
32.660000 -5.29761e-04 3.63206e-04 0.00000e+00
32.670000 -5.27173e-04 2.65448e-04 0.00000e+00
32.680000 -5.16370e-04 2.95161e-04 0.00000e+00
32.690000 -4.80327e-04 3.08539e-04 0.00000e+00
32.700000 -4.46986e-04 3.49342e-04 0.00000e+00
32.710000 -4.37930e-04 5.00034e-04 0.00000e+00
32.720000 -4.50370e-04 5.63915e-04 0.00000e+00
32.730000 -4.39060e-04 7.24013e-04 0.00000e+00
32.740000 -4.40692e-04 9.94894e-04 0.00000e+00
32.750000 -4.52161e-04 1.16051e-03 0.00000e+00
32.760000 -4.73571e-04 1.36763e-03 0.00000e+00
32.770000 -4.71666e-04 1.59141e-03 0.00000e+00
32.780000 -4.64664e-04 1.84027e-03 0.00000e+00
32.790000 -4.51127e-04 2.05687e-03 0.00000e+00
32.800000 -4.33152e-04 2.12940e-03 0.00000e+00
32.810000 -4.09613e-04 2.17359e-03 0.00000e+00
32.820000 -3.83466e-04 2.30669e-03 0.00000e+00
32.830000 -3.49830e-04 2.48760e-03 0.00000e+00
32.840000 -2.97521e-04 2.63337e-03 0.00000e+00
32.850000 -2.54209e-04 2.78182e-03 0.00000e+00
32.860000 -2.17206e-04 3.07848e-03 0.00000e+00
32.870000 -1.74340e-04 3.48879e-03 0.00000e+00
32.880000 -1.41633e-04 3.76517e-03 0.00000e+00
32.890000 -9.99673e-05 3.83724e-03 0.00000e+00
32.900000 -4.40204e-05 3.88837e-03 0.00000e+00
32.910000 -3.23244e-05 3.94410e-03 0.00000e+00
32.920000 -3.36816e-06 3.86022e-03 0.00000e+00
32.930000 3.69640e-05 3.62660e-03 0.00000e+00
32.940000 6.56282e-05 3.38069e-03 0.00000e+00
32.950000 8.91840e-05 3.19188e-03 0.00000e+00
32.960000 1.06951e-04 2.94039e-03 0.00000e+00
32.970000 1.29080e-04 2.70278e-03 0.00000e+00
32.980000 1.84751e-04 2.53632e-03 0.00000e+00
32.990000 2.41060e-04 2.36256e-03 0.00000e+00
33.000000 2.68228e-04 2.19135e-03 0.00000e+00
33.010000 2.93054e-04 2.06315e-03 0.00000e+00
33.020000 3.25200e-04 2.00236e-03 0.00000e+00
33.030000 3.52494e-04 1.89391e-03 0.00000e+00
33.040000 3.40752e-04 1.80314e-03 0.00000e+00
33.050000 3.25400e-04 1.73621e-03 0.00000e+00
33.060000 3.33837e-04 1.67517e-03 0.00000e+00
33.070000 3.50290e-04 1.77867e-03 0.00000e+00
33.080000 3.50367e-04 1.78898e-03 0.00000e+00
33.090000 3.53722e-04 1.70072e-03 0.00000e+00
33.100000 3.73146e-04 1.67072e-03 0.00000e+00
33.110000 4.03501e-04 1.61418e-03 0.00000e+00
33.120000 4.20715e-04 1.54995e-03 0.00000e+00
33.130000 4.33881e-04 1.48688e-03 0.00000e+00
33.140000 4.79511e-04 1.42128e-03 0.00000e+00
33.150000 4.91441e-04 1.43331e-03 0.00000e+00
33.160000 5.06386e-04 1.61031e-03 0.00000e+00
33.170000 5.20941e-04 1.78146e-03 0.00000e+00
33.180000 5.39722e-04 1.80107e-03 0.00000e+00
33.190000 5.62789e-04 1.76767e-03 0.00000e+00
33.200000 5.67295e-04 1.73677e-03 0.00000e+00
33.210000 6.04677e-04 1.57499e-03 0.00000e+00
33.220000 6.08429e-04 1.25441e-03 0.00000e+00
33.230000 6.36939e-04 9.26573e-04 0.00000e+00
33.240000 6.42088e-04 6.29225e-04 0.00000e+00
33.250000 6.19761e-04 2.62435e-04 0.00000e+00
33.260000 6.35325e-04 -1.44381e-04 0.00000e+00
33.270000 6.25209e-04 -4.88541e-04 0.00000e+00
33.280000 6.38198e-04 -8.00120e-04 0.00000e+00
33.290000 6.42634e-04 -1.15487e-03 0.00000e+00
33.300000 6.43766e-04 -1.51620e-03 0.00000e+00
33.310000 6.30789e-04 -1.67519e-03 0.00000e+00
33.320000 6.20734e-04 -1.84231e-03 0.00000e+00
33.330000 6.02689e-04 -2.10374e-03 0.00000e+00
33.340000 5.48373e-04 -2.31113e-03 0.00000e+00
33.350000 4.94930e-04 -2.53978e-03 0.00000e+00
33.360000 4.62304e-04 -2.69017e-03 0.00000e+00
33.370000 4.25300e-04 -2.87339e-03 0.00000e+00
33.380000 3.85318e-04 -2.96505e-03 0.00000e+00
33.390000 3.52162e-04 -3.04043e-03 0.00000e+00
33.400000 3.21163e-04 -3.10810e-03 0.00000e+00
33.410000 2.88410e-04 -3.05120e-03 0.00000e+00
33.420000 2.60824e-04 -3.14963e-03 0.00000e+00
33.430000 2.45216e-04 -3.17525e-03 0.00000e+00
33.440000 2.16637e-04 -3.15190e-03 0.00000e+00
33.450000 1.84060e-04 -3.12785e-03 0.00000e+00
33.460000 1.67307e-04 -2.98287e-03 0.00000e+00
33.470000 1.63287e-04 -2.82850e-03 0.00000e+00
33.480000 1.45428e-04 -2.71310e-03 0.00000e+00
33.490000 8.32166e-05 -2.63691e-03 0.00000e+00
33.500000 7.40172e-05 -2.53366e-03 0.00000e+00
33.510000 3.26624e-05 -2.50236e-03 0.00000e+00
33.520000 6.82704e-06 -2.58034e-03 0.00000e+00
33.530000 -1.17304e-05 -2.63562e-03 0.00000e+00
33.540000 -5.19490e-05 -2.66688e-03 0.00000e+00
33.550000 -5.53188e-05 -2.71724e-03 0.00000e+00
33.560000 -1.07755e-04 -2.73568e-03 0.00000e+00
33.570000 -1.00242e-04 -2.75985e-03 0.00000e+00
33.580000 -1.42992e-04 -2.79071e-03 0.00000e+00
33.590000 -1.73626e-04 -2.78604e-03 0.00000e+00
33.600000 -1.83192e-04 -2.64953e-03 0.00000e+00
33.610000 -2.27612e-04 -2.41757e-03 0.00000e+00
33.620000 -2.35927e-04 -2.23661e-03 0.00000e+00
33.630000 -2.67174e-04 -2.02275e-03 0.00000e+00
33.640000 -3.00068e-04 -1.69376e-03 0.00000e+00
33.650000 -3.32650e-04 -1.31524e-03 0.00000e+00
33.660000 -3.51205e-04 -1.09912e-03 0.00000e+00
33.670000 -3.61314e-04 -8.91918e-04 0.00000e+00
33.680000 -3.81151e-04 -7.18562e-04 0.00000e+00
33.690000 -3.93378e-04 -6.67644e-04 0.00000e+00
33.700000 -3.99515e-04 -5.02108e-04 0.00000e+00
33.710000 -4.02146e-04 -3.36021e-04 0.00000e+00
33.720000 -3.97468e-04 -1.50706e-04 0.00000e+00
33.730000 -3.90037e-04 -3.69739e-05 0.00000e+00
33.740000 -3.88694e-04 8.79978e-05 0.00000e+00
33.750000 -3.58827e-04 2.09651e-04 0.00000e+00
33.760000 -3.37347e-04 1.76494e-04 0.00000e+00
33.770000 -3.01485e-04 1.53959e-04 0.00000e+00
33.780000 -3.06810e-04 6.57615e-05 0.00000e+00
33.790000 -3.06863e-04 -1.99421e-06 0.00000e+00
33.800000 -3.03326e-04 -3.79955e-05 0.00000e+00
33.810000 -3.05348e-04 -1.36660e-04 0.00000e+00
33.820000 -3.23580e-04 -2.31687e-04 0.00000e+00
33.830000 -3.49222e-04 -3.39225e-04 0.00000e+00
33.840000 -3.60511e-04 -4.52188e-04 0.00000e+00
33.850000 -3.90818e-04 -5.53577e-04 0.00000e+00
33.860000 -3.76321e-04 -6.72562e-04 0.00000e+00
33.870000 -3.68159e-04 -7.85489e-04 0.00000e+00
33.880000 -3.85066e-04 -9.04624e-04 0.00000e+00
33.890000 -3.99791e-04 -9.59435e-04 0.00000e+00
33.900000 -4.23158e-04 -9.10151e-04 0.00000e+00
33.910000 -4.29042e-04 -9.22389e-04 0.00000e+00
33.920000 -4.59124e-04 -8.59426e-04 0.00000e+00
33.930000 -4.64249e-04 -6.61528e-04 0.00000e+00
33.940000 -4.72054e-04 -3.46817e-04 0.00000e+00
33.950000 -4.55600e-04 6.28575e-06 0.00000e+00
33.960000 -4.45975e-04 1.98489e-04 0.00000e+00
33.970000 -4.38840e-04 3.53632e-04 0.00000e+00
33.980000 -4.32755e-04 5.93923e-04 0.00000e+00
33.990000 -4.26286e-04 8.41594e-04 0.00000e+00
34.000000 -4.35512e-04 9.55759e-04 0.00000e+00
34.010000 -4.21477e-04 1.01206e-03 0.00000e+00
34.020000 -4.09931e-04 1.01425e-03 0.00000e+00
34.030000 -4.02618e-04 1.11984e-03 0.00000e+00
34.040000 -3.86745e-04 1.40551e-03 0.00000e+00
34.050000 -3.67122e-04 1.58407e-03 0.00000e+00
34.060000 -3.30183e-04 1.64391e-03 0.00000e+00
34.070000 -3.17004e-04 1.66573e-03 0.00000e+00
34.080000 -3.08434e-04 1.68039e-03 0.00000e+00
34.090000 -2.58346e-04 1.68478e-03 0.00000e+00
34.100000 -2.42146e-04 1.69287e-03 0.00000e+00
34.110000 -2.10419e-04 1.75638e-03 0.00000e+00
34.120000 -2.20978e-04 1.94250e-03 0.00000e+00
34.130000 -2.23563e-04 2.14504e-03 0.00000e+00
34.140000 -1.92459e-04 2.33402e-03 0.00000e+00
34.150000 -1.59321e-04 2.56853e-03 0.00000e+00
34.160000 -1.59230e-04 2.80402e-03 0.00000e+00
34.170000 -1.53037e-04 2.96523e-03 0.00000e+00
34.180000 -1.22986e-04 3.08855e-03 0.00000e+00
34.190000 -8.63679e-05 3.22711e-03 0.00000e+00
34.200000 -3.29524e-05 3.37506e-03 0.00000e+00
34.210000 -1.37113e-05 3.52031e-03 0.00000e+00
34.220000 -1.04938e-06 3.66676e-03 0.00000e+00
34.230000 3.84376e-05 3.93044e-03 0.00000e+00
34.240000 8.40989e-05 4.11322e-03 0.00000e+00
34.250000 1.36050e-04 4.12420e-03 0.00000e+00
34.260000 1.97320e-04 4.20184e-03 0.00000e+00
34.270000 2.51249e-04 4.34267e-03 0.00000e+00
34.280000 3.12477e-04 4.46277e-03 0.00000e+00
34.290000 3.64497e-04 4.42692e-03 0.00000e+00
34.300000 3.90992e-04 4.17003e-03 0.00000e+00
34.310000 4.54373e-04 3.95108e-03 0.00000e+00
34.320000 4.81120e-04 3.79028e-03 0.00000e+00
34.330000 5.16173e-04 3.47165e-03 0.00000e+00
34.340000 5.30972e-04 3.00682e-03 0.00000e+00
34.350000 5.70302e-04 2.58184e-03 0.00000e+00
34.360000 5.95472e-04 2.20703e-03 0.00000e+00
34.370000 6.38892e-04 1.90020e-03 0.00000e+00
34.380000 6.42130e-04 1.51968e-03 0.00000e+00
34.390000 6.74839e-04 9.97822e-04 0.00000e+00
34.400000 6.73523e-04 5.41864e-04 0.00000e+00
34.410000 6.53376e-04 1.55078e-04 0.00000e+00
34.420000 6.60435e-04 -1.93288e-04 0.00000e+00
34.430000 6.70344e-04 -4.96233e-04 0.00000e+00
34.440000 6.66359e-04 -7.67042e-04 0.00000e+00
34.450000 6.37692e-04 -1.02166e-03 0.00000e+00
34.460000 5.97410e-04 -1.24270e-03 0.00000e+00
34.470000 5.78338e-04 -1.46746e-03 0.00000e+00
34.480000 5.68544e-04 -1.59101e-03 0.00000e+00
34.490000 5.40404e-04 -1.71798e-03 0.00000e+00
34.500000 5.14798e-04 -1.87425e-03 0.00000e+00
34.510000 5.07359e-04 -2.02403e-03 0.00000e+00
34.520000 4.99431e-04 -2.17945e-03 0.00000e+00
34.530000 4.82387e-04 -2.24364e-03 0.00000e+00
34.540000 4.67817e-04 -2.18406e-03 0.00000e+00
34.550000 4.34849e-04 -2.08581e-03 0.00000e+00
34.560000 4.31641e-04 -1.91919e-03 0.00000e+00
34.570000 4.15467e-04 -1.75629e-03 0.00000e+00
34.580000 3.91485e-04 -1.79809e-03 0.00000e+00
34.590000 3.71324e-04 -1.78852e-03 0.00000e+00
34.600000 3.44670e-04 -1.66066e-03 0.00000e+00
34.610000 3.28228e-04 -1.47070e-03 0.00000e+00
34.620000 3.03681e-04 -1.39538e-03 0.00000e+00
34.630000 2.99570e-04 -1.46436e-03 0.00000e+00
34.640000 2.82280e-04 -1.51874e-03 0.00000e+00
34.650000 2.66178e-04 -1.54696e-03 0.00000e+00
34.660000 2.28279e-04 -1.65619e-03 0.00000e+00
34.670000 2.32893e-04 -1.79696e-03 0.00000e+00
34.680000 2.00913e-04 -1.85953e-03 0.00000e+00
34.690000 2.08202e-04 -1.86390e-03 0.00000e+00
34.700000 2.05378e-04 -1.88256e-03 0.00000e+00
34.710000 2.09700e-04 -1.96165e-03 0.00000e+00
34.720000 1.81625e-04 -2.10300e-03 0.00000e+00
34.730000 1.66714e-04 -2.20362e-03 0.00000e+00
34.740000 1.06359e-04 -2.22693e-03 0.00000e+00
34.750000 9.41394e-05 -2.31476e-03 0.00000e+00
34.760000 8.19470e-05 -2.44233e-03 0.00000e+00
34.770000 5.97514e-05 -2.59650e-03 0.00000e+00
34.780000 3.02161e-05 -2.72681e-03 0.00000e+00
34.790000 -2.82162e-05 -2.83590e-03 0.00000e+00
34.800000 -4.91647e-05 -2.87359e-03 0.00000e+00
34.810000 -8.90368e-05 -2.88059e-03 0.00000e+00
34.820000 -1.22086e-04 -3.00250e-03 0.00000e+00
34.830000 -1.53056e-04 -3.12736e-03 0.00000e+00
34.840000 -1.58320e-04 -3.07662e-03 0.00000e+00
34.850000 -1.91007e-04 -2.99119e-03 0.00000e+00
34.860000 -2.14699e-04 -2.86958e-03 0.00000e+00
34.870000 -2.57844e-04 -2.62903e-03 0.00000e+00
34.880000 -2.85840e-04 -2.36446e-03 0.00000e+00
34.890000 -3.08191e-04 -2.05859e-03 0.00000e+00
34.900000 -3.21706e-04 -1.75530e-03 0.00000e+00
34.910000 -3.49530e-04 -1.58542e-03 0.00000e+00
34.920000 -3.78965e-04 -1.40418e-03 0.00000e+00
34.930000 -3.95195e-04 -1.07371e-03 0.00000e+00
34.940000 -4.06992e-04 -8.04573e-04 0.00000e+00
34.950000 -4.06713e-04 -5.89966e-04 0.00000e+00
34.960000 -4.16789e-04 -4.90267e-04 0.00000e+00
34.970000 -4.14348e-04 -4.01172e-04 0.00000e+00
34.980000 -4.34940e-04 -2.54982e-04 0.00000e+00
34.990000 -4.27395e-04 -1.49471e-04 0.00000e+00
35.000000 -3.86022e-04 -1.27049e-05 0.00000e+00
35.010000 -3.73383e-04 1.92758e-04 0.00000e+00
35.020000 -3.75426e-04 3.39043e-04 0.00000e+00
35.030000 -3.58230e-04 4.36172e-04 0.00000e+00
35.040000 -3.58166e-04 5.04098e-04 0.00000e+00
35.050000 -3.47478e-04 4.62948e-04 0.00000e+00
35.060000 -3.38083e-04 4.63400e-04 0.00000e+00
35.070000 -3.55305e-04 5.32440e-04 0.00000e+00
35.080000 -3.60049e-04 5.65268e-04 0.00000e+00
35.090000 -3.49641e-04 5.01917e-04 0.00000e+00
35.100000 -3.61391e-04 4.16708e-04 0.00000e+00
35.110000 -3.74616e-04 3.44089e-04 0.00000e+00
35.120000 -3.65643e-04 2.76378e-04 0.00000e+00
35.130000 -3.68642e-04 2.34960e-04 0.00000e+00
35.140000 -3.45467e-04 2.56004e-04 0.00000e+00
35.150000 -3.40218e-04 2.54441e-04 0.00000e+00
35.160000 -3.28508e-04 2.12514e-04 0.00000e+00
35.170000 -3.21910e-04 3.33682e-04 0.00000e+00
35.180000 -3.24993e-04 5.27142e-04 0.00000e+00
35.190000 -3.31479e-04 6.31556e-04 0.00000e+00
35.200000 -3.13563e-04 7.08164e-04 0.00000e+00
35.210000 -3.21251e-04 8.02730e-04 0.00000e+00
35.220000 -3.12458e-04 9.54386e-04 0.00000e+00
35.230000 -2.85756e-04 1.14829e-03 0.00000e+00
35.240000 -2.82506e-04 1.28951e-03 0.00000e+00
35.250000 -2.80779e-04 1.36309e-03 0.00000e+00
35.260000 -2.76776e-04 1.46359e-03 0.00000e+00
35.270000 -2.58305e-04 1.57899e-03 0.00000e+00
35.280000 -2.42264e-04 1.62861e-03 0.00000e+00
35.290000 -2.15981e-04 1.67623e-03 0.00000e+00
35.300000 -1.82382e-04 1.76209e-03 0.00000e+00
35.310000 -1.59832e-04 1.91856e-03 0.00000e+00
35.320000 -1.50809e-04 2.09177e-03 0.00000e+00
35.330000 -1.31986e-04 2.23073e-03 0.00000e+00
35.340000 -1.01905e-04 2.34213e-03 0.00000e+00
35.350000 -8.85991e-05 2.32443e-03 0.00000e+00
35.360000 -7.19471e-05 2.23607e-03 0.00000e+00
35.370000 -5.19116e-05 2.22052e-03 0.00000e+00
35.380000 -1.03522e-05 2.20362e-03 0.00000e+00
35.390000 1.55201e-05 2.12892e-03 0.00000e+00
35.400000 3.20133e-05 2.11859e-03 0.00000e+00
35.410000 5.08542e-05 2.06039e-03 0.00000e+00
35.420000 6.24271e-05 1.86225e-03 0.00000e+00
35.430000 9.11499e-05 1.61297e-03 0.00000e+00
35.440000 1.14603e-04 1.42254e-03 0.00000e+00
35.450000 1.27789e-04 1.30281e-03 0.00000e+00
35.460000 1.48912e-04 1.19919e-03 0.00000e+00
35.470000 1.74679e-04 1.17084e-03 0.00000e+00
35.480000 1.82773e-04 1.12811e-03 0.00000e+00
35.490000 1.81874e-04 9.66324e-04 0.00000e+00
35.500000 1.80552e-04 7.95835e-04 0.00000e+00
35.510000 1.71712e-04 6.99242e-04 0.00000e+00
35.520000 1.69967e-04 6.38497e-04 0.00000e+00
35.530000 1.94863e-04 5.69319e-04 0.00000e+00
35.540000 2.03497e-04 5.01412e-04 0.00000e+00
35.550000 2.05035e-04 5.99743e-04 0.00000e+00
35.560000 2.00000e-04 7.43556e-04 0.00000e+00
35.570000 2.03115e-04 7.98514e-04 0.00000e+00
35.580000 1.89229e-04 9.23814e-04 0.00000e+00
35.590000 2.00226e-04 1.02978e-03 0.00000e+00
35.600000 2.19432e-04 1.14641e-03 0.00000e+00
35.610000 2.52065e-04 1.33306e-03 0.00000e+00
35.620000 2.61403e-04 1.39909e-03 0.00000e+00
35.630000 2.73413e-04 1.44524e-03 0.00000e+00
35.640000 2.83368e-04 1.63734e-03 0.00000e+00
35.650000 2.80228e-04 1.78927e-03 0.00000e+00
35.660000 2.96853e-04 1.80086e-03 0.00000e+00
35.670000 3.30904e-04 1.77826e-03 0.00000e+00
35.680000 3.56749e-04 1.68557e-03 0.00000e+00
35.690000 3.89666e-04 1.48194e-03 0.00000e+00
35.700000 4.05941e-04 1.32414e-03 0.00000e+00
35.710000 4.37537e-04 1.25160e-03 0.00000e+00
35.720000 4.68866e-04 1.13529e-03 0.00000e+00
35.730000 4.57427e-04 9.78587e-04 0.00000e+00
35.740000 4.80272e-04 8.22191e-04 0.00000e+00
35.750000 4.91871e-04 5.66100e-04 0.00000e+00
35.760000 4.75346e-04 2.60408e-04 0.00000e+00
35.770000 4.84158e-04 2.17625e-05 0.00000e+00
35.780000 4.66528e-04 -1.42609e-04 0.00000e+00
35.790000 4.48715e-04 -3.04154e-04 0.00000e+00
35.800000 4.67593e-04 -5.38422e-04 0.00000e+00
35.810000 4.57131e-04 -8.12488e-04 0.00000e+00
35.820000 4.15905e-04 -1.17931e-03 0.00000e+00
35.830000 3.97769e-04 -1.58449e-03 0.00000e+00
35.840000 3.79666e-04 -1.86970e-03 0.00000e+00
35.850000 3.50006e-04 -2.06623e-03 0.00000e+00
35.860000 3.35627e-04 -2.20276e-03 0.00000e+00
35.870000 3.40985e-04 -2.32163e-03 0.00000e+00
35.880000 3.33950e-04 -2.44856e-03 0.00000e+00
35.890000 3.08369e-04 -2.47778e-03 0.00000e+00
35.900000 2.89532e-04 -2.57287e-03 0.00000e+00
35.910000 2.52614e-04 -2.67510e-03 0.00000e+00
35.920000 2.13472e-04 -2.69521e-03 0.00000e+00
35.930000 1.91526e-04 -2.87568e-03 0.00000e+00
35.940000 1.65587e-04 -3.02376e-03 0.00000e+00
35.950000 1.35307e-04 -3.14397e-03 0.00000e+00
35.960000 9.17242e-05 -3.32347e-03 0.00000e+00
35.970000 4.41118e-05 -3.29429e-03 0.00000e+00
35.980000 3.14802e-06 -3.23694e-03 0.00000e+00
35.990000 -3.52179e-05 -3.35964e-03 0.00000e+00
36.000000 -5.41661e-05 -3.49409e-03 0.00000e+00
36.010000 -6.73169e-05 -3.60678e-03 0.00000e+00
36.020000 -9.44284e-05 -3.73533e-03 0.00000e+00
36.030000 -1.24744e-04 -3.78325e-03 0.00000e+00
36.040000 -1.67747e-04 -3.64813e-03 0.00000e+00
36.050000 -2.05485e-04 -3.39945e-03 0.00000e+00
36.060000 -2.34219e-04 -3.14750e-03 0.00000e+00
36.070000 -2.86491e-04 -2.85495e-03 0.00000e+00
36.080000 -3.15953e-04 -2.64026e-03 0.00000e+00
36.090000 -3.67205e-04 -2.59175e-03 0.00000e+00
36.100000 -4.02582e-04 -2.49307e-03 0.00000e+00
36.110000 -4.04030e-04 -2.25945e-03 0.00000e+00
36.120000 -4.40840e-04 -2.05446e-03 0.00000e+00
36.130000 -4.39861e-04 -1.90754e-03 0.00000e+00
36.140000 -4.60236e-04 -1.80623e-03 0.00000e+00
36.150000 -5.07048e-04 -1.72294e-03 0.00000e+00
36.160000 -5.19075e-04 -1.61787e-03 0.00000e+00
36.170000 -5.28522e-04 -1.43407e-03 0.00000e+00
36.180000 -5.32300e-04 -1.08339e-03 0.00000e+00
36.190000 -5.11261e-04 -7.30891e-04 0.00000e+00
36.200000 -4.93624e-04 -4.91160e-04 0.00000e+00
36.210000 -4.81297e-04 -3.39099e-04 0.00000e+00
36.220000 -4.89010e-04 -2.29453e-04 0.00000e+00
36.230000 -4.98454e-04 -1.13549e-04 0.00000e+00
36.240000 -5.23879e-04 -4.31814e-05 0.00000e+00
36.250000 -5.61787e-04 1.34120e-05 0.00000e+00
36.260000 -5.64118e-04 3.47062e-05 0.00000e+00
36.270000 -5.39624e-04 8.92986e-06 0.00000e+00
36.280000 -5.37219e-04 1.23622e-04 0.00000e+00
36.290000 -5.51221e-04 2.23686e-04 0.00000e+00
36.300000 -5.36802e-04 3.40620e-04 0.00000e+00
36.310000 -5.35155e-04 4.87381e-04 0.00000e+00
36.320000 -5.13755e-04 4.46719e-04 0.00000e+00
36.330000 -4.99045e-04 4.18879e-04 0.00000e+00
36.340000 -4.74397e-04 5.31372e-04 0.00000e+00
36.350000 -4.68280e-04 6.96436e-04 0.00000e+00
36.360000 -4.92741e-04 9.28547e-04 0.00000e+00
36.370000 -4.99293e-04 1.26152e-03 0.00000e+00
36.380000 -4.93659e-04 1.58957e-03 0.00000e+00
36.390000 -4.78748e-04 1.85207e-03 0.00000e+00
36.400000 -4.64723e-04 2.11743e-03 0.00000e+00
36.410000 -4.40560e-04 2.31586e-03 0.00000e+00
36.420000 -4.21873e-04 2.32187e-03 0.00000e+00
36.430000 -3.97421e-04 2.29568e-03 0.00000e+00
36.440000 -3.67015e-04 2.41540e-03 0.00000e+00
36.450000 -3.32070e-04 2.55720e-03 0.00000e+00
36.460000 -3.19539e-04 2.51265e-03 0.00000e+00
36.470000 -2.78013e-04 2.40262e-03 0.00000e+00
36.480000 -2.70801e-04 2.34371e-03 0.00000e+00
36.490000 -2.25497e-04 2.34293e-03 0.00000e+00
36.500000 -1.77455e-04 2.39992e-03 0.00000e+00
36.510000 -1.29972e-04 2.49108e-03 0.00000e+00
36.520000 -1.09355e-04 2.53598e-03 0.00000e+00
36.530000 -7.91095e-05 2.36795e-03 0.00000e+00
36.540000 -5.81262e-05 2.09021e-03 0.00000e+00
36.550000 -4.82578e-05 1.86403e-03 0.00000e+00
36.560000 -3.01882e-05 1.64411e-03 0.00000e+00
36.570000 -1.64953e-05 1.41713e-03 0.00000e+00
36.580000 -3.43870e-05 1.28594e-03 0.00000e+00
36.590000 -3.29811e-05 1.17858e-03 0.00000e+00
36.600000 -2.00520e-05 1.05323e-03 0.00000e+00
36.610000 -6.31911e-06 9.77868e-04 0.00000e+00
36.620000 -1.43604e-05 9.02763e-04 0.00000e+00
36.630000 -1.75115e-05 8.31784e-04 0.00000e+00
36.640000 9.15170e-06 8.34460e-04 0.00000e+00
36.650000 4.08201e-05 8.03545e-04 0.00000e+00
36.660000 5.86602e-05 8.22854e-04 0.00000e+00
36.670000 6.77992e-05 1.01008e-03 0.00000e+00
36.680000 6.61819e-05 1.25937e-03 0.00000e+00
36.690000 5.39548e-05 1.47624e-03 0.00000e+00
36.700000 5.35930e-05 1.64772e-03 0.00000e+00
36.710000 7.70147e-05 1.86992e-03 0.00000e+00
36.720000 9.98695e-05 2.08169e-03 0.00000e+00
36.730000 1.18459e-04 2.26672e-03 0.00000e+00
36.740000 1.57004e-04 2.48773e-03 0.00000e+00
36.750000 1.92687e-04 2.55069e-03 0.00000e+00
36.760000 2.01564e-04 2.48614e-03 0.00000e+00
36.770000 2.33406e-04 2.52008e-03 0.00000e+00
36.780000 2.55506e-04 2.52919e-03 0.00000e+00
36.790000 2.83380e-04 2.46946e-03 0.00000e+00
36.800000 3.29371e-04 2.34682e-03 0.00000e+00
36.810000 3.52515e-04 2.25946e-03 0.00000e+00
36.820000 3.80919e-04 2.32419e-03 0.00000e+00
36.830000 4.24899e-04 2.40860e-03 0.00000e+00
36.840000 4.45724e-04 2.41960e-03 0.00000e+00
36.850000 4.66460e-04 2.28908e-03 0.00000e+00
36.860000 4.76495e-04 2.01241e-03 0.00000e+00
36.870000 4.96395e-04 1.69003e-03 0.00000e+00
36.880000 5.17504e-04 1.40916e-03 0.00000e+00
36.890000 5.18199e-04 1.15205e-03 0.00000e+00
36.900000 5.19799e-04 8.35185e-04 0.00000e+00
36.910000 5.20351e-04 5.57614e-04 0.00000e+00
36.920000 4.96419e-04 3.48861e-04 0.00000e+00
36.930000 5.17008e-04 8.43387e-05 0.00000e+00
36.940000 5.22863e-04 -1.94582e-04 0.00000e+00
36.950000 5.13677e-04 -4.97286e-04 0.00000e+00
36.960000 5.32351e-04 -8.19798e-04 0.00000e+00
36.970000 5.24059e-04 -1.01964e-03 0.00000e+00
36.980000 5.39129e-04 -1.21156e-03 0.00000e+00
36.990000 5.35801e-04 -1.45524e-03 0.00000e+00
37.000000 5.06336e-04 -1.63655e-03 0.00000e+00
37.010000 4.70317e-04 -1.83738e-03 0.00000e+00
37.020000 4.28555e-04 -2.02143e-03 0.00000e+00
37.030000 4.11522e-04 -2.09668e-03 0.00000e+00
37.040000 3.89811e-04 -2.13843e-03 0.00000e+00
37.050000 3.68781e-04 -2.18295e-03 0.00000e+00
37.060000 3.41465e-04 -2.19962e-03 0.00000e+00
37.070000 3.19170e-04 -2.20183e-03 0.00000e+00
37.080000 3.07396e-04 -2.19246e-03 0.00000e+00
37.090000 2.79500e-04 -2.25490e-03 0.00000e+00
37.100000 2.53243e-04 -2.25938e-03 0.00000e+00
37.110000 2.19125e-04 -2.19158e-03 0.00000e+00
37.120000 1.88802e-04 -2.23754e-03 0.00000e+00
37.130000 1.77773e-04 -2.16887e-03 0.00000e+00
37.140000 1.59343e-04 -2.06403e-03 0.00000e+00
37.150000 1.24553e-04 -1.95859e-03 0.00000e+00
37.160000 1.08626e-04 -1.78501e-03 0.00000e+00
37.170000 9.29453e-05 -1.71771e-03 0.00000e+00
37.180000 8.77931e-05 -1.78152e-03 0.00000e+00
37.190000 1.01475e-04 -1.90689e-03 0.00000e+00
37.200000 9.35365e-05 -1.93528e-03 0.00000e+00
37.210000 6.34022e-05 -1.87791e-03 0.00000e+00
37.220000 4.87421e-05 -1.83047e-03 0.00000e+00
37.230000 4.62249e-05 -1.75643e-03 0.00000e+00
37.240000 1.62697e-05 -1.65022e-03 0.00000e+00
37.250000 -5.12784e-06 -1.53619e-03 0.00000e+00
37.260000 -3.83350e-05 -1.46107e-03 0.00000e+00
37.270000 -5.18415e-05 -1.43669e-03 0.00000e+00
37.280000 -9.19143e-05 -1.45866e-03 0.00000e+00
37.290000 -1.01709e-04 -1.53167e-03 0.00000e+00
37.300000 -1.04446e-04 -1.57773e-03 0.00000e+00
37.310000 -1.40746e-04 -1.60048e-03 0.00000e+00
37.320000 -1.47146e-04 -1.63542e-03 0.00000e+00
37.330000 -1.73817e-04 -1.63087e-03 0.00000e+00
37.340000 -1.92880e-04 -1.60226e-03 0.00000e+00
37.350000 -2.05466e-04 -1.54746e-03 0.00000e+00
37.360000 -1.91381e-04 -1.37040e-03 0.00000e+00
37.370000 -1.82318e-04 -1.12768e-03 0.00000e+00
37.380000 -1.89289e-04 -9.36128e-04 0.00000e+00
37.390000 -1.95646e-04 -7.55345e-04 0.00000e+00
37.400000 -1.97376e-04 -5.19661e-04 0.00000e+00
37.410000 -2.20583e-04 -3.47715e-04 0.00000e+00
37.420000 -2.44279e-04 -2.64688e-04 0.00000e+00
37.430000 -2.61686e-04 -2.20509e-04 0.00000e+00
37.440000 -2.75304e-04 -1.91670e-04 0.00000e+00
37.450000 -2.86765e-04 -2.04506e-04 0.00000e+00
37.460000 -2.89181e-04 -2.23443e-04 0.00000e+00
37.470000 -2.83273e-04 -1.57433e-04 0.00000e+00
37.480000 -2.71123e-04 -1.34769e-04 0.00000e+00
37.490000 -2.52233e-04 -1.21203e-04 0.00000e+00
37.500000 -2.48319e-04 -1.28214e-04 0.00000e+00
37.510000 -2.42635e-04 -1.90112e-04 0.00000e+00
37.520000 -2.26168e-04 -1.62917e-04 0.00000e+00
37.530000 -2.10708e-04 5.24574e-05 0.00000e+00
37.540000 -2.05746e-04 3.77668e-04 0.00000e+00
37.550000 -2.08353e-04 6.39771e-04 0.00000e+00
37.560000 -2.19905e-04 8.07013e-04 0.00000e+00
37.570000 -2.31877e-04 9.86091e-04 0.00000e+00
37.580000 -2.48244e-04 1.09255e-03 0.00000e+00
37.590000 -2.50383e-04 1.04448e-03 0.00000e+00
37.600000 -2.50177e-04 9.95691e-04 0.00000e+00
37.610000 -2.43654e-04 9.69865e-04 0.00000e+00
37.620000 -2.32004e-04 9.15462e-04 0.00000e+00
37.630000 -2.14292e-04 8.51613e-04 0.00000e+00
37.640000 -1.96705e-04 8.32467e-04 0.00000e+00
37.650000 -1.75831e-04 8.61933e-04 0.00000e+00
37.660000 -1.58400e-04 9.41871e-04 0.00000e+00
37.670000 -1.36051e-04 1.01652e-03 0.00000e+00
37.680000 -9.55404e-05 1.03753e-03 0.00000e+00
37.690000 -5.22533e-05 1.07547e-03 0.00000e+00
37.700000 -3.25926e-05 1.17946e-03 0.00000e+00
37.710000 -4.22725e-05 1.29443e-03 0.00000e+00
37.720000 -5.53478e-05 1.36404e-03 0.00000e+00
37.730000 -6.41097e-05 1.38083e-03 0.00000e+00
37.740000 -5.78505e-05 1.34732e-03 0.00000e+00
37.750000 -7.62475e-05 1.28063e-03 0.00000e+00
37.760000 -6.48469e-05 1.16132e-03 0.00000e+00
37.770000 -4.49373e-05 9.85608e-04 0.00000e+00
37.780000 -3.73162e-05 8.11651e-04 0.00000e+00
37.790000 -2.89031e-05 7.10472e-04 0.00000e+00
37.800000 -1.18304e-05 6.88377e-04 0.00000e+00
37.810000 6.85511e-06 6.83459e-04 0.00000e+00
37.820000 1.93707e-05 6.67086e-04 0.00000e+00
37.830000 3.13801e-05 6.45327e-04 0.00000e+00
37.840000 3.65991e-05 6.43049e-04 0.00000e+00
37.850000 4.52966e-05 7.89427e-04 0.00000e+00
37.860000 6.30125e-05 1.06016e-03 0.00000e+00
37.870000 7.98701e-05 1.22307e-03 0.00000e+00
37.880000 8.21877e-05 1.18057e-03 0.00000e+00
37.890000 8.33887e-05 1.00106e-03 0.00000e+00
37.900000 8.30434e-05 7.96334e-04 0.00000e+00
37.910000 8.08211e-05 6.30794e-04 0.00000e+00
37.920000 7.83990e-05 3.80084e-04 0.00000e+00
37.930000 6.67523e-05 8.58611e-05 0.00000e+00
37.940000 7.99232e-05 -5.31924e-05 0.00000e+00
37.950000 1.02921e-04 -1.77990e-04 0.00000e+00
37.960000 1.25084e-04 -3.81671e-04 0.00000e+00
37.970000 1.27578e-04 -5.24575e-04 0.00000e+00
37.980000 1.22365e-04 -5.96177e-04 0.00000e+00
37.990000 1.19139e-04 -6.90186e-04 0.00000e+00
38.000000 1.20862e-04 -7.96909e-04 0.00000e+00
38.010000 1.20983e-04 -8.87333e-04 0.00000e+00
38.020000 1.16556e-04 -9.84135e-04 0.00000e+00
38.030000 6.88754e-05 -1.10234e-03 0.00000e+00
38.040000 2.08885e-05 -1.18440e-03 0.00000e+00
38.050000 -4.80323e-06 -1.23387e-03 0.00000e+00
38.060000 -1.79428e-05 -1.20610e-03 0.00000e+00
38.070000 -2.38431e-05 -1.10498e-03 0.00000e+00
38.080000 -3.70662e-05 -1.08802e-03 0.00000e+00
38.090000 -5.30513e-05 -1.08352e-03 0.00000e+00
38.100000 -4.42605e-05 -1.03650e-03 0.00000e+00
38.110000 -3.70251e-05 -9.36273e-04 0.00000e+00
38.120000 -5.90981e-05 -7.31157e-04 0.00000e+00
38.130000 -5.93865e-05 -4.33409e-04 0.00000e+00
38.140000 -5.18026e-05 -1.31219e-04 0.00000e+00
38.150000 -6.37165e-05 7.10092e-05 0.00000e+00
38.160000 -7.25010e-05 2.42851e-04 0.00000e+00
38.170000 -7.09151e-05 4.89628e-04 0.00000e+00
38.180000 -7.05597e-05 7.63146e-04 0.00000e+00
38.190000 -7.50706e-05 9.69978e-04 0.00000e+00
38.200000 -6.73050e-05 9.89403e-04 0.00000e+00
38.210000 -3.36908e-05 8.75418e-04 0.00000e+00
38.220000 -8.12534e-06 7.79436e-04 0.00000e+00
38.230000 2.19680e-05 6.81509e-04 0.00000e+00
38.240000 1.26192e-05 5.93482e-04 0.00000e+00
38.250000 1.01156e-05 5.24175e-04 0.00000e+00
38.260000 4.06933e-05 4.56997e-04 0.00000e+00
38.270000 5.27469e-05 4.13457e-04 0.00000e+00
38.280000 6.16687e-05 4.31237e-04 0.00000e+00
38.290000 6.86438e-05 4.25681e-04 0.00000e+00
38.300000 7.31813e-05 4.00445e-04 0.00000e+00
38.310000 5.87258e-05 3.89054e-04 0.00000e+00
38.320000 4.70669e-05 3.26250e-04 0.00000e+00
38.330000 5.23985e-05 2.32456e-04 0.00000e+00
38.340000 4.93717e-05 1.33431e-04 0.00000e+00
38.350000 2.41191e-05 1.75892e-05 0.00000e+00
38.360000 4.40155e-06 -1.63848e-04 0.00000e+00
38.370000 -3.31113e-06 -3.27979e-04 0.00000e+00
38.380000 8.40816e-06 -2.86909e-04 0.00000e+00
38.390000 2.15655e-06 -1.31807e-04 0.00000e+00
38.400000 5.04300e-06 -8.52678e-06 0.00000e+00
38.410000 2.08710e-05 2.51616e-06 0.00000e+00
38.420000 3.71775e-05 -6.56661e-05 0.00000e+00
38.430000 4.52423e-05 -6.60749e-06 0.00000e+00
38.440000 4.59981e-05 5.02595e-05 0.00000e+00
38.450000 6.04257e-05 3.23973e-05 0.00000e+00
38.460000 5.78003e-05 4.51666e-05 0.00000e+00
38.470000 4.91711e-05 1.36283e-04 0.00000e+00
38.480000 3.46530e-05 2.17310e-04 0.00000e+00
38.490000 3.91251e-05 1.35007e-04 0.00000e+00
38.500000 3.24546e-05 4.50473e-05 0.00000e+00
38.510000 2.61476e-05 4.52104e-05 0.00000e+00
38.520000 2.54226e-05 -5.06533e-05 0.00000e+00
38.530000 3.19493e-05 -2.79650e-04 0.00000e+00
38.540000 5.73015e-05 -4.65953e-04 0.00000e+00
38.550000 6.90958e-05 -5.06441e-04 0.00000e+00
38.560000 4.27867e-05 -5.35367e-04 0.00000e+00
38.570000 2.16234e-05 -6.32427e-04 0.00000e+00
38.580000 9.66495e-06 -6.87175e-04 0.00000e+00
38.590000 9.71612e-06 -6.45011e-04 0.00000e+00
38.600000 3.22451e-07 -5.99461e-04 0.00000e+00
38.610000 -2.19081e-05 -6.70656e-04 0.00000e+00
38.620000 -1.05426e-05 -6.97479e-04 0.00000e+00
38.630000 -8.37114e-06 -6.26338e-04 0.00000e+00
38.640000 -6.33174e-06 -5.83455e-04 0.00000e+00
38.650000 -4.28614e-05 -6.26494e-04 0.00000e+00
38.660000 -6.79096e-05 -6.40800e-04 0.00000e+00
38.670000 -5.69742e-05 -6.01774e-04 0.00000e+00
38.680000 -6.05093e-05 -6.29100e-04 0.00000e+00
38.690000 -8.22450e-05 -6.76791e-04 0.00000e+00
38.700000 -7.76674e-05 -6.83587e-04 0.00000e+00
38.710000 -6.04286e-05 -5.77407e-04 0.00000e+00
38.720000 -6.00533e-05 -4.30219e-04 0.00000e+00
38.730000 -8.05886e-05 -4.43758e-04 0.00000e+00
38.740000 -8.71000e-05 -6.04155e-04 0.00000e+00
38.750000 -8.64076e-05 -7.07314e-04 0.00000e+00
38.760000 -8.59743e-05 -7.11827e-04 0.00000e+00
38.770000 -1.09374e-04 -7.29881e-04 0.00000e+00
38.780000 -1.13267e-04 -7.41737e-04 0.00000e+00
38.790000 -8.95677e-05 -6.39561e-04 0.00000e+00
38.800000 -9.38732e-05 -5.03206e-04 0.00000e+00
38.810000 -1.10586e-04 -3.90376e-04 0.00000e+00
38.820000 -1.27286e-04 -3.36796e-04 0.00000e+00
38.830000 -1.21744e-04 -3.58277e-04 0.00000e+00
38.840000 -1.41571e-04 -2.60975e-04 0.00000e+00
38.850000 -1.56037e-04 -1.08710e-04 0.00000e+00
38.860000 -1.59516e-04 -1.18931e-04 0.00000e+00
38.870000 -1.58240e-04 -8.83700e-05 0.00000e+00
38.880000 -1.62764e-04 1.32485e-04 0.00000e+00
38.890000 -1.79715e-04 3.53572e-04 0.00000e+00
38.900000 -1.87728e-04 4.71285e-04 0.00000e+00
38.910000 -1.73346e-04 5.35452e-04 0.00000e+00
38.920000 -1.39741e-04 6.24696e-04 0.00000e+00
38.930000 -1.29816e-04 7.48954e-04 0.00000e+00
38.940000 -1.12045e-04 7.53186e-04 0.00000e+00
38.950000 -8.12181e-05 6.88635e-04 0.00000e+00
38.960000 -7.95978e-05 8.25617e-04 0.00000e+00
38.970000 -7.97509e-05 1.03162e-03 0.00000e+00
38.980000 -6.47949e-05 1.08395e-03 0.00000e+00
38.990000 -5.28988e-05 1.03682e-03 0.00000e+00
39.000000 -4.52546e-05 1.05287e-03 0.00000e+00
39.010000 -3.29497e-05 1.06940e-03 0.00000e+00
39.020000 -4.06168e-05 9.61401e-04 0.00000e+00
39.030000 -3.34377e-05 8.36741e-04 0.00000e+00
39.040000 4.53888e-06 7.32518e-04 0.00000e+00
39.050000 4.94843e-06 5.98896e-04 0.00000e+00
39.060000 -4.03451e-06 3.98795e-04 0.00000e+00
39.070000 -7.58908e-06 1.49869e-04 0.00000e+00
39.080000 -1.14664e-05 -3.69565e-05 0.00000e+00
39.090000 -6.74480e-06 -9.69338e-05 0.00000e+00
39.100000 -7.40605e-06 -1.32874e-04 0.00000e+00
39.110000 -1.59314e-05 -1.66196e-04 0.00000e+00
39.120000 1.05994e-05 -1.05628e-04 0.00000e+00
39.130000 2.81858e-05 -9.45762e-05 0.00000e+00
39.140000 9.30598e-06 -1.77251e-04 0.00000e+00
39.150000 -9.31303e-06 -1.94195e-04 0.00000e+00
39.160000 -8.55558e-06 -1.25091e-04 0.00000e+00
39.170000 -6.43407e-06 -6.62569e-05 0.00000e+00
39.180000 -2.44740e-05 -1.59302e-05 0.00000e+00
39.190000 -3.98814e-05 -4.60036e-06 0.00000e+00
39.200000 -3.69553e-05 2.87248e-05 0.00000e+00
39.210000 -4.12907e-05 2.58447e-04 0.00000e+00
39.220000 -3.93414e-05 4.55058e-04 0.00000e+00
39.230000 -3.52173e-05 4.96235e-04 0.00000e+00
39.240000 -2.53958e-05 5.38908e-04 0.00000e+00
39.250000 -7.40562e-06 5.47750e-04 0.00000e+00
39.260000 5.23054e-06 5.58408e-04 0.00000e+00
39.270000 1.56526e-05 5.67677e-04 0.00000e+00
39.280000 2.66065e-05 5.01051e-04 0.00000e+00
39.290000 3.01396e-05 5.39950e-04 0.00000e+00
39.300000 2.65875e-05 6.98826e-04 0.00000e+00
39.310000 4.67023e-05 7.80410e-04 0.00000e+00
39.320000 6.42848e-05 7.45332e-04 0.00000e+00
39.330000 7.45491e-05 7.43621e-04 0.00000e+00
39.340000 7.05128e-05 7.72254e-04 0.00000e+00
39.350000 8.25710e-05 6.82481e-04 0.00000e+00
39.360000 8.80464e-05 5.39217e-04 0.00000e+00
39.370000 1.08471e-04 4.46197e-04 0.00000e+00
39.380000 1.00260e-04 3.03263e-04 0.00000e+00
39.390000 7.40148e-05 1.05663e-04 0.00000e+00
39.400000 7.43543e-05 -7.11785e-05 0.00000e+00
39.410000 7.09610e-05 -2.41148e-04 0.00000e+00
39.420000 5.86271e-05 -3.67161e-04 0.00000e+00
39.430000 6.82436e-05 -4.90089e-04 0.00000e+00
39.440000 5.98216e-05 -6.17056e-04 0.00000e+00
39.450000 7.23752e-05 -6.91788e-04 0.00000e+00
39.460000 8.72105e-05 -7.74266e-04 0.00000e+00
39.470000 8.15972e-05 -9.20259e-04 0.00000e+00
39.480000 7.21877e-05 -1.01841e-03 0.00000e+00
39.490000 5.52831e-05 -9.97746e-04 0.00000e+00
39.500000 4.97630e-05 -9.68615e-04 0.00000e+00
39.510000 1.91491e-05 -9.40932e-04 0.00000e+00
39.520000 5.33121e-06 -8.63160e-04 0.00000e+00
39.530000 -9.40777e-07 -7.42491e-04 0.00000e+00
39.540000 -2.18372e-05 -5.54241e-04 0.00000e+00
39.550000 -4.81827e-05 -3.75910e-04 0.00000e+00
39.560000 -4.73290e-05 -2.82095e-04 0.00000e+00
39.570000 -5.40668e-05 -1.80477e-04 0.00000e+00
39.580000 -5.54985e-05 -6.41874e-05 0.00000e+00
39.590000 -5.54951e-05 -8.87710e-06 0.00000e+00
39.600000 -5.70798e-05 8.81443e-05 0.00000e+00
39.610000 -4.47886e-05 1.36253e-04 0.00000e+00
39.620000 -3.86837e-05 1.77285e-04 0.00000e+00
39.630000 -4.11011e-05 3.84502e-04 0.00000e+00
39.640000 -2.93702e-05 5.84351e-04 0.00000e+00
39.650000 -6.53213e-06 7.21627e-04 0.00000e+00
39.660000 1.46685e-05 8.04084e-04 0.00000e+00
39.670000 2.28522e-05 9.18824e-04 0.00000e+00
39.680000 4.99953e-05 9.74312e-04 0.00000e+00
39.690000 5.23639e-05 9.18456e-04 0.00000e+00
39.700000 6.75228e-05 9.07380e-04 0.00000e+00
39.710000 6.85064e-05 8.66663e-04 0.00000e+00
39.720000 7.01555e-05 7.66432e-04 0.00000e+00
39.730000 6.88208e-05 6.90273e-04 0.00000e+00
39.740000 5.94086e-05 5.58871e-04 0.00000e+00
39.750000 5.11385e-05 3.52819e-04 0.00000e+00
39.760000 5.05051e-05 1.41070e-04 0.00000e+00
39.770000 5.51285e-05 -9.13749e-05 0.00000e+00
39.780000 4.58738e-05 -2.36872e-04 0.00000e+00
39.790000 8.01526e-05 -3.66256e-04 0.00000e+00
39.800000 8.73546e-05 -5.88192e-04 0.00000e+00
39.810000 7.73783e-05 -8.00685e-04 0.00000e+00
39.820000 7.24279e-05 -9.40317e-04 0.00000e+00
39.830000 6.24039e-05 -1.01466e-03 0.00000e+00
39.840000 6.24160e-05 -1.08544e-03 0.00000e+00
39.850000 2.81620e-05 -1.11167e-03 0.00000e+00
39.860000 2.33840e-05 -1.09744e-03 0.00000e+00
39.870000 1.35776e-05 -1.06604e-03 0.00000e+00
39.880000 -2.75006e-06 -1.06756e-03 0.00000e+00
39.890000 -2.14290e-05 -1.11553e-03 0.00000e+00
39.900000 -5.29521e-05 -1.18683e-03 0.00000e+00
39.910000 -8.78742e-05 -1.30936e-03 0.00000e+00
39.920000 -9.30969e-05 -1.44192e-03 0.00000e+00
39.930000 -1.04530e-04 -1.57095e-03 0.00000e+00
39.940000 -1.04263e-04 -1.66159e-03 0.00000e+00
39.950000 -1.07056e-04 -1.74160e-03 0.00000e+00
39.960000 -1.36835e-04 -1.61312e-03 0.00000e+00
39.970000 -1.42640e-04 -1.36858e-03 0.00000e+00
39.980000 -1.44049e-04 -1.21994e-03 0.00000e+00
39.990000 -1.44708e-04 -1.02898e-03 0.00000e+00
40.000000 -1.45270e-04 -7.85041e-04 0.00000e+00
40.010000 -1.52684e-04 -4.84873e-04 0.00000e+00
40.020000 -1.56935e-04 -2.40721e-04 0.00000e+00
40.030000 -1.68020e-04 -3.16786e-05 0.00000e+00
40.040000 -1.87692e-04 2.47175e-04 0.00000e+00
40.050000 -2.15729e-04 5.20437e-04 0.00000e+00
40.060000 -2.19582e-04 7.50659e-04 0.00000e+00
40.070000 -2.34931e-04 8.89451e-04 0.00000e+00
40.080000 -2.23545e-04 9.38971e-04 0.00000e+00
40.090000 -2.15874e-04 9.97163e-04 0.00000e+00
40.100000 -1.94805e-04 1.08590e-03 0.00000e+00
40.110000 -1.63813e-04 1.20776e-03 0.00000e+00
40.120000 -1.23267e-04 1.34980e-03 0.00000e+00
40.130000 -7.70214e-05 1.37094e-03 0.00000e+00
40.140000 -7.65549e-05 1.31823e-03 0.00000e+00
40.150000 -4.19440e-05 1.31129e-03 0.00000e+00
40.160000 -1.78701e-05 1.30502e-03 0.00000e+00
40.170000 5.15010e-07 1.26316e-03 0.00000e+00
40.180000 8.22867e-06 1.16443e-03 0.00000e+00
40.190000 8.95538e-06 1.04521e-03 0.00000e+00
40.200000 1.61514e-05 9.66997e-04 0.00000e+00
40.210000 2.19614e-05 7.96208e-04 0.00000e+00
40.220000 1.56675e-05 4.64781e-04 0.00000e+00
40.230000 4.10994e-06 1.30342e-04 0.00000e+00
40.240000 -5.52142e-06 -1.94007e-04 0.00000e+00
40.250000 -7.03345e-06 -4.98979e-04 0.00000e+00
40.260000 -1.16249e-05 -8.16530e-04 0.00000e+00
40.270000 -9.15796e-06 -1.11239e-03 0.00000e+00
40.280000 -1.59986e-05 -1.29883e-03 0.00000e+00
40.290000 -3.43385e-05 -1.40078e-03 0.00000e+00
40.300000 -5.56027e-05 -1.37868e-03 0.00000e+00
40.310000 -6.49778e-05 -1.36574e-03 0.00000e+00
40.320000 -7.36910e-05 -1.28498e-03 0.00000e+00
40.330000 -9.04459e-05 -1.10315e-03 0.00000e+00
40.340000 -1.05823e-04 -9.32455e-04 0.00000e+00
40.350000 -1.15331e-04 -7.56295e-04 0.00000e+00
40.360000 -1.18976e-04 -6.50919e-04 0.00000e+00
40.370000 -1.30541e-04 -6.09493e-04 0.00000e+00
40.380000 -1.71253e-04 -4.97731e-04 0.00000e+00
40.390000 -1.76242e-04 -3.52226e-04 0.00000e+00
40.400000 -1.78344e-04 -2.63123e-04 0.00000e+00
40.410000 -1.79734e-04 -1.80726e-04 0.00000e+00
40.420000 -1.83578e-04 -1.47526e-04 0.00000e+00
40.430000 -1.84960e-04 -1.05306e-04 0.00000e+00
40.440000 -1.56115e-04 5.36731e-05 0.00000e+00
40.450000 -1.42751e-04 1.89922e-04 0.00000e+00
40.460000 -1.20503e-04 2.46868e-04 0.00000e+00
40.470000 -9.95389e-05 3.06928e-04 0.00000e+00
40.480000 -8.71591e-05 4.00857e-04 0.00000e+00
40.490000 -7.50532e-05 5.83317e-04 0.00000e+00
40.500000 -9.09948e-05 7.00850e-04 0.00000e+00
40.510000 -9.07415e-05 7.49656e-04 0.00000e+00
40.520000 -1.05719e-04 8.73825e-04 0.00000e+00
40.530000 -1.17611e-04 1.02112e-03 0.00000e+00
40.540000 -1.13766e-04 1.11605e-03 0.00000e+00
40.550000 -8.70024e-05 1.05875e-03 0.00000e+00
40.560000 -9.72929e-05 9.51604e-04 0.00000e+00
40.570000 -9.27148e-05 8.81438e-04 0.00000e+00
40.580000 -9.34380e-05 7.72538e-04 0.00000e+00
40.590000 -9.04240e-05 6.21268e-04 0.00000e+00
40.600000 -5.40345e-05 4.49296e-04 0.00000e+00
40.610000 -3.73124e-05 3.29600e-04 0.00000e+00
40.620000 -4.16691e-05 2.63440e-04 0.00000e+00
40.630000 -1.11805e-05 2.57067e-04 0.00000e+00
40.640000 7.28609e-06 3.13060e-04 0.00000e+00
40.650000 2.38910e-05 3.70005e-04 0.00000e+00
40.660000 3.22222e-05 4.05006e-04 0.00000e+00
40.670000 1.25313e-05 3.48198e-04 0.00000e+00
40.680000 3.28361e-05 2.20178e-04 0.00000e+00
40.690000 2.91510e-05 4.85117e-05 0.00000e+00
40.700000 8.40732e-06 -1.46086e-04 0.00000e+00
40.710000 -1.33818e-05 -2.79608e-04 0.00000e+00
40.720000 -3.14028e-05 -3.27284e-04 0.00000e+00
40.730000 -4.25211e-05 -3.88828e-04 0.00000e+00
40.740000 -5.61923e-05 -4.78608e-04 0.00000e+00
40.750000 -6.39313e-05 -5.60144e-04 0.00000e+00
40.760000 -6.57975e-05 -6.64307e-04 0.00000e+00
40.770000 -6.16588e-05 -6.50379e-04 0.00000e+00
40.780000 -5.77924e-05 -5.94836e-04 0.00000e+00
40.790000 -4.21345e-05 -6.30531e-04 0.00000e+00
40.800000 -3.65150e-05 -5.89390e-04 0.00000e+00
40.810000 -4.50305e-05 -4.14547e-04 0.00000e+00
40.820000 -5.55413e-05 -1.93980e-04 0.00000e+00
40.830000 -7.19554e-05 5.92243e-06 0.00000e+00
40.840000 -8.14143e-05 9.90328e-05 0.00000e+00
40.850000 -8.66247e-05 2.57040e-04 0.00000e+00
40.860000 -7.95354e-05 4.88138e-04 0.00000e+00
40.870000 -6.47835e-05 5.94729e-04 0.00000e+00
40.880000 -6.01198e-05 6.22419e-04 0.00000e+00
40.890000 -5.75973e-05 5.79781e-04 0.00000e+00
40.900000 -5.02254e-05 5.28896e-04 0.00000e+00
40.910000 -4.73761e-05 4.78926e-04 0.00000e+00
40.920000 -4.71016e-05 3.94143e-04 0.00000e+00
40.930000 -3.86298e-05 3.16999e-04 0.00000e+00
40.940000 -2.59537e-05 2.68574e-04 0.00000e+00
40.950000 -2.62792e-05 2.76607e-04 0.00000e+00
40.960000 -2.39998e-06 3.97336e-04 0.00000e+00
40.970000 1.64772e-05 5.15016e-04 0.00000e+00
40.980000 3.37332e-05 5.44713e-04 0.00000e+00
40.990000 2.95403e-05 5.59978e-04 0.00000e+00
41.000000 2.29220e-05 5.34516e-04 0.00000e+00
41.010000 2.40224e-05 4.85522e-04 0.00000e+00
41.020000 3.33114e-05 3.98194e-04 0.00000e+00
41.030000 1.47764e-05 3.41461e-04 0.00000e+00
41.040000 3.02541e-06 3.98253e-04 0.00000e+00
41.050000 -6.67408e-06 4.30925e-04 0.00000e+00
41.060000 -1.43815e-05 3.87284e-04 0.00000e+00
41.070000 -2.06985e-06 3.43569e-04 0.00000e+00
41.080000 -3.32476e-06 2.41242e-04 0.00000e+00
41.090000 6.99298e-06 1.10033e-04 0.00000e+00
41.100000 2.18706e-05 3.37528e-05 0.00000e+00
41.110000 4.22170e-05 -3.26480e-05 0.00000e+00
41.120000 6.22332e-05 -1.10872e-04 0.00000e+00
41.130000 6.94867e-05 -1.60237e-04 0.00000e+00
41.140000 5.09665e-05 -1.85635e-04 0.00000e+00
41.150000 6.07615e-05 -1.17091e-04 0.00000e+00
41.160000 5.80851e-05 -1.17743e-05 0.00000e+00
41.170000 5.17948e-05 -4.95294e-06 0.00000e+00
41.180000 4.73140e-05 -3.02075e-05 0.00000e+00
41.190000 3.83359e-05 -8.18641e-06 0.00000e+00
41.200000 5.18937e-05 6.92903e-06 0.00000e+00
41.210000 4.02038e-05 -9.34811e-05 0.00000e+00
41.220000 1.54351e-05 -2.03188e-04 0.00000e+00
41.230000 4.89834e-06 -2.36489e-04 0.00000e+00
41.240000 -2.99279e-06 -1.66295e-04 0.00000e+00
41.250000 -1.58751e-05 -1.36498e-04 0.00000e+00
41.260000 3.00376e-06 -1.57378e-04 0.00000e+00
41.270000 2.68771e-08 -5.48717e-05 0.00000e+00
41.280000 1.21193e-06 1.21357e-04 0.00000e+00
41.290000 1.00742e-05 2.98316e-04 0.00000e+00
41.300000 1.48283e-05 4.34939e-04 0.00000e+00
41.310000 3.01803e-05 4.84628e-04 0.00000e+00
41.320000 6.06445e-05 5.05137e-04 0.00000e+00
41.330000 4.43917e-05 5.38631e-04 0.00000e+00
41.340000 3.99451e-05 5.62757e-04 0.00000e+00
41.350000 4.21218e-05 5.92375e-04 0.00000e+00
41.360000 5.71341e-05 5.89217e-04 0.00000e+00
41.370000 5.78588e-05 6.71289e-04 0.00000e+00
41.380000 5.80214e-05 7.60652e-04 0.00000e+00
41.390000 8.90139e-05 6.31634e-04 0.00000e+00
41.400000 1.03797e-04 4.52599e-04 0.00000e+00
41.410000 1.03287e-04 3.29719e-04 0.00000e+00
41.420000 8.61741e-05 1.42277e-04 0.00000e+00
41.430000 1.07838e-04 2.95652e-05 0.00000e+00
41.440000 1.16811e-04 -2.16090e-05 0.00000e+00
41.450000 1.02349e-04 -1.64397e-04 0.00000e+00
41.460000 8.78231e-05 -3.14815e-04 0.00000e+00
41.470000 7.94885e-05 -4.72304e-04 0.00000e+00
41.480000 7.39043e-05 -6.03615e-04 0.00000e+00
41.490000 6.51833e-05 -6.72079e-04 0.00000e+00
41.500000 6.99002e-05 -8.14329e-04 0.00000e+00
41.510000 7.06058e-05 -1.01067e-03 0.00000e+00
41.520000 6.27078e-05 -1.13359e-03 0.00000e+00
41.530000 5.22474e-05 -1.17763e-03 0.00000e+00
41.540000 4.85020e-05 -1.19457e-03 0.00000e+00
41.550000 6.61461e-06 -1.22780e-03 0.00000e+00
41.560000 -1.76167e-05 -1.18323e-03 0.00000e+00
41.570000 -1.20419e-05 -1.08492e-03 0.00000e+00
41.580000 -2.44007e-05 -1.03717e-03 0.00000e+00
41.590000 -3.95303e-05 -1.04841e-03 0.00000e+00
41.600000 -3.41467e-05 -9.25702e-04 0.00000e+00
41.610000 -6.30340e-05 -6.38274e-04 0.00000e+00
41.620000 -8.18724e-05 -4.95985e-04 0.00000e+00
41.630000 -9.26305e-05 -4.87824e-04 0.00000e+00
41.640000 -9.86634e-05 -4.31661e-04 0.00000e+00
41.650000 -9.92531e-05 -3.41761e-04 0.00000e+00
41.660000 -1.04232e-04 -2.35735e-04 0.00000e+00
41.670000 -9.49772e-05 -3.17396e-05 0.00000e+00
41.680000 -8.01263e-05 1.58785e-04 0.00000e+00
41.690000 -7.01639e-05 2.53466e-04 0.00000e+00
41.700000 -6.45801e-05 3.61199e-04 0.00000e+00
41.710000 -6.27655e-05 5.01368e-04 0.00000e+00
41.720000 -6.12975e-05 5.40132e-04 0.00000e+00
41.730000 -5.96337e-05 4.26862e-04 0.00000e+00
41.740000 -5.40310e-05 4.14510e-04 0.00000e+00
41.750000 -4.42230e-05 4.39894e-04 0.00000e+00
41.760000 -2.74903e-05 3.33031e-04 0.00000e+00
41.770000 -9.51496e-06 2.96411e-04 0.00000e+00
41.780000 -2.55817e-05 2.59185e-04 0.00000e+00
41.790000 -5.52741e-05 4.91483e-05 0.00000e+00
41.800000 -4.03518e-05 -1.91677e-04 0.00000e+00
41.810000 -2.97119e-05 -4.05272e-04 0.00000e+00
41.820000 -2.87389e-05 -6.32739e-04 0.00000e+00
41.830000 -2.38496e-05 -8.74998e-04 0.00000e+00
41.840000 -3.08614e-05 -1.07978e-03 0.00000e+00
41.850000 -6.68940e-05 -1.17187e-03 0.00000e+00
41.860000 -6.52699e-05 -1.19739e-03 0.00000e+00
41.870000 -7.08258e-05 -1.22079e-03 0.00000e+00
41.880000 -8.96960e-05 -1.24089e-03 0.00000e+00
41.890000 -1.16188e-04 -1.32835e-03 0.00000e+00
41.900000 -1.36120e-04 -1.41477e-03 0.00000e+00
41.910000 -1.32542e-04 -1.34780e-03 0.00000e+00
41.920000 -1.66190e-04 -1.18443e-03 0.00000e+00
41.930000 -1.78219e-04 -9.72895e-04 0.00000e+00
41.940000 -1.79631e-04 -7.00634e-04 0.00000e+00
41.950000 -2.13937e-04 -5.06221e-04 0.00000e+00
41.960000 -2.42350e-04 -5.14258e-04 0.00000e+00
41.970000 -2.37437e-04 -4.23626e-04 0.00000e+00
41.980000 -2.42364e-04 -1.23058e-04 0.00000e+00
41.990000 -2.39126e-04 1.89750e-04 0.00000e+00
42.000000 -2.23658e-04 5.51516e-04 0.00000e+00
42.010000 -2.02014e-04 8.82691e-04 0.00000e+00
42.020000 -1.78997e-04 1.01523e-03 0.00000e+00
42.030000 -1.72096e-04 1.18962e-03 0.00000e+00
42.040000 -1.62818e-04 1.49491e-03 0.00000e+00
42.050000 -1.52316e-04 1.78399e-03 0.00000e+00
42.060000 -1.40538e-04 2.02106e-03 0.00000e+00
42.070000 -8.62061e-05 2.12287e-03 0.00000e+00
42.080000 -5.02386e-05 2.22377e-03 0.00000e+00
42.090000 -4.19122e-05 2.28498e-03 0.00000e+00
42.100000 -3.04341e-05 2.25038e-03 0.00000e+00
42.110000 -2.20977e-05 2.23056e-03 0.00000e+00
42.120000 -1.75103e-05 2.10856e-03 0.00000e+00
42.130000 4.99714e-06 1.86986e-03 0.00000e+00
42.140000 6.45416e-05 1.71165e-03 0.00000e+00
42.150000 8.42497e-05 1.54116e-03 0.00000e+00
42.160000 1.00959e-04 1.25908e-03 0.00000e+00
42.170000 1.11197e-04 9.86029e-04 0.00000e+00
42.180000 1.01489e-04 7.27122e-04 0.00000e+00
42.190000 1.14697e-04 4.90190e-04 0.00000e+00
42.200000 1.53012e-04 2.09384e-04 0.00000e+00
42.210000 1.51017e-04 -1.25815e-04 0.00000e+00
42.220000 1.51656e-04 -4.57717e-04 0.00000e+00
42.230000 1.21059e-04 -8.16619e-04 0.00000e+00
42.240000 9.56560e-05 -1.01025e-03 0.00000e+00
42.250000 9.50297e-05 -1.08164e-03 0.00000e+00
42.260000 7.77515e-05 -1.30670e-03 0.00000e+00
42.270000 6.05604e-05 -1.58098e-03 0.00000e+00
42.280000 4.45340e-05 -1.76716e-03 0.00000e+00
42.290000 2.76262e-05 -1.90580e-03 0.00000e+00
42.300000 1.35626e-05 -1.99761e-03 0.00000e+00
42.310000 -6.66881e-06 -1.88442e-03 0.00000e+00
42.320000 -5.28724e-05 -1.69809e-03 0.00000e+00
42.330000 -7.29701e-05 -1.57211e-03 0.00000e+00
42.340000 -8.98808e-05 -1.38826e-03 0.00000e+00
42.350000 -1.06551e-04 -1.25929e-03 0.00000e+00
42.360000 -1.16563e-04 -1.15082e-03 0.00000e+00
42.370000 -1.35421e-04 -8.37262e-04 0.00000e+00
42.380000 -1.38598e-04 -4.76762e-04 0.00000e+00
42.390000 -1.45247e-04 -1.76020e-04 0.00000e+00
42.400000 -1.44269e-04 4.96807e-05 0.00000e+00
42.410000 -1.28828e-04 1.52119e-04 0.00000e+00
42.420000 -1.46221e-04 3.13987e-04 0.00000e+00
42.430000 -1.42349e-04 5.38142e-04 0.00000e+00
42.440000 -1.09753e-04 6.97594e-04 0.00000e+00
42.450000 -8.21323e-05 8.41998e-04 0.00000e+00
42.460000 -6.82745e-05 1.06222e-03 0.00000e+00
42.470000 -5.33067e-05 1.31526e-03 0.00000e+00
42.480000 -3.04619e-05 1.49564e-03 0.00000e+00
42.490000 -3.00774e-05 1.46037e-03 0.00000e+00
42.500000 -1.30643e-05 1.36677e-03 0.00000e+00
42.510000 -1.47917e-06 1.35452e-03 0.00000e+00
42.520000 -2.97106e-06 1.30446e-03 0.00000e+00
42.530000 1.94321e-05 1.22553e-03 0.00000e+00
42.540000 4.37800e-05 1.18891e-03 0.00000e+00
42.550000 3.90143e-05 1.18166e-03 0.00000e+00
42.560000 4.48601e-05 1.08266e-03 0.00000e+00
42.570000 3.87406e-05 9.21122e-04 0.00000e+00
42.580000 5.06052e-05 8.16003e-04 0.00000e+00
42.590000 7.17702e-05 6.69281e-04 0.00000e+00
42.600000 8.56448e-05 5.14085e-04 0.00000e+00
42.610000 8.76355e-05 5.36296e-04 0.00000e+00
42.620000 1.13682e-04 6.23803e-04 0.00000e+00
42.630000 1.22134e-04 5.97608e-04 0.00000e+00
42.640000 1.05596e-04 4.67458e-04 0.00000e+00
42.650000 8.24094e-05 3.48425e-04 0.00000e+00
42.660000 7.44435e-05 2.46695e-04 0.00000e+00
42.670000 1.00295e-04 1.91740e-04 0.00000e+00
42.680000 1.03447e-04 1.89581e-04 0.00000e+00
42.690000 1.05807e-04 8.35063e-05 0.00000e+00
42.700000 1.16432e-04 -8.39959e-05 0.00000e+00
42.710000 1.28805e-04 -2.07447e-04 0.00000e+00
42.720000 1.03592e-04 -3.56448e-04 0.00000e+00
42.730000 8.62230e-05 -5.07329e-04 0.00000e+00
42.740000 9.65654e-05 -6.51605e-04 0.00000e+00
42.750000 1.04055e-04 -8.25139e-04 0.00000e+00
42.760000 1.08111e-04 -9.81847e-04 0.00000e+00
42.770000 1.13669e-04 -1.13580e-03 0.00000e+00
42.780000 1.00022e-04 -1.26058e-03 0.00000e+00
42.790000 5.97360e-05 -1.24424e-03 0.00000e+00
42.800000 2.88885e-05 -1.16276e-03 0.00000e+00
42.810000 1.60749e-05 -1.20462e-03 0.00000e+00
42.820000 2.00491e-05 -1.36285e-03 0.00000e+00
42.830000 1.68399e-05 -1.52423e-03 0.00000e+00
42.840000 2.56212e-06 -1.52370e-03 0.00000e+00
42.850000 -3.32614e-05 -1.47625e-03 0.00000e+00
42.860000 -7.21893e-05 -1.48182e-03 0.00000e+00
42.870000 -9.01553e-05 -1.40143e-03 0.00000e+00
42.880000 -9.40554e-05 -1.24087e-03 0.00000e+00
42.890000 -9.79025e-05 -1.11963e-03 0.00000e+00
42.900000 -1.06430e-04 -1.02831e-03 0.00000e+00
42.910000 -1.26070e-04 -8.60309e-04 0.00000e+00
42.920000 -1.42949e-04 -6.17402e-04 0.00000e+00
42.930000 -1.44305e-04 -3.25794e-04 0.00000e+00
42.940000 -1.30943e-04 1.76253e-06 0.00000e+00
42.950000 -1.08653e-04 2.92934e-04 0.00000e+00
42.960000 -1.05606e-04 4.60602e-04 0.00000e+00
42.970000 -1.22267e-04 5.35105e-04 0.00000e+00
42.980000 -1.32855e-04 6.38228e-04 0.00000e+00
42.990000 -1.27965e-04 8.39308e-04 0.00000e+00
43.000000 -1.13194e-04 1.06613e-03 0.00000e+00
43.010000 -9.37184e-05 1.25100e-03 0.00000e+00
43.020000 -9.31053e-05 1.29530e-03 0.00000e+00
43.030000 -6.47086e-05 1.12397e-03 0.00000e+00
43.040000 -4.06875e-05 9.06602e-04 0.00000e+00
43.050000 -2.35670e-05 8.25322e-04 0.00000e+00
43.060000 -6.10733e-06 8.13610e-04 0.00000e+00
43.070000 8.80821e-06 7.76733e-04 0.00000e+00
43.080000 1.36351e-05 6.81755e-04 0.00000e+00
43.090000 3.01123e-05 5.02147e-04 0.00000e+00
43.100000 3.49868e-05 3.05265e-04 0.00000e+00
43.110000 3.23699e-05 1.77934e-04 0.00000e+00
43.120000 2.25920e-05 1.26160e-04 0.00000e+00
43.130000 1.82747e-05 1.43907e-05 0.00000e+00
43.140000 1.00201e-05 -2.86452e-04 0.00000e+00
43.150000 1.35195e-05 -6.39105e-04 0.00000e+00
43.160000 2.47930e-06 -9.24690e-04 0.00000e+00
43.170000 -1.69359e-05 -1.16087e-03 0.00000e+00
43.180000 -4.11460e-05 -1.33299e-03 0.00000e+00
43.190000 -7.46302e-05 -1.43788e-03 0.00000e+00
43.200000 -8.87744e-05 -1.38462e-03 0.00000e+00
43.210000 -6.86038e-05 -1.22809e-03 0.00000e+00
43.220000 -5.59281e-05 -1.09004e-03 0.00000e+00
43.230000 -7.12364e-05 -9.34635e-04 0.00000e+00
43.240000 -8.65004e-05 -8.14154e-04 0.00000e+00
43.250000 -1.07739e-04 -7.56480e-04 0.00000e+00
43.260000 -1.29072e-04 -6.17091e-04 0.00000e+00
43.270000 -1.39130e-04 -4.20407e-04 0.00000e+00
43.280000 -1.49321e-04 -2.68913e-04 0.00000e+00
43.290000 -1.69375e-04 -9.54278e-05 0.00000e+00
43.300000 -1.94075e-04 7.59173e-05 0.00000e+00
43.310000 -1.96162e-04 1.80279e-04 0.00000e+00
43.320000 -1.67850e-04 3.22427e-04 0.00000e+00
43.330000 -1.53376e-04 4.88650e-04 0.00000e+00
43.340000 -1.26157e-04 5.87692e-04 0.00000e+00
43.350000 -9.22966e-05 6.13371e-04 0.00000e+00
43.360000 -5.38895e-05 5.50301e-04 0.00000e+00
43.370000 -4.10009e-05 5.08166e-04 0.00000e+00
43.380000 -5.41339e-05 6.06729e-04 0.00000e+00
43.390000 -5.74563e-05 8.12233e-04 0.00000e+00
43.400000 -6.35920e-05 9.63876e-04 0.00000e+00
43.410000 -7.34414e-05 1.04972e-03 0.00000e+00
43.420000 -5.54707e-05 1.13194e-03 0.00000e+00
43.430000 -3.23357e-05 1.15993e-03 0.00000e+00
43.440000 -3.41217e-05 1.12859e-03 0.00000e+00
43.450000 -2.56149e-05 1.02304e-03 0.00000e+00
43.460000 -1.67710e-05 8.64709e-04 0.00000e+00
43.470000 -3.10618e-05 6.67256e-04 0.00000e+00
43.480000 -2.72936e-05 4.32467e-04 0.00000e+00
43.490000 -9.69310e-06 3.64866e-04 0.00000e+00
43.500000 -1.17543e-05 3.81064e-04 0.00000e+00
43.510000 -6.42733e-06 3.63296e-04 0.00000e+00
43.520000 -3.51717e-06 4.26638e-04 0.00000e+00
43.530000 1.64107e-05 5.50950e-04 0.00000e+00
43.540000 4.02422e-05 5.95941e-04 0.00000e+00
43.550000 5.43916e-05 4.13134e-04 0.00000e+00
43.560000 6.56585e-05 1.71204e-04 0.00000e+00
43.570000 6.29803e-05 -2.29329e-05 0.00000e+00
43.580000 6.50101e-05 -1.86060e-04 0.00000e+00
43.590000 5.47176e-05 -2.31627e-04 0.00000e+00
43.600000 3.26785e-05 -2.13871e-04 0.00000e+00
43.610000 1.54194e-05 -2.83873e-04 0.00000e+00
43.620000 7.74892e-06 -3.92198e-04 0.00000e+00
43.630000 2.11806e-05 -3.75964e-04 0.00000e+00
43.640000 1.78700e-05 -3.81639e-04 0.00000e+00
43.650000 1.96470e-05 -4.67199e-04 0.00000e+00
43.660000 3.74683e-05 -4.91147e-04 0.00000e+00
43.670000 8.76212e-06 -5.18889e-04 0.00000e+00
43.680000 7.30284e-07 -5.87881e-04 0.00000e+00
43.690000 -1.53636e-05 -6.37416e-04 0.00000e+00
43.700000 -4.05421e-05 -5.96230e-04 0.00000e+00
43.710000 -7.11522e-05 -4.77258e-04 0.00000e+00
43.720000 -7.66450e-05 -3.80544e-04 0.00000e+00
43.730000 -4.69237e-05 -2.66614e-04 0.00000e+00
43.740000 -3.36107e-05 -1.45237e-04 0.00000e+00
43.750000 -1.21406e-05 1.66444e-05 0.00000e+00
43.760000 -1.72828e-05 2.39285e-04 0.00000e+00
43.770000 -2.90737e-05 3.52774e-04 0.00000e+00
43.780000 -2.89520e-05 3.12894e-04 0.00000e+00
43.790000 -1.05027e-05 2.90835e-04 0.00000e+00
43.800000 3.54101e-06 4.24056e-04 0.00000e+00
43.810000 -1.90694e-05 5.51047e-04 0.00000e+00
43.820000 -2.11547e-05 5.98898e-04 0.00000e+00
43.830000 -1.75531e-05 7.01207e-04 0.00000e+00
43.840000 -1.37792e-05 6.85474e-04 0.00000e+00
43.850000 -6.47166e-06 5.90641e-04 0.00000e+00
43.860000 1.20189e-05 5.47757e-04 0.00000e+00
43.870000 2.46302e-05 4.22950e-04 0.00000e+00
43.880000 2.57656e-05 2.23192e-04 0.00000e+00
43.890000 3.56758e-05 2.37778e-06 0.00000e+00
43.900000 5.92014e-05 5.60828e-06 0.00000e+00
43.910000 6.67586e-05 1.57405e-04 0.00000e+00
43.920000 8.24752e-05 2.81571e-04 0.00000e+00
43.930000 6.60485e-05 3.49585e-04 0.00000e+00
43.940000 3.80035e-05 2.97064e-04 0.00000e+00
43.950000 3.12457e-05 2.36695e-04 0.00000e+00
43.960000 5.47728e-05 2.67671e-04 0.00000e+00
43.970000 4.93453e-05 3.48424e-04 0.00000e+00
43.980000 2.61518e-05 3.24198e-04 0.00000e+00
43.990000 2.14318e-05 2.61422e-04 0.00000e+00
44.000000 1.93655e-05 2.50820e-04 0.00000e+00
44.010000 1.05765e-05 2.33069e-04 0.00000e+00
44.020000 3.50297e-05 1.70138e-04 0.00000e+00
44.030000 3.60957e-05 1.44829e-04 0.00000e+00
44.040000 4.44249e-05 1.79879e-04 0.00000e+00
44.050000 6.01813e-05 1.94075e-04 0.00000e+00
44.060000 8.08886e-05 2.35213e-04 0.00000e+00
44.070000 1.23025e-04 3.80350e-04 0.00000e+00
44.080000 1.05371e-04 5.76240e-04 0.00000e+00
44.090000 1.01860e-04 7.54390e-04 0.00000e+00
44.100000 8.99279e-05 8.20883e-04 0.00000e+00
44.110000 9.40556e-05 7.35329e-04 0.00000e+00
44.120000 1.01660e-04 6.62775e-04 0.00000e+00
44.130000 1.10722e-04 7.74557e-04 0.00000e+00
44.140000 1.05836e-04 8.34658e-04 0.00000e+00
44.150000 1.09266e-04 6.90182e-04 0.00000e+00
44.160000 1.12438e-04 5.21253e-04 0.00000e+00
44.170000 1.10050e-04 3.53693e-04 0.00000e+00
44.180000 1.07069e-04 1.73120e-04 0.00000e+00
44.190000 1.10216e-04 9.73279e-05 0.00000e+00
44.200000 1.34339e-04 1.45734e-05 0.00000e+00
44.210000 1.44477e-04 -2.13223e-04 0.00000e+00
44.220000 1.57822e-04 -4.02269e-04 0.00000e+00
44.230000 1.69166e-04 -5.07050e-04 0.00000e+00
44.240000 1.71878e-04 -4.84131e-04 0.00000e+00
44.250000 1.59941e-04 -5.85057e-04 0.00000e+00
44.260000 1.35673e-04 -8.45172e-04 0.00000e+00
44.270000 1.17999e-04 -1.04762e-03 0.00000e+00
44.280000 1.13880e-04 -1.22731e-03 0.00000e+00
44.290000 1.10945e-04 -1.34943e-03 0.00000e+00
44.300000 9.33210e-05 -1.44504e-03 0.00000e+00
44.310000 3.86802e-05 -1.56395e-03 0.00000e+00
44.320000 3.14488e-05 -1.62318e-03 0.00000e+00
44.330000 1.11249e-05 -1.63556e-03 0.00000e+00
44.340000 3.40925e-08 -1.68756e-03 0.00000e+00
44.350000 -1.18727e-05 -1.72552e-03 0.00000e+00
44.360000 -3.02339e-05 -1.73030e-03 0.00000e+00
44.370000 -7.56352e-05 -1.61744e-03 0.00000e+00
44.380000 -9.01911e-05 -1.45742e-03 0.00000e+00
44.390000 -8.57250e-05 -1.28046e-03 0.00000e+00
44.400000 -9.70037e-05 -9.99950e-04 0.00000e+00
44.410000 -1.10358e-04 -7.18235e-04 0.00000e+00
44.420000 -1.44898e-04 -5.29508e-04 0.00000e+00
44.430000 -1.28853e-04 -4.43738e-04 0.00000e+00
44.440000 -1.26777e-04 -3.73788e-04 0.00000e+00
44.450000 -1.26475e-04 -2.09028e-04 0.00000e+00
44.460000 -1.22409e-04 4.20953e-05 0.00000e+00
44.470000 -1.20100e-04 2.82092e-04 0.00000e+00
44.480000 -1.09464e-04 3.94679e-04 0.00000e+00
44.490000 -9.30299e-05 4.89570e-04 0.00000e+00
44.500000 -1.03805e-04 6.58510e-04 0.00000e+00
44.510000 -9.27248e-05 8.31954e-04 0.00000e+00
44.520000 -7.96609e-05 9.80820e-04 0.00000e+00
44.530000 -6.86014e-05 1.06549e-03 0.00000e+00
44.540000 -5.29420e-05 9.84020e-04 0.00000e+00
44.550000 -5.39418e-05 8.28542e-04 0.00000e+00
44.560000 -3.38675e-05 8.31285e-04 0.00000e+00
44.570000 -3.37326e-05 8.42488e-04 0.00000e+00
44.580000 -4.64435e-05 7.26335e-04 0.00000e+00
44.590000 -4.93896e-05 5.08265e-04 0.00000e+00
44.600000 -3.51790e-05 3.88010e-04 0.00000e+00
44.610000 -9.93265e-06 3.78000e-04 0.00000e+00
44.620000 1.27073e-05 3.11353e-04 0.00000e+00
44.630000 2.03460e-05 2.34291e-04 0.00000e+00
44.640000 2.25873e-05 1.15038e-04 0.00000e+00
44.650000 2.26302e-05 6.41207e-06 0.00000e+00
44.660000 2.17316e-05 5.68816e-06 0.00000e+00
44.670000 2.25849e-05 -9.87121e-06 0.00000e+00
44.680000 7.38872e-06 -4.27175e-05 0.00000e+00
44.690000 -1.29751e-05 -2.28488e-05 0.00000e+00
44.700000 -2.55833e-05 -4.24394e-05 0.00000e+00
44.710000 -3.90345e-05 -6.17345e-05 0.00000e+00
44.720000 -2.48310e-05 -4.67418e-05 0.00000e+00
44.730000 -1.49641e-05 4.29798e-05 0.00000e+00
44.740000 -3.40196e-05 1.19849e-04 0.00000e+00
44.750000 -3.31478e-05 1.04360e-04 0.00000e+00
44.760000 -1.76841e-05 1.06564e-04 0.00000e+00
44.770000 1.49453e-06 1.52672e-04 0.00000e+00
44.780000 -5.59716e-06 2.53344e-04 0.00000e+00
44.790000 -4.38475e-06 4.91236e-04 0.00000e+00
44.800000 -2.47156e-06 7.84744e-04 0.00000e+00
44.810000 4.16773e-06 1.00889e-03 0.00000e+00
44.820000 3.10547e-05 1.18828e-03 0.00000e+00
44.830000 4.86730e-05 1.26907e-03 0.00000e+00
44.840000 4.93278e-05 1.34683e-03 0.00000e+00
44.850000 5.57799e-05 1.41168e-03 0.00000e+00
44.860000 5.71471e-05 1.35301e-03 0.00000e+00
44.870000 6.37276e-05 1.25079e-03 0.00000e+00
44.880000 9.14408e-05 1.11736e-03 0.00000e+00
44.890000 1.14932e-04 9.96937e-04 0.00000e+00
44.900000 1.27705e-04 9.46366e-04 0.00000e+00
44.910000 1.27011e-04 8.33647e-04 0.00000e+00
44.920000 1.52067e-04 6.54026e-04 0.00000e+00
44.930000 1.65762e-04 5.34259e-04 0.00000e+00
44.940000 1.78308e-04 4.60796e-04 0.00000e+00
44.950000 1.99334e-04 2.87351e-04 0.00000e+00
44.960000 2.26081e-04 9.51794e-05 0.00000e+00
44.970000 2.04288e-04 -1.13515e-05 0.00000e+00
44.980000 1.86997e-04 -1.31341e-04 0.00000e+00
44.990000 1.65770e-04 -1.81387e-04 0.00000e+00
45.000000 1.47154e-04 -2.02546e-04 0.00000e+00
45.010000 1.57427e-04 -2.62720e-04 0.00000e+00
45.020000 1.33555e-04 -2.99517e-04 0.00000e+00
45.030000 1.22555e-04 -3.84177e-04 0.00000e+00
45.040000 1.16496e-04 -5.00585e-04 0.00000e+00
45.050000 1.10366e-04 -4.89691e-04 0.00000e+00
45.060000 1.10354e-04 -3.64513e-04 0.00000e+00
45.070000 1.16826e-04 -2.27024e-04 0.00000e+00
45.080000 1.07049e-04 -1.32491e-04 0.00000e+00
45.090000 1.04662e-04 -3.26067e-05 0.00000e+00
45.100000 1.06994e-04 7.52710e-05 0.00000e+00
45.110000 1.06944e-04 1.81806e-04 0.00000e+00
45.120000 1.09822e-04 3.13969e-04 0.00000e+00
45.130000 1.41696e-04 5.04374e-04 0.00000e+00
45.140000 1.41441e-04 6.49118e-04 0.00000e+00
45.150000 1.42074e-04 6.52247e-04 0.00000e+00
45.160000 1.51968e-04 5.80998e-04 0.00000e+00
45.170000 1.48899e-04 4.30867e-04 0.00000e+00
45.180000 1.66167e-04 3.34842e-04 0.00000e+00
45.190000 1.64223e-04 2.58141e-04 0.00000e+00
45.200000 1.60743e-04 8.75799e-05 0.00000e+00
45.210000 1.81968e-04 -1.09495e-04 0.00000e+00
45.220000 1.99912e-04 -3.16765e-04 0.00000e+00
45.230000 1.98197e-04 -5.41218e-04 0.00000e+00
45.240000 1.89135e-04 -7.10443e-04 0.00000e+00
45.250000 1.70857e-04 -8.73171e-04 0.00000e+00
45.260000 1.53506e-04 -1.09188e-03 0.00000e+00
45.270000 1.39571e-04 -1.28977e-03 0.00000e+00
45.280000 1.34506e-04 -1.48334e-03 0.00000e+00
45.290000 1.12014e-04 -1.68064e-03 0.00000e+00
45.300000 1.04292e-04 -1.70997e-03 0.00000e+00
45.310000 7.34503e-05 -1.65584e-03 0.00000e+00
45.320000 4.10988e-05 -1.65746e-03 0.00000e+00
45.330000 1.47149e-05 -1.61021e-03 0.00000e+00
45.340000 -2.81810e-06 -1.58404e-03 0.00000e+00
45.350000 -9.26964e-06 -1.45948e-03 0.00000e+00
45.360000 -2.90558e-05 -1.27910e-03 0.00000e+00
45.370000 -5.78989e-05 -1.17849e-03 0.00000e+00
45.380000 -6.88301e-05 -9.26137e-04 0.00000e+00
45.390000 -7.71400e-05 -5.37997e-04 0.00000e+00
45.400000 -8.08263e-05 -1.64451e-04 0.00000e+00
45.410000 -7.25408e-05 1.63227e-04 0.00000e+00
45.420000 -8.26734e-05 3.86236e-04 0.00000e+00
45.430000 -8.21238e-05 5.03384e-04 0.00000e+00
45.440000 -7.07584e-05 6.59294e-04 0.00000e+00
45.450000 -5.84926e-05 8.90397e-04 0.00000e+00
45.460000 -3.20780e-05 1.07711e-03 0.00000e+00
45.470000 2.26678e-06 1.26660e-03 0.00000e+00
45.480000 6.30351e-06 1.38573e-03 0.00000e+00
45.490000 2.02833e-05 1.36873e-03 0.00000e+00
45.500000 3.41140e-05 1.31745e-03 0.00000e+00
45.510000 4.89223e-05 1.23600e-03 0.00000e+00
45.520000 8.61736e-05 1.16397e-03 0.00000e+00
45.530000 8.03625e-05 1.04543e-03 0.00000e+00
45.540000 1.06940e-04 7.79615e-04 0.00000e+00
45.550000 1.31212e-04 4.44619e-04 0.00000e+00
45.560000 1.23465e-04 1.61038e-04 0.00000e+00
45.570000 1.16015e-04 -9.61963e-05 0.00000e+00
45.580000 9.62426e-05 -3.38045e-04 0.00000e+00
45.590000 7.74623e-05 -5.97671e-04 0.00000e+00
45.600000 7.98108e-05 -9.24154e-04 0.00000e+00
45.610000 9.64469e-05 -1.19513e-03 0.00000e+00
45.620000 8.09515e-05 -1.36211e-03 0.00000e+00
45.630000 6.55721e-05 -1.44468e-03 0.00000e+00
45.640000 4.85234e-05 -1.41407e-03 0.00000e+00
45.650000 1.07275e-05 -1.37625e-03 0.00000e+00
45.660000 -4.68251e-06 -1.41500e-03 0.00000e+00
45.670000 -2.89855e-05 -1.42499e-03 0.00000e+00
45.680000 -5.12664e-05 -1.36829e-03 0.00000e+00
45.690000 -7.18839e-05 -1.17739e-03 0.00000e+00
45.700000 -9.89336e-05 -9.81595e-04 0.00000e+00
45.710000 -1.18191e-04 -8.15405e-04 0.00000e+00
45.720000 -1.16244e-04 -5.05173e-04 0.00000e+00
45.730000 -1.05445e-04 -2.21413e-04 0.00000e+00
45.740000 -1.11063e-04 1.97561e-05 0.00000e+00
45.750000 -1.08157e-04 2.39823e-04 0.00000e+00
45.760000 -1.03696e-04 3.74873e-04 0.00000e+00
45.770000 -9.47077e-05 5.05380e-04 0.00000e+00
45.780000 -5.98082e-05 7.87468e-04 0.00000e+00
45.790000 -4.09720e-05 1.06993e-03 0.00000e+00
45.800000 -2.58138e-05 1.24730e-03 0.00000e+00
45.810000 -1.45712e-05 1.41829e-03 0.00000e+00
45.820000 -1.04681e-05 1.52061e-03 0.00000e+00
45.830000 -7.77483e-06 1.63646e-03 0.00000e+00
45.840000 2.60113e-05 1.75451e-03 0.00000e+00
45.850000 4.44433e-05 1.80145e-03 0.00000e+00
45.860000 6.95713e-05 1.77950e-03 0.00000e+00
45.870000 7.01186e-05 1.63984e-03 0.00000e+00
45.880000 9.08270e-05 1.46663e-03 0.00000e+00
45.890000 1.10709e-04 1.33748e-03 0.00000e+00
45.900000 1.13815e-04 1.27277e-03 0.00000e+00
45.910000 1.27010e-04 1.20159e-03 0.00000e+00
45.920000 1.22004e-04 1.03440e-03 0.00000e+00
45.930000 1.28071e-04 8.13152e-04 0.00000e+00
45.940000 1.44466e-04 5.74118e-04 0.00000e+00
45.950000 1.75232e-04 4.72791e-04 0.00000e+00
45.960000 1.64100e-04 4.58320e-04 0.00000e+00
45.970000 1.80619e-04 3.54671e-04 0.00000e+00
45.980000 1.82557e-04 1.73103e-04 0.00000e+00
45.990000 1.92235e-04 -8.30075e-05 0.00000e+00
46.000000 1.89545e-04 -3.92867e-04 0.00000e+00
46.010000 1.72131e-04 -5.96985e-04 0.00000e+00
46.020000 1.55186e-04 -7.62364e-04 0.00000e+00
46.030000 1.35608e-04 -1.00340e-03 0.00000e+00
46.040000 1.26165e-04 -1.24788e-03 0.00000e+00
46.050000 1.32631e-04 -1.45039e-03 0.00000e+00
46.060000 1.18177e-04 -1.57226e-03 0.00000e+00
46.070000 1.12623e-04 -1.74326e-03 0.00000e+00
46.080000 8.22289e-05 -1.89543e-03 0.00000e+00
46.090000 5.45175e-05 -2.03224e-03 0.00000e+00
46.100000 4.11920e-05 -2.20989e-03 0.00000e+00
46.110000 3.55985e-05 -2.29094e-03 0.00000e+00
46.120000 3.06755e-05 -2.25079e-03 0.00000e+00
46.130000 -1.27367e-05 -2.19201e-03 0.00000e+00
46.140000 -5.61538e-05 -2.09449e-03 0.00000e+00
46.150000 -8.93040e-05 -1.87884e-03 0.00000e+00
46.160000 -1.13408e-04 -1.58729e-03 0.00000e+00
46.170000 -1.28207e-04 -1.28937e-03 0.00000e+00
46.180000 -1.38398e-04 -1.02159e-03 0.00000e+00
46.190000 -1.72059e-04 -8.22089e-04 0.00000e+00
46.200000 -1.78416e-04 -6.77137e-04 0.00000e+00
46.210000 -1.70762e-04 -4.68664e-04 0.00000e+00
46.220000 -1.75437e-04 -1.53584e-04 0.00000e+00
46.230000 -1.77617e-04 1.34843e-04 0.00000e+00
46.240000 -1.85548e-04 4.20750e-04 0.00000e+00
46.250000 -1.63862e-04 7.03423e-04 0.00000e+00
46.260000 -1.67806e-04 8.36779e-04 0.00000e+00
46.270000 -1.43080e-04 9.69769e-04 0.00000e+00
46.280000 -1.14274e-04 1.19328e-03 0.00000e+00
46.290000 -8.54736e-05 1.47829e-03 0.00000e+00
46.300000 -5.36942e-05 1.71749e-03 0.00000e+00
46.310000 -2.72009e-05 1.81551e-03 0.00000e+00
46.320000 -1.51509e-06 1.79087e-03 0.00000e+00
46.330000 4.79671e-06 1.70726e-03 0.00000e+00
46.340000 3.95749e-06 1.61777e-03 0.00000e+00
46.350000 1.32639e-05 1.55184e-03 0.00000e+00
46.360000 4.64202e-06 1.44210e-03 0.00000e+00
46.370000 3.18877e-05 1.28785e-03 0.00000e+00
46.380000 5.01115e-05 1.18569e-03 0.00000e+00
46.390000 5.99903e-05 1.03717e-03 0.00000e+00
46.400000 5.79339e-05 8.05902e-04 0.00000e+00
46.410000 7.97962e-05 5.78936e-04 0.00000e+00
46.420000 6.91550e-05 4.35401e-04 0.00000e+00
46.430000 7.01767e-05 2.28902e-04 0.00000e+00
46.440000 9.65515e-05 7.60581e-06 0.00000e+00
46.450000 1.09751e-04 -9.69484e-05 0.00000e+00
46.460000 1.14149e-04 -2.13112e-04 0.00000e+00
46.470000 1.02131e-04 -3.04010e-04 0.00000e+00
46.480000 7.20392e-05 -4.00911e-04 0.00000e+00
46.490000 5.20180e-05 -5.01915e-04 0.00000e+00
46.500000 5.27261e-05 -5.87555e-04 0.00000e+00
46.510000 5.37187e-05 -7.27901e-04 0.00000e+00
46.520000 5.77715e-05 -8.73500e-04 0.00000e+00
46.530000 4.66636e-05 -1.05104e-03 0.00000e+00
46.540000 3.15915e-05 -1.15423e-03 0.00000e+00
46.550000 1.90342e-05 -1.15979e-03 0.00000e+00
46.560000 8.47137e-07 -1.21834e-03 0.00000e+00
46.570000 -1.20886e-06 -1.27606e-03 0.00000e+00
46.580000 -1.07958e-07 -1.23405e-03 0.00000e+00
46.590000 -1.80715e-05 -1.22722e-03 0.00000e+00
46.600000 -4.56864e-05 -1.23589e-03 0.00000e+00
46.610000 -4.03255e-05 -1.09246e-03 0.00000e+00
46.620000 -6.20572e-05 -8.74719e-04 0.00000e+00
46.630000 -7.85707e-05 -6.01320e-04 0.00000e+00
46.640000 -8.57565e-05 -3.22363e-04 0.00000e+00
46.650000 -1.01377e-04 -1.38126e-04 0.00000e+00
46.660000 -9.49670e-05 -2.21560e-05 0.00000e+00
46.670000 -9.80392e-05 1.33794e-04 0.00000e+00
46.680000 -1.05278e-04 3.52746e-04 0.00000e+00
46.690000 -1.03047e-04 6.12124e-04 0.00000e+00
46.700000 -9.91998e-05 8.44512e-04 0.00000e+00
46.710000 -8.11159e-05 1.00975e-03 0.00000e+00
46.720000 -8.22570e-05 1.14229e-03 0.00000e+00
46.730000 -6.55307e-05 1.22586e-03 0.00000e+00
46.740000 -3.66144e-05 1.33281e-03 0.00000e+00
46.750000 -1.88816e-05 1.48208e-03 0.00000e+00
46.760000 -6.47925e-06 1.53702e-03 0.00000e+00
46.770000 3.84509e-05 1.47631e-03 0.00000e+00
46.780000 5.63970e-05 1.40984e-03 0.00000e+00
46.790000 8.70415e-05 1.32278e-03 0.00000e+00
46.800000 1.06729e-04 1.16238e-03 0.00000e+00
46.810000 1.08117e-04 9.77536e-04 0.00000e+00
46.820000 1.04218e-04 7.59739e-04 0.00000e+00
46.830000 1.07511e-04 5.27855e-04 0.00000e+00
46.840000 1.14924e-04 3.48636e-04 0.00000e+00
46.850000 1.22728e-04 1.16204e-04 0.00000e+00
46.860000 1.20249e-04 -1.81016e-04 0.00000e+00
46.870000 1.10438e-04 -4.47770e-04 0.00000e+00
46.880000 1.01751e-04 -6.51502e-04 0.00000e+00
46.890000 9.21976e-05 -7.93334e-04 0.00000e+00
46.900000 8.23124e-05 -9.35490e-04 0.00000e+00
46.910000 7.70883e-05 -9.92356e-04 0.00000e+00
46.920000 5.07317e-05 -1.01778e-03 0.00000e+00
46.930000 2.87454e-05 -1.11245e-03 0.00000e+00
46.940000 1.42390e-05 -1.13577e-03 0.00000e+00
46.950000 -2.41781e-06 -1.09056e-03 0.00000e+00
46.960000 -9.63158e-06 -1.02400e-03 0.00000e+00
46.970000 -2.40303e-05 -8.63449e-04 0.00000e+00
46.980000 -3.46874e-05 -6.95395e-04 0.00000e+00
46.990000 -3.90602e-05 -6.32155e-04 0.00000e+00
47.000000 -4.53000e-05 -5.78006e-04 0.00000e+00
47.010000 -3.69931e-05 -5.10509e-04 0.00000e+00
47.020000 -5.94705e-05 -3.70543e-04 0.00000e+00
47.030000 -4.60417e-05 -2.06113e-04 0.00000e+00
47.040000 -3.47692e-05 -9.51299e-05 0.00000e+00
47.050000 -1.89063e-05 6.04441e-05 0.00000e+00
47.060000 -1.23377e-05 1.91170e-04 0.00000e+00
47.070000 -2.46368e-05 2.63443e-04 0.00000e+00
47.080000 -1.83782e-05 3.15004e-04 0.00000e+00
47.090000 -3.55002e-05 3.37187e-04 0.00000e+00
47.100000 -3.42553e-05 3.33037e-04 0.00000e+00
47.110000 -2.55259e-05 3.01288e-04 0.00000e+00
47.120000 -1.26305e-05 2.08735e-04 0.00000e+00
47.130000 -5.99648e-06 1.61520e-04 0.00000e+00
47.140000 5.81897e-06 1.30690e-04 0.00000e+00
47.150000 -1.10014e-05 2.77221e-05 0.00000e+00
47.160000 -2.33988e-05 -8.54151e-05 0.00000e+00
47.170000 -1.30449e-05 -2.28716e-04 0.00000e+00
47.180000 -1.47986e-05 -2.79541e-04 0.00000e+00
47.190000 1.06009e-05 -3.42416e-04 0.00000e+00
47.200000 -8.57195e-06 -3.61385e-04 0.00000e+00
47.210000 2.02762e-06 -2.09575e-04 0.00000e+00
47.220000 -8.11231e-06 -6.21614e-05 0.00000e+00
47.230000 -2.92747e-05 3.51676e-05 0.00000e+00
47.240000 -3.74425e-05 4.99449e-05 0.00000e+00
47.250000 -3.94902e-05 5.72473e-05 0.00000e+00
47.260000 -3.57845e-05 5.35204e-05 0.00000e+00
47.270000 -4.39242e-05 4.30244e-05 0.00000e+00
47.280000 -5.63345e-05 6.11379e-05 0.00000e+00
47.290000 -5.32335e-05 1.15949e-04 0.00000e+00
47.300000 -3.80305e-05 1.77176e-04 0.00000e+00
47.310000 -5.19932e-05 2.44525e-04 0.00000e+00
47.320000 -4.86486e-05 2.92279e-04 0.00000e+00
47.330000 -3.76856e-05 2.55383e-04 0.00000e+00
47.340000 -1.85440e-05 2.71000e-04 0.00000e+00
47.350000 1.92408e-05 3.54679e-04 0.00000e+00
47.360000 1.91054e-05 5.10094e-04 0.00000e+00
47.370000 5.26516e-05 6.17040e-04 0.00000e+00
47.380000 3.88358e-05 6.39246e-04 0.00000e+00
47.390000 2.49775e-05 7.02569e-04 0.00000e+00
47.400000 1.30505e-05 6.79751e-04 0.00000e+00
47.410000 1.86648e-05 5.60364e-04 0.00000e+00
47.420000 1.79352e-05 4.54756e-04 0.00000e+00
47.430000 2.54964e-05 3.94222e-04 0.00000e+00
47.440000 2.29217e-05 3.12155e-04 0.00000e+00
47.450000 2.35746e-05 1.64683e-04 0.00000e+00
47.460000 3.18813e-05 3.77454e-06 0.00000e+00
47.470000 3.23377e-05 -9.27735e-05 0.00000e+00
47.480000 4.25252e-05 -2.16483e-04 0.00000e+00
47.490000 4.64705e-05 -3.72388e-04 0.00000e+00
47.500000 4.51129e-05 -5.14404e-04 0.00000e+00
47.510000 5.98623e-05 -6.06388e-04 0.00000e+00
47.520000 5.84656e-05 -5.10166e-04 0.00000e+00
47.530000 5.14785e-05 -3.90289e-04 0.00000e+00
47.540000 2.88682e-05 -2.72401e-04 0.00000e+00
47.550000 2.12683e-05 -1.80475e-04 0.00000e+00
47.560000 1.58168e-05 -2.33955e-04 0.00000e+00
47.570000 -9.93615e-06 -2.94285e-04 0.00000e+00
47.580000 -2.16134e-05 -2.46578e-04 0.00000e+00
47.590000 -1.55246e-05 -2.05373e-04 0.00000e+00
47.600000 -2.13202e-05 -1.67889e-04 0.00000e+00
47.610000 -2.77914e-05 -1.30732e-04 0.00000e+00
47.620000 -3.40917e-05 -1.91944e-04 0.00000e+00
47.630000 -3.27683e-05 -2.32556e-04 0.00000e+00
47.640000 -2.59458e-05 -1.71264e-04 0.00000e+00
47.650000 -2.39336e-05 -9.02520e-05 0.00000e+00
47.660000 -1.69632e-05 4.71868e-05 0.00000e+00
47.670000 -1.09101e-05 1.78108e-04 0.00000e+00
47.680000 2.11724e-05 2.95884e-04 0.00000e+00
47.690000 3.68144e-05 5.08061e-04 0.00000e+00
47.700000 2.66877e-05 6.25618e-04 0.00000e+00
47.710000 2.34059e-05 6.03427e-04 0.00000e+00
47.720000 1.65205e-05 5.44310e-04 0.00000e+00
47.730000 1.73399e-05 5.62046e-04 0.00000e+00
47.740000 3.14175e-05 5.33249e-04 0.00000e+00
47.750000 3.44976e-05 3.92087e-04 0.00000e+00
47.760000 1.28194e-05 2.78504e-04 0.00000e+00
47.770000 2.57645e-05 2.00324e-04 0.00000e+00
47.780000 7.37371e-06 1.46102e-04 0.00000e+00
47.790000 1.86923e-05 6.72303e-05 0.00000e+00
47.800000 4.39141e-05 -3.47376e-05 0.00000e+00
47.810000 6.97743e-05 -9.05995e-05 0.00000e+00
47.820000 5.85454e-05 -1.26262e-04 0.00000e+00
47.830000 8.28094e-05 -1.91185e-04 0.00000e+00
47.840000 5.23675e-05 -2.41971e-04 0.00000e+00
47.850000 6.65388e-05 -1.35793e-04 0.00000e+00
47.860000 5.25222e-05 3.99386e-05 0.00000e+00
47.870000 1.99273e-05 1.12387e-04 0.00000e+00
47.880000 1.78709e-05 9.20413e-05 0.00000e+00
47.890000 1.95400e-05 4.58273e-05 0.00000e+00
47.900000 2.74669e-05 3.45972e-05 0.00000e+00
47.910000 3.74109e-06 3.97974e-05 0.00000e+00
47.920000 3.15520e-06 2.49733e-05 0.00000e+00
47.930000 1.33513e-05 -5.39321e-05 0.00000e+00
47.940000 3.01488e-05 -4.55912e-05 0.00000e+00
47.950000 3.46405e-05 3.45058e-05 0.00000e+00
47.960000 2.70159e-05 7.26214e-05 0.00000e+00
47.970000 3.69344e-05 2.26122e-04 0.00000e+00
47.980000 4.62941e-05 4.77555e-04 0.00000e+00
47.990000 5.07043e-05 6.04120e-04 0.00000e+00
48.000000 5.43967e-05 6.67716e-04 0.00000e+00
48.010000 7.74704e-05 6.78250e-04 0.00000e+00
48.020000 8.74919e-05 6.75626e-04 0.00000e+00
48.030000 7.09385e-05 6.41826e-04 0.00000e+00
48.040000 6.38658e-05 4.24363e-04 0.00000e+00
48.050000 5.33756e-05 2.36803e-04 0.00000e+00
48.060000 6.61661e-05 2.02822e-04 0.00000e+00
48.070000 6.89528e-05 2.09329e-04 0.00000e+00
48.080000 6.83171e-05 1.06556e-04 0.00000e+00
48.090000 8.68933e-05 -3.96119e-05 0.00000e+00
48.100000 1.08940e-04 -1.43845e-04 0.00000e+00
48.110000 1.31177e-04 -1.82363e-04 0.00000e+00
48.120000 1.24143e-04 -2.99159e-04 0.00000e+00
48.130000 1.10078e-04 -4.81473e-04 0.00000e+00
48.140000 1.10925e-04 -5.84236e-04 0.00000e+00
48.150000 8.22504e-05 -7.18432e-04 0.00000e+00
48.160000 5.00304e-05 -8.84384e-04 0.00000e+00
48.170000 3.65967e-05 -1.00256e-03 0.00000e+00
48.180000 2.67364e-05 -9.45706e-04 0.00000e+00
48.190000 1.44306e-05 -8.59712e-04 0.00000e+00
48.200000 -9.38199e-06 -9.11145e-04 0.00000e+00
48.210000 1.79634e-06 -9.83986e-04 0.00000e+00
48.220000 1.30814e-05 -1.07713e-03 0.00000e+00
48.230000 1.71359e-05 -1.18029e-03 0.00000e+00
48.240000 -1.50847e-05 -1.19433e-03 0.00000e+00
48.250000 -2.83786e-05 -1.19319e-03 0.00000e+00
48.260000 -4.56369e-05 -1.10282e-03 0.00000e+00
48.270000 -6.02196e-05 -8.36077e-04 0.00000e+00
48.280000 -7.14158e-05 -5.32556e-04 0.00000e+00
48.290000 -1.00866e-04 -3.21441e-04 0.00000e+00
48.300000 -7.78573e-05 -2.88814e-04 0.00000e+00
48.310000 -9.49392e-05 -2.15783e-04 0.00000e+00
48.320000 -1.02263e-04 -1.81978e-04 0.00000e+00
48.330000 -8.21529e-05 -2.85145e-04 0.00000e+00
48.340000 -6.39792e-05 -3.15782e-04 0.00000e+00
48.350000 -5.53386e-05 -2.10405e-04 0.00000e+00
48.360000 -9.09321e-05 -1.18541e-04 0.00000e+00
48.370000 -8.43838e-05 -1.13502e-04 0.00000e+00
48.380000 -9.07978e-05 1.56989e-06 0.00000e+00
48.390000 -9.12605e-05 2.45308e-04 0.00000e+00
48.400000 -8.27576e-05 4.82232e-04 0.00000e+00
48.410000 -4.90039e-05 5.36511e-04 0.00000e+00
48.420000 -5.13865e-05 4.67510e-04 0.00000e+00
48.430000 -2.36774e-05 4.50522e-04 0.00000e+00
48.440000 -4.00618e-05 4.00583e-04 0.00000e+00
48.450000 -6.34669e-05 3.25312e-04 0.00000e+00
48.460000 -8.88793e-05 2.33056e-04 0.00000e+00
48.470000 -9.52117e-05 2.25332e-04 0.00000e+00
48.480000 -6.98090e-05 2.46479e-04 0.00000e+00
48.490000 -8.05610e-05 1.71553e-04 0.00000e+00
48.500000 -4.59361e-05 2.12247e-04 0.00000e+00
48.510000 -2.20630e-05 3.43819e-04 0.00000e+00
48.520000 -3.28331e-06 4.71591e-04 0.00000e+00
48.530000 -2.19041e-05 4.45728e-04 0.00000e+00
48.540000 -3.22689e-07 3.88483e-04 0.00000e+00
48.550000 4.16438e-06 3.56939e-04 0.00000e+00
48.560000 -5.66664e-06 2.64348e-04 0.00000e+00
48.570000 -2.99491e-05 2.28109e-04 0.00000e+00
48.580000 -4.84934e-05 3.23656e-04 0.00000e+00
48.590000 -3.92007e-05 3.70119e-04 0.00000e+00
48.600000 -2.50263e-05 4.18031e-04 0.00000e+00
48.610000 -3.07914e-05 4.64179e-04 0.00000e+00
48.620000 -8.23666e-06 3.29007e-04 0.00000e+00
48.630000 1.48400e-06 1.79987e-04 0.00000e+00
48.640000 1.31968e-05 8.46661e-05 0.00000e+00
48.650000 1.29373e-05 1.68548e-04 0.00000e+00
48.660000 2.33212e-05 2.05288e-04 0.00000e+00
48.670000 3.58760e-05 2.84001e-04 0.00000e+00
48.680000 2.80497e-05 5.37465e-04 0.00000e+00
48.690000 2.66183e-05 7.19473e-04 0.00000e+00
48.700000 1.13886e-05 7.42396e-04 0.00000e+00
48.710000 2.16539e-05 7.42900e-04 0.00000e+00
48.720000 6.59723e-06 7.94120e-04 0.00000e+00
48.730000 2.67751e-05 7.62345e-04 0.00000e+00
48.740000 3.31154e-05 6.43660e-04 0.00000e+00
48.750000 4.46754e-05 4.72866e-04 0.00000e+00
48.760000 2.92918e-05 3.56874e-04 0.00000e+00
48.770000 6.16850e-05 3.24791e-04 0.00000e+00
48.780000 4.98831e-05 2.38025e-04 0.00000e+00
48.790000 7.62694e-05 1.55438e-04 0.00000e+00
48.800000 9.92400e-05 1.35215e-04 0.00000e+00
48.810000 1.18965e-04 7.76427e-05 0.00000e+00
48.820000 1.26644e-04 -3.10608e-05 0.00000e+00
48.830000 1.07754e-04 -1.10365e-04 0.00000e+00
48.840000 1.30026e-04 -1.46422e-04 0.00000e+00
48.850000 9.93927e-05 -2.03407e-04 0.00000e+00
48.860000 7.18738e-05 -2.64071e-04 0.00000e+00
48.870000 5.42826e-05 -3.83591e-04 0.00000e+00
48.880000 5.23417e-05 -4.49194e-04 0.00000e+00
48.890000 4.16598e-05 -5.04665e-04 0.00000e+00
48.900000 3.77165e-05 -5.77110e-04 0.00000e+00
48.910000 3.23563e-05 -5.71194e-04 0.00000e+00
48.920000 3.07927e-05 -5.60259e-04 0.00000e+00
48.930000 2.64765e-05 -6.45451e-04 0.00000e+00
48.940000 2.13322e-05 -6.17745e-04 0.00000e+00
48.950000 6.53495e-06 -5.69642e-04 0.00000e+00
48.960000 1.02727e-05 -4.99558e-04 0.00000e+00
48.970000 2.12438e-06 -2.51642e-04 0.00000e+00
48.980000 -4.04151e-06 -1.11353e-05 0.00000e+00
48.990000 -6.10365e-07 2.12645e-04 0.00000e+00
49.000000 1.40890e-05 2.71357e-04 0.00000e+00
49.010000 9.93224e-06 3.92284e-04 0.00000e+00
49.020000 2.54392e-05 5.02457e-04 0.00000e+00
49.030000 2.01451e-05 4.30217e-04 0.00000e+00
49.040000 2.43146e-05 3.64748e-04 0.00000e+00
49.050000 3.76740e-05 2.86151e-04 0.00000e+00
49.060000 2.81571e-05 2.58868e-04 0.00000e+00
49.070000 3.52870e-05 2.45738e-04 0.00000e+00
49.080000 4.50812e-05 2.25162e-04 0.00000e+00
49.090000 4.48343e-05 1.74662e-04 0.00000e+00
49.100000 5.18314e-05 8.11936e-05 0.00000e+00
49.110000 8.23410e-05 4.55269e-05 0.00000e+00
49.120000 6.61824e-05 2.32412e-06 0.00000e+00
49.130000 9.97591e-05 -2.59252e-05 0.00000e+00
49.140000 7.53103e-05 -4.73760e-05 0.00000e+00
49.150000 6.61618e-05 -1.17039e-04 0.00000e+00
49.160000 4.27091e-05 -1.88300e-04 0.00000e+00
49.170000 2.76433e-05 -1.96603e-04 0.00000e+00
49.180000 4.14811e-05 -1.99316e-04 0.00000e+00
49.190000 1.12817e-05 -1.87734e-04 0.00000e+00
49.200000 1.44886e-05 -2.30228e-04 0.00000e+00
49.210000 8.56178e-06 -2.57863e-04 0.00000e+00
49.220000 8.11233e-06 -1.37762e-04 0.00000e+00
49.230000 2.83335e-05 -1.44187e-04 0.00000e+00
49.240000 1.08033e-05 -2.04667e-04 0.00000e+00
49.250000 1.84696e-05 -1.24306e-04 0.00000e+00
49.260000 4.87449e-06 -1.00211e-04 0.00000e+00
49.270000 2.76921e-05 -1.30069e-04 0.00000e+00
49.280000 4.00134e-05 -5.53778e-06 0.00000e+00
49.290000 3.63744e-05 5.54694e-05 0.00000e+00
49.300000 3.80081e-05 1.18653e-04 0.00000e+00
49.310000 2.99714e-05 2.13956e-04 0.00000e+00
49.320000 3.00324e-05 2.15764e-04 0.00000e+00
49.330000 2.98173e-05 1.97172e-04 0.00000e+00
49.340000 4.01924e-05 1.03790e-04 0.00000e+00
49.350000 3.48342e-05 8.40943e-05 0.00000e+00
49.360000 3.85965e-05 8.94914e-06 0.00000e+00
49.370000 2.86297e-05 -6.58770e-05 0.00000e+00
49.380000 6.11585e-05 -9.66172e-05 0.00000e+00
49.390000 3.81044e-05 -1.80728e-04 0.00000e+00
49.400000 1.74829e-05 -9.15299e-05 0.00000e+00
49.410000 3.59327e-05 -3.64807e-05 0.00000e+00
49.420000 3.69733e-05 -4.33248e-05 0.00000e+00
49.430000 1.06284e-05 -8.24669e-05 0.00000e+00
49.440000 3.00511e-05 -6.09081e-05 0.00000e+00
49.450000 3.08964e-05 1.18938e-04 0.00000e+00
49.460000 1.75946e-05 2.08011e-04 0.00000e+00
49.470000 3.18118e-05 2.21341e-04 0.00000e+00
49.480000 2.83563e-05 2.18433e-04 0.00000e+00
49.490000 2.55477e-05 2.00967e-04 0.00000e+00
49.500000 1.88985e-05 1.81906e-04 0.00000e+00
49.510000 1.59915e-05 2.05106e-04 0.00000e+00
49.520000 2.92474e-05 2.63092e-04 0.00000e+00
49.530000 2.73696e-05 2.81214e-04 0.00000e+00
49.540000 5.39967e-05 2.20230e-04 0.00000e+00
49.550000 4.00306e-05 2.81376e-04 0.00000e+00
49.560000 6.91444e-05 2.84563e-04 0.00000e+00
49.570000 8.15958e-05 9.31172e-05 0.00000e+00
49.580000 6.11336e-05 6.23277e-05 0.00000e+00
49.590000 7.11541e-05 1.25673e-04 0.00000e+00
49.600000 6.30393e-05 2.59297e-05 0.00000e+00
49.610000 9.11018e-05 -3.05270e-05 0.00000e+00
49.620000 7.25761e-05 -1.81417e-05 0.00000e+00
49.630000 5.34701e-05 -1.41300e-04 0.00000e+00
49.640000 4.67674e-05 -2.40787e-04 0.00000e+00
49.650000 4.81728e-05 -2.48795e-04 0.00000e+00
49.660000 4.15673e-05 -3.02833e-04 0.00000e+00
49.670000 4.44761e-05 -4.09011e-04 0.00000e+00
49.680000 4.47831e-05 -5.56888e-04 0.00000e+00
49.690000 3.90793e-05 -6.77777e-04 0.00000e+00
49.700000 1.50846e-05 -6.98696e-04 0.00000e+00
49.710000 1.43011e-05 -6.69379e-04 0.00000e+00
49.720000 1.89472e-05 -6.57884e-04 0.00000e+00
49.730000 -9.56720e-06 -5.87478e-04 0.00000e+00
49.740000 1.00174e-05 -4.24300e-04 0.00000e+00
49.750000 1.78093e-05 -3.85676e-04 0.00000e+00
49.760000 1.08998e-06 -4.02587e-04 0.00000e+00
49.770000 -1.60947e-05 -4.03927e-04 0.00000e+00
49.780000 -7.56818e-06 -3.30661e-04 0.00000e+00
49.790000 -3.35415e-05 -2.26830e-04 0.00000e+00
49.800000 -3.24867e-05 -2.29011e-04 0.00000e+00
49.810000 -2.80298e-05 -2.64398e-04 0.00000e+00
49.820000 -2.21816e-05 -2.59486e-04 0.00000e+00
49.830000 -4.83700e-05 -2.33107e-04 0.00000e+00
49.840000 -4.10521e-05 -1.85727e-04 0.00000e+00
49.850000 -4.89751e-05 -9.54531e-05 0.00000e+00
49.860000 -2.00761e-05 -2.85558e-05 0.00000e+00
49.870000 -1.03060e-05 -5.21613e-05 0.00000e+00
49.880000 -1.62997e-05 -1.09891e-04 0.00000e+00
49.890000 -9.23461e-06 -8.50571e-05 0.00000e+00
49.900000 -1.11236e-05 -9.58428e-05 0.00000e+00
49.910000 -2.44566e-05 -7.91079e-05 0.00000e+00
49.920000 -3.85140e-05 5.37946e-05 0.00000e+00
49.930000 -4.19015e-05 1.45305e-04 0.00000e+00
49.940000 -3.34407e-05 1.88312e-04 0.00000e+00
49.950000 -2.66369e-05 2.47936e-04 0.00000e+00
49.960000 -2.50398e-05 2.83963e-04 0.00000e+00
49.970000 -3.52961e-05 2.72995e-04 0.00000e+00
49.980000 -3.47654e-05 3.11985e-04 0.00000e+00
49.990000 -2.33444e-05 4.43294e-04 0.00000e+00
50.000000 -1.88428e-05 4.57862e-04 0.00000e+00
50.010000 -1.27564e-05 4.21252e-04 0.00000e+00
50.020000 -1.35014e-05 4.33249e-04 0.00000e+00
50.030000 -1.86839e-05 4.92646e-04 0.00000e+00
50.040000 -1.68812e-05 5.90419e-04 0.00000e+00
50.050000 -6.23317e-06 5.90901e-04 0.00000e+00
50.060000 1.62804e-05 6.07843e-04 0.00000e+00
50.070000 2.36568e-05 6.12467e-04 0.00000e+00
50.080000 3.95284e-05 5.37312e-04 0.00000e+00
50.090000 5.07201e-05 4.12201e-04 0.00000e+00
50.100000 5.65587e-05 2.61522e-04 0.00000e+00
50.110000 5.49621e-05 1.08959e-04 0.00000e+00
50.120000 5.04100e-05 7.26087e-06 0.00000e+00
50.130000 5.79061e-05 -3.94265e-05 0.00000e+00
50.140000 4.99908e-05 -1.31846e-04 0.00000e+00
50.150000 6.41529e-05 -3.05524e-04 0.00000e+00
50.160000 6.01966e-05 -4.65523e-04 0.00000e+00
50.170000 3.26350e-05 -4.86672e-04 0.00000e+00
50.180000 4.11285e-05 -4.97001e-04 0.00000e+00
50.190000 2.73431e-05 -5.03962e-04 0.00000e+00
50.200000 2.29297e-05 -5.19013e-04 0.00000e+00
50.210000 3.41265e-06 -5.93971e-04 0.00000e+00
50.220000 -9.36589e-07 -6.16957e-04 0.00000e+00
50.230000 -1.01305e-05 -6.04350e-04 0.00000e+00
50.240000 -3.04942e-05 -5.59198e-04 0.00000e+00
50.250000 -3.67323e-05 -5.00552e-04 0.00000e+00
50.260000 -4.74208e-05 -3.55425e-04 0.00000e+00
50.270000 -5.26406e-05 -1.60759e-04 0.00000e+00
50.280000 -4.99392e-05 -7.57355e-05 0.00000e+00
50.290000 -3.03584e-05 -5.21968e-05 0.00000e+00
50.300000 -3.23724e-05 3.42138e-05 0.00000e+00
50.310000 -4.06815e-05 1.38415e-04 0.00000e+00
50.320000 -4.09659e-05 2.50555e-04 0.00000e+00
50.330000 -1.21638e-05 3.51817e-04 0.00000e+00
50.340000 1.49406e-05 3.41256e-04 0.00000e+00
50.350000 -4.55342e-06 4.18265e-04 0.00000e+00
50.360000 1.64136e-05 5.15784e-04 0.00000e+00
50.370000 -8.70852e-06 5.14171e-04 0.00000e+00
50.380000 1.36977e-06 4.71472e-04 0.00000e+00
50.390000 4.54318e-06 4.33123e-04 0.00000e+00
50.400000 1.01418e-05 4.11106e-04 0.00000e+00
50.410000 2.80034e-05 3.13363e-04 0.00000e+00
50.420000 2.99202e-05 1.84640e-04 0.00000e+00
50.430000 4.77781e-05 1.81306e-05 0.00000e+00
50.440000 2.20960e-05 -1.76556e-04 0.00000e+00
50.450000 6.62763e-06 -3.36627e-04 0.00000e+00
50.460000 1.65731e-05 -3.58085e-04 0.00000e+00
50.470000 2.16945e-05 -4.23704e-04 0.00000e+00
50.480000 1.40486e-05 -5.58994e-04 0.00000e+00
50.490000 6.60614e-06 -6.85284e-04 0.00000e+00
50.500000 6.43412e-08 -6.90258e-04 0.00000e+00
50.510000 3.23397e-06 -4.85584e-04 0.00000e+00
50.520000 6.03467e-06 -4.27591e-04 0.00000e+00
50.530000 -2.83556e-05 -4.01611e-04 0.00000e+00
50.540000 -3.32499e-05 -4.27956e-04 0.00000e+00
50.550000 -4.36453e-05 -5.08071e-04 0.00000e+00
50.560000 -4.26933e-05 -5.17551e-04 0.00000e+00
50.570000 -6.42771e-05 -5.48061e-04 0.00000e+00
50.580000 -7.10691e-05 -4.48356e-04 0.00000e+00
50.590000 -8.46540e-05 -3.66591e-04 0.00000e+00
50.600000 -8.51648e-05 -3.25310e-04 0.00000e+00
50.610000 -7.70246e-05 -2.80226e-04 0.00000e+00
50.620000 -6.25791e-05 -3.27197e-04 0.00000e+00
50.630000 -5.23267e-05 -2.74779e-04 0.00000e+00
50.640000 -7.20700e-05 -1.01548e-04 0.00000e+00
50.650000 -3.91919e-05 5.38144e-05 0.00000e+00
50.660000 -4.73813e-05 1.52367e-04 0.00000e+00
50.670000 -1.20391e-05 2.67649e-04 0.00000e+00
50.680000 -3.05468e-05 4.65630e-04 0.00000e+00
50.690000 -5.70287e-05 6.17180e-04 0.00000e+00
50.700000 -5.53637e-05 6.22140e-04 0.00000e+00
50.710000 -7.61214e-05 5.87410e-04 0.00000e+00
50.720000 -5.68410e-05 6.07663e-04 0.00000e+00
50.730000 -6.22854e-05 6.43119e-04 0.00000e+00
50.740000 -4.17278e-05 6.29786e-04 0.00000e+00
50.750000 -3.03059e-05 5.82687e-04 0.00000e+00
50.760000 -4.53048e-05 5.27784e-04 0.00000e+00
50.770000 -2.03606e-05 4.68182e-04 0.00000e+00
50.780000 -1.32735e-06 4.40538e-04 0.00000e+00
50.790000 7.83109e-06 4.67848e-04 0.00000e+00
50.800000 4.01141e-05 4.92058e-04 0.00000e+00
50.810000 4.28119e-05 3.57945e-04 0.00000e+00
50.820000 4.59534e-05 3.35505e-04 0.00000e+00
50.830000 4.08434e-05 3.82030e-04 0.00000e+00
50.840000 5.54545e-05 4.48996e-04 0.00000e+00
50.850000 3.95030e-05 5.21934e-04 0.00000e+00
50.860000 1.68692e-05 3.36374e-04 0.00000e+00
50.870000 2.34986e-05 1.59535e-04 0.00000e+00
50.880000 2.60388e-05 4.12751e-05 0.00000e+00
50.890000 3.50468e-05 -4.20045e-05 0.00000e+00
50.900000 2.83507e-05 -9.23773e-05 0.00000e+00
50.910000 2.99809e-05 -1.51333e-04 0.00000e+00
50.920000 2.71646e-05 -1.84802e-04 0.00000e+00
50.930000 2.63641e-05 -2.64987e-04 0.00000e+00
50.940000 2.42282e-05 -2.75223e-04 0.00000e+00
50.950000 2.26915e-05 -1.71718e-04 0.00000e+00
50.960000 2.22436e-05 -1.33956e-04 0.00000e+00
50.970000 8.91640e-06 -7.51002e-05 0.00000e+00
50.980000 1.26391e-05 2.55093e-05 0.00000e+00
50.990000 4.16379e-05 5.84374e-05 0.00000e+00
51.000000 1.95443e-05 3.75923e-05 0.00000e+00
51.010000 3.00901e-05 7.03001e-05 0.00000e+00
51.020000 2.02324e-06 7.33411e-05 0.00000e+00
51.030000 -2.93237e-06 -4.27025e-05 0.00000e+00
51.040000 2.00122e-05 -5.29068e-05 0.00000e+00
51.050000 2.62777e-05 -3.10772e-05 0.00000e+00
51.060000 2.36869e-05 -1.10483e-05 0.00000e+00
51.070000 2.59846e-05 -4.62632e-05 0.00000e+00
51.080000 2.19807e-05 -7.55654e-05 0.00000e+00
51.090000 3.14656e-05 -3.46819e-05 0.00000e+00
51.100000 4.00097e-05 -1.14007e-04 0.00000e+00
51.110000 4.12174e-05 -1.77504e-04 0.00000e+00
51.120000 2.90983e-05 -2.35550e-04 0.00000e+00
51.130000 1.13495e-05 -2.56289e-04 0.00000e+00
51.140000 1.71862e-05 -2.75774e-04 0.00000e+00
51.150000 1.06749e-05 -3.22225e-04 0.00000e+00
51.160000 -7.27684e-07 -1.97088e-04 0.00000e+00
51.170000 -2.48058e-06 -1.82763e-04 0.00000e+00
51.180000 4.05336e-06 -2.20155e-04 0.00000e+00
51.190000 -8.77842e-06 -2.23496e-04 0.00000e+00
51.200000 2.30345e-06 -3.50709e-04 0.00000e+00
51.210000 5.03527e-06 -3.22782e-04 0.00000e+00
51.220000 -1.82085e-05 -1.71605e-04 0.00000e+00
51.230000 -1.03329e-05 -1.55198e-04 0.00000e+00
51.240000 -3.00138e-05 -1.23827e-04 0.00000e+00
51.250000 -2.79147e-06 -6.99491e-05 0.00000e+00
51.260000 -3.03979e-05 1.88733e-05 0.00000e+00
51.270000 -3.59538e-05 1.60946e-04 0.00000e+00
51.280000 -1.09797e-05 2.22014e-04 0.00000e+00
51.290000 -1.70301e-05 2.66623e-04 0.00000e+00
51.300000 1.08099e-05 2.71080e-04 0.00000e+00
51.310000 -6.11196e-06 2.91848e-04 0.00000e+00
51.320000 9.07570e-06 3.28062e-04 0.00000e+00
51.330000 7.65135e-06 3.18624e-04 0.00000e+00
51.340000 -1.19233e-05 3.02990e-04 0.00000e+00
51.350000 1.70662e-05 3.84399e-04 0.00000e+00
51.360000 7.29890e-06 4.06737e-04 0.00000e+00
51.370000 1.29837e-05 4.11347e-04 0.00000e+00
51.380000 4.24807e-05 4.46808e-04 0.00000e+00
51.390000 3.20213e-05 3.23387e-04 0.00000e+00
51.400000 2.11388e-05 2.38763e-04 0.00000e+00
51.410000 5.18785e-05 2.14786e-04 0.00000e+00
51.420000 3.50011e-05 2.54536e-04 0.00000e+00
51.430000 5.55080e-05 2.52909e-04 0.00000e+00
51.440000 2.91761e-05 9.88058e-05 0.00000e+00
51.450000 3.69515e-05 8.13575e-05 0.00000e+00
51.460000 4.32341e-05 1.17577e-04 0.00000e+00
51.470000 4.02895e-05 1.24014e-04 0.00000e+00
51.480000 4.02379e-05 1.05122e-04 0.00000e+00
51.490000 4.07480e-05 5.43248e-05 0.00000e+00
51.500000 4.25343e-05 1.34787e-05 0.00000e+00
51.510000 4.42126e-05 -1.36603e-04 0.00000e+00
51.520000 4.94336e-05 -2.42300e-04 0.00000e+00
51.530000 1.87229e-05 -3.07704e-04 0.00000e+00
51.540000 3.29420e-05 -4.23275e-04 0.00000e+00
51.550000 9.23082e-06 -4.26425e-04 0.00000e+00
51.560000 2.28779e-05 -4.54352e-04 0.00000e+00
51.570000 3.99679e-05 -5.95905e-04 0.00000e+00
51.580000 4.14787e-05 -5.79034e-04 0.00000e+00
51.590000 2.95767e-05 -5.93193e-04 0.00000e+00
51.600000 1.29943e-05 -6.51660e-04 0.00000e+00
51.610000 4.49641e-06 -7.01939e-04 0.00000e+00
51.620000 1.71462e-05 -7.47395e-04 0.00000e+00
51.630000 -6.36242e-06 -6.84545e-04 0.00000e+00
51.640000 -2.15857e-05 -7.34149e-04 0.00000e+00
51.650000 -3.17746e-05 -7.74651e-04 0.00000e+00
51.660000 -4.81130e-05 -7.55726e-04 0.00000e+00
51.670000 -6.15043e-05 -6.91677e-04 0.00000e+00
51.680000 -7.08741e-05 -5.56921e-04 0.00000e+00
51.690000 -7.17658e-05 -4.62035e-04 0.00000e+00
51.700000 -7.23310e-05 -4.48792e-04 0.00000e+00
51.710000 -7.64419e-05 -3.87903e-04 0.00000e+00
51.720000 -7.28671e-05 -2.90913e-04 0.00000e+00
51.730000 -8.36783e-05 -1.68589e-04 0.00000e+00
51.740000 -7.49525e-05 6.55309e-05 0.00000e+00
51.750000 -6.81819e-05 3.24869e-04 0.00000e+00
51.760000 -8.83041e-05 5.31046e-04 0.00000e+00
51.770000 -6.62693e-05 6.64075e-04 0.00000e+00
51.780000 -6.63067e-05 7.73916e-04 0.00000e+00
51.790000 -4.85594e-05 9.26863e-04 0.00000e+00
51.800000 -6.04319e-05 1.04753e-03 0.00000e+00
51.810000 -5.85873e-05 1.06231e-03 0.00000e+00
51.820000 -1.89456e-05 1.13446e-03 0.00000e+00
51.830000 -1.25391e-05 1.16162e-03 0.00000e+00
51.840000 1.60272e-05 1.08819e-03 0.00000e+00
51.850000 1.37434e-05 9.89833e-04 0.00000e+00
51.860000 1.61989e-05 8.67294e-04 0.00000e+00
51.870000 4.22818e-05 8.30178e-04 0.00000e+00
51.880000 5.80784e-05 7.23959e-04 0.00000e+00
51.890000 7.52549e-05 5.45889e-04 0.00000e+00
51.900000 8.48077e-05 3.95196e-04 0.00000e+00
51.910000 9.10328e-05 2.62109e-04 0.00000e+00
51.920000 9.37579e-05 9.80369e-05 0.00000e+00
51.930000 8.10620e-05 -1.57882e-04 0.00000e+00
51.940000 7.49623e-05 -3.58464e-04 0.00000e+00
51.950000 6.63626e-05 -4.84424e-04 0.00000e+00
51.960000 6.11247e-05 -6.03757e-04 0.00000e+00
51.970000 5.32038e-05 -7.64136e-04 0.00000e+00
51.980000 4.06571e-05 -9.50992e-04 0.00000e+00
51.990000 4.08037e-05 -9.94764e-04 0.00000e+00
52.000000 -3.98465e-06 -1.00684e-03 0.00000e+00
52.010000 -5.97093e-06 -1.05531e-03 0.00000e+00
52.020000 -2.63664e-05 -1.07889e-03 0.00000e+00
52.030000 -2.43615e-05 -1.16159e-03 0.00000e+00
52.040000 -3.02516e-05 -1.11627e-03 0.00000e+00
52.050000 -6.89724e-05 -9.42114e-04 0.00000e+00
52.060000 -5.79802e-05 -7.70414e-04 0.00000e+00
52.070000 -6.35726e-05 -5.75818e-04 0.00000e+00
52.080000 -7.51876e-05 -3.74610e-04 0.00000e+00
52.090000 -9.18602e-05 -1.16729e-04 0.00000e+00
52.100000 -7.32544e-05 1.20362e-04 0.00000e+00
52.110000 -7.25843e-05 2.11769e-04 0.00000e+00
52.120000 -6.17519e-05 3.16308e-04 0.00000e+00
52.130000 -7.05421e-05 4.44149e-04 0.00000e+00
52.140000 -6.10314e-05 5.85344e-04 0.00000e+00
52.150000 -5.70069e-05 7.54405e-04 0.00000e+00
52.160000 -4.77780e-05 8.37929e-04 0.00000e+00
52.170000 -5.15723e-05 8.01875e-04 0.00000e+00
52.180000 -3.74075e-05 7.41296e-04 0.00000e+00
52.190000 -1.65195e-05 7.43398e-04 0.00000e+00
52.200000 -3.06551e-06 7.41759e-04 0.00000e+00
52.210000 3.59925e-05 7.19511e-04 0.00000e+00
52.220000 3.55407e-05 6.08035e-04 0.00000e+00
52.230000 4.48487e-05 5.62202e-04 0.00000e+00
52.240000 5.10595e-05 5.52574e-04 0.00000e+00
52.250000 5.64803e-05 4.25718e-04 0.00000e+00
52.260000 5.82521e-05 2.51775e-04 0.00000e+00
52.270000 3.27728e-05 1.80985e-04 0.00000e+00
52.280000 1.74546e-05 1.49115e-04 0.00000e+00
52.290000 4.43679e-05 3.37075e-05 0.00000e+00
52.300000 2.68154e-05 -1.02051e-04 0.00000e+00
52.310000 4.18615e-05 -2.46180e-04 0.00000e+00
52.320000 1.37043e-05 -3.65503e-04 0.00000e+00
52.330000 -3.61125e-06 -4.83275e-04 0.00000e+00
52.340000 4.85912e-06 -6.62377e-04 0.00000e+00
52.350000 3.61532e-06 -8.09407e-04 0.00000e+00
52.360000 1.06153e-05 -8.07378e-04 0.00000e+00
52.370000 -6.02574e-06 -8.03625e-04 0.00000e+00
52.380000 -3.00649e-06 -7.21857e-04 0.00000e+00
52.390000 -6.13571e-07 -5.84286e-04 0.00000e+00
52.400000 -4.13182e-06 -5.24775e-04 0.00000e+00
52.410000 -3.16296e-05 -4.43286e-04 0.00000e+00
52.420000 -3.17724e-05 -4.06098e-04 0.00000e+00
52.430000 -3.45884e-05 -3.37479e-04 0.00000e+00
52.440000 -3.21320e-05 -3.24292e-04 0.00000e+00
52.450000 -6.17648e-05 -4.13572e-04 0.00000e+00
52.460000 -6.69343e-05 -2.71122e-04 0.00000e+00
52.470000 -6.73118e-05 -1.45734e-04 0.00000e+00
52.480000 -7.21237e-05 -6.99439e-05 0.00000e+00
52.490000 -7.06527e-05 1.76517e-05 0.00000e+00
52.500000 -7.24435e-05 -2.74399e-05 0.00000e+00
52.510000 -6.73303e-05 -1.95966e-06 0.00000e+00
52.520000 -4.02819e-05 9.46530e-05 0.00000e+00
52.530000 -3.32849e-05 2.14229e-04 0.00000e+00
52.540000 -3.93738e-05 2.74881e-04 0.00000e+00
52.550000 -2.19806e-05 3.60978e-04 0.00000e+00
52.560000 -3.00518e-05 5.29625e-04 0.00000e+00
52.570000 -3.91809e-05 6.26642e-04 0.00000e+00
52.580000 -3.49821e-05 5.49700e-04 0.00000e+00
52.590000 -4.28706e-05 4.91039e-04 0.00000e+00
52.600000 -1.27315e-05 4.89426e-04 0.00000e+00
52.610000 -2.91705e-05 4.91974e-04 0.00000e+00
52.620000 -3.71798e-07 4.75133e-04 0.00000e+00
52.630000 1.42473e-05 3.74913e-04 0.00000e+00
52.640000 -1.06775e-05 3.59423e-04 0.00000e+00
52.650000 1.17038e-05 2.97522e-04 0.00000e+00
52.660000 1.32888e-06 2.23550e-04 0.00000e+00
52.670000 7.42327e-06 1.43903e-04 0.00000e+00
52.680000 2.06789e-05 -2.06277e-06 0.00000e+00
52.690000 2.84621e-05 1.63068e-05 0.00000e+00
52.700000 2.78688e-05 1.25041e-04 0.00000e+00
52.710000 2.51754e-05 1.68376e-04 0.00000e+00
52.720000 3.59595e-05 2.13522e-04 0.00000e+00
52.730000 1.26518e-05 2.62002e-04 0.00000e+00
52.740000 -5.52205e-06 2.38706e-04 0.00000e+00
52.750000 -1.10416e-05 1.72533e-04 0.00000e+00
52.760000 1.68499e-05 8.90508e-05 0.00000e+00
52.770000 2.30821e-06 8.67044e-05 0.00000e+00
52.780000 2.59800e-05 6.45422e-05 0.00000e+00
52.790000 1.29062e-05 5.57057e-05 0.00000e+00
52.800000 1.27281e-05 1.38956e-04 0.00000e+00
52.810000 1.88276e-05 3.53005e-05 0.00000e+00
52.820000 -7.24922e-07 -3.16596e-05 0.00000e+00
52.830000 2.17106e-05 -1.92883e-05 0.00000e+00
52.840000 7.32966e-06 -7.90665e-05 0.00000e+00
52.850000 3.51582e-05 -8.13789e-05 0.00000e+00
52.860000 6.22471e-05 -2.44176e-05 0.00000e+00
52.870000 5.46117e-05 -5.29530e-05 0.00000e+00
52.880000 4.83052e-05 -8.78460e-05 0.00000e+00
52.890000 3.51588e-05 -6.81414e-05 0.00000e+00
52.900000 3.26135e-05 -1.29660e-04 0.00000e+00
52.910000 1.11289e-05 -2.80814e-04 0.00000e+00
52.920000 5.31168e-06 -4.36739e-04 0.00000e+00
52.930000 6.92662e-06 -3.73135e-04 0.00000e+00
52.940000 7.43797e-06 -3.42161e-04 0.00000e+00
52.950000 -2.45337e-06 -3.02650e-04 0.00000e+00
52.960000 4.84054e-07 -2.10666e-04 0.00000e+00
52.970000 -1.69026e-05 -2.61647e-04 0.00000e+00
52.980000 -2.32428e-05 -3.19878e-04 0.00000e+00
52.990000 -3.75850e-06 -4.23759e-04 0.00000e+00
53.000000 -1.80441e-05 -4.57432e-04 0.00000e+00
53.010000 -2.06810e-05 -4.41599e-04 0.00000e+00
53.020000 -1.83701e-05 -3.47702e-04 0.00000e+00
53.030000 -2.11734e-05 -1.01066e-04 0.00000e+00
53.040000 -4.10657e-05 9.19744e-05 0.00000e+00
53.050000 -1.46151e-05 1.23919e-04 0.00000e+00
53.060000 -3.83477e-05 1.02186e-04 0.00000e+00
53.070000 -2.43896e-05 1.38931e-04 0.00000e+00
53.080000 -2.99542e-05 1.18206e-04 0.00000e+00
53.090000 -5.60498e-06 -7.23145e-06 0.00000e+00
53.100000 8.37466e-06 -7.98807e-05 0.00000e+00
53.110000 -1.99129e-05 -4.08333e-05 0.00000e+00
53.120000 2.66228e-06 -8.32349e-06 0.00000e+00
53.130000 -3.26291e-05 2.92133e-05 0.00000e+00
53.140000 -3.64982e-05 7.19018e-05 0.00000e+00
53.150000 -3.38239e-05 4.05029e-05 0.00000e+00
53.160000 -1.12235e-05 1.04296e-04 0.00000e+00
53.170000 2.07747e-06 2.33038e-04 0.00000e+00
53.180000 1.65009e-05 2.57798e-04 0.00000e+00
53.190000 2.01656e-05 2.96883e-04 0.00000e+00
53.200000 8.16767e-06 3.30659e-04 0.00000e+00
53.210000 -1.34059e-05 2.43423e-04 0.00000e+00
53.220000 -3.46831e-05 2.83956e-04 0.00000e+00
53.230000 -1.84272e-05 3.66901e-04 0.00000e+00
53.240000 -2.14081e-05 3.82646e-04 0.00000e+00
53.250000 -3.14105e-05 4.26093e-04 0.00000e+00
53.260000 -2.17037e-05 4.86883e-04 0.00000e+00
53.270000 1.42107e-05 5.77557e-04 0.00000e+00
53.280000 3.27145e-05 5.26993e-04 0.00000e+00
53.290000 3.27719e-05 5.48588e-04 0.00000e+00
53.300000 4.53719e-05 5.25609e-04 0.00000e+00
53.310000 4.56477e-05 3.52244e-04 0.00000e+00
53.320000 4.56898e-05 2.30434e-04 0.00000e+00
53.330000 6.68648e-05 1.26799e-04 0.00000e+00
53.340000 6.09103e-05 4.15033e-05 0.00000e+00
53.350000 4.29314e-05 4.03963e-05 0.00000e+00
53.360000 5.50414e-05 4.76928e-05 0.00000e+00
53.370000 4.12875e-05 -8.68245e-05 0.00000e+00
53.380000 5.28235e-05 -2.94840e-04 0.00000e+00
53.390000 7.13737e-05 -5.48575e-04 0.00000e+00
53.400000 5.18363e-05 -7.03310e-04 0.00000e+00
53.410000 4.08469e-05 -8.78427e-04 0.00000e+00
53.420000 2.89608e-05 -1.13153e-03 0.00000e+00
53.430000 1.38822e-05 -1.33585e-03 0.00000e+00
53.440000 -1.52313e-06 -1.37741e-03 0.00000e+00
53.450000 -1.14894e-05 -1.27665e-03 0.00000e+00
53.460000 -1.61745e-05 -1.24896e-03 0.00000e+00
53.470000 -6.29253e-05 -1.22596e-03 0.00000e+00
53.480000 -7.06538e-05 -1.19346e-03 0.00000e+00
53.490000 -9.17764e-05 -1.19691e-03 0.00000e+00
53.500000 -9.75486e-05 -1.08187e-03 0.00000e+00
53.510000 -1.00292e-04 -9.19758e-04 0.00000e+00
53.520000 -9.33625e-05 -9.58459e-04 0.00000e+00
53.530000 -1.35639e-04 -9.10133e-04 0.00000e+00
53.540000 -1.43911e-04 -7.98978e-04 0.00000e+00
53.550000 -1.49616e-04 -6.96151e-04 0.00000e+00
53.560000 -1.53132e-04 -4.08129e-04 0.00000e+00
53.570000 -1.55070e-04 -2.24367e-04 0.00000e+00
53.580000 -1.72720e-04 -1.63022e-04 0.00000e+00
53.590000 -1.42255e-04 -8.17029e-06 0.00000e+00
53.600000 -1.38928e-04 1.49740e-04 0.00000e+00
53.610000 -1.06672e-04 2.88249e-04 0.00000e+00
53.620000 -1.14689e-04 4.47519e-04 0.00000e+00
53.630000 -1.20308e-04 6.08112e-04 0.00000e+00
53.640000 -1.17782e-04 6.80082e-04 0.00000e+00
53.650000 -1.17857e-04 6.96221e-04 0.00000e+00
53.660000 -1.09217e-04 7.27070e-04 0.00000e+00
53.670000 -9.34806e-05 7.39625e-04 0.00000e+00
53.680000 -1.07201e-04 8.36323e-04 0.00000e+00
53.690000 -1.11210e-04 1.01921e-03 0.00000e+00
53.700000 -6.29828e-05 9.98605e-04 0.00000e+00
53.710000 -7.79088e-05 8.71767e-04 0.00000e+00
53.720000 -4.43420e-05 8.28606e-04 0.00000e+00
53.730000 -4.57656e-05 7.73911e-04 0.00000e+00
53.740000 -5.57082e-05 7.31015e-04 0.00000e+00
53.750000 -3.17689e-05 6.01817e-04 0.00000e+00
53.760000 -6.68498e-06 5.40921e-04 0.00000e+00
53.770000 -1.43994e-05 5.49367e-04 0.00000e+00
53.780000 3.48610e-06 5.84134e-04 0.00000e+00
53.790000 -2.99278e-06 6.35308e-04 0.00000e+00
53.800000 4.39817e-06 5.86435e-04 0.00000e+00
53.810000 3.09951e-06 5.18836e-04 0.00000e+00
53.820000 5.83064e-06 4.69991e-04 0.00000e+00
53.830000 1.23651e-05 4.17735e-04 0.00000e+00
53.840000 2.34209e-05 3.70376e-04 0.00000e+00
53.850000 3.49454e-05 2.23509e-04 0.00000e+00
53.860000 1.89476e-05 1.13769e-06 0.00000e+00
53.870000 -8.19253e-06 3.81329e-05 0.00000e+00
53.880000 1.61886e-05 1.27043e-04 0.00000e+00
53.890000 9.01372e-06 1.52546e-04 0.00000e+00
53.900000 2.01143e-05 2.05390e-04 0.00000e+00
53.910000 1.60538e-05 1.46979e-04 0.00000e+00
53.920000 1.86615e-05 1.62640e-04 0.00000e+00
53.930000 3.35643e-05 2.25340e-04 0.00000e+00
53.940000 3.45757e-05 2.05207e-04 0.00000e+00
53.950000 4.22581e-05 1.95552e-04 0.00000e+00
53.960000 3.87522e-05 1.56758e-04 0.00000e+00
53.970000 2.94697e-05 1.52689e-04 0.00000e+00
53.980000 2.78299e-05 1.89709e-04 0.00000e+00
53.990000 2.90136e-05 1.43676e-04 0.00000e+00
54.000000 1.78746e-05 8.30254e-05 0.00000e+00
54.010000 2.12009e-05 6.51499e-05 0.00000e+00
54.020000 2.36791e-05 3.28583e-05 0.00000e+00
54.030000 5.62412e-05 -7.51591e-05 0.00000e+00
54.040000 8.01386e-05 -2.47796e-04 0.00000e+00
54.050000 6.13475e-05 -2.62134e-04 0.00000e+00
54.060000 5.30661e-05 -2.52115e-04 0.00000e+00
54.070000 4.61983e-05 -2.75438e-04 0.00000e+00
54.080000 3.81035e-05 -2.95641e-04 0.00000e+00
54.090000 3.57276e-05 -3.89826e-04 0.00000e+00
54.100000 1.08766e-05 -3.90682e-04 0.00000e+00
54.110000 2.28310e-05 -3.50394e-04 0.00000e+00
54.120000 1.11362e-05 -3.34429e-04 0.00000e+00
54.130000 1.26536e-05 -3.56608e-04 0.00000e+00
54.140000 1.76677e-05 -3.75800e-04 0.00000e+00
54.150000 -8.14475e-06 -3.66505e-04 0.00000e+00
54.160000 -2.51489e-05 -3.59586e-04 0.00000e+00
54.170000 -2.37509e-05 -3.95767e-04 0.00000e+00
54.180000 -2.60413e-05 -4.56922e-04 0.00000e+00
54.190000 -3.25771e-05 -4.52147e-04 0.00000e+00
54.200000 -1.57522e-05 -2.84477e-04 0.00000e+00
54.210000 -4.53298e-06 -1.98348e-05 0.00000e+00
54.220000 4.89736e-06 1.34452e-04 0.00000e+00
54.230000 -2.27938e-05 1.42209e-04 0.00000e+00
54.240000 -6.39976e-06 1.91630e-04 0.00000e+00
54.250000 -3.07934e-05 2.22033e-04 0.00000e+00
54.260000 -1.20312e-05 2.02584e-04 0.00000e+00
54.270000 -5.84928e-06 1.89673e-04 0.00000e+00
54.280000 -3.41575e-06 2.77163e-04 0.00000e+00
54.290000 -1.17359e-05 4.21382e-04 0.00000e+00
54.300000 -8.90565e-07 4.76365e-04 0.00000e+00
54.310000 1.07688e-05 5.73804e-04 0.00000e+00
54.320000 7.60577e-06 5.79804e-04 0.00000e+00
54.330000 5.89996e-06 4.41777e-04 0.00000e+00
54.340000 1.35492e-05 3.50066e-04 0.00000e+00
54.350000 2.49794e-05 3.70843e-04 0.00000e+00
54.360000 5.21392e-05 3.52252e-04 0.00000e+00
54.370000 5.56055e-05 3.83592e-04 0.00000e+00
54.380000 4.46795e-05 5.09414e-04 0.00000e+00
54.390000 3.30950e-05 5.52348e-04 0.00000e+00
54.400000 2.57033e-05 4.05690e-04 0.00000e+00
54.410000 4.73090e-05 2.85499e-04 0.00000e+00
54.420000 2.98334e-05 2.07965e-04 0.00000e+00
54.430000 5.87162e-05 9.25534e-05 0.00000e+00
54.440000 7.28614e-05 1.09461e-05 0.00000e+00
54.450000 8.56035e-05 -1.45068e-04 0.00000e+00
54.460000 6.24232e-05 -2.90174e-04 0.00000e+00
54.470000 5.21728e-05 -3.46727e-04 0.00000e+00
54.480000 5.07256e-05 -3.36676e-04 0.00000e+00
54.490000 3.10644e-05 -3.72364e-04 0.00000e+00
54.500000 3.67624e-05 -4.55905e-04 0.00000e+00
54.510000 5.28738e-05 -5.38096e-04 0.00000e+00
54.520000 6.05187e-05 -5.71034e-04 0.00000e+00
54.530000 3.51519e-05 -5.18893e-04 0.00000e+00
54.540000 4.45509e-05 -4.82810e-04 0.00000e+00
54.550000 6.85552e-06 -5.30594e-04 0.00000e+00
54.560000 -1.89436e-05 -6.26786e-04 0.00000e+00
54.570000 -3.36643e-05 -7.49861e-04 0.00000e+00
54.580000 -1.45523e-05 -7.84273e-04 0.00000e+00
54.590000 -3.83051e-05 -8.15131e-04 0.00000e+00
54.600000 -4.26534e-05 -8.00041e-04 0.00000e+00
54.610000 -5.39519e-05 -6.57604e-04 0.00000e+00
54.620000 -4.18647e-05 -5.11703e-04 0.00000e+00
54.630000 -2.47502e-05 -4.52749e-04 0.00000e+00
54.640000 -2.42369e-05 -5.14048e-04 0.00000e+00
54.650000 -3.91727e-05 -5.33641e-04 0.00000e+00
54.660000 -5.09773e-05 -5.97881e-04 0.00000e+00
54.670000 -5.93934e-05 -6.37788e-04 0.00000e+00
54.680000 -6.46206e-05 -4.68601e-04 0.00000e+00
54.690000 -6.28997e-05 -2.48390e-04 0.00000e+00
54.700000 -7.36221e-05 -1.97217e-04 0.00000e+00
54.710000 -8.51758e-05 -1.55277e-04 0.00000e+00
54.720000 -8.79616e-05 -1.50806e-04 0.00000e+00
54.730000 -9.42536e-05 -2.81392e-04 0.00000e+00
54.740000 -9.10892e-05 -3.26006e-04 0.00000e+00
54.750000 -8.16841e-05 -1.95916e-04 0.00000e+00
54.760000 -7.99076e-05 -1.27713e-04 0.00000e+00
54.770000 -7.29859e-05 -1.46061e-04 0.00000e+00
54.780000 -7.77045e-05 -1.10014e-04 0.00000e+00
54.790000 -8.83540e-05 2.57568e-06 0.00000e+00
54.800000 -1.01627e-04 2.80093e-04 0.00000e+00
54.810000 -1.07476e-04 5.40602e-04 0.00000e+00
54.820000 -8.95100e-05 6.35724e-04 0.00000e+00
54.830000 -9.00898e-05 6.96677e-04 0.00000e+00
54.840000 -5.33263e-05 8.03643e-04 0.00000e+00
54.850000 -4.82611e-05 8.76954e-04 0.00000e+00
54.860000 -6.42471e-05 9.47142e-04 0.00000e+00
54.870000 -7.66850e-05 9.16498e-04 0.00000e+00
54.880000 -5.34163e-05 8.53107e-04 0.00000e+00
54.890000 -5.65447e-05 8.12051e-04 0.00000e+00
54.900000 -2.44980e-05 7.40630e-04 0.00000e+00
54.910000 1.09827e-06 6.64749e-04 0.00000e+00
54.920000 1.56206e-05 6.23574e-04 0.00000e+00
54.930000 5.29953e-06 6.56659e-04 0.00000e+00
54.940000 4.27281e-05 6.56732e-04 0.00000e+00
54.950000 5.34074e-05 6.53523e-04 0.00000e+00
54.960000 8.13451e-05 6.00646e-04 0.00000e+00
54.970000 7.58378e-05 4.33536e-04 0.00000e+00
54.980000 5.55171e-05 2.64330e-04 0.00000e+00
54.990000 4.11465e-05 2.13999e-04 0.00000e+00
55.000000 5.89785e-05 1.70152e-04 0.00000e+00
55.010000 3.99139e-05 1.99900e-04 0.00000e+00
55.020000 2.87473e-05 3.09386e-04 0.00000e+00
55.030000 1.64872e-05 2.41355e-04 0.00000e+00
55.040000 5.01076e-06 6.22721e-05 0.00000e+00
55.050000 2.79899e-05 -4.56053e-05 0.00000e+00
55.060000 1.41267e-05 -1.63042e-04 0.00000e+00
55.070000 2.74546e-05 -2.19147e-04 0.00000e+00
55.080000 2.79845e-05 -1.27347e-04 0.00000e+00
55.090000 4.87245e-05 -9.88221e-05 0.00000e+00
55.100000 5.24777e-05 -1.79281e-04 0.00000e+00
55.110000 3.83955e-05 -1.63126e-04 0.00000e+00
55.120000 5.21553e-05 -1.08011e-04 0.00000e+00
55.130000 2.93623e-05 -1.97171e-05 0.00000e+00
55.140000 3.98652e-05 1.23919e-04 0.00000e+00
55.150000 5.36976e-05 1.08595e-04 0.00000e+00
55.160000 6.64892e-05 2.63580e-05 0.00000e+00
55.170000 5.40216e-05 3.30000e-05 0.00000e+00
55.180000 6.84414e-05 -4.52926e-06 0.00000e+00
55.190000 4.19787e-05 -1.31940e-04 0.00000e+00
55.200000 2.40827e-05 -2.00667e-04 0.00000e+00
55.210000 1.91591e-05 -2.82057e-04 0.00000e+00
55.220000 2.37479e-05 -2.56897e-04 0.00000e+00
55.230000 1.96545e-05 -1.94960e-04 0.00000e+00
55.240000 4.22641e-05 -1.31375e-04 0.00000e+00
55.250000 2.63222e-05 -8.55509e-05 0.00000e+00
55.260000 1.63299e-05 -6.16258e-06 0.00000e+00
55.270000 2.04562e-05 1.58744e-04 0.00000e+00
55.280000 3.24210e-05 2.00486e-04 0.00000e+00
55.290000 2.10339e-05 3.20157e-04 0.00000e+00
55.300000 4.90112e-05 4.41738e-04 0.00000e+00
55.310000 2.90224e-05 4.92186e-04 0.00000e+00
55.320000 2.21076e-05 6.32830e-04 0.00000e+00
55.330000 2.41636e-05 7.84653e-04 0.00000e+00
55.340000 3.29935e-05 8.27795e-04 0.00000e+00
55.350000 3.07483e-05 9.02354e-04 0.00000e+00
55.360000 6.11813e-05 9.45448e-04 0.00000e+00
55.370000 7.78905e-05 7.80744e-04 0.00000e+00
55.380000 8.99901e-05 5.94018e-04 0.00000e+00
55.390000 1.12580e-04 4.50830e-04 0.00000e+00
55.400000 1.14307e-04 3.15888e-04 0.00000e+00
55.410000 1.22076e-04 2.81791e-04 0.00000e+00
55.420000 1.12552e-04 1.72175e-04 0.00000e+00
55.430000 1.44653e-04 -8.35942e-05 0.00000e+00
55.440000 1.35141e-04 -2.73511e-04 0.00000e+00
55.450000 1.36080e-04 -4.16725e-04 0.00000e+00
55.460000 1.48719e-04 -5.87369e-04 0.00000e+00
55.470000 1.18335e-04 -7.23885e-04 0.00000e+00
55.480000 1.09015e-04 -8.80418e-04 0.00000e+00
55.490000 9.37622e-05 -1.17265e-03 0.00000e+00
55.500000 6.97906e-05 -1.47082e-03 0.00000e+00
55.510000 4.52927e-05 -1.68552e-03 0.00000e+00
55.520000 3.78026e-05 -1.82405e-03 0.00000e+00
55.530000 -1.12658e-05 -1.80664e-03 0.00000e+00
55.540000 -3.66929e-05 -1.71505e-03 0.00000e+00
55.550000 -4.23461e-05 -1.68274e-03 0.00000e+00
55.560000 -4.94684e-05 -1.59797e-03 0.00000e+00
55.570000 -5.79161e-05 -1.49223e-03 0.00000e+00
55.580000 -7.08077e-05 -1.44818e-03 0.00000e+00
55.590000 -1.13324e-04 -1.42562e-03 0.00000e+00
55.600000 -1.08810e-04 -1.26847e-03 0.00000e+00
55.610000 -1.20752e-04 -1.03754e-03 0.00000e+00
55.620000 -1.30954e-04 -8.08114e-04 0.00000e+00
55.630000 -1.42680e-04 -4.89654e-04 0.00000e+00
55.640000 -1.54487e-04 -3.06988e-04 0.00000e+00
55.650000 -1.64276e-04 -2.14398e-04 0.00000e+00
55.660000 -1.71030e-04 -3.80316e-05 0.00000e+00
55.670000 -1.49062e-04 1.35713e-04 0.00000e+00
55.680000 -1.20103e-04 2.95673e-04 0.00000e+00
55.690000 -1.00971e-04 4.60149e-04 0.00000e+00
55.700000 -9.40217e-05 5.11596e-04 0.00000e+00
55.710000 -1.14538e-04 4.38088e-04 0.00000e+00
55.720000 -1.11847e-04 5.04349e-04 0.00000e+00
55.730000 -1.08145e-04 6.78525e-04 0.00000e+00
55.740000 -1.06917e-04 8.14254e-04 0.00000e+00
55.750000 -1.07298e-04 8.75266e-04 0.00000e+00
55.760000 -7.58246e-05 8.26318e-04 0.00000e+00
55.770000 -5.81902e-05 8.74488e-04 0.00000e+00
55.780000 -4.42696e-05 9.73331e-04 0.00000e+00
55.790000 -4.16743e-05 9.87375e-04 0.00000e+00
55.800000 -4.85425e-05 9.86911e-04 0.00000e+00
55.810000 -6.19103e-05 9.28982e-04 0.00000e+00
55.820000 -3.19306e-05 8.59591e-04 0.00000e+00
55.830000 -1.94731e-05 7.38087e-04 0.00000e+00
55.840000 -8.36674e-06 7.20793e-04 0.00000e+00
55.850000 -9.96890e-06 8.98100e-04 0.00000e+00
55.860000 -1.01395e-05 1.04207e-03 0.00000e+00
55.870000 -6.32564e-06 1.07162e-03 0.00000e+00
55.880000 1.42690e-05 9.48919e-04 0.00000e+00
55.890000 5.13212e-05 8.45554e-04 0.00000e+00
55.900000 4.65685e-05 7.74553e-04 0.00000e+00
55.910000 4.68162e-05 6.54342e-04 0.00000e+00
55.920000 4.98531e-05 5.48039e-04 0.00000e+00
55.930000 7.47995e-05 4.74532e-04 0.00000e+00
55.940000 8.92111e-05 4.55484e-04 0.00000e+00
55.950000 7.30149e-05 4.75102e-04 0.00000e+00
55.960000 8.03269e-05 4.21574e-04 0.00000e+00
55.970000 7.76356e-05 2.43668e-04 0.00000e+00
55.980000 7.94955e-05 5.91318e-05 0.00000e+00
55.990000 8.99727e-05 8.99318e-06 0.00000e+00
56.000000 8.80480e-05 -8.38214e-06 0.00000e+00
56.010000 1.19640e-04 -6.96569e-05 0.00000e+00
56.020000 9.78335e-05 -1.68380e-04 0.00000e+00
56.030000 7.00761e-05 -3.37082e-04 0.00000e+00
56.040000 5.46584e-05 -4.49112e-04 0.00000e+00
56.050000 5.44136e-05 -4.88280e-04 0.00000e+00
56.060000 6.60513e-05 -4.11954e-04 0.00000e+00
56.070000 4.27528e-05 -3.75620e-04 0.00000e+00
56.080000 5.30518e-05 -4.82071e-04 0.00000e+00
56.090000 4.61872e-05 -5.62089e-04 0.00000e+00
56.100000 4.03648e-05 -4.88567e-04 0.00000e+00
56.110000 4.64537e-05 -3.19837e-04 0.00000e+00
56.120000 4.05146e-05 -2.92354e-04 0.00000e+00
56.130000 1.45093e-05 -2.64777e-04 0.00000e+00
56.140000 2.49030e-05 -1.65465e-04 0.00000e+00
56.150000 3.62565e-05 -1.40869e-04 0.00000e+00
56.160000 3.18989e-05 -1.45626e-04 0.00000e+00
56.170000 1.20233e-05 -1.25242e-04 0.00000e+00
56.180000 1.92368e-05 9.87186e-06 0.00000e+00
56.190000 6.22282e-06 1.18066e-04 0.00000e+00
56.200000 1.98015e-05 8.16763e-05 0.00000e+00
56.210000 3.20290e-05 2.36585e-05 0.00000e+00
56.220000 2.88431e-05 -3.02348e-05 0.00000e+00
56.230000 3.21425e-05 1.93136e-05 0.00000e+00
56.240000 1.80158e-05 -6.53123e-06 0.00000e+00
56.250000 2.49565e-05 -4.98516e-05 0.00000e+00
56.260000 4.82344e-05 -1.30898e-05 0.00000e+00
56.270000 6.01883e-05 -8.92147e-05 0.00000e+00
56.280000 4.60468e-05 -1.38843e-04 0.00000e+00
56.290000 3.06719e-05 -1.58129e-04 0.00000e+00
56.300000 4.28806e-05 -2.73130e-04 0.00000e+00
56.310000 1.80407e-05 -3.28184e-04 0.00000e+00
56.320000 4.14337e-06 -2.43314e-04 0.00000e+00
56.330000 3.62324e-06 -2.36372e-04 0.00000e+00
56.340000 2.08724e-05 -3.58305e-04 0.00000e+00
56.350000 1.41266e-05 -4.76456e-04 0.00000e+00
56.360000 6.60728e-06 -5.56659e-04 0.00000e+00
56.370000 -3.43894e-06 -5.90177e-04 0.00000e+00
56.380000 -1.04824e-05 -5.58460e-04 0.00000e+00
56.390000 -1.90005e-05 -5.53951e-04 0.00000e+00
56.400000 -8.18497e-06 -5.92513e-04 0.00000e+00
56.410000 -3.83448e-05 -6.03734e-04 0.00000e+00
56.420000 -1.70157e-05 -5.45558e-04 0.00000e+00
56.430000 -4.32111e-05 -3.91812e-04 0.00000e+00
56.440000 -4.61783e-05 -1.83500e-04 0.00000e+00
56.450000 -3.78814e-05 -3.34835e-05 0.00000e+00
56.460000 -3.71064e-05 5.32133e-05 0.00000e+00
56.470000 -3.91776e-05 2.17311e-04 0.00000e+00
56.480000 -2.67753e-05 3.36518e-04 0.00000e+00
56.490000 -4.43192e-05 3.31275e-04 0.00000e+00
56.500000 -6.24623e-05 3.65893e-04 0.00000e+00
56.510000 -5.90374e-05 4.97651e-04 0.00000e+00
56.520000 -4.81888e-05 5.46981e-04 0.00000e+00
56.530000 -3.18375e-05 5.63687e-04 0.00000e+00
56.540000 -2.54021e-05 5.83793e-04 0.00000e+00
56.550000 -1.85707e-05 5.29415e-04 0.00000e+00
56.560000 -7.81732e-06 4.99581e-04 0.00000e+00
56.570000 7.23700e-06 5.17105e-04 0.00000e+00
56.580000 4.20579e-05 4.48096e-04 0.00000e+00
56.590000 4.45816e-05 3.93767e-04 0.00000e+00
56.600000 5.49035e-05 3.60595e-04 0.00000e+00
56.610000 5.64663e-05 1.97247e-04 0.00000e+00
56.620000 5.72525e-05 5.32078e-05 0.00000e+00
56.630000 5.28036e-05 1.19307e-05 0.00000e+00
56.640000 4.93584e-05 -2.74248e-06 0.00000e+00
56.650000 2.53476e-05 -2.75808e-05 0.00000e+00
56.660000 2.33515e-05 -1.32268e-04 0.00000e+00
56.670000 1.91583e-05 -3.57096e-04 0.00000e+00
56.680000 1.27593e-05 -4.91777e-04 0.00000e+00
56.690000 -1.11266e-05 -5.35908e-04 0.00000e+00
56.700000 1.46025e-05 -5.30640e-04 0.00000e+00
56.710000 -1.99685e-05 -5.42242e-04 0.00000e+00
56.720000 -7.63249e-06 -5.60151e-04 0.00000e+00
56.730000 -1.39886e-05 -5.15815e-04 0.00000e+00
56.740000 -1.63980e-05 -4.46601e-04 0.00000e+00
56.750000 -3.25754e-05 -2.83048e-04 0.00000e+00
56.760000 -2.20936e-05 -1.57660e-04 0.00000e+00
56.770000 -4.03394e-05 -9.72748e-05 0.00000e+00
56.780000 -4.13610e-05 1.17359e-05 0.00000e+00
56.790000 -2.93071e-05 1.39235e-04 0.00000e+00
56.800000 -1.18714e-06 3.00872e-04 0.00000e+00
56.810000 -2.55320e-05 4.13349e-04 0.00000e+00
56.820000 -2.22278e-05 4.15811e-04 0.00000e+00
56.830000 -3.35502e-05 4.29696e-04 0.00000e+00
56.840000 -7.18768e-06 4.65000e-04 0.00000e+00
56.850000 8.35217e-06 4.49875e-04 0.00000e+00
56.860000 1.40066e-05 4.13644e-04 0.00000e+00
56.870000 1.87106e-05 5.24252e-04 0.00000e+00
56.880000 2.04337e-05 5.69431e-04 0.00000e+00
56.890000 3.72535e-05 5.53003e-04 0.00000e+00
56.900000 4.12258e-05 5.76240e-04 0.00000e+00
56.910000 3.91773e-05 5.02095e-04 0.00000e+00
56.920000 4.51182e-05 4.68071e-04 0.00000e+00
56.930000 3.24466e-05 5.02931e-04 0.00000e+00
56.940000 5.60607e-05 4.91944e-04 0.00000e+00
56.950000 6.18140e-05 4.08895e-04 0.00000e+00
56.960000 7.15539e-05 3.77534e-04 0.00000e+00
56.970000 6.32924e-05 4.75485e-04 0.00000e+00
56.980000 4.74764e-05 5.21693e-04 0.00000e+00
56.990000 5.08991e-05 4.32409e-04 0.00000e+00
57.000000 6.17476e-05 3.03877e-04 0.00000e+00
57.010000 5.58474e-05 2.67279e-04 0.00000e+00
57.020000 7.32400e-05 3.06108e-04 0.00000e+00
57.030000 8.88064e-05 2.15831e-04 0.00000e+00
57.040000 9.63160e-05 1.16500e-04 0.00000e+00
57.050000 6.95632e-05 9.45381e-05 0.00000e+00
57.060000 8.93078e-05 1.05140e-04 0.00000e+00
57.070000 6.96006e-05 9.09672e-05 0.00000e+00
57.080000 9.46202e-05 3.07902e-05 0.00000e+00
57.090000 1.08049e-04 -6.87640e-05 0.00000e+00
57.100000 1.03767e-04 -2.47440e-04 0.00000e+00
57.110000 8.91228e-05 -3.23738e-04 0.00000e+00
57.120000 9.39768e-05 -3.24995e-04 0.00000e+00
57.130000 9.24311e-05 -3.39902e-04 0.00000e+00
57.140000 9.93702e-05 -3.70380e-04 0.00000e+00
57.150000 6.73231e-05 -5.46701e-04 0.00000e+00
57.160000 5.49779e-05 -7.18322e-04 0.00000e+00
57.170000 4.67150e-05 -7.25699e-04 0.00000e+00
57.180000 5.62516e-05 -7.24363e-04 0.00000e+00
57.190000 2.38412e-05 -7.12719e-04 0.00000e+00
57.200000 2.35594e-05 -5.92075e-04 0.00000e+00
57.210000 3.54175e-05 -5.23783e-04 0.00000e+00
57.220000 3.57622e-05 -5.98058e-04 0.00000e+00
57.230000 7.38767e-06 -6.45708e-04 0.00000e+00
57.240000 -9.42643e-07 -6.60718e-04 0.00000e+00
57.250000 -1.80036e-05 -6.51322e-04 0.00000e+00
57.260000 -2.63121e-05 -5.34757e-04 0.00000e+00
57.270000 -2.49134e-05 -4.74572e-04 0.00000e+00
57.280000 -3.10630e-06 -4.70861e-04 0.00000e+00
57.290000 -2.59582e-05 -4.08179e-04 0.00000e+00
57.300000 -1.46032e-05 -3.20683e-04 0.00000e+00
57.310000 -3.96386e-05 -2.20953e-04 0.00000e+00
57.320000 -3.43877e-05 -1.88225e-04 0.00000e+00
57.330000 -1.68665e-05 -2.62428e-04 0.00000e+00
57.340000 4.04156e-06 -3.48457e-04 0.00000e+00
57.350000 -2.08231e-05 -3.29637e-04 0.00000e+00
57.360000 -1.11593e-05 -3.47210e-04 0.00000e+00
57.370000 -3.34377e-05 -3.68230e-04 0.00000e+00
57.380000 -5.10899e-05 -1.79639e-04 0.00000e+00
57.390000 -5.59193e-05 -4.79841e-06 0.00000e+00
57.400000 -4.72605e-05 1.66775e-05 0.00000e+00
57.410000 -5.01793e-05 -5.35585e-05 0.00000e+00
57.420000 -4.53174e-05 -9.68987e-05 0.00000e+00
57.430000 -4.89070e-05 -1.25572e-04 0.00000e+00
57.440000 -5.06765e-05 -1.35989e-04 0.00000e+00
57.450000 -4.61661e-05 -5.13607e-05 0.00000e+00
57.460000 -4.50540e-05 -6.51265e-07 0.00000e+00
57.470000 -5.92284e-05 5.03579e-05 0.00000e+00
57.480000 -5.61969e-05 7.27971e-05 0.00000e+00
57.490000 -7.10768e-05 7.66136e-05 0.00000e+00
57.500000 -6.85989e-05 2.40745e-04 0.00000e+00
57.510000 -5.80864e-05 4.71487e-04 0.00000e+00
57.520000 -2.32526e-05 5.11344e-04 0.00000e+00
57.530000 -2.85145e-05 5.11352e-04 0.00000e+00
57.540000 6.95900e-06 5.26168e-04 0.00000e+00
57.550000 -5.15811e-06 3.99638e-04 0.00000e+00
57.560000 -2.60767e-05 3.14187e-04 0.00000e+00
57.570000 -3.53445e-05 3.00189e-04 0.00000e+00
57.580000 -3.05263e-05 3.45754e-04 0.00000e+00
57.590000 -1.05584e-05 3.53982e-04 0.00000e+00
57.600000 -8.23966e-06 3.77422e-04 0.00000e+00
57.610000 2.81148e-06 4.50706e-04 0.00000e+00
57.620000 1.51439e-05 5.09099e-04 0.00000e+00
57.630000 1.91571e-05 5.08578e-04 0.00000e+00
57.640000 2.94318e-05 4.12308e-04 0.00000e+00
57.650000 2.22856e-05 3.26325e-04 0.00000e+00
57.660000 4.05476e-05 1.79820e-04 0.00000e+00
57.670000 3.22553e-05 -4.55239e-06 0.00000e+00
57.680000 1.46417e-05 -9.46585e-05 0.00000e+00
57.690000 -1.16432e-05 -2.44857e-05 0.00000e+00
57.700000 1.51943e-05 8.40076e-05 0.00000e+00
57.710000 -6.07293e-06 1.75840e-04 0.00000e+00
57.720000 1.22478e-05 2.64858e-04 0.00000e+00
57.730000 2.47596e-05 2.18758e-04 0.00000e+00
57.740000 3.88297e-05 1.19031e-04 0.00000e+00
57.750000 4.59461e-05 2.70975e-05 0.00000e+00
57.760000 3.51524e-05 -7.18834e-06 0.00000e+00
57.770000 5.46619e-05 -2.27192e-05 0.00000e+00
57.780000 3.47906e-05 -5.43198e-05 0.00000e+00
57.790000 1.53984e-05 -6.21582e-05 0.00000e+00
57.800000 -3.27915e-06 -3.95704e-05 0.00000e+00
57.810000 -8.19084e-07 -3.51352e-05 0.00000e+00
57.820000 2.12870e-06 -1.52888e-04 0.00000e+00
57.830000 -2.94337e-06 -2.09434e-04 0.00000e+00
57.840000 2.51538e-05 -2.00496e-04 0.00000e+00
57.850000 4.06508e-05 -3.05044e-04 0.00000e+00
57.860000 5.81385e-05 -4.78764e-04 0.00000e+00
57.870000 4.11992e-05 -5.27489e-04 0.00000e+00
57.880000 2.87964e-05 -5.88421e-04 0.00000e+00
57.890000 1.94692e-05 -6.34091e-04 0.00000e+00
57.900000 9.45855e-07 -5.14240e-04 0.00000e+00
57.910000 -1.23984e-05 -4.08899e-04 0.00000e+00
57.920000 -2.00777e-05 -3.01857e-04 0.00000e+00
57.930000 -2.08819e-05 -2.80968e-04 0.00000e+00
57.940000 -2.54995e-05 -2.31575e-04 0.00000e+00
57.950000 -3.32329e-05 -1.64375e-04 0.00000e+00
57.960000 -3.70024e-05 -1.95701e-04 0.00000e+00
57.970000 -4.23787e-05 -2.42486e-04 0.00000e+00
57.980000 -6.53739e-05 -2.41308e-04 0.00000e+00
57.990000 -6.49904e-05 -1.87498e-04 0.00000e+00
58.000000 -3.62825e-05 -1.72435e-04 0.00000e+00
58.010000 -4.47146e-05 -1.97167e-05 0.00000e+00
58.020000 -3.97377e-05 2.46962e-04 0.00000e+00
58.030000 -2.95631e-05 4.86162e-04 0.00000e+00
58.040000 -1.25826e-05 6.70492e-04 0.00000e+00
58.050000 -1.53635e-05 7.76993e-04 0.00000e+00
58.060000 2.03708e-05 9.44924e-04 0.00000e+00
58.070000 1.08611e-05 1.05454e-03 0.00000e+00
58.080000 9.49812e-06 1.07027e-03 0.00000e+00
58.090000 9.08972e-06 1.09597e-03 0.00000e+00
58.100000 8.70017e-06 1.10003e-03 0.00000e+00
58.110000 2.97006e-05 1.11815e-03 0.00000e+00
58.120000 3.68522e-05 1.10559e-03 0.00000e+00
58.130000 4.88180e-05 1.01841e-03 0.00000e+00
58.140000 6.36257e-05 9.18567e-04 0.00000e+00
58.150000 8.02035e-05 7.62756e-04 0.00000e+00
58.160000 9.35160e-05 5.89879e-04 0.00000e+00
58.170000 1.11651e-04 5.46339e-04 0.00000e+00
58.180000 1.44197e-04 4.99753e-04 0.00000e+00
58.190000 1.32773e-04 3.43957e-04 0.00000e+00
58.200000 1.41021e-04 2.12669e-04 0.00000e+00
58.210000 1.39755e-04 1.41893e-04 0.00000e+00
58.220000 1.44223e-04 5.41046e-05 0.00000e+00
58.230000 1.42901e-04 8.06905e-06 0.00000e+00
58.240000 1.11563e-04 -3.69585e-05 0.00000e+00
58.250000 1.11624e-04 -1.76038e-04 0.00000e+00
58.260000 1.02162e-04 -3.46300e-04 0.00000e+00
58.270000 9.33355e-05 -5.08980e-04 0.00000e+00
58.280000 9.49019e-05 -5.39231e-04 0.00000e+00
58.290000 7.30015e-05 -4.76153e-04 0.00000e+00
58.300000 6.93054e-05 -4.63626e-04 0.00000e+00
58.310000 7.24117e-05 -4.49588e-04 0.00000e+00
58.320000 7.06648e-05 -4.08854e-04 0.00000e+00
58.330000 7.15785e-05 -3.80220e-04 0.00000e+00
58.340000 7.22950e-05 -3.67216e-04 0.00000e+00
58.350000 6.01118e-05 -2.41582e-04 0.00000e+00
58.360000 5.21505e-05 -1.40817e-04 0.00000e+00
58.370000 6.36817e-05 -7.74490e-05 0.00000e+00
58.380000 6.35149e-05 7.63522e-05 0.00000e+00
58.390000 6.34443e-05 2.24819e-04 0.00000e+00
58.400000 6.09258e-05 2.98903e-04 0.00000e+00
58.410000 6.42592e-05 2.58801e-04 0.00000e+00
58.420000 6.11539e-05 2.44057e-04 0.00000e+00
58.430000 7.28270e-05 2.43259e-04 0.00000e+00
58.440000 9.57497e-05 1.81829e-04 0.00000e+00
58.450000 1.12666e-04 8.39914e-05 0.00000e+00
58.460000 1.01966e-04 1.51607e-05 0.00000e+00
58.470000 8.41176e-05 -6.46089e-05 0.00000e+00
58.480000 8.62709e-05 -9.57224e-05 0.00000e+00
58.490000 7.73304e-05 -8.00339e-05 0.00000e+00
58.500000 7.68746e-05 -1.54780e-04 0.00000e+00
58.510000 7.95637e-05 -2.16679e-04 0.00000e+00
58.520000 1.00589e-04 -2.12188e-04 0.00000e+00
58.530000 8.68701e-05 -2.22599e-04 0.00000e+00
58.540000 1.02473e-04 -2.40766e-04 0.00000e+00
58.550000 8.58658e-05 -2.45656e-04 0.00000e+00
58.560000 6.64306e-05 -2.72414e-04 0.00000e+00
58.570000 4.04705e-05 -3.23301e-04 0.00000e+00
58.580000 5.04656e-05 -3.72517e-04 0.00000e+00
58.590000 3.79115e-05 -4.03458e-04 0.00000e+00
58.600000 2.75376e-05 -4.22825e-04 0.00000e+00
58.610000 2.16070e-05 -3.27227e-04 0.00000e+00
58.620000 2.67142e-05 -1.35110e-04 0.00000e+00
58.630000 5.15661e-05 -3.04676e-05 0.00000e+00
58.640000 3.32198e-05 -1.58434e-05 0.00000e+00
58.650000 5.39583e-05 2.89771e-07 0.00000e+00
58.660000 3.60063e-05 2.54640e-06 0.00000e+00
58.670000 3.57947e-05 -1.88081e-05 0.00000e+00
58.680000 5.95004e-05 -4.45785e-05 0.00000e+00
58.690000 6.40368e-05 -1.85138e-05 0.00000e+00
58.700000 4.47683e-05 1.44459e-05 0.00000e+00
58.710000 3.75549e-05 5.12313e-05 0.00000e+00
58.720000 3.91588e-05 5.28385e-05 0.00000e+00
58.730000 3.52242e-05 -4.89810e-05 0.00000e+00
58.740000 3.71746e-05 -1.73300e-04 0.00000e+00
58.750000 4.34258e-05 -1.92594e-04 0.00000e+00
58.760000 5.16963e-05 -2.31585e-04 0.00000e+00
58.770000 5.29574e-05 -3.40756e-04 0.00000e+00
58.780000 6.97148e-05 -4.36566e-04 0.00000e+00
58.790000 5.26231e-05 -5.37856e-04 0.00000e+00
58.800000 3.65120e-05 -4.64080e-04 0.00000e+00
58.810000 2.63137e-05 -4.25536e-04 0.00000e+00
58.820000 8.70315e-06 -4.22962e-04 0.00000e+00
58.830000 -1.01483e-06 -4.21845e-04 0.00000e+00
58.840000 -1.04554e-05 -5.18669e-04 0.00000e+00
58.850000 -1.61907e-05 -4.48591e-04 0.00000e+00
58.860000 -1.24833e-05 -3.10235e-04 0.00000e+00
58.870000 -1.40128e-05 -3.26927e-04 0.00000e+00
58.880000 -2.33770e-05 -4.28549e-04 0.00000e+00
58.890000 -3.11216e-05 -4.43041e-04 0.00000e+00
58.900000 -2.57771e-05 -4.72521e-04 0.00000e+00
58.910000 -2.08489e-05 -5.45713e-04 0.00000e+00
58.920000 -2.05909e-05 -5.12374e-04 0.00000e+00
58.930000 -4.36648e-05 -3.56352e-04 0.00000e+00
58.940000 -2.48437e-05 -2.07231e-04 0.00000e+00
58.950000 -3.64564e-05 -4.11423e-05 0.00000e+00
58.960000 -1.88353e-05 1.08765e-04 0.00000e+00
58.970000 -8.31329e-06 1.68016e-04 0.00000e+00
58.980000 -3.36857e-05 2.50345e-04 0.00000e+00
58.990000 -2.80948e-05 2.77111e-04 0.00000e+00
59.000000 -4.11586e-05 2.99073e-04 0.00000e+00
59.010000 -3.29782e-05 2.89188e-04 0.00000e+00
59.020000 -1.86756e-05 2.44375e-04 0.00000e+00
59.030000 -4.13184e-05 2.88064e-04 0.00000e+00
59.040000 -4.95717e-05 4.16386e-04 0.00000e+00
59.050000 -4.25896e-05 4.40882e-04 0.00000e+00
59.060000 -2.21579e-05 4.22637e-04 0.00000e+00
59.070000 -3.13055e-05 4.69785e-04 0.00000e+00
59.080000 5.92563e-06 4.98131e-04 0.00000e+00
59.090000 3.12506e-05 5.46407e-04 0.00000e+00
59.100000 4.53038e-05 5.25436e-04 0.00000e+00
59.110000 2.86926e-05 5.06865e-04 0.00000e+00
59.120000 4.41909e-05 5.14602e-04 0.00000e+00
59.130000 3.31161e-05 5.15783e-04 0.00000e+00
59.140000 4.12073e-05 5.66554e-04 0.00000e+00
59.150000 3.50962e-05 5.08389e-04 0.00000e+00
59.160000 2.98079e-05 4.14979e-04 0.00000e+00
59.170000 3.91434e-05 3.61963e-04 0.00000e+00
59.180000 2.85684e-05 2.92559e-04 0.00000e+00
59.190000 5.53604e-05 2.85273e-04 0.00000e+00
59.200000 6.61533e-05 1.59919e-04 0.00000e+00
59.210000 6.73179e-05 -1.07025e-04 0.00000e+00
59.220000 3.82639e-05 -2.91862e-04 0.00000e+00
59.230000 6.70242e-05 -3.22507e-04 0.00000e+00
59.240000 4.63474e-05 -3.92279e-04 0.00000e+00
59.250000 5.32357e-05 -3.82890e-04 0.00000e+00
59.260000 5.12481e-05 -2.23600e-04 0.00000e+00
59.270000 4.27774e-05 -1.71721e-04 0.00000e+00
59.280000 3.65577e-05 -2.70232e-04 0.00000e+00
59.290000 3.63575e-05 -3.87122e-04 0.00000e+00
59.300000 2.49864e-05 -4.59181e-04 0.00000e+00
59.310000 2.29570e-05 -5.38138e-04 0.00000e+00
59.320000 9.89362e-06 -6.00647e-04 0.00000e+00
59.330000 1.25905e-05 -6.83611e-04 0.00000e+00
59.340000 2.39984e-06 -7.37834e-04 0.00000e+00
59.350000 -1.08054e-05 -7.60892e-04 0.00000e+00
59.360000 -2.00889e-05 -7.19472e-04 0.00000e+00
59.370000 -4.02663e-05 -5.97664e-04 0.00000e+00
59.380000 -2.90299e-05 -5.05297e-04 0.00000e+00
59.390000 -8.39040e-06 -5.16090e-04 0.00000e+00
59.400000 -2.70189e-06 -4.07586e-04 0.00000e+00
59.410000 -2.03005e-05 -3.07190e-04 0.00000e+00
59.420000 -1.06272e-05 -2.59889e-04 0.00000e+00
59.430000 -4.78860e-05 -1.56617e-04 0.00000e+00
59.440000 -7.24060e-05 -1.30692e-04 0.00000e+00
59.450000 -7.93276e-05 -1.01963e-04 0.00000e+00
59.460000 -7.15810e-05 1.47480e-05 0.00000e+00
59.470000 -6.29764e-05 8.95267e-05 0.00000e+00
59.480000 -6.30691e-05 1.40015e-04 0.00000e+00
59.490000 -5.24659e-05 2.30576e-04 0.00000e+00
59.500000 -4.87343e-05 2.84016e-04 0.00000e+00
59.510000 -3.61387e-05 2.76658e-04 0.00000e+00
59.520000 -2.28793e-05 2.34797e-04 0.00000e+00
59.530000 -2.18041e-05 2.11508e-04 0.00000e+00
59.540000 -1.36248e-05 1.25230e-04 0.00000e+00
59.550000 -1.67726e-05 1.30326e-04 0.00000e+00
59.560000 -9.82701e-06 2.81980e-04 0.00000e+00
59.570000 -2.11136e-06 4.28036e-04 0.00000e+00
59.580000 -2.49534e-05 4.00386e-04 0.00000e+00
59.590000 -4.31291e-06 3.59269e-04 0.00000e+00
59.600000 -2.29764e-05 2.85572e-04 0.00000e+00
59.610000 -9.16461e-06 5.86088e-05 0.00000e+00
59.620000 -3.93953e-06 -1.32868e-04 0.00000e+00
59.630000 7.59723e-06 -2.47068e-04 0.00000e+00
59.640000 -2.15198e-05 -3.29635e-04 0.00000e+00
59.650000 -5.25864e-07 -4.02054e-04 0.00000e+00
59.660000 -2.39200e-05 -3.91495e-04 0.00000e+00
59.670000 -3.06673e-05 -3.46159e-04 0.00000e+00
59.680000 -4.10757e-05 -2.98757e-04 0.00000e+00
59.690000 -1.85295e-05 -2.04150e-04 0.00000e+00
59.700000 -2.85414e-05 -1.94555e-04 0.00000e+00
59.710000 -1.76766e-05 -1.46466e-04 0.00000e+00
59.720000 -9.86399e-06 -6.22961e-06 0.00000e+00
59.730000 -2.51780e-05 9.60044e-05 0.00000e+00
59.740000 -4.81986e-05 1.69840e-04 0.00000e+00
59.750000 -6.93384e-05 1.57396e-04 0.00000e+00
59.760000 -5.34362e-05 2.44362e-04 0.00000e+00
59.770000 -6.57978e-05 3.53218e-04 0.00000e+00
59.780000 -5.82729e-05 4.56710e-04 0.00000e+00
59.790000 -4.29655e-05 6.40564e-04 0.00000e+00
59.800000 -2.74656e-05 7.79449e-04 0.00000e+00
59.810000 -1.26445e-05 7.92322e-04 0.00000e+00
59.820000 1.46837e-05 8.03636e-04 0.00000e+00
59.830000 3.03934e-05 8.00623e-04 0.00000e+00
59.840000 2.94543e-05 7.28277e-04 0.00000e+00
59.850000 3.65481e-05 6.91974e-04 0.00000e+00
59.860000 4.07710e-05 7.31207e-04 0.00000e+00
59.870000 4.11700e-05 7.92114e-04 0.00000e+00
59.880000 8.33570e-05 8.63636e-04 0.00000e+00
59.890000 7.18824e-05 9.55434e-04 0.00000e+00
59.900000 6.83606e-05 9.17152e-04 0.00000e+00
59.910000 6.92146e-05 7.73696e-04 0.00000e+00
59.920000 9.27452e-05 5.86445e-04 0.00000e+00
59.930000 1.10142e-04 5.20806e-04 0.00000e+00
59.940000 1.01437e-04 4.58049e-04 0.00000e+00
59.950000 1.10176e-04 2.83351e-04 0.00000e+00
59.960000 9.14152e-05 1.53038e-04 0.00000e+00
59.970000 7.92409e-05 4.27168e-05 0.00000e+00
59.980000 7.42926e-05 -7.30149e-05 0.00000e+00
59.990000 8.14297e-05 -1.06908e-04 0.00000e+00
60.000000 8.15998e-05 -1.74912e-04 0.00000e+00
60.010000 1.00312e-04 -3.23624e-04 0.00000e+00
60.020000 1.02511e-04 -4.52826e-04 0.00000e+00
60.030000 1.11130e-04 -5.99936e-04 0.00000e+00
60.040000 1.04069e-04 -7.77284e-04 0.00000e+00
60.050000 1.00856e-04 -8.35543e-04 0.00000e+00
60.060000 6.84902e-05 -8.54737e-04 0.00000e+00
60.070000 6.24761e-05 -1.01828e-03 0.00000e+00
60.080000 5.59122e-05 -1.17962e-03 0.00000e+00
60.090000 5.60345e-05 -1.19142e-03 0.00000e+00
60.100000 4.69946e-05 -1.09476e-03 0.00000e+00
60.110000 1.15509e-05 -1.02542e-03 0.00000e+00
60.120000 -7.26983e-06 -9.85753e-04 0.00000e+00
60.130000 -1.26172e-05 -9.90766e-04 0.00000e+00
60.140000 -3.01349e-05 -1.04242e-03 0.00000e+00
60.150000 -3.67691e-05 -1.05851e-03 0.00000e+00
60.160000 -4.98760e-05 -9.93775e-04 0.00000e+00
60.170000 -8.05326e-05 -8.52081e-04 0.00000e+00
60.180000 -7.20768e-05 -6.68331e-04 0.00000e+00
60.190000 -8.61707e-05 -4.77316e-04 0.00000e+00
60.200000 -9.25567e-05 -2.72912e-04 0.00000e+00
60.210000 -9.02277e-05 -4.83600e-05 0.00000e+00
60.220000 -8.18786e-05 1.64226e-04 0.00000e+00
60.230000 -8.33790e-05 2.51329e-04 0.00000e+00
60.240000 -9.00446e-05 3.11696e-04 0.00000e+00
60.250000 -6.08191e-05 4.64329e-04 0.00000e+00
60.260000 -4.42361e-05 6.33738e-04 0.00000e+00
60.270000 -4.07875e-05 7.66611e-04 0.00000e+00
60.280000 -4.13060e-05 7.29629e-04 0.00000e+00
60.290000 -4.60984e-05 5.82767e-04 0.00000e+00
60.300000 -3.53525e-05 5.39229e-04 0.00000e+00
60.310000 -2.18901e-05 5.26354e-04 0.00000e+00
60.320000 -4.21799e-06 4.67634e-04 0.00000e+00
60.330000 1.22404e-05 3.91978e-04 0.00000e+00
60.340000 2.04025e-05 2.10361e-04 0.00000e+00
60.350000 1.33678e-05 5.02106e-05 0.00000e+00
60.360000 1.94913e-05 -6.78363e-05 0.00000e+00
60.370000 2.00189e-05 -2.21230e-04 0.00000e+00
60.380000 1.77077e-05 -3.61032e-04 0.00000e+00
60.390000 1.35978e-06 -4.70434e-04 0.00000e+00
60.400000 -1.22018e-05 -4.88487e-04 0.00000e+00
60.410000 -3.76458e-06 -5.04661e-04 0.00000e+00
60.420000 -1.66104e-05 -4.54575e-04 0.00000e+00
60.430000 -3.49202e-05 -2.80439e-04 0.00000e+00
60.440000 -5.99242e-05 -1.31807e-04 0.00000e+00
60.450000 -7.43914e-05 -2.42950e-05 0.00000e+00
60.460000 -6.66414e-05 5.07678e-05 0.00000e+00
60.470000 -4.80313e-05 1.52996e-04 0.00000e+00
60.480000 -6.29573e-05 2.95789e-04 0.00000e+00
60.490000 -6.42222e-05 4.69910e-04 0.00000e+00
60.500000 -6.74694e-05 6.74229e-04 0.00000e+00
60.510000 -6.19964e-05 8.52467e-04 0.00000e+00
60.520000 -4.50477e-05 9.64130e-04 0.00000e+00
60.530000 -2.99644e-05 1.04471e-03 0.00000e+00
60.540000 -1.18930e-05 1.13509e-03 0.00000e+00
60.550000 9.41793e-06 1.20678e-03 0.00000e+00
60.560000 4.49484e-05 1.21462e-03 0.00000e+00
60.570000 8.24777e-05 1.13950e-03 0.00000e+00
60.580000 8.57007e-05 1.11971e-03 0.00000e+00
60.590000 1.11687e-04 1.11658e-03 0.00000e+00
60.600000 1.20018e-04 9.46694e-04 0.00000e+00
60.610000 1.21628e-04 6.83218e-04 0.00000e+00
60.620000 1.21313e-04 4.59614e-04 0.00000e+00
60.630000 1.23198e-04 2.93342e-04 0.00000e+00
60.640000 1.24724e-04 2.34017e-04 0.00000e+00
60.650000 1.19969e-04 1.56746e-04 0.00000e+00
60.660000 1.18639e-04 -3.03336e-05 0.00000e+00
60.670000 1.06605e-04 -2.42818e-04 0.00000e+00
60.680000 9.40988e-05 -4.70649e-04 0.00000e+00
60.690000 8.30044e-05 -6.68922e-04 0.00000e+00
60.700000 7.27439e-05 -8.52458e-04 0.00000e+00
60.710000 6.66931e-05 -1.00762e-03 0.00000e+00
60.720000 5.34841e-05 -1.09765e-03 0.00000e+00
60.730000 4.05833e-05 -1.10104e-03 0.00000e+00
60.740000 2.90454e-05 -1.02496e-03 0.00000e+00
60.750000 3.06914e-05 -1.00087e-03 0.00000e+00
60.760000 7.76696e-06 -9.80390e-04 0.00000e+00
60.770000 -8.40910e-06 -9.25874e-04 0.00000e+00
60.780000 8.24239e-06 -8.98962e-04 0.00000e+00
60.790000 1.52359e-05 -8.35704e-04 0.00000e+00
60.800000 6.72968e-06 -7.31084e-04 0.00000e+00
60.810000 9.85390e-06 -6.47381e-04 0.00000e+00
60.820000 -1.93135e-05 -6.26064e-04 0.00000e+00
60.830000 -3.85858e-05 -5.47353e-04 0.00000e+00
60.840000 -5.08036e-05 -4.33289e-04 0.00000e+00
60.850000 -5.73378e-05 -3.70089e-04 0.00000e+00
60.860000 -6.04601e-05 -3.35006e-04 0.00000e+00
60.870000 -5.87371e-05 -3.49171e-04 0.00000e+00
60.880000 -4.98185e-05 -2.82479e-04 0.00000e+00
60.890000 -4.71300e-05 -2.17579e-04 0.00000e+00
60.900000 -4.91881e-05 -2.08932e-04 0.00000e+00
60.910000 -5.49633e-05 -1.57435e-04 0.00000e+00
60.920000 -5.90626e-05 -4.29357e-05 0.00000e+00
60.930000 -5.42826e-05 5.93852e-05 0.00000e+00
60.940000 -5.27408e-05 1.23961e-04 0.00000e+00
60.950000 -4.19829e-05 3.53852e-04 0.00000e+00
60.960000 -3.63686e-05 6.55075e-04 0.00000e+00
60.970000 -4.19529e-05 7.85764e-04 0.00000e+00
60.980000 -5.17672e-05 8.68115e-04 0.00000e+00
60.990000 -4.17896e-05 9.46270e-04 0.00000e+00
61.000000 -1.91310e-05 9.30917e-04 0.00000e+00
61.010000 -2.83906e-05 9.06347e-04 0.00000e+00
61.020000 -2.66563e-05 8.58108e-04 0.00000e+00
61.030000 -2.49661e-05 7.43892e-04 0.00000e+00
61.040000 -9.02773e-06 6.21263e-04 0.00000e+00
61.050000 2.42437e-05 6.49341e-04 0.00000e+00
61.060000 1.51619e-05 7.21296e-04 0.00000e+00
61.070000 4.99810e-05 6.45757e-04 0.00000e+00
61.080000 6.53209e-05 5.02625e-04 0.00000e+00
61.090000 8.68120e-05 3.64408e-04 0.00000e+00
61.100000 9.00700e-05 2.48472e-04 0.00000e+00
61.110000 1.05678e-04 1.04549e-04 0.00000e+00
61.120000 1.01795e-04 -1.60721e-05 0.00000e+00
61.130000 6.78790e-05 -1.19924e-04 0.00000e+00
61.140000 4.07681e-05 -3.25132e-04 0.00000e+00
61.150000 5.13712e-05 -6.24695e-04 0.00000e+00
61.160000 3.78888e-05 -9.16866e-04 0.00000e+00
61.170000 1.91328e-05 -1.04981e-03 0.00000e+00
61.180000 5.71017e-06 -1.20999e-03 0.00000e+00
61.190000 -1.37927e-05 -1.44347e-03 0.00000e+00
61.200000 -2.03738e-05 -1.61602e-03 0.00000e+00
61.210000 -8.42721e-06 -1.74822e-03 0.00000e+00
61.220000 -2.58284e-06 -1.79583e-03 0.00000e+00
61.230000 -5.25397e-05 -1.85209e-03 0.00000e+00
61.240000 -8.11911e-05 -1.82991e-03 0.00000e+00
61.250000 -8.76874e-05 -1.66333e-03 0.00000e+00
61.260000 -1.01202e-04 -1.42115e-03 0.00000e+00
61.270000 -1.20691e-04 -1.15668e-03 0.00000e+00
61.280000 -1.44343e-04 -9.30242e-04 0.00000e+00
61.290000 -1.52421e-04 -7.21122e-04 0.00000e+00
61.300000 -1.85515e-04 -6.09346e-04 0.00000e+00
61.310000 -2.02181e-04 -5.93779e-04 0.00000e+00
61.320000 -2.07552e-04 -4.36007e-04 0.00000e+00
61.330000 -1.94864e-04 -1.31967e-04 0.00000e+00
61.340000 -1.80336e-04 1.70535e-04 0.00000e+00
61.350000 -1.95920e-04 4.81650e-04 0.00000e+00
61.360000 -1.75873e-04 7.00104e-04 0.00000e+00
61.370000 -1.67695e-04 8.87712e-04 0.00000e+00
61.380000 -1.53630e-04 1.25465e-03 0.00000e+00
61.390000 -1.34693e-04 1.71806e-03 0.00000e+00
61.400000 -1.02622e-04 1.91565e-03 0.00000e+00
61.410000 -7.43383e-05 1.94687e-03 0.00000e+00
61.420000 -5.04094e-05 2.09837e-03 0.00000e+00
61.430000 -3.80922e-05 2.24531e-03 0.00000e+00
61.440000 -4.02033e-05 2.28902e-03 0.00000e+00
61.450000 -3.60500e-05 2.20666e-03 0.00000e+00
61.460000 -1.17928e-05 2.07667e-03 0.00000e+00
61.470000 1.24767e-05 1.82348e-03 0.00000e+00
61.480000 4.72082e-05 1.49164e-03 0.00000e+00
61.490000 1.01574e-04 1.24639e-03 0.00000e+00
61.500000 1.27392e-04 1.05956e-03 0.00000e+00
61.510000 1.39493e-04 9.00778e-04 0.00000e+00
61.520000 1.35300e-04 5.70922e-04 0.00000e+00
61.530000 1.30646e-04 2.49831e-04 0.00000e+00
61.540000 1.57293e-04 1.05496e-05 0.00000e+00
61.550000 1.69160e-04 -3.31260e-04 0.00000e+00
61.560000 1.38209e-04 -6.57311e-04 0.00000e+00
61.570000 1.03646e-04 -7.97673e-04 0.00000e+00
61.580000 1.13106e-04 -8.45142e-04 0.00000e+00
61.590000 9.42922e-05 -9.05651e-04 0.00000e+00
61.600000 6.11025e-05 -9.85591e-04 0.00000e+00
61.610000 2.98778e-05 -1.17363e-03 0.00000e+00
61.620000 1.80480e-06 -1.40545e-03 0.00000e+00
61.630000 -1.02885e-05 -1.54158e-03 0.00000e+00
61.640000 -2.99364e-05 -1.54640e-03 0.00000e+00
61.650000 -1.40168e-05 -1.50562e-03 0.00000e+00
61.660000 -2.31145e-05 -1.29029e-03 0.00000e+00
61.670000 -3.78746e-05 -9.50954e-04 0.00000e+00
61.680000 -6.12287e-05 -6.75825e-04 0.00000e+00
61.690000 -8.05833e-05 -5.43733e-04 0.00000e+00
61.700000 -5.88228e-05 -4.72078e-04 0.00000e+00
61.710000 -7.95985e-05 -2.09846e-04 0.00000e+00
61.720000 -7.29585e-05 1.26096e-04 0.00000e+00
61.730000 -4.53230e-05 2.87713e-04 0.00000e+00
61.740000 -1.79736e-05 3.27551e-04 0.00000e+00
61.750000 -4.16607e-05 5.31974e-04 0.00000e+00
61.760000 -3.72345e-05 8.06044e-04 0.00000e+00
61.770000 -5.29627e-05 8.69459e-04 0.00000e+00
61.780000 -4.64057e-05 8.30087e-04 0.00000e+00
61.790000 -2.92938e-05 7.79696e-04 0.00000e+00
61.800000 1.19281e-06 7.34678e-04 0.00000e+00
61.810000 1.73191e-05 7.16684e-04 0.00000e+00
61.820000 2.73434e-05 7.72819e-04 0.00000e+00
61.830000 5.67332e-05 8.37991e-04 0.00000e+00
61.840000 4.48034e-05 7.90646e-04 0.00000e+00
61.850000 3.16210e-05 6.41810e-04 0.00000e+00
61.860000 1.92077e-05 4.25407e-04 0.00000e+00
61.870000 5.14236e-05 3.28448e-04 0.00000e+00
61.880000 6.23630e-05 1.78197e-04 0.00000e+00
61.890000 4.70612e-05 -4.56228e-05 0.00000e+00
61.900000 4.94512e-05 -7.00558e-05 0.00000e+00
61.910000 6.43639e-05 -2.27265e-08 0.00000e+00
61.920000 7.37200e-05 -9.26268e-05 0.00000e+00
61.930000 4.19247e-05 -3.48903e-04 0.00000e+00
61.940000 2.08275e-05 -5.85147e-04 0.00000e+00
61.950000 2.80211e-05 -7.71303e-04 0.00000e+00
61.960000 2.60358e-05 -8.84033e-04 0.00000e+00
61.970000 2.70632e-05 -8.98999e-04 0.00000e+00
61.980000 2.72749e-05 -8.59714e-04 0.00000e+00
61.990000 1.08457e-05 -9.24102e-04 0.00000e+00
62.000000 -9.02260e-06 -9.10235e-04 0.00000e+00
62.010000 -3.04141e-05 -8.52694e-04 0.00000e+00
62.020000 -4.17892e-05 -9.25098e-04 0.00000e+00
62.030000 -4.59539e-05 -9.94612e-04 0.00000e+00
62.040000 -4.49869e-05 -8.97179e-04 0.00000e+00
62.050000 -6.97129e-05 -7.40203e-04 0.00000e+00
62.060000 -4.94279e-05 -6.85371e-04 0.00000e+00
62.070000 -5.60999e-05 -5.55689e-04 0.00000e+00
62.080000 -8.00081e-05 -3.07451e-04 0.00000e+00
62.090000 -1.08517e-04 -1.21187e-05 0.00000e+00
62.100000 -1.09779e-04 1.48741e-04 0.00000e+00
62.110000 -8.61415e-05 1.67069e-04 0.00000e+00
62.120000 -8.43671e-05 3.20381e-04 0.00000e+00
62.130000 -7.87223e-05 5.53498e-04 0.00000e+00
62.140000 -7.22165e-05 7.49878e-04 0.00000e+00
62.150000 -7.41659e-05 9.66902e-04 0.00000e+00
62.160000 -7.87186e-05 1.05688e-03 0.00000e+00
62.170000 -3.54320e-05 1.11959e-03 0.00000e+00
62.180000 -4.00372e-05 1.20240e-03 0.00000e+00
62.190000 -2.06408e-05 1.16497e-03 0.00000e+00
62.200000 1.94922e-06 1.11709e-03 0.00000e+00
62.210000 2.65364e-05 1.11489e-03 0.00000e+00
62.220000 2.70664e-05 1.09531e-03 0.00000e+00
62.230000 6.58281e-05 1.18507e-03 0.00000e+00
62.240000 8.59284e-05 1.24543e-03 0.00000e+00
62.250000 9.01805e-05 1.11588e-03 0.00000e+00
62.260000 8.88236e-05 9.30059e-04 0.00000e+00
62.270000 8.23989e-05 7.35972e-04 0.00000e+00
62.280000 9.62489e-05 7.18124e-04 0.00000e+00
62.290000 1.20016e-04 7.42391e-04 0.00000e+00
62.300000 1.04972e-04 6.00349e-04 0.00000e+00
62.310000 1.06072e-04 4.14218e-04 0.00000e+00
62.320000 9.67706e-05 2.09760e-04 0.00000e+00
62.330000 8.37848e-05 -2.84724e-05 0.00000e+00
62.340000 1.10429e-04 -8.66004e-05 0.00000e+00
62.350000 8.16147e-05 -1.86436e-04 0.00000e+00
62.360000 7.44521e-05 -4.15399e-04 0.00000e+00
62.370000 9.25239e-05 -5.40438e-04 0.00000e+00
62.380000 1.02166e-04 -6.64758e-04 0.00000e+00
62.390000 1.10703e-04 -8.28556e-04 0.00000e+00
62.400000 1.01560e-04 -8.78496e-04 0.00000e+00
62.410000 6.25534e-05 -9.03945e-04 0.00000e+00
62.420000 7.05149e-05 -1.00510e-03 0.00000e+00
62.430000 6.48471e-05 -1.08339e-03 0.00000e+00
62.440000 5.95772e-05 -1.21157e-03 0.00000e+00
62.450000 6.15977e-05 -1.30411e-03 0.00000e+00
62.460000 1.32872e-05 -1.32624e-03 0.00000e+00
62.470000 -1.64294e-05 -1.39743e-03 0.00000e+00
62.480000 -1.95667e-05 -1.51988e-03 0.00000e+00
62.490000 -3.00314e-05 -1.62613e-03 0.00000e+00
62.500000 -3.57909e-05 -1.70477e-03 0.00000e+00
62.510000 -4.81486e-05 -1.59372e-03 0.00000e+00
62.520000 -1.00326e-04 -1.45811e-03 0.00000e+00
62.530000 -9.81500e-05 -1.45791e-03 0.00000e+00
62.540000 -1.13882e-04 -1.29378e-03 0.00000e+00
62.550000 -1.28298e-04 -9.99992e-04 0.00000e+00
62.560000 -1.29351e-04 -7.15480e-04 0.00000e+00
62.570000 -1.35908e-04 -5.31650e-04 0.00000e+00
62.580000 -1.67682e-04 -4.85614e-04 0.00000e+00
62.590000 -1.53570e-04 -3.15782e-04 0.00000e+00
62.600000 -1.67829e-04 -8.43035e-05 0.00000e+00
62.610000 -1.77177e-04 8.56247e-05 0.00000e+00
62.620000 -1.75673e-04 3.61152e-04 0.00000e+00
62.630000 -1.79259e-04 5.82388e-04 0.00000e+00
62.640000 -1.63668e-04 6.47326e-04 0.00000e+00
62.650000 -1.52215e-04 8.06915e-04 0.00000e+00
62.660000 -1.17054e-04 1.04530e-03 0.00000e+00
62.670000 -8.67621e-05 1.23601e-03 0.00000e+00
62.680000 -5.85827e-05 1.37395e-03 0.00000e+00
62.690000 -6.46166e-05 1.31720e-03 0.00000e+00
62.700000 -5.28881e-05 1.24414e-03 0.00000e+00
62.710000 -2.38355e-05 1.26516e-03 0.00000e+00
62.720000 -3.21331e-05 1.21760e-03 0.00000e+00
62.730000 -3.59504e-05 1.17107e-03 0.00000e+00
62.740000 -4.17921e-05 1.12258e-03 0.00000e+00
62.750000 -7.96642e-06 9.31993e-04 0.00000e+00
62.760000 1.12787e-05 7.59781e-04 0.00000e+00
62.770000 5.75654e-06 6.44943e-04 0.00000e+00
62.780000 3.25828e-05 4.44698e-04 0.00000e+00
62.790000 5.23143e-05 2.42221e-04 0.00000e+00
62.800000 4.49519e-05 4.02394e-05 0.00000e+00
62.810000 4.01475e-05 -1.07239e-04 0.00000e+00
62.820000 5.52970e-05 -2.32665e-04 0.00000e+00
62.830000 3.52661e-05 -2.51422e-04 0.00000e+00
62.840000 1.86253e-05 -1.26363e-04 0.00000e+00
62.850000 2.20796e-06 -5.15607e-06 0.00000e+00
62.860000 -6.45541e-06 2.02825e-05 0.00000e+00
62.870000 4.54792e-06 -4.35970e-05 0.00000e+00
62.880000 6.47683e-07 -2.36937e-05 0.00000e+00
62.890000 -8.66186e-06 -1.64010e-06 0.00000e+00
62.900000 -1.03904e-05 -4.84379e-05 0.00000e+00
62.910000 -1.85834e-05 -1.04563e-04 0.00000e+00
62.920000 -2.15358e-05 -1.74788e-05 0.00000e+00
62.930000 -4.44208e-06 1.19949e-04 0.00000e+00
62.940000 -3.06437e-06 1.40101e-04 0.00000e+00
62.950000 7.18967e-07 3.10238e-04 0.00000e+00
62.960000 1.25637e-05 6.33022e-04 0.00000e+00
62.970000 2.91084e-05 8.47361e-04 0.00000e+00
62.980000 4.76957e-05 9.34375e-04 0.00000e+00
62.990000 5.63644e-05 1.08449e-03 0.00000e+00
63.000000 8.76220e-05 1.20903e-03 0.00000e+00
63.010000 7.82779e-05 1.19125e-03 0.00000e+00
63.020000 7.14885e-05 1.10802e-03 0.00000e+00
63.030000 6.45773e-05 9.68832e-04 0.00000e+00
63.040000 7.06062e-05 9.06922e-04 0.00000e+00
63.050000 9.21399e-05 9.08287e-04 0.00000e+00
63.060000 1.05392e-04 8.52413e-04 0.00000e+00
63.070000 1.18953e-04 7.86292e-04 0.00000e+00
63.080000 1.36048e-04 6.98129e-04 0.00000e+00
63.090000 1.57939e-04 6.09283e-04 0.00000e+00
63.100000 1.50560e-04 5.73501e-04 0.00000e+00
63.110000 1.85987e-04 5.44922e-04 0.00000e+00
63.120000 2.10074e-04 4.99121e-04 0.00000e+00
63.130000 1.91761e-04 4.31216e-04 0.00000e+00
63.140000 1.69195e-04 3.40525e-04 0.00000e+00
63.150000 1.60531e-04 2.27163e-04 0.00000e+00
63.160000 1.63347e-04 9.51427e-05 0.00000e+00
63.170000 1.40115e-04 5.38697e-06 0.00000e+00
63.180000 1.29179e-04 -1.89825e-04 0.00000e+00
63.190000 1.24085e-04 -5.17620e-04 0.00000e+00
63.200000 1.32034e-04 -7.84145e-04 0.00000e+00
63.210000 1.53288e-04 -9.88915e-04 0.00000e+00
63.220000 1.51930e-04 -1.16768e-03 0.00000e+00
63.230000 1.46937e-04 -1.29237e-03 0.00000e+00
63.240000 1.44106e-04 -1.36878e-03 0.00000e+00
63.250000 1.34899e-04 -1.44078e-03 0.00000e+00
63.260000 1.32154e-04 -1.51051e-03 0.00000e+00
63.270000 1.08830e-04 -1.64380e-03 0.00000e+00
63.280000 9.34619e-05 -1.64241e-03 0.00000e+00
63.290000 5.95564e-05 -1.46244e-03 0.00000e+00
63.300000 2.25093e-05 -1.45637e-03 0.00000e+00
63.310000 -8.93716e-06 -1.57516e-03 0.00000e+00
63.320000 -3.42260e-05 -1.62020e-03 0.00000e+00
63.330000 -5.22502e-05 -1.58110e-03 0.00000e+00
63.340000 -7.75766e-05 -1.53747e-03 0.00000e+00
63.350000 -1.02441e-04 -1.49278e-03 0.00000e+00
63.360000 -9.21137e-05 -1.41252e-03 0.00000e+00
63.370000 -8.68251e-05 -1.27587e-03 0.00000e+00
63.380000 -1.00264e-04 -1.00471e-03 0.00000e+00
63.390000 -1.12352e-04 -7.34168e-04 0.00000e+00
63.400000 -1.04115e-04 -5.40912e-04 0.00000e+00
63.410000 -1.20726e-04 -3.10666e-04 0.00000e+00
63.420000 -1.32403e-04 -5.16345e-05 0.00000e+00
63.430000 -1.37719e-04 2.11785e-04 0.00000e+00
63.440000 -1.25055e-04 3.55827e-04 0.00000e+00
63.450000 -1.02762e-04 4.40581e-04 0.00000e+00
63.460000 -1.18189e-04 5.85467e-04 0.00000e+00
63.470000 -1.28234e-04 6.58823e-04 0.00000e+00
63.480000 -9.79288e-05 6.68717e-04 0.00000e+00
63.490000 -8.21889e-05 6.40753e-04 0.00000e+00
63.500000 -6.68737e-05 5.75779e-04 0.00000e+00
63.510000 -5.37320e-05 4.80350e-04 0.00000e+00
63.520000 -4.43414e-05 3.84535e-04 0.00000e+00
63.530000 -4.17795e-05 4.51275e-04 0.00000e+00
63.540000 -2.80583e-05 6.44017e-04 0.00000e+00
63.550000 -2.45833e-05 7.09890e-04 0.00000e+00
63.560000 -3.58650e-05 6.25489e-04 0.00000e+00
63.570000 -3.08056e-05 6.24480e-04 0.00000e+00
63.580000 -2.37569e-05 6.42161e-04 0.00000e+00
63.590000 -3.20161e-05 4.74768e-04 0.00000e+00
63.600000 -4.25369e-05 2.38008e-04 0.00000e+00
63.610000 -5.65668e-05 1.33200e-04 0.00000e+00
63.620000 -2.66332e-05 1.89759e-04 0.00000e+00
63.630000 -2.27084e-05 1.19034e-04 0.00000e+00
63.640000 -3.61463e-05 -8.05612e-05 0.00000e+00
63.650000 -3.79605e-05 -1.37793e-04 0.00000e+00
63.660000 -3.94955e-05 -1.13001e-04 0.00000e+00
63.670000 -2.73136e-05 -1.00119e-04 0.00000e+00
63.680000 -5.83584e-06 -7.75259e-05 0.00000e+00
63.690000 1.85194e-05 -5.48053e-05 0.00000e+00
63.700000 2.92220e-05 -4.70116e-05 0.00000e+00
63.710000 4.00674e-06 -2.40910e-05 0.00000e+00
63.720000 -2.70746e-05 8.15650e-06 0.00000e+00
63.730000 -3.19117e-05 -1.35917e-05 0.00000e+00
63.740000 -2.20770e-05 -3.98414e-05 0.00000e+00
63.750000 -5.28590e-05 -2.89356e-05 0.00000e+00
63.760000 -7.00305e-05 -4.76431e-05 0.00000e+00
63.770000 -4.80633e-05 -1.14975e-04 0.00000e+00
63.780000 -2.31117e-05 -2.13508e-04 0.00000e+00
63.790000 -3.37837e-05 -2.33765e-04 0.00000e+00
63.800000 -5.58744e-05 -2.05975e-04 0.00000e+00
63.810000 -3.71571e-05 -2.69304e-04 0.00000e+00
63.820000 -3.40326e-05 -3.59451e-04 0.00000e+00
63.830000 -3.57651e-05 -4.13083e-04 0.00000e+00
63.840000 -3.83528e-05 -4.68095e-04 0.00000e+00
63.850000 -4.17957e-05 -5.24488e-04 0.00000e+00
63.860000 -4.60939e-05 -5.82261e-04 0.00000e+00
63.870000 -5.12472e-05 -6.41415e-04 0.00000e+00
63.880000 -5.72558e-05 -7.01949e-04 0.00000e+00
63.890000 -6.41196e-05 -7.63864e-04 0.00000e+00
63.900000 -7.18387e-05 -8.27159e-04 0.00000e+00
63.910000 -8.04129e-05 -8.91835e-04 0.00000e+00
63.920000 -8.98424e-05 -9.57891e-04 0.00000e+00
63.930000 -1.00127e-04 -1.02533e-03 0.00000e+00
63.940000 -1.11267e-04 -1.09414e-03 0.00000e+00
63.950000 -1.23262e-04 -1.16434e-03 0.00000e+00
63.960000 -1.36112e-04 -1.23592e-03 0.00000e+00
63.970000 -1.49818e-04 -1.30888e-03 0.00000e+00
63.980000 -1.64379e-04 -1.38322e-03 0.00000e+00
63.990000 -1.79795e-04 -1.45894e-03 0.00000e+00
