# focused wave waveinput_round2\waveinput_420060.dat
@v301
# Wavedata CFDwavemaker
[wave type]
piston

[general input data]
depth 0.6

[wave input piston]
# number of timesteps to read
6400
# Time[sec], paddle position[m], paddle velocity[m/s], surface_elevation[m]
0.000000 0.00000e+00 3.29965e-05 0.00000e+00
0.010000 4.05296e-07 3.05847e-05 0.00000e+00
0.020000 7.67964e-07 2.80210e-05 0.00000e+00
0.030000 1.08711e-06 2.53055e-05 0.00000e+00
0.040000 1.36184e-06 2.24381e-05 0.00000e+00
0.050000 1.59126e-06 1.94189e-05 0.00000e+00
0.060000 1.77448e-06 1.62478e-05 0.00000e+00
0.070000 1.91059e-06 1.29248e-05 0.00000e+00
0.080000 1.99871e-06 9.44999e-06 0.00000e+00
0.090000 2.03795e-06 5.82332e-06 0.00000e+00
0.100000 2.02740e-06 2.04480e-06 0.00000e+00
0.110000 1.96617e-06 -1.88557e-06 0.00000e+00
0.120000 1.85338e-06 -5.96780e-06 0.00000e+00
0.130000 1.68812e-06 -1.02019e-05 0.00000e+00
0.140000 1.46950e-06 -1.45878e-05 0.00000e+00
0.150000 1.19662e-06 -1.91256e-05 0.00000e+00
0.160000 8.68596e-07 -2.38152e-05 0.00000e+00
0.170000 4.84529e-07 -2.86567e-05 0.00000e+00
0.180000 -4.90188e-07 -3.31666e-05 0.00000e+00
0.190000 4.98413e-08 -4.66310e-05 0.00000e+00
0.200000 -1.29422e-06 -5.35886e-05 0.00000e+00
0.210000 -1.40901e-06 -5.67354e-05 0.00000e+00
0.220000 -2.02370e-06 -6.59160e-05 0.00000e+00
0.230000 -1.55380e-06 -7.04695e-05 0.00000e+00
0.240000 -2.52605e-06 -6.78513e-05 0.00000e+00
0.250000 -1.71535e-06 -6.91969e-05 0.00000e+00
0.260000 -3.20043e-06 -8.33207e-05 0.00000e+00
0.270000 -4.38130e-06 -9.71337e-05 0.00000e+00
0.280000 -5.16465e-06 -1.00636e-04 0.00000e+00
0.290000 -8.13184e-06 -9.24283e-05 0.00000e+00
0.300000 -9.04884e-06 -8.66097e-05 0.00000e+00
0.310000 -8.34569e-06 -9.06841e-05 0.00000e+00
0.320000 -7.79504e-06 -8.38430e-05 0.00000e+00
0.330000 -9.45009e-06 -6.26237e-05 0.00000e+00
0.340000 -1.18698e-05 -4.68727e-05 0.00000e+00
0.350000 -1.40164e-05 -4.15391e-05 0.00000e+00
0.360000 -1.47655e-05 -2.90698e-05 0.00000e+00
0.370000 -1.22755e-05 -2.65669e-05 0.00000e+00
0.380000 -1.52843e-05 -3.29832e-05 0.00000e+00
0.390000 -1.43564e-05 -2.45545e-05 0.00000e+00
0.400000 -1.41141e-05 -4.72302e-07 0.00000e+00
0.410000 -1.46548e-05 2.11294e-05 0.00000e+00
0.420000 -1.77599e-05 3.18668e-05 0.00000e+00
0.430000 -1.67071e-05 3.80779e-05 0.00000e+00
0.440000 -1.29255e-05 4.20520e-05 0.00000e+00
0.450000 -9.88955e-06 5.09003e-05 0.00000e+00
0.460000 -9.02708e-06 5.04435e-05 0.00000e+00
0.470000 -1.07434e-05 4.52180e-05 0.00000e+00
0.480000 -8.62429e-06 4.63463e-05 0.00000e+00
0.490000 -4.66820e-06 4.71738e-05 0.00000e+00
0.500000 -6.38427e-06 5.28973e-05 0.00000e+00
0.510000 -9.49273e-06 4.32224e-05 0.00000e+00
0.520000 -9.86465e-06 2.59024e-06 0.00000e+00
0.530000 -9.21040e-06 -3.59084e-05 0.00000e+00
0.540000 -1.21979e-05 -3.81351e-05 0.00000e+00
0.550000 -7.17796e-06 -4.59852e-05 0.00000e+00
0.560000 -5.47407e-06 -7.16779e-05 0.00000e+00
0.570000 -5.55971e-06 -8.64898e-05 0.00000e+00
0.580000 -1.10852e-05 -1.06916e-04 0.00000e+00
0.590000 -1.19687e-05 -1.38113e-04 0.00000e+00
0.600000 -1.31095e-05 -1.75954e-04 0.00000e+00
0.610000 -1.25634e-05 -1.76688e-04 0.00000e+00
0.620000 -1.51764e-05 -1.46350e-04 0.00000e+00
0.630000 -1.75128e-05 -1.28071e-04 0.00000e+00
0.640000 -1.93365e-05 -1.36357e-04 0.00000e+00
0.650000 -2.14535e-05 -1.39443e-04 0.00000e+00
0.660000 -2.39650e-05 -1.04940e-04 0.00000e+00
0.670000 -2.50399e-05 -8.41560e-05 0.00000e+00
0.680000 -3.34837e-05 -1.05364e-04 0.00000e+00
0.690000 -3.29438e-05 -1.13030e-04 0.00000e+00
0.700000 -2.84540e-05 -9.72386e-05 0.00000e+00
0.710000 -2.60148e-05 -8.69609e-05 0.00000e+00
0.720000 -3.31000e-05 -5.72487e-05 0.00000e+00
0.730000 -3.09907e-05 -9.11052e-06 0.00000e+00
0.740000 -3.16575e-05 3.43013e-05 0.00000e+00
0.750000 -3.06770e-05 5.99691e-05 0.00000e+00
0.760000 -2.91365e-05 7.62241e-05 0.00000e+00
0.770000 -2.54765e-05 1.15077e-04 0.00000e+00
0.780000 -1.72940e-05 1.51444e-04 0.00000e+00
0.790000 -2.10851e-05 1.82796e-04 0.00000e+00
0.800000 -2.38040e-05 2.16567e-04 0.00000e+00
0.810000 -2.44550e-05 2.23572e-04 0.00000e+00
0.820000 -1.84368e-05 2.11528e-04 0.00000e+00
0.830000 -1.82866e-05 2.08407e-04 0.00000e+00
0.840000 -2.24911e-05 2.11897e-04 0.00000e+00
0.850000 -1.88548e-05 1.87876e-04 0.00000e+00
0.860000 -8.67893e-06 1.54954e-04 0.00000e+00
0.870000 -7.36053e-06 1.61322e-04 0.00000e+00
0.880000 -2.23917e-06 1.90337e-04 0.00000e+00
0.890000 6.20689e-07 1.79258e-04 0.00000e+00
0.900000 2.56529e-06 1.57046e-04 0.00000e+00
0.910000 3.56777e-06 1.42961e-04 0.00000e+00
0.920000 4.11440e-06 1.27372e-04 0.00000e+00
0.930000 5.76117e-06 1.12461e-04 0.00000e+00
0.940000 8.68939e-06 7.89628e-05 0.00000e+00
0.950000 2.66269e-06 7.56394e-05 0.00000e+00
0.960000 6.44734e-06 6.33490e-05 0.00000e+00
0.970000 -4.32137e-07 1.70507e-05 0.00000e+00
0.980000 -4.14090e-06 -3.32966e-05 0.00000e+00
0.990000 -1.20873e-06 -5.50930e-05 0.00000e+00
1.000000 3.41950e-06 -5.03565e-05 0.00000e+00
1.010000 1.00728e-06 -9.80718e-05 0.00000e+00
1.020000 1.71159e-06 -1.48636e-04 0.00000e+00
1.030000 3.51160e-06 -1.14975e-04 0.00000e+00
1.040000 7.63581e-06 -7.91294e-05 0.00000e+00
1.050000 3.33122e-06 -8.11685e-05 0.00000e+00
1.060000 -1.99921e-06 -6.77372e-05 0.00000e+00
1.070000 -2.03479e-06 -4.59135e-05 0.00000e+00
1.080000 -6.15939e-06 -2.63006e-05 0.00000e+00
1.090000 -6.12065e-06 6.53431e-06 0.00000e+00
1.100000 -1.27670e-05 2.92177e-05 0.00000e+00
1.110000 -1.30634e-05 3.41629e-05 0.00000e+00
1.120000 -8.22268e-06 1.03840e-05 0.00000e+00
1.130000 -1.33588e-05 -4.75911e-06 0.00000e+00
1.140000 -1.01743e-05 -4.74398e-05 0.00000e+00
1.150000 -1.09474e-05 -1.59529e-04 0.00000e+00
1.160000 -3.20600e-06 -2.28335e-04 0.00000e+00
1.170000 -7.20495e-06 -2.62465e-04 0.00000e+00
1.180000 -1.03093e-05 -3.29512e-04 0.00000e+00
1.190000 -2.90773e-07 -3.91707e-04 0.00000e+00
1.200000 3.15994e-06 -4.04465e-04 0.00000e+00
1.210000 -9.68327e-06 -3.93944e-04 0.00000e+00
1.220000 -9.43004e-06 -3.80063e-04 0.00000e+00
1.230000 -8.86622e-06 -3.75403e-04 0.00000e+00
1.240000 -1.23383e-05 -3.59111e-04 0.00000e+00
1.250000 -1.84802e-05 -3.34115e-04 0.00000e+00
1.260000 -2.41824e-05 -2.93852e-04 0.00000e+00
1.270000 -4.13447e-05 -2.62711e-04 0.00000e+00
1.280000 -4.63896e-05 -2.05968e-04 0.00000e+00
1.290000 -5.55944e-05 -6.31803e-05 0.00000e+00
1.300000 -5.63584e-05 1.04914e-04 0.00000e+00
1.310000 -7.10785e-05 3.18458e-04 0.00000e+00
1.320000 -6.14081e-05 5.73600e-04 0.00000e+00
1.330000 -4.87298e-05 8.84758e-04 0.00000e+00
1.340000 -4.34534e-05 1.21003e-03 0.00000e+00
1.350000 -3.10474e-05 1.49197e-03 0.00000e+00
1.360000 -5.30582e-06 1.83000e-03 0.00000e+00
1.370000 1.34080e-05 2.22921e-03 0.00000e+00
1.380000 3.21486e-05 2.57981e-03 0.00000e+00
1.390000 5.53346e-05 2.90257e-03 0.00000e+00
1.400000 7.85487e-05 3.23654e-03 0.00000e+00
1.410000 1.07113e-04 3.50956e-03 0.00000e+00
1.420000 1.40211e-04 3.74336e-03 0.00000e+00
1.430000 1.79583e-04 3.93607e-03 0.00000e+00
1.440000 2.20971e-04 4.01030e-03 0.00000e+00
1.450000 2.79501e-04 4.00430e-03 0.00000e+00
1.460000 3.27719e-04 3.92985e-03 0.00000e+00
1.470000 3.76205e-04 3.77875e-03 0.00000e+00
1.480000 4.24146e-04 3.52056e-03 0.00000e+00
1.490000 4.62199e-04 3.21126e-03 0.00000e+00
1.500000 5.04126e-04 2.89527e-03 0.00000e+00
1.510000 5.26626e-04 2.47956e-03 0.00000e+00
1.520000 5.60514e-04 2.00533e-03 0.00000e+00
1.530000 5.91102e-04 1.53451e-03 0.00000e+00
1.540000 6.10260e-04 1.06221e-03 0.00000e+00
1.550000 6.12388e-04 5.26770e-04 0.00000e+00
1.560000 6.15752e-04 -4.71899e-05 0.00000e+00
1.570000 6.03967e-04 -6.61229e-04 0.00000e+00
1.580000 5.88711e-04 -1.29218e-03 0.00000e+00
1.590000 5.73224e-04 -1.89247e-03 0.00000e+00
1.600000 5.36644e-04 -2.48781e-03 0.00000e+00
1.610000 4.98310e-04 -3.04313e-03 0.00000e+00
1.620000 4.61822e-04 -3.49758e-03 0.00000e+00
1.630000 4.15852e-04 -3.88414e-03 0.00000e+00
1.640000 3.73918e-04 -4.22497e-03 0.00000e+00
1.650000 3.24257e-04 -4.48530e-03 0.00000e+00
1.660000 2.83765e-04 -4.71490e-03 0.00000e+00
1.670000 2.26628e-04 -4.90832e-03 0.00000e+00
1.680000 1.80017e-04 -5.09225e-03 0.00000e+00
1.690000 1.34074e-04 -5.23565e-03 0.00000e+00
1.700000 8.62570e-05 -5.25706e-03 0.00000e+00
1.710000 3.49223e-05 -5.15226e-03 0.00000e+00
1.720000 -2.69008e-05 -5.01235e-03 0.00000e+00
1.730000 -7.62562e-05 -4.88132e-03 0.00000e+00
1.740000 -1.32959e-04 -4.72083e-03 0.00000e+00
1.750000 -1.70368e-04 -4.53110e-03 0.00000e+00
1.760000 -2.18318e-04 -4.29451e-03 0.00000e+00
1.770000 -2.59363e-04 -4.06276e-03 0.00000e+00
1.780000 -2.90922e-04 -3.85892e-03 0.00000e+00
1.790000 -3.26092e-04 -3.62927e-03 0.00000e+00
1.800000 -3.62649e-04 -3.37385e-03 0.00000e+00
1.810000 -3.93488e-04 -3.10300e-03 0.00000e+00
1.820000 -4.29226e-04 -2.78902e-03 0.00000e+00
1.830000 -4.64978e-04 -2.44471e-03 0.00000e+00
1.840000 -4.90823e-04 -2.14662e-03 0.00000e+00
1.850000 -5.11132e-04 -1.81902e-03 0.00000e+00
1.860000 -5.14321e-04 -1.44806e-03 0.00000e+00
1.870000 -5.14687e-04 -1.11942e-03 0.00000e+00
1.880000 -5.15347e-04 -7.77346e-04 0.00000e+00
1.890000 -5.41071e-04 -4.53081e-04 0.00000e+00
1.900000 -5.48071e-04 -1.47653e-04 0.00000e+00
1.910000 -5.50035e-04 1.18548e-04 0.00000e+00
1.920000 -5.48547e-04 3.86933e-04 0.00000e+00
1.930000 -5.50124e-04 6.12008e-04 0.00000e+00
1.940000 -5.44448e-04 7.23996e-04 0.00000e+00
1.950000 -5.37892e-04 8.66838e-04 0.00000e+00
1.960000 -5.19266e-04 1.01351e-03 0.00000e+00
1.970000 -5.03375e-04 1.12717e-03 0.00000e+00
1.980000 -4.84622e-04 1.21687e-03 0.00000e+00
1.990000 -4.64823e-04 1.22126e-03 0.00000e+00
2.000000 -4.57671e-04 1.11520e-03 0.00000e+00
2.010000 -4.43051e-04 9.60425e-04 0.00000e+00
2.020000 -4.15004e-04 8.00816e-04 0.00000e+00
2.030000 -4.16755e-04 7.02326e-04 0.00000e+00
2.040000 -3.99407e-04 6.84887e-04 0.00000e+00
2.050000 -3.84035e-04 6.38839e-04 0.00000e+00
2.060000 -3.82338e-04 4.19446e-04 0.00000e+00
2.070000 -3.86397e-04 1.15428e-04 0.00000e+00
2.080000 -3.95477e-04 -1.30681e-04 0.00000e+00
2.090000 -3.99902e-04 -3.93619e-04 0.00000e+00
2.100000 -4.22781e-04 -6.76296e-04 0.00000e+00
2.110000 -4.22589e-04 -9.10234e-04 0.00000e+00
2.120000 -4.16449e-04 -1.13611e-03 0.00000e+00
2.130000 -4.31636e-04 -1.30957e-03 0.00000e+00
2.140000 -4.41163e-04 -1.41743e-03 0.00000e+00
2.150000 -4.70656e-04 -1.50070e-03 0.00000e+00
2.160000 -4.93969e-04 -1.51296e-03 0.00000e+00
2.170000 -5.12229e-04 -1.53915e-03 0.00000e+00
2.180000 -5.14854e-04 -1.54706e-03 0.00000e+00
2.190000 -5.21762e-04 -1.41888e-03 0.00000e+00
2.200000 -5.23260e-04 -1.28993e-03 0.00000e+00
2.210000 -5.50250e-04 -1.18661e-03 0.00000e+00
2.220000 -5.85248e-04 -9.56610e-04 0.00000e+00
2.230000 -6.13141e-04 -6.09251e-04 0.00000e+00
2.240000 -6.06362e-04 -2.35145e-04 0.00000e+00
2.250000 -6.09689e-04 1.02541e-04 0.00000e+00
2.260000 -6.09821e-04 4.79371e-04 0.00000e+00
2.270000 -5.94584e-04 8.67657e-04 0.00000e+00
2.280000 -5.76697e-04 1.30477e-03 0.00000e+00
2.290000 -5.69859e-04 1.88800e-03 0.00000e+00
2.300000 -5.34956e-04 2.46612e-03 0.00000e+00
2.310000 -5.20839e-04 3.05026e-03 0.00000e+00
2.320000 -4.84343e-04 3.60210e-03 0.00000e+00
2.330000 -4.55437e-04 4.08877e-03 0.00000e+00
2.340000 -4.19807e-04 4.56932e-03 0.00000e+00
2.350000 -3.66072e-04 5.12843e-03 0.00000e+00
2.360000 -3.11232e-04 5.75856e-03 0.00000e+00
2.370000 -2.64142e-04 6.36115e-03 0.00000e+00
2.380000 -1.88940e-04 6.85011e-03 0.00000e+00
2.390000 -1.00192e-04 7.13373e-03 0.00000e+00
2.400000 -2.10174e-05 7.29750e-03 0.00000e+00
2.410000 3.75264e-05 7.53315e-03 0.00000e+00
2.420000 1.12872e-04 7.76924e-03 0.00000e+00
2.430000 2.02905e-04 7.86706e-03 0.00000e+00
2.440000 2.86310e-04 7.95273e-03 0.00000e+00
2.450000 3.80467e-04 8.00863e-03 0.00000e+00
2.460000 4.65264e-04 7.92333e-03 0.00000e+00
2.470000 5.38984e-04 7.76460e-03 0.00000e+00
2.480000 6.25789e-04 7.55882e-03 0.00000e+00
2.490000 6.87479e-04 7.30261e-03 0.00000e+00
2.500000 7.72295e-04 6.96181e-03 0.00000e+00
2.510000 8.41501e-04 6.47656e-03 0.00000e+00
2.520000 9.29285e-04 5.96662e-03 0.00000e+00
2.530000 9.69309e-04 5.43263e-03 0.00000e+00
2.540000 1.01391e-03 4.80637e-03 0.00000e+00
2.550000 1.03800e-03 4.13344e-03 0.00000e+00
2.560000 1.07850e-03 3.55038e-03 0.00000e+00
2.570000 1.12032e-03 3.03044e-03 0.00000e+00
2.580000 1.16788e-03 2.38712e-03 0.00000e+00
2.590000 1.16929e-03 1.64771e-03 0.00000e+00
2.600000 1.19119e-03 9.70605e-04 0.00000e+00
2.610000 1.19914e-03 2.88167e-04 0.00000e+00
2.620000 1.19269e-03 -4.07969e-04 0.00000e+00
2.630000 1.17809e-03 -1.03934e-03 0.00000e+00
2.640000 1.17356e-03 -1.64359e-03 0.00000e+00
2.650000 1.15685e-03 -2.19308e-03 0.00000e+00
2.660000 1.12912e-03 -2.76123e-03 0.00000e+00
2.670000 1.07997e-03 -3.22307e-03 0.00000e+00
2.680000 1.04799e-03 -3.55890e-03 0.00000e+00
2.690000 1.01232e-03 -3.83046e-03 0.00000e+00
2.700000 9.70098e-04 -4.10542e-03 0.00000e+00
2.710000 9.24345e-04 -4.43919e-03 0.00000e+00
2.720000 8.81188e-04 -4.75487e-03 0.00000e+00
2.730000 8.46943e-04 -5.03824e-03 0.00000e+00
2.740000 7.84333e-04 -5.23674e-03 0.00000e+00
2.750000 7.07185e-04 -5.29785e-03 0.00000e+00
2.760000 6.49724e-04 -5.32001e-03 0.00000e+00
2.770000 5.94968e-04 -5.32979e-03 0.00000e+00
2.780000 5.32272e-04 -5.29943e-03 0.00000e+00
2.790000 4.91640e-04 -5.27855e-03 0.00000e+00
2.800000 4.54939e-04 -5.19974e-03 0.00000e+00
2.810000 4.09132e-04 -5.05059e-03 0.00000e+00
2.820000 3.62208e-04 -4.83512e-03 0.00000e+00
2.830000 3.15744e-04 -4.60811e-03 0.00000e+00
2.840000 2.94337e-04 -4.45605e-03 0.00000e+00
2.850000 2.27909e-04 -4.28253e-03 0.00000e+00
2.860000 1.85711e-04 -3.94208e-03 0.00000e+00
2.870000 1.26338e-04 -3.58465e-03 0.00000e+00
2.880000 9.31148e-05 -3.27691e-03 0.00000e+00
2.890000 5.14542e-05 -2.95439e-03 0.00000e+00
2.900000 2.52963e-05 -2.56397e-03 0.00000e+00
2.910000 -1.56090e-06 -2.21001e-03 0.00000e+00
2.920000 -6.42289e-06 -2.01607e-03 0.00000e+00
2.930000 -3.94492e-05 -1.85906e-03 0.00000e+00
2.940000 -5.78592e-05 -1.66908e-03 0.00000e+00
2.950000 -8.64444e-05 -1.54250e-03 0.00000e+00
2.960000 -7.82121e-05 -1.46298e-03 0.00000e+00
2.970000 -8.78974e-05 -1.30760e-03 0.00000e+00
2.980000 -9.24779e-05 -1.14250e-03 0.00000e+00
2.990000 -1.00948e-04 -1.05359e-03 0.00000e+00
3.000000 -1.06599e-04 -9.74542e-04 0.00000e+00
3.010000 -1.15833e-04 -8.74265e-04 0.00000e+00
3.020000 -9.63837e-05 -8.81419e-04 0.00000e+00
3.030000 -9.90905e-05 -1.02761e-03 0.00000e+00
3.040000 -1.29109e-04 -1.27495e-03 0.00000e+00
3.050000 -1.44540e-04 -1.57336e-03 0.00000e+00
3.060000 -1.59322e-04 -1.87914e-03 0.00000e+00
3.070000 -1.81513e-04 -2.21251e-03 0.00000e+00
3.080000 -2.18676e-04 -2.55816e-03 0.00000e+00
3.090000 -2.52117e-04 -2.89473e-03 0.00000e+00
3.100000 -2.75751e-04 -3.26131e-03 0.00000e+00
3.110000 -3.09399e-04 -3.69757e-03 0.00000e+00
3.120000 -3.47825e-04 -4.16958e-03 0.00000e+00
3.130000 -3.79295e-04 -4.53194e-03 0.00000e+00
3.140000 -4.00501e-04 -4.87864e-03 0.00000e+00
3.150000 -4.55831e-04 -5.31107e-03 0.00000e+00
3.160000 -5.06031e-04 -5.70179e-03 0.00000e+00
3.170000 -5.61596e-04 -5.99659e-03 0.00000e+00
3.180000 -6.38316e-04 -6.20038e-03 0.00000e+00
3.190000 -7.10590e-04 -6.24421e-03 0.00000e+00
3.200000 -7.90699e-04 -6.16915e-03 0.00000e+00
3.210000 -8.56927e-04 -6.22256e-03 0.00000e+00
3.220000 -9.18526e-04 -6.28211e-03 0.00000e+00
3.230000 -9.81750e-04 -6.24397e-03 0.00000e+00
3.240000 -1.04770e-03 -6.17623e-03 0.00000e+00
3.250000 -1.11309e-03 -6.04991e-03 0.00000e+00
3.260000 -1.17633e-03 -5.85209e-03 0.00000e+00
3.270000 -1.23467e-03 -5.56738e-03 0.00000e+00
3.280000 -1.29523e-03 -5.17845e-03 0.00000e+00
3.290000 -1.33891e-03 -4.70081e-03 0.00000e+00
3.300000 -1.37783e-03 -4.09576e-03 0.00000e+00
3.310000 -1.43944e-03 -3.29271e-03 0.00000e+00
3.320000 -1.45147e-03 -2.40926e-03 0.00000e+00
3.330000 -1.45716e-03 -1.55003e-03 0.00000e+00
3.340000 -1.44901e-03 -6.46538e-04 0.00000e+00
3.350000 -1.46002e-03 3.00156e-04 0.00000e+00
3.360000 -1.45645e-03 1.25243e-03 0.00000e+00
3.370000 -1.47673e-03 2.16415e-03 0.00000e+00
3.380000 -1.47924e-03 3.10628e-03 0.00000e+00
3.390000 -1.44578e-03 4.14646e-03 0.00000e+00
3.400000 -1.41144e-03 5.16995e-03 0.00000e+00
3.410000 -1.35407e-03 6.13759e-03 0.00000e+00
3.420000 -1.27769e-03 7.00545e-03 0.00000e+00
3.430000 -1.20626e-03 7.74231e-03 0.00000e+00
3.440000 -1.11466e-03 8.48068e-03 0.00000e+00
3.450000 -1.00644e-03 9.16198e-03 0.00000e+00
3.460000 -8.93849e-04 9.76305e-03 0.00000e+00
3.470000 -7.74081e-04 1.03394e-02 0.00000e+00
3.480000 -6.55079e-04 1.07156e-02 0.00000e+00
3.490000 -5.49949e-04 1.09787e-02 0.00000e+00
3.500000 -4.41218e-04 1.12846e-02 0.00000e+00
3.510000 -3.13553e-04 1.15608e-02 0.00000e+00
3.520000 -1.89570e-04 1.16537e-02 0.00000e+00
3.530000 -8.28636e-05 1.14908e-02 0.00000e+00
3.540000 3.09083e-05 1.11118e-02 0.00000e+00
3.550000 1.54121e-04 1.05195e-02 0.00000e+00
3.560000 2.55631e-04 9.90429e-03 0.00000e+00
3.570000 3.37597e-04 9.25373e-03 0.00000e+00
3.580000 4.25695e-04 8.54995e-03 0.00000e+00
3.590000 4.96554e-04 7.86314e-03 0.00000e+00
3.600000 5.89572e-04 7.07144e-03 0.00000e+00
3.610000 6.84013e-04 6.24290e-03 0.00000e+00
3.620000 7.37629e-04 5.51282e-03 0.00000e+00
3.630000 8.02623e-04 4.77834e-03 0.00000e+00
3.640000 8.41848e-04 4.04772e-03 0.00000e+00
3.650000 8.67984e-04 3.39051e-03 0.00000e+00
3.660000 9.01725e-04 2.67430e-03 0.00000e+00
3.670000 9.24419e-04 1.92586e-03 0.00000e+00
3.680000 9.14406e-04 1.26413e-03 0.00000e+00
3.690000 8.88467e-04 6.74306e-04 0.00000e+00
3.700000 8.69965e-04 3.98908e-05 0.00000e+00
3.710000 8.71879e-04 -5.44082e-04 0.00000e+00
3.720000 8.61456e-04 -9.83693e-04 0.00000e+00
3.730000 8.73580e-04 -1.41503e-03 0.00000e+00
3.740000 8.51283e-04 -1.93335e-03 0.00000e+00
3.750000 8.50363e-04 -2.34698e-03 0.00000e+00
3.760000 8.17047e-04 -2.65377e-03 0.00000e+00
3.770000 7.98034e-04 -2.81904e-03 0.00000e+00
3.780000 7.86590e-04 -2.76264e-03 0.00000e+00
3.790000 7.69555e-04 -2.65782e-03 0.00000e+00
3.800000 7.25143e-04 -2.49987e-03 0.00000e+00
3.810000 7.15809e-04 -2.28966e-03 0.00000e+00
3.820000 6.76769e-04 -2.05950e-03 0.00000e+00
3.830000 6.39389e-04 -1.79847e-03 0.00000e+00
3.840000 6.14505e-04 -1.42585e-03 0.00000e+00
3.850000 5.87917e-04 -1.13203e-03 0.00000e+00
3.860000 5.58527e-04 -9.54131e-04 0.00000e+00
3.870000 5.37240e-04 -7.09839e-04 0.00000e+00
3.880000 5.40331e-04 -3.96418e-04 0.00000e+00
3.890000 5.23092e-04 -1.69574e-05 0.00000e+00
3.900000 5.17526e-04 4.66404e-04 0.00000e+00
3.910000 5.34281e-04 8.92044e-04 0.00000e+00
3.920000 5.86759e-04 1.30171e-03 0.00000e+00
3.930000 6.02934e-04 1.70810e-03 0.00000e+00
3.940000 6.54017e-04 2.04294e-03 0.00000e+00
3.950000 6.69012e-04 2.39165e-03 0.00000e+00
3.960000 7.03618e-04 2.69633e-03 0.00000e+00
3.970000 7.16723e-04 2.88379e-03 0.00000e+00
3.980000 7.48364e-04 3.01663e-03 0.00000e+00
3.990000 7.69673e-04 3.09159e-03 0.00000e+00
4.000000 7.93299e-04 2.99651e-03 0.00000e+00
4.010000 8.29987e-04 2.81305e-03 0.00000e+00
4.020000 8.31426e-04 2.56175e-03 0.00000e+00
4.030000 8.86839e-04 2.14631e-03 0.00000e+00
4.040000 9.11407e-04 1.62157e-03 0.00000e+00
4.050000 9.34373e-04 1.11364e-03 0.00000e+00
4.060000 9.58094e-04 4.91341e-04 0.00000e+00
4.070000 9.63308e-04 -3.01052e-04 0.00000e+00
4.080000 9.47768e-04 -1.11009e-03 0.00000e+00
4.090000 9.62124e-04 -1.77539e-03 0.00000e+00
4.100000 9.30569e-04 -2.48502e-03 0.00000e+00
4.110000 9.15005e-04 -3.22807e-03 0.00000e+00
4.120000 8.67628e-04 -3.98275e-03 0.00000e+00
4.130000 8.32325e-04 -4.75010e-03 0.00000e+00
4.140000 7.71657e-04 -5.50033e-03 0.00000e+00
4.150000 7.13558e-04 -6.25361e-03 0.00000e+00
4.160000 6.33062e-04 -7.00279e-03 0.00000e+00
4.170000 5.51383e-04 -7.85290e-03 0.00000e+00
4.180000 4.59458e-04 -8.64207e-03 0.00000e+00
4.190000 3.67230e-04 -9.41192e-03 0.00000e+00
4.200000 2.52693e-04 -1.00337e-02 0.00000e+00
4.210000 1.68479e-04 -1.05126e-02 0.00000e+00
4.220000 4.92843e-05 -1.10342e-02 0.00000e+00
4.230000 -6.83384e-05 -1.13916e-02 0.00000e+00
4.240000 -1.84186e-04 -1.16117e-02 0.00000e+00
4.250000 -2.78702e-04 -1.18097e-02 0.00000e+00
4.260000 -3.89110e-04 -1.18406e-02 0.00000e+00
4.270000 -5.15547e-04 -1.17918e-02 0.00000e+00
4.280000 -6.19997e-04 -1.17085e-02 0.00000e+00
4.290000 -7.39989e-04 -1.14666e-02 0.00000e+00
4.300000 -8.42271e-04 -1.10686e-02 0.00000e+00
4.310000 -9.74108e-04 -1.05515e-02 0.00000e+00
4.320000 -1.08890e-03 -1.00019e-02 0.00000e+00
4.330000 -1.22300e-03 -9.33674e-03 0.00000e+00
4.340000 -1.32521e-03 -8.52871e-03 0.00000e+00
4.350000 -1.39928e-03 -7.68037e-03 0.00000e+00
4.360000 -1.47623e-03 -6.72250e-03 0.00000e+00
4.370000 -1.53511e-03 -5.78565e-03 0.00000e+00
4.380000 -1.61092e-03 -4.80092e-03 0.00000e+00
4.390000 -1.64977e-03 -3.72417e-03 0.00000e+00
4.400000 -1.66141e-03 -2.68443e-03 0.00000e+00
4.410000 -1.69334e-03 -1.57777e-03 0.00000e+00
4.420000 -1.70227e-03 -3.78405e-04 0.00000e+00
4.430000 -1.70163e-03 8.02912e-04 0.00000e+00
4.440000 -1.69404e-03 1.88728e-03 0.00000e+00
4.450000 -1.65498e-03 2.98896e-03 0.00000e+00
4.460000 -1.59673e-03 4.03278e-03 0.00000e+00
4.470000 -1.55116e-03 5.00310e-03 0.00000e+00
4.480000 -1.49654e-03 5.81223e-03 0.00000e+00
4.490000 -1.43715e-03 6.42483e-03 0.00000e+00
4.500000 -1.33853e-03 6.89498e-03 0.00000e+00
4.510000 -1.27417e-03 7.22499e-03 0.00000e+00
4.520000 -1.20098e-03 7.58449e-03 0.00000e+00
4.530000 -1.11243e-03 7.90540e-03 0.00000e+00
4.540000 -1.05336e-03 8.07133e-03 0.00000e+00
4.550000 -9.39013e-04 8.10139e-03 0.00000e+00
4.560000 -8.56689e-04 8.05675e-03 0.00000e+00
4.570000 -7.56891e-04 8.08207e-03 0.00000e+00
4.580000 -6.71452e-04 8.07582e-03 0.00000e+00
4.590000 -5.93712e-04 7.89647e-03 0.00000e+00
4.600000 -5.31645e-04 7.61770e-03 0.00000e+00
4.610000 -4.47765e-04 7.29413e-03 0.00000e+00
4.620000 -3.89534e-04 6.95855e-03 0.00000e+00
4.630000 -3.39735e-04 6.66062e-03 0.00000e+00
4.640000 -2.90118e-04 6.26650e-03 0.00000e+00
4.650000 -2.53042e-04 5.75436e-03 0.00000e+00
4.660000 -1.96831e-04 5.19173e-03 0.00000e+00
4.670000 -1.42934e-04 4.69742e-03 0.00000e+00
4.680000 -9.07456e-05 4.19972e-03 0.00000e+00
4.690000 -3.11769e-05 3.55742e-03 0.00000e+00
4.700000 -2.20847e-06 2.97517e-03 0.00000e+00
4.710000 3.17678e-05 2.37000e-03 0.00000e+00
4.720000 8.03644e-05 1.83469e-03 0.00000e+00
4.730000 1.12355e-04 1.42007e-03 0.00000e+00
4.740000 1.46787e-04 1.03662e-03 0.00000e+00
4.750000 1.43815e-04 7.13107e-04 0.00000e+00
4.760000 1.29952e-04 3.63219e-04 0.00000e+00
4.770000 1.35259e-04 -2.87112e-05 0.00000e+00
4.780000 1.32692e-04 -2.79845e-04 0.00000e+00
4.790000 1.12786e-04 -4.14378e-04 0.00000e+00
4.800000 9.41762e-05 -5.88325e-04 0.00000e+00
4.810000 5.67506e-05 -7.54116e-04 0.00000e+00
4.820000 4.79422e-05 -8.55059e-04 0.00000e+00
4.830000 2.68551e-05 -7.64050e-04 0.00000e+00
4.840000 2.78452e-05 -5.73196e-04 0.00000e+00
4.850000 3.01035e-06 -2.99213e-04 0.00000e+00
4.860000 3.75783e-06 1.79579e-04 0.00000e+00
4.870000 1.95170e-05 6.97943e-04 0.00000e+00
4.880000 2.38028e-05 1.20307e-03 0.00000e+00
4.890000 4.87429e-05 1.88253e-03 0.00000e+00
4.900000 6.59109e-05 2.68060e-03 0.00000e+00
4.910000 8.82191e-05 3.49841e-03 0.00000e+00
4.920000 1.10529e-04 4.27185e-03 0.00000e+00
4.930000 1.45475e-04 4.98443e-03 0.00000e+00
4.940000 2.01117e-04 5.75206e-03 0.00000e+00
4.950000 2.81213e-04 6.51787e-03 0.00000e+00
4.960000 3.29935e-04 7.12056e-03 0.00000e+00
4.970000 4.02954e-04 7.61566e-03 0.00000e+00
4.980000 4.85278e-04 8.03695e-03 0.00000e+00
4.990000 5.99084e-04 8.34446e-03 0.00000e+00
5.000000 6.94968e-04 8.59075e-03 0.00000e+00
5.010000 7.77416e-04 8.78310e-03 0.00000e+00
5.020000 8.95440e-04 8.82608e-03 0.00000e+00
5.030000 9.92497e-04 8.70198e-03 0.00000e+00
5.040000 1.07383e-03 8.56502e-03 0.00000e+00
5.050000 1.17334e-03 8.36277e-03 0.00000e+00
5.060000 1.27383e-03 8.03485e-03 0.00000e+00
5.070000 1.34676e-03 7.63106e-03 0.00000e+00
5.080000 1.41795e-03 7.13692e-03 0.00000e+00
5.090000 1.48713e-03 6.49810e-03 0.00000e+00
5.100000 1.55414e-03 5.69823e-03 0.00000e+00
5.110000 1.59533e-03 4.81040e-03 0.00000e+00
5.120000 1.61948e-03 3.92007e-03 0.00000e+00
5.130000 1.63965e-03 2.91783e-03 0.00000e+00
5.140000 1.67719e-03 1.82786e-03 0.00000e+00
5.150000 1.68757e-03 7.29989e-04 0.00000e+00
5.160000 1.68491e-03 -2.94053e-04 0.00000e+00
5.170000 1.69271e-03 -1.31026e-03 0.00000e+00
5.180000 1.66923e-03 -2.47531e-03 0.00000e+00
5.190000 1.64181e-03 -3.55112e-03 0.00000e+00
5.200000 1.60874e-03 -4.57490e-03 0.00000e+00
5.210000 1.58223e-03 -5.64431e-03 0.00000e+00
5.220000 1.52210e-03 -6.61132e-03 0.00000e+00
5.230000 1.45393e-03 -7.46911e-03 0.00000e+00
5.240000 1.38241e-03 -8.33536e-03 0.00000e+00
5.250000 1.28338e-03 -9.18028e-03 0.00000e+00
5.260000 1.16621e-03 -9.84286e-03 0.00000e+00
5.270000 1.05005e-03 -1.03377e-02 0.00000e+00
5.280000 9.35857e-04 -1.08640e-02 0.00000e+00
5.290000 8.21397e-04 -1.14172e-02 0.00000e+00
5.300000 6.96188e-04 -1.19392e-02 0.00000e+00
5.310000 5.78847e-04 -1.22661e-02 0.00000e+00
5.320000 4.41285e-04 -1.24311e-02 0.00000e+00
5.330000 3.23372e-04 -1.26106e-02 0.00000e+00
5.340000 1.69430e-04 -1.25902e-02 0.00000e+00
5.350000 5.14502e-05 -1.24552e-02 0.00000e+00
5.360000 -6.42349e-05 -1.23289e-02 0.00000e+00
5.370000 -1.91098e-04 -1.20886e-02 0.00000e+00
5.380000 -2.92831e-04 -1.15850e-02 0.00000e+00
5.390000 -4.03489e-04 -1.08878e-02 0.00000e+00
5.400000 -5.16158e-04 -1.02163e-02 0.00000e+00
5.410000 -6.14343e-04 -9.47260e-03 0.00000e+00
5.420000 -6.93674e-04 -8.68327e-03 0.00000e+00
5.430000 -7.69326e-04 -7.95325e-03 0.00000e+00
5.440000 -8.75569e-04 -7.25898e-03 0.00000e+00
5.450000 -9.74904e-04 -6.51303e-03 0.00000e+00
5.460000 -1.03176e-03 -5.65012e-03 0.00000e+00
5.470000 -1.09192e-03 -4.72612e-03 0.00000e+00
5.480000 -1.10957e-03 -3.80526e-03 0.00000e+00
5.490000 -1.16492e-03 -3.01176e-03 0.00000e+00
5.500000 -1.18209e-03 -2.23519e-03 0.00000e+00
5.510000 -1.18312e-03 -1.45130e-03 0.00000e+00
5.520000 -1.20644e-03 -6.16253e-04 0.00000e+00
5.530000 -1.19415e-03 2.80300e-04 0.00000e+00
5.540000 -1.15931e-03 1.10218e-03 0.00000e+00
5.550000 -1.11536e-03 1.93230e-03 0.00000e+00
5.560000 -1.11064e-03 2.62353e-03 0.00000e+00
5.570000 -1.10817e-03 3.12535e-03 0.00000e+00
5.580000 -1.07061e-03 3.60876e-03 0.00000e+00
5.590000 -1.05389e-03 4.06248e-03 0.00000e+00
5.600000 -1.01638e-03 4.42848e-03 0.00000e+00
5.610000 -9.77287e-04 4.57030e-03 0.00000e+00
5.620000 -9.05406e-04 4.46843e-03 0.00000e+00
5.630000 -8.53167e-04 4.31898e-03 0.00000e+00
5.640000 -8.06422e-04 4.08089e-03 0.00000e+00
5.650000 -7.80080e-04 3.79547e-03 0.00000e+00
5.660000 -7.31893e-04 3.41432e-03 0.00000e+00
5.670000 -6.56182e-04 2.95205e-03 0.00000e+00
5.680000 -5.97434e-04 2.53530e-03 0.00000e+00
5.690000 -5.49366e-04 1.98179e-03 0.00000e+00
5.700000 -5.41960e-04 1.34821e-03 0.00000e+00
5.710000 -5.23028e-04 8.14610e-04 0.00000e+00
5.720000 -5.35947e-04 3.95188e-04 0.00000e+00
5.730000 -5.66060e-04 -1.47921e-04 0.00000e+00
5.740000 -5.60779e-04 -9.14771e-04 0.00000e+00
5.750000 -5.73725e-04 -1.57508e-03 0.00000e+00
5.760000 -6.14390e-04 -2.14100e-03 0.00000e+00
5.770000 -6.53494e-04 -2.76883e-03 0.00000e+00
5.780000 -7.02862e-04 -3.35128e-03 0.00000e+00
5.790000 -7.39544e-04 -3.74844e-03 0.00000e+00
5.800000 -7.81591e-04 -3.97586e-03 0.00000e+00
5.810000 -8.27312e-04 -4.16441e-03 0.00000e+00
5.820000 -8.57773e-04 -4.36842e-03 0.00000e+00
5.830000 -8.98088e-04 -4.44988e-03 0.00000e+00
5.840000 -9.28165e-04 -4.18307e-03 0.00000e+00
5.850000 -9.80101e-04 -3.66468e-03 0.00000e+00
5.860000 -1.02195e-03 -3.05865e-03 0.00000e+00
5.870000 -1.05226e-03 -2.49598e-03 0.00000e+00
5.880000 -1.07114e-03 -1.89758e-03 0.00000e+00
5.890000 -1.10316e-03 -1.24525e-03 0.00000e+00
5.900000 -1.14614e-03 -6.42347e-04 0.00000e+00
5.910000 -1.15075e-03 1.31045e-04 0.00000e+00
5.920000 -1.12654e-03 1.02358e-03 0.00000e+00
5.930000 -1.13492e-03 1.87246e-03 0.00000e+00
5.940000 -1.12258e-03 2.79658e-03 0.00000e+00
5.950000 -1.07581e-03 3.73425e-03 0.00000e+00
5.960000 -1.01817e-03 4.68226e-03 0.00000e+00
5.970000 -9.63720e-04 5.67426e-03 0.00000e+00
5.980000 -9.04355e-04 6.63610e-03 0.00000e+00
5.990000 -8.23417e-04 7.57541e-03 0.00000e+00
6.000000 -7.09583e-04 8.57399e-03 0.00000e+00
6.010000 -6.05089e-04 9.60698e-03 0.00000e+00
6.020000 -5.20113e-04 1.04542e-02 0.00000e+00
6.030000 -4.38425e-04 1.11876e-02 0.00000e+00
6.040000 -3.43331e-04 1.18978e-02 0.00000e+00
6.050000 -2.19516e-04 1.25713e-02 0.00000e+00
6.060000 -1.01563e-04 1.31439e-02 0.00000e+00
6.070000 4.08564e-05 1.34520e-02 0.00000e+00
6.080000 1.89567e-04 1.36441e-02 0.00000e+00
6.090000 3.21220e-04 1.38364e-02 0.00000e+00
6.100000 4.82176e-04 1.38366e-02 0.00000e+00
6.110000 6.33948e-04 1.36016e-02 0.00000e+00
6.120000 7.61722e-04 1.33563e-02 0.00000e+00
6.130000 9.10364e-04 1.31085e-02 0.00000e+00
6.140000 1.04071e-03 1.27208e-02 0.00000e+00
6.150000 1.17505e-03 1.21108e-02 0.00000e+00
6.160000 1.30049e-03 1.13190e-02 0.00000e+00
6.170000 1.44207e-03 1.05714e-02 0.00000e+00
6.180000 1.52212e-03 9.75114e-03 0.00000e+00
6.190000 1.60625e-03 8.67848e-03 0.00000e+00
6.200000 1.70833e-03 7.44403e-03 0.00000e+00
6.210000 1.77377e-03 6.08051e-03 0.00000e+00
6.220000 1.83779e-03 4.68635e-03 0.00000e+00
6.230000 1.86487e-03 3.27332e-03 0.00000e+00
6.240000 1.88464e-03 1.82685e-03 0.00000e+00
6.250000 1.90877e-03 4.28926e-04 0.00000e+00
6.260000 1.90292e-03 -9.24778e-04 0.00000e+00
6.270000 1.89103e-03 -2.19613e-03 0.00000e+00
6.280000 1.86939e-03 -3.38008e-03 0.00000e+00
6.290000 1.84867e-03 -4.61035e-03 0.00000e+00
6.300000 1.78016e-03 -5.74833e-03 0.00000e+00
6.310000 1.70076e-03 -6.78628e-03 0.00000e+00
6.320000 1.59790e-03 -7.80289e-03 0.00000e+00
6.330000 1.51752e-03 -8.64256e-03 0.00000e+00
6.340000 1.43066e-03 -9.22151e-03 0.00000e+00
6.350000 1.30141e-03 -9.74331e-03 0.00000e+00
6.360000 1.19730e-03 -1.02996e-02 0.00000e+00
6.370000 1.08861e-03 -1.06548e-02 0.00000e+00
6.380000 9.69090e-04 -1.08291e-02 0.00000e+00
6.390000 8.65992e-04 -1.08325e-02 0.00000e+00
6.400000 7.54344e-04 -1.07769e-02 0.00000e+00
6.410000 6.51893e-04 -1.06724e-02 0.00000e+00
6.420000 5.59517e-04 -1.04122e-02 0.00000e+00
6.430000 4.69453e-04 -1.00135e-02 0.00000e+00
6.440000 3.59783e-04 -9.40900e-03 0.00000e+00
6.450000 2.62280e-04 -8.66904e-03 0.00000e+00
6.460000 1.63987e-04 -7.87099e-03 0.00000e+00
6.470000 9.91187e-05 -7.03512e-03 0.00000e+00
6.480000 6.88793e-06 -6.20669e-03 0.00000e+00
6.490000 -3.93274e-05 -5.41814e-03 0.00000e+00
6.500000 -7.79625e-05 -4.58479e-03 0.00000e+00
6.510000 -1.22399e-04 -3.59007e-03 0.00000e+00
6.520000 -1.82821e-04 -2.66430e-03 0.00000e+00
6.530000 -2.07067e-04 -1.80033e-03 0.00000e+00
6.540000 -2.16426e-04 -8.86954e-04 0.00000e+00
6.550000 -2.09344e-04 -1.14880e-04 0.00000e+00
6.560000 -2.09379e-04 5.69674e-04 0.00000e+00
6.570000 -2.13418e-04 1.22372e-03 0.00000e+00
6.580000 -1.78405e-04 1.85589e-03 0.00000e+00
6.590000 -1.49778e-04 2.44486e-03 0.00000e+00
6.600000 -8.87890e-05 2.96993e-03 0.00000e+00
6.610000 -4.84504e-05 3.33376e-03 0.00000e+00
6.620000 -3.20293e-05 3.47800e-03 0.00000e+00
6.630000 5.22710e-07 3.50141e-03 0.00000e+00
6.640000 5.07859e-05 3.45837e-03 0.00000e+00
6.650000 8.33752e-05 3.19014e-03 0.00000e+00
6.660000 1.23595e-04 2.79317e-03 0.00000e+00
6.670000 1.69086e-04 2.42658e-03 0.00000e+00
6.680000 2.08752e-04 1.85668e-03 0.00000e+00
6.690000 2.07821e-04 1.01050e-03 0.00000e+00
6.700000 2.24985e-04 3.48736e-05 0.00000e+00
6.710000 2.11721e-04 -9.43967e-04 0.00000e+00
6.720000 1.92595e-04 -1.85254e-03 0.00000e+00
6.730000 1.89437e-04 -2.83648e-03 0.00000e+00
6.740000 1.73696e-04 -3.98935e-03 0.00000e+00
6.750000 1.45308e-04 -5.10245e-03 0.00000e+00
6.760000 8.10778e-05 -6.17830e-03 0.00000e+00
6.770000 2.23466e-05 -7.12338e-03 0.00000e+00
6.780000 -7.52548e-05 -7.95407e-03 0.00000e+00
6.790000 -1.61806e-04 -8.88825e-03 0.00000e+00
6.800000 -2.57858e-04 -9.78541e-03 0.00000e+00
6.810000 -3.73528e-04 -1.04680e-02 0.00000e+00
6.820000 -5.05307e-04 -1.10316e-02 0.00000e+00
6.830000 -6.05858e-04 -1.15565e-02 0.00000e+00
6.840000 -7.49359e-04 -1.18944e-02 0.00000e+00
6.850000 -8.96665e-04 -1.19605e-02 0.00000e+00
6.860000 -1.02365e-03 -1.19461e-02 0.00000e+00
6.870000 -1.13676e-03 -1.18383e-02 0.00000e+00
6.880000 -1.24620e-03 -1.16054e-02 0.00000e+00
6.890000 -1.35367e-03 -1.13233e-02 0.00000e+00
6.900000 -1.50113e-03 -1.08169e-02 0.00000e+00
6.910000 -1.59476e-03 -1.00025e-02 0.00000e+00
6.920000 -1.69274e-03 -9.00406e-03 0.00000e+00
6.930000 -1.77177e-03 -7.98285e-03 0.00000e+00
6.940000 -1.83656e-03 -6.85496e-03 0.00000e+00
6.950000 -1.91601e-03 -5.67331e-03 0.00000e+00
6.960000 -1.97849e-03 -4.47625e-03 0.00000e+00
6.970000 -2.00374e-03 -3.10960e-03 0.00000e+00
6.980000 -2.03293e-03 -1.75485e-03 0.00000e+00
6.990000 -2.05488e-03 -4.21385e-04 0.00000e+00
7.000000 -2.05928e-03 1.08256e-03 0.00000e+00
7.010000 -2.01633e-03 2.58187e-03 0.00000e+00
7.020000 -1.98641e-03 3.92175e-03 0.00000e+00
7.030000 -1.95699e-03 5.24812e-03 0.00000e+00
7.040000 -1.90255e-03 6.60709e-03 0.00000e+00
7.050000 -1.83187e-03 8.00610e-03 0.00000e+00
7.060000 -1.73560e-03 9.40974e-03 0.00000e+00
7.070000 -1.60727e-03 1.05878e-02 0.00000e+00
7.080000 -1.48392e-03 1.16138e-02 0.00000e+00
7.090000 -1.37550e-03 1.26313e-02 0.00000e+00
7.100000 -1.25341e-03 1.36182e-02 0.00000e+00
7.110000 -1.10425e-03 1.45199e-02 0.00000e+00
7.120000 -9.71981e-04 1.51831e-02 0.00000e+00
7.130000 -8.02463e-04 1.56162e-02 0.00000e+00
7.140000 -6.34727e-04 1.59842e-02 0.00000e+00
7.150000 -4.81177e-04 1.62736e-02 0.00000e+00
7.160000 -2.86648e-04 1.64031e-02 0.00000e+00
7.170000 -1.21396e-04 1.63278e-02 0.00000e+00
7.180000 2.95895e-05 1.61033e-02 0.00000e+00
7.190000 1.90236e-04 1.57644e-02 0.00000e+00
7.200000 3.57564e-04 1.52070e-02 0.00000e+00
7.210000 5.18268e-04 1.44362e-02 0.00000e+00
7.220000 6.78386e-04 1.34792e-02 0.00000e+00
7.230000 8.04016e-04 1.23714e-02 0.00000e+00
7.240000 9.16881e-04 1.12857e-02 0.00000e+00
7.250000 1.03896e-03 1.01955e-02 0.00000e+00
7.260000 1.15449e-03 8.89196e-03 0.00000e+00
7.270000 1.24581e-03 7.44529e-03 0.00000e+00
7.280000 1.29453e-03 5.94648e-03 0.00000e+00
7.290000 1.35007e-03 4.41590e-03 0.00000e+00
7.300000 1.39537e-03 2.94428e-03 0.00000e+00
7.310000 1.44069e-03 1.50413e-03 0.00000e+00
7.320000 1.44886e-03 6.62588e-05 0.00000e+00
7.330000 1.43936e-03 -1.17886e-03 0.00000e+00
7.340000 1.38858e-03 -2.36564e-03 0.00000e+00
7.350000 1.35467e-03 -3.57215e-03 0.00000e+00
7.360000 1.30409e-03 -4.69000e-03 0.00000e+00
7.370000 1.23491e-03 -5.66621e-03 0.00000e+00
7.380000 1.14472e-03 -6.41476e-03 0.00000e+00
7.390000 1.07049e-03 -6.93812e-03 0.00000e+00
7.400000 9.93920e-04 -7.37031e-03 0.00000e+00
7.410000 9.38373e-04 -7.80478e-03 0.00000e+00
7.420000 8.34099e-04 -8.01659e-03 0.00000e+00
7.430000 7.41550e-04 -7.87307e-03 0.00000e+00
7.440000 6.55711e-04 -7.60054e-03 0.00000e+00
7.450000 5.75784e-04 -7.34652e-03 0.00000e+00
7.460000 5.20665e-04 -6.91943e-03 0.00000e+00
7.470000 4.51164e-04 -6.21877e-03 0.00000e+00
7.480000 3.85581e-04 -5.28578e-03 0.00000e+00
7.490000 3.52116e-04 -4.19636e-03 0.00000e+00
7.500000 3.01801e-04 -3.12784e-03 0.00000e+00
7.510000 2.45204e-04 -2.15534e-03 0.00000e+00
7.520000 2.34019e-04 -1.15959e-03 0.00000e+00
7.530000 2.10075e-04 -6.53811e-05 0.00000e+00
7.540000 2.27934e-04 9.97915e-04 0.00000e+00
7.550000 2.46464e-04 1.87676e-03 0.00000e+00
7.560000 2.63706e-04 2.70253e-03 0.00000e+00
7.570000 2.78634e-04 3.57290e-03 0.00000e+00
7.580000 3.29377e-04 4.49449e-03 0.00000e+00
7.590000 4.15650e-04 5.34367e-03 0.00000e+00
7.600000 4.84471e-04 6.01329e-03 0.00000e+00
7.610000 5.31830e-04 6.58116e-03 0.00000e+00
7.620000 6.29627e-04 6.98586e-03 0.00000e+00
7.630000 7.38157e-04 7.34659e-03 0.00000e+00
7.640000 8.31940e-04 7.60561e-03 0.00000e+00
7.650000 9.10262e-04 7.60514e-03 0.00000e+00
7.660000 9.74545e-04 7.53061e-03 0.00000e+00
7.670000 1.01432e-03 7.31213e-03 0.00000e+00
7.680000 1.08619e-03 6.79111e-03 0.00000e+00
7.690000 1.15076e-03 6.16703e-03 0.00000e+00
7.700000 1.21402e-03 5.40136e-03 0.00000e+00
7.710000 1.24721e-03 4.50596e-03 0.00000e+00
7.720000 1.28788e-03 3.54965e-03 0.00000e+00
7.730000 1.35271e-03 2.40841e-03 0.00000e+00
7.740000 1.39251e-03 1.10402e-03 0.00000e+00
7.750000 1.42156e-03 -2.43082e-04 0.00000e+00
7.760000 1.41723e-03 -1.48333e-03 0.00000e+00
7.770000 1.39570e-03 -2.78028e-03 0.00000e+00
7.780000 1.35775e-03 -4.29659e-03 0.00000e+00
7.790000 1.30841e-03 -5.70579e-03 0.00000e+00
7.800000 1.26323e-03 -6.91585e-03 0.00000e+00
7.810000 1.16685e-03 -8.12028e-03 0.00000e+00
7.820000 1.07350e-03 -9.31812e-03 0.00000e+00
7.830000 9.74997e-04 -1.05082e-02 0.00000e+00
7.840000 8.38273e-04 -1.17217e-02 0.00000e+00
7.850000 7.06616e-04 -1.28692e-02 0.00000e+00
7.860000 5.68736e-04 -1.38713e-02 0.00000e+00
7.870000 4.06228e-04 -1.47960e-02 0.00000e+00
7.880000 2.56806e-04 -1.56710e-02 0.00000e+00
7.890000 8.37932e-05 -1.64484e-02 0.00000e+00
7.900000 -8.32455e-05 -1.69022e-02 0.00000e+00
7.910000 -2.48970e-04 -1.70620e-02 0.00000e+00
7.920000 -4.15252e-04 -1.71143e-02 0.00000e+00
7.930000 -5.89854e-04 -1.70439e-02 0.00000e+00
7.940000 -7.79467e-04 -1.68490e-02 0.00000e+00
7.950000 -9.34658e-04 -1.65409e-02 0.00000e+00
7.960000 -1.07109e-03 -1.60877e-02 0.00000e+00
7.970000 -1.24640e-03 -1.53715e-02 0.00000e+00
7.980000 -1.39816e-03 -1.45257e-02 0.00000e+00
7.990000 -1.54589e-03 -1.36066e-02 0.00000e+00
8.000000 -1.68814e-03 -1.24577e-02 0.00000e+00
8.010000 -1.82415e-03 -1.12419e-02 0.00000e+00
8.020000 -1.94783e-03 -9.95250e-03 0.00000e+00
8.030000 -2.05185e-03 -8.46149e-03 0.00000e+00
8.040000 -2.14387e-03 -6.94167e-03 0.00000e+00
8.050000 -2.19904e-03 -5.36987e-03 0.00000e+00
8.060000 -2.23907e-03 -3.75056e-03 0.00000e+00
8.070000 -2.24585e-03 -2.15159e-03 0.00000e+00
8.080000 -2.27648e-03 -4.66006e-04 0.00000e+00
8.090000 -2.28484e-03 1.28414e-03 0.00000e+00
8.100000 -2.26091e-03 2.98694e-03 0.00000e+00
8.110000 -2.22693e-03 4.55403e-03 0.00000e+00
8.120000 -2.17134e-03 6.07557e-03 0.00000e+00
8.130000 -2.08552e-03 7.64359e-03 0.00000e+00
8.140000 -1.98533e-03 9.06354e-03 0.00000e+00
8.150000 -1.89071e-03 1.03536e-02 0.00000e+00
8.160000 -1.76778e-03 1.16049e-02 0.00000e+00
8.170000 -1.63629e-03 1.27017e-02 0.00000e+00
8.180000 -1.51185e-03 1.35566e-02 0.00000e+00
8.190000 -1.35456e-03 1.41628e-02 0.00000e+00
8.200000 -1.20992e-03 1.45834e-02 0.00000e+00
8.210000 -1.07401e-03 1.47551e-02 0.00000e+00
8.220000 -9.14944e-04 1.47910e-02 0.00000e+00
8.230000 -7.68099e-04 1.47062e-02 0.00000e+00
8.240000 -6.06220e-04 1.44364e-02 0.00000e+00
8.250000 -4.43921e-04 1.39592e-02 0.00000e+00
8.260000 -3.04437e-04 1.31988e-02 0.00000e+00
8.270000 -1.78352e-04 1.22632e-02 0.00000e+00
8.280000 -5.05968e-05 1.12792e-02 0.00000e+00
8.290000 7.41008e-05 1.01894e-02 0.00000e+00
8.300000 1.88859e-04 8.98420e-03 0.00000e+00
8.310000 2.86930e-04 7.71770e-03 0.00000e+00
8.320000 3.81675e-04 6.32328e-03 0.00000e+00
8.330000 4.33429e-04 4.87977e-03 0.00000e+00
8.340000 4.60478e-04 3.45262e-03 0.00000e+00
8.350000 4.62386e-04 1.98213e-03 0.00000e+00
8.360000 4.70378e-04 5.40830e-04 0.00000e+00
8.370000 4.58001e-04 -8.64623e-04 0.00000e+00
8.380000 4.32274e-04 -2.28560e-03 0.00000e+00
8.390000 4.15544e-04 -3.53728e-03 0.00000e+00
8.400000 3.53664e-04 -4.65447e-03 0.00000e+00
8.410000 2.99534e-04 -5.66295e-03 0.00000e+00
8.420000 2.35529e-04 -6.41535e-03 0.00000e+00
8.430000 1.56055e-04 -7.02906e-03 0.00000e+00
8.440000 8.97443e-05 -7.57551e-03 0.00000e+00
8.450000 2.51906e-05 -7.96499e-03 0.00000e+00
8.460000 -8.51509e-05 -8.12930e-03 0.00000e+00
8.470000 -1.73098e-04 -8.01631e-03 0.00000e+00
8.480000 -2.66571e-04 -7.61965e-03 0.00000e+00
8.490000 -3.47629e-04 -6.97352e-03 0.00000e+00
8.500000 -4.22009e-04 -6.18889e-03 0.00000e+00
8.510000 -4.92099e-04 -5.36331e-03 0.00000e+00
8.520000 -5.53968e-04 -4.44226e-03 0.00000e+00
8.530000 -6.02731e-04 -3.24616e-03 0.00000e+00
8.540000 -6.35560e-04 -1.89178e-03 0.00000e+00
8.550000 -6.41282e-04 -4.85571e-04 0.00000e+00
8.560000 -6.31292e-04 1.13543e-03 0.00000e+00
8.570000 -6.33902e-04 2.76586e-03 0.00000e+00
8.580000 -5.95422e-04 4.37956e-03 0.00000e+00
8.590000 -5.48254e-04 6.11559e-03 0.00000e+00
8.600000 -5.01034e-04 7.81825e-03 0.00000e+00
8.610000 -4.19807e-04 9.45562e-03 0.00000e+00
8.620000 -3.11234e-04 1.11661e-02 0.00000e+00
8.630000 -1.74694e-04 1.27146e-02 0.00000e+00
8.640000 -1.92216e-05 1.39731e-02 0.00000e+00
8.650000 1.34958e-04 1.51360e-02 0.00000e+00
8.660000 2.86703e-04 1.62270e-02 0.00000e+00
8.670000 4.52583e-04 1.71919e-02 0.00000e+00
8.680000 6.35773e-04 1.79310e-02 0.00000e+00
8.690000 8.48494e-04 1.83834e-02 0.00000e+00
8.700000 1.05996e-03 1.85672e-02 0.00000e+00
8.710000 1.23043e-03 1.85429e-02 0.00000e+00
8.720000 1.44163e-03 1.83586e-02 0.00000e+00
8.730000 1.63125e-03 1.79723e-02 0.00000e+00
8.740000 1.79964e-03 1.71759e-02 0.00000e+00
8.750000 1.99170e-03 1.60817e-02 0.00000e+00
8.760000 2.15550e-03 1.48326e-02 0.00000e+00
8.770000 2.29203e-03 1.32997e-02 0.00000e+00
8.780000 2.42639e-03 1.15166e-02 0.00000e+00
8.790000 2.55537e-03 9.53798e-03 0.00000e+00
8.800000 2.61941e-03 7.47403e-03 0.00000e+00
8.810000 2.70193e-03 5.38369e-03 0.00000e+00
8.820000 2.77999e-03 3.13886e-03 0.00000e+00
8.830000 2.81534e-03 6.95064e-04 0.00000e+00
8.840000 2.80456e-03 -1.81334e-03 0.00000e+00
8.850000 2.76558e-03 -4.27618e-03 0.00000e+00
8.860000 2.70317e-03 -6.60654e-03 0.00000e+00
8.870000 2.63313e-03 -8.81560e-03 0.00000e+00
8.880000 2.53557e-03 -1.11259e-02 0.00000e+00
8.890000 2.40442e-03 -1.33711e-02 0.00000e+00
8.900000 2.23070e-03 -1.53747e-02 0.00000e+00
8.910000 2.03974e-03 -1.72886e-02 0.00000e+00
8.920000 1.86700e-03 -1.89647e-02 0.00000e+00
8.930000 1.65865e-03 -2.04308e-02 0.00000e+00
8.940000 1.43125e-03 -2.17383e-02 0.00000e+00
8.950000 1.19147e-03 -2.27756e-02 0.00000e+00
8.960000 9.51293e-04 -2.34988e-02 0.00000e+00
8.970000 7.24184e-04 -2.39918e-02 0.00000e+00
8.980000 4.66154e-04 -2.42388e-02 0.00000e+00
8.990000 2.04431e-04 -2.40484e-02 0.00000e+00
9.000000 -3.86116e-05 -2.35689e-02 0.00000e+00
9.010000 -2.63556e-04 -2.29597e-02 0.00000e+00
9.020000 -4.96163e-04 -2.21826e-02 0.00000e+00
9.030000 -7.21809e-04 -2.12095e-02 0.00000e+00
9.040000 -9.56046e-04 -1.99383e-02 0.00000e+00
9.050000 -1.17080e-03 -1.83881e-02 0.00000e+00
9.060000 -1.33845e-03 -1.67098e-02 0.00000e+00
9.070000 -1.49799e-03 -1.49321e-02 0.00000e+00
9.080000 -1.64811e-03 -1.30960e-02 0.00000e+00
9.090000 -1.76500e-03 -1.10728e-02 0.00000e+00
9.100000 -1.88045e-03 -8.89202e-03 0.00000e+00
9.110000 -1.93345e-03 -6.69923e-03 0.00000e+00
9.120000 -1.99547e-03 -4.49336e-03 0.00000e+00
9.130000 -2.01342e-03 -2.33217e-03 0.00000e+00
9.140000 -2.02646e-03 -1.16005e-04 0.00000e+00
9.150000 -2.01433e-03 2.07062e-03 0.00000e+00
9.160000 -1.98378e-03 4.10218e-03 0.00000e+00
9.170000 -1.94974e-03 6.08049e-03 0.00000e+00
9.180000 -1.88501e-03 8.00211e-03 0.00000e+00
9.190000 -1.79039e-03 9.70149e-03 0.00000e+00
9.200000 -1.67818e-03 1.11786e-02 0.00000e+00
9.210000 -1.53479e-03 1.24404e-02 0.00000e+00
9.220000 -1.40928e-03 1.33455e-02 0.00000e+00
9.230000 -1.26116e-03 1.41078e-02 0.00000e+00
9.240000 -1.10256e-03 1.47312e-02 0.00000e+00
9.250000 -9.45286e-04 1.50509e-02 0.00000e+00
9.260000 -7.67573e-04 1.51354e-02 0.00000e+00
9.270000 -6.06484e-04 1.49182e-02 0.00000e+00
9.280000 -4.45219e-04 1.45272e-02 0.00000e+00
9.290000 -2.96154e-04 1.38938e-02 0.00000e+00
9.300000 -1.52786e-04 1.29411e-02 0.00000e+00
9.310000 3.63394e-06 1.18112e-02 0.00000e+00
9.320000 1.17893e-04 1.04307e-02 0.00000e+00
9.330000 2.30751e-04 8.85091e-03 0.00000e+00
9.340000 3.13017e-04 7.12106e-03 0.00000e+00
9.350000 3.69370e-04 5.22634e-03 0.00000e+00
9.360000 4.00058e-04 3.24102e-03 0.00000e+00
9.370000 4.43659e-04 1.26305e-03 0.00000e+00
9.380000 4.35945e-04 -6.64778e-04 0.00000e+00
9.390000 4.13843e-04 -2.66139e-03 0.00000e+00
9.400000 4.02956e-04 -4.78221e-03 0.00000e+00
9.410000 3.31014e-04 -6.79416e-03 0.00000e+00
9.420000 2.52985e-04 -8.72431e-03 0.00000e+00
9.430000 1.45331e-04 -1.05279e-02 0.00000e+00
9.440000 1.97100e-05 -1.20894e-02 0.00000e+00
9.450000 -1.12623e-04 -1.35464e-02 0.00000e+00
9.460000 -2.89100e-04 -1.48448e-02 0.00000e+00
9.470000 -4.42373e-04 -1.59385e-02 0.00000e+00
9.480000 -6.07841e-04 -1.66960e-02 0.00000e+00
9.490000 -7.88525e-04 -1.71021e-02 0.00000e+00
9.500000 -9.53753e-04 -1.72405e-02 0.00000e+00
9.510000 -1.12732e-03 -1.71062e-02 0.00000e+00
9.520000 -1.31689e-03 -1.67630e-02 0.00000e+00
9.530000 -1.48313e-03 -1.61826e-02 0.00000e+00
9.540000 -1.64794e-03 -1.51682e-02 0.00000e+00
9.550000 -1.82216e-03 -1.38657e-02 0.00000e+00
9.560000 -1.99288e-03 -1.24393e-02 0.00000e+00
9.570000 -2.13049e-03 -1.05637e-02 0.00000e+00
9.580000 -2.21862e-03 -8.43042e-03 0.00000e+00
9.590000 -2.32324e-03 -6.17508e-03 0.00000e+00
9.600000 -2.36429e-03 -3.68823e-03 0.00000e+00
9.610000 -2.40536e-03 -1.09070e-03 0.00000e+00
9.620000 -2.43023e-03 1.61520e-03 0.00000e+00
9.630000 -2.39362e-03 4.28407e-03 0.00000e+00
9.640000 -2.33791e-03 6.95747e-03 0.00000e+00
9.650000 -2.22655e-03 9.77626e-03 0.00000e+00
9.660000 -2.11218e-03 1.26283e-02 0.00000e+00
9.670000 -1.97569e-03 1.54699e-02 0.00000e+00
9.680000 -1.81118e-03 1.82087e-02 0.00000e+00
9.690000 -1.61105e-03 2.07497e-02 0.00000e+00
9.700000 -1.37390e-03 2.31214e-02 0.00000e+00
9.710000 -1.11003e-03 2.52612e-02 0.00000e+00
9.720000 -8.67568e-04 2.70723e-02 0.00000e+00
9.730000 -5.64419e-04 2.84570e-02 0.00000e+00
9.740000 -2.39716e-04 2.94850e-02 0.00000e+00
9.750000 4.63369e-05 3.03425e-02 0.00000e+00
9.760000 3.76238e-04 3.07853e-02 0.00000e+00
9.770000 6.89653e-04 3.08095e-02 0.00000e+00
9.780000 1.00147e-03 3.05486e-02 0.00000e+00
9.790000 1.31300e-03 2.98375e-02 0.00000e+00
9.800000 1.62206e-03 2.87790e-02 0.00000e+00
9.810000 1.94871e-03 2.74174e-02 0.00000e+00
9.820000 2.26055e-03 2.58191e-02 0.00000e+00
9.830000 2.53217e-03 2.39650e-02 0.00000e+00
9.840000 2.76666e-03 2.16913e-02 0.00000e+00
9.850000 2.97040e-03 1.91079e-02 0.00000e+00
9.860000 3.15879e-03 1.62923e-02 0.00000e+00
9.870000 3.29905e-03 1.32835e-02 0.00000e+00
9.880000 3.40852e-03 1.02390e-02 0.00000e+00
9.890000 3.49164e-03 7.04206e-03 0.00000e+00
9.900000 3.53201e-03 3.69819e-03 0.00000e+00
9.910000 3.56712e-03 4.56115e-04 0.00000e+00
9.920000 3.55267e-03 -2.82912e-03 0.00000e+00
9.930000 3.48149e-03 -6.09917e-03 0.00000e+00
9.940000 3.41589e-03 -9.24249e-03 0.00000e+00
9.950000 3.30745e-03 -1.23659e-02 0.00000e+00
9.960000 3.15819e-03 -1.53856e-02 0.00000e+00
9.970000 2.98877e-03 -1.82413e-02 0.00000e+00
9.980000 2.79495e-03 -2.08035e-02 0.00000e+00
9.990000 2.57893e-03 -2.29213e-02 0.00000e+00
10.000000 2.31574e-03 -2.47419e-02 0.00000e+00
10.010000 2.03328e-03 -2.63348e-02 0.00000e+00
10.020000 1.75931e-03 -2.76092e-02 0.00000e+00
10.030000 1.46022e-03 -2.85459e-02 0.00000e+00
10.040000 1.17341e-03 -2.91485e-02 0.00000e+00
10.050000 8.87250e-04 -2.93890e-02 0.00000e+00
10.060000 5.64031e-04 -2.92412e-02 0.00000e+00
10.070000 2.56766e-04 -2.88300e-02 0.00000e+00
10.080000 -2.90275e-05 -2.80165e-02 0.00000e+00
10.090000 -3.28884e-04 -2.67669e-02 0.00000e+00
10.100000 -6.08616e-04 -2.52660e-02 0.00000e+00
10.110000 -8.85318e-04 -2.33946e-02 0.00000e+00
10.120000 -1.14098e-03 -2.11374e-02 0.00000e+00
10.130000 -1.35714e-03 -1.86995e-02 0.00000e+00
10.140000 -1.54110e-03 -1.61287e-02 0.00000e+00
10.150000 -1.67673e-03 -1.33067e-02 0.00000e+00
10.160000 -1.78261e-03 -1.03076e-02 0.00000e+00
10.170000 -1.89055e-03 -7.31451e-03 0.00000e+00
10.180000 -1.94001e-03 -4.38215e-03 0.00000e+00
10.190000 -1.96929e-03 -1.33776e-03 0.00000e+00
10.200000 -1.96489e-03 1.79085e-03 0.00000e+00
10.210000 -1.91761e-03 4.87522e-03 0.00000e+00
10.220000 -1.84131e-03 7.95320e-03 0.00000e+00
10.230000 -1.75111e-03 1.08529e-02 0.00000e+00
10.240000 -1.62738e-03 1.35085e-02 0.00000e+00
10.250000 -1.44193e-03 1.60042e-02 0.00000e+00
10.260000 -1.26460e-03 1.82137e-02 0.00000e+00
10.270000 -1.05645e-03 2.00477e-02 0.00000e+00
10.280000 -8.42875e-04 2.15193e-02 0.00000e+00
10.290000 -6.22127e-04 2.25516e-02 0.00000e+00
10.300000 -4.09364e-04 2.31829e-02 0.00000e+00
10.310000 -1.64599e-04 2.34487e-02 0.00000e+00
10.320000 9.48313e-05 2.33467e-02 0.00000e+00
10.330000 3.23888e-04 2.29375e-02 0.00000e+00
10.340000 5.68884e-04 2.21218e-02 0.00000e+00
10.350000 8.14951e-04 2.09294e-02 0.00000e+00
10.360000 1.07468e-03 1.93547e-02 0.00000e+00
10.370000 1.27932e-03 1.73205e-02 0.00000e+00
10.380000 1.46820e-03 1.49684e-02 0.00000e+00
10.390000 1.62905e-03 1.23026e-02 0.00000e+00
10.400000 1.75153e-03 9.34071e-03 0.00000e+00
10.410000 1.83909e-03 6.20852e-03 0.00000e+00
10.420000 1.89236e-03 3.03564e-03 0.00000e+00
10.430000 1.89857e-03 -2.64486e-04 0.00000e+00
10.440000 1.87181e-03 -3.75484e-03 0.00000e+00
10.450000 1.80956e-03 -7.37519e-03 0.00000e+00
10.460000 1.70014e-03 -1.10210e-02 0.00000e+00
10.470000 1.57087e-03 -1.46724e-02 0.00000e+00
10.480000 1.40254e-03 -1.82227e-02 0.00000e+00
10.490000 1.20731e-03 -2.14802e-02 0.00000e+00
10.500000 9.87239e-04 -2.45919e-02 0.00000e+00
10.510000 7.15693e-04 -2.74983e-02 0.00000e+00
10.520000 4.11012e-04 -3.00355e-02 0.00000e+00
10.530000 6.50928e-05 -3.20558e-02 0.00000e+00
10.540000 -2.77935e-04 -3.36485e-02 0.00000e+00
10.550000 -6.28628e-04 -3.49447e-02 0.00000e+00
10.560000 -9.93751e-04 -3.57695e-02 0.00000e+00
10.570000 -1.34236e-03 -3.60447e-02 0.00000e+00
10.580000 -1.71307e-03 -3.58508e-02 0.00000e+00
10.590000 -2.10006e-03 -3.52713e-02 0.00000e+00
10.600000 -2.49400e-03 -3.41919e-02 0.00000e+00
10.610000 -2.86845e-03 -3.25432e-02 0.00000e+00
10.620000 -3.21366e-03 -3.04058e-02 0.00000e+00
10.630000 -3.50923e-03 -2.79416e-02 0.00000e+00
10.640000 -3.80515e-03 -2.50519e-02 0.00000e+00
10.650000 -4.04014e-03 -2.16446e-02 0.00000e+00
10.660000 -4.26182e-03 -1.78394e-02 0.00000e+00
10.670000 -4.44606e-03 -1.36373e-02 0.00000e+00
10.680000 -4.57116e-03 -9.16628e-03 0.00000e+00
10.690000 -4.64723e-03 -4.64431e-03 0.00000e+00
10.700000 -4.66702e-03 -7.93788e-05 0.00000e+00
10.710000 -4.66877e-03 4.58612e-03 0.00000e+00
10.720000 -4.60134e-03 9.34565e-03 0.00000e+00
10.730000 -4.46156e-03 1.41493e-02 0.00000e+00
10.740000 -4.28400e-03 1.89696e-02 0.00000e+00
10.750000 -4.08383e-03 2.36792e-02 0.00000e+00
10.760000 -3.81535e-03 2.80266e-02 0.00000e+00
10.770000 -3.47285e-03 3.19946e-02 0.00000e+00
10.780000 -3.12452e-03 3.55958e-02 0.00000e+00
10.790000 -2.75027e-03 3.88333e-02 0.00000e+00
10.800000 -2.34147e-03 4.17457e-02 0.00000e+00
10.810000 -1.85747e-03 4.41750e-02 0.00000e+00
10.820000 -1.38247e-03 4.61475e-02 0.00000e+00
10.830000 -8.94078e-04 4.75938e-02 0.00000e+00
10.840000 -4.01553e-04 4.83260e-02 0.00000e+00
10.850000 8.23692e-05 4.84683e-02 0.00000e+00
10.860000 5.61782e-04 4.80537e-02 0.00000e+00
10.870000 1.08196e-03 4.70464e-02 0.00000e+00
10.880000 1.56970e-03 4.54285e-02 0.00000e+00
10.890000 2.06177e-03 4.32745e-02 0.00000e+00
10.900000 2.51602e-03 4.07059e-02 0.00000e+00
10.910000 2.93473e-03 3.77499e-02 0.00000e+00
10.920000 3.30084e-03 3.42534e-02 0.00000e+00
10.930000 3.63313e-03 3.03059e-02 0.00000e+00
10.940000 3.94740e-03 2.62695e-02 0.00000e+00
10.950000 4.20086e-03 2.20090e-02 0.00000e+00
10.960000 4.41780e-03 1.73514e-02 0.00000e+00
10.970000 4.56880e-03 1.24489e-02 0.00000e+00
10.980000 4.66417e-03 7.58701e-03 0.00000e+00
10.990000 4.70859e-03 2.75937e-03 0.00000e+00
11.000000 4.66534e-03 -2.15303e-03 0.00000e+00
11.010000 4.59086e-03 -7.07212e-03 0.00000e+00
11.020000 4.47754e-03 -1.19462e-02 0.00000e+00
11.030000 4.31655e-03 -1.67201e-02 0.00000e+00
11.040000 4.11691e-03 -2.11516e-02 0.00000e+00
11.050000 3.89542e-03 -2.51753e-02 0.00000e+00
11.060000 3.62475e-03 -2.88114e-02 0.00000e+00
11.070000 3.31912e-03 -3.20236e-02 0.00000e+00
11.080000 2.98430e-03 -3.48295e-02 0.00000e+00
11.090000 2.59971e-03 -3.72142e-02 0.00000e+00
11.100000 2.23225e-03 -3.91912e-02 0.00000e+00
11.110000 1.83802e-03 -4.05944e-02 0.00000e+00
11.120000 1.38427e-03 -4.13942e-02 0.00000e+00
11.130000 9.39619e-04 -4.15832e-02 0.00000e+00
11.140000 5.04629e-04 -4.12216e-02 0.00000e+00
11.150000 8.19641e-05 -4.02913e-02 0.00000e+00
11.160000 -3.61049e-04 -3.87703e-02 0.00000e+00
11.170000 -7.79317e-04 -3.68974e-02 0.00000e+00
11.180000 -1.17813e-03 -3.46234e-02 0.00000e+00
11.190000 -1.52701e-03 -3.18057e-02 0.00000e+00
11.200000 -1.85205e-03 -2.85653e-02 0.00000e+00
11.210000 -2.11426e-03 -2.49457e-02 0.00000e+00
11.220000 -2.36378e-03 -2.08663e-02 0.00000e+00
11.230000 -2.55729e-03 -1.64247e-02 0.00000e+00
11.240000 -2.72273e-03 -1.17206e-02 0.00000e+00
11.250000 -2.81502e-03 -6.73319e-03 0.00000e+00
11.260000 -2.87756e-03 -1.66410e-03 0.00000e+00
11.270000 -2.86544e-03 3.51264e-03 0.00000e+00
11.280000 -2.79274e-03 8.85096e-03 0.00000e+00
11.290000 -2.66116e-03 1.39691e-02 0.00000e+00
11.300000 -2.49015e-03 1.87248e-02 0.00000e+00
11.310000 -2.27737e-03 2.32451e-02 0.00000e+00
11.320000 -2.00323e-03 2.75514e-02 0.00000e+00
11.330000 -1.72456e-03 3.14691e-02 0.00000e+00
11.340000 -1.40076e-03 3.48645e-02 0.00000e+00
11.350000 -1.01381e-03 3.77019e-02 0.00000e+00
11.360000 -6.05502e-04 3.99864e-02 0.00000e+00
11.370000 -1.74674e-04 4.17028e-02 0.00000e+00
11.380000 2.92789e-04 4.28475e-02 0.00000e+00
11.390000 7.75219e-04 4.33766e-02 0.00000e+00
11.400000 1.24880e-03 4.31747e-02 0.00000e+00
11.410000 1.73189e-03 4.22615e-02 0.00000e+00
11.420000 2.19180e-03 4.06941e-02 0.00000e+00
11.430000 2.61530e-03 3.84719e-02 0.00000e+00
11.440000 3.03488e-03 3.56871e-02 0.00000e+00
11.450000 3.39657e-03 3.24155e-02 0.00000e+00
11.460000 3.69553e-03 2.86860e-02 0.00000e+00
11.470000 3.97041e-03 2.44554e-02 0.00000e+00
11.480000 4.22280e-03 1.97670e-02 0.00000e+00
11.490000 4.41546e-03 1.48467e-02 0.00000e+00
11.500000 4.53234e-03 9.55369e-03 0.00000e+00
11.510000 4.58396e-03 3.85793e-03 0.00000e+00
11.520000 4.57955e-03 -1.93133e-03 0.00000e+00
11.530000 4.52606e-03 -7.80082e-03 0.00000e+00
11.540000 4.41290e-03 -1.37064e-02 0.00000e+00
11.550000 4.24057e-03 -1.94738e-02 0.00000e+00
11.560000 4.00546e-03 -2.49883e-02 0.00000e+00
11.570000 3.70481e-03 -3.01959e-02 0.00000e+00
11.580000 3.37762e-03 -3.51276e-02 0.00000e+00
11.590000 2.99046e-03 -3.97147e-02 0.00000e+00
11.600000 2.57463e-03 -4.39290e-02 0.00000e+00
11.610000 2.11603e-03 -4.76738e-02 0.00000e+00
11.620000 1.60496e-03 -5.09273e-02 0.00000e+00
11.630000 1.07174e-03 -5.38188e-02 0.00000e+00
11.640000 4.90977e-04 -5.62284e-02 0.00000e+00
11.650000 -7.53941e-05 -5.79221e-02 0.00000e+00
11.660000 -6.86378e-04 -5.88650e-02 0.00000e+00
11.670000 -1.32916e-03 -5.91930e-02 0.00000e+00
11.680000 -1.94841e-03 -5.90174e-02 0.00000e+00
11.690000 -2.55134e-03 -5.82240e-02 0.00000e+00
11.700000 -3.15533e-03 -5.66431e-02 0.00000e+00
11.710000 -3.70454e-03 -5.42859e-02 0.00000e+00
11.720000 -4.25002e-03 -5.12996e-02 0.00000e+00
11.730000 -4.74386e-03 -4.77604e-02 0.00000e+00
11.740000 -5.23127e-03 -4.36434e-02 0.00000e+00
11.750000 -5.68382e-03 -3.88613e-02 0.00000e+00
11.760000 -6.06878e-03 -3.35085e-02 0.00000e+00
11.770000 -6.40696e-03 -2.77107e-02 0.00000e+00
11.780000 -6.68902e-03 -2.14241e-02 0.00000e+00
11.790000 -6.90785e-03 -1.47976e-02 0.00000e+00
11.800000 -7.05943e-03 -7.93185e-03 0.00000e+00
11.810000 -7.11161e-03 -8.86545e-04 0.00000e+00
11.820000 -7.08469e-03 6.27923e-03 0.00000e+00
11.830000 -6.98930e-03 1.34423e-02 0.00000e+00
11.840000 -6.83992e-03 2.03882e-02 0.00000e+00
11.850000 -6.60255e-03 2.71559e-02 0.00000e+00
11.860000 -6.25793e-03 3.37470e-02 0.00000e+00
11.870000 -5.85040e-03 4.00267e-02 0.00000e+00
11.880000 -5.40282e-03 4.59668e-02 0.00000e+00
11.890000 -4.90919e-03 5.14107e-02 0.00000e+00
11.900000 -4.33795e-03 5.62801e-02 0.00000e+00
11.910000 -3.70764e-03 6.04515e-02 0.00000e+00
11.920000 -3.04729e-03 6.37686e-02 0.00000e+00
11.930000 -2.37434e-03 6.63275e-02 0.00000e+00
11.940000 -1.66643e-03 6.81063e-02 0.00000e+00
11.950000 -9.33575e-04 6.89993e-02 0.00000e+00
11.960000 -2.18511e-04 6.89821e-02 0.00000e+00
11.970000 5.04856e-04 6.80923e-02 0.00000e+00
11.980000 1.21190e-03 6.63923e-02 0.00000e+00
11.990000 1.89175e-03 6.39461e-02 0.00000e+00
12.000000 2.55092e-03 6.08242e-02 0.00000e+00
12.010000 3.17931e-03 5.69564e-02 0.00000e+00
12.020000 3.76753e-03 5.22987e-02 0.00000e+00
12.030000 4.29896e-03 4.72141e-02 0.00000e+00
12.040000 4.77351e-03 4.17683e-02 0.00000e+00
12.050000 5.16461e-03 3.57898e-02 0.00000e+00
12.060000 5.48448e-03 2.93182e-02 0.00000e+00
12.070000 5.74303e-03 2.25506e-02 0.00000e+00
12.080000 5.91222e-03 1.57756e-02 0.00000e+00
12.090000 6.03092e-03 8.94568e-03 0.00000e+00
12.100000 6.07118e-03 1.97387e-03 0.00000e+00
12.110000 6.04054e-03 -5.02410e-03 0.00000e+00
12.120000 5.92767e-03 -1.18047e-02 0.00000e+00
12.130000 5.76182e-03 -1.83410e-02 0.00000e+00
12.140000 5.53155e-03 -2.46703e-02 0.00000e+00
12.150000 5.24162e-03 -3.06559e-02 0.00000e+00
12.160000 4.90667e-03 -3.62613e-02 0.00000e+00
12.170000 4.52177e-03 -4.13232e-02 0.00000e+00
12.180000 4.05347e-03 -4.57777e-02 0.00000e+00
12.190000 3.56289e-03 -4.96758e-02 0.00000e+00
12.200000 3.06703e-03 -5.29135e-02 0.00000e+00
12.210000 2.48781e-03 -5.54450e-02 0.00000e+00
12.220000 1.90122e-03 -5.73392e-02 0.00000e+00
12.230000 1.29693e-03 -5.84920e-02 0.00000e+00
12.240000 7.06086e-04 -5.88659e-02 0.00000e+00
12.250000 1.08724e-04 -5.85564e-02 0.00000e+00
12.260000 -5.27526e-04 -5.75533e-02 0.00000e+00
12.270000 -1.13174e-03 -5.58391e-02 0.00000e+00
12.280000 -1.71451e-03 -5.32936e-02 0.00000e+00
12.290000 -2.24157e-03 -5.00428e-02 0.00000e+00
12.300000 -2.77366e-03 -4.61692e-02 0.00000e+00
12.310000 -3.25074e-03 -4.15903e-02 0.00000e+00
12.320000 -3.66948e-03 -3.64608e-02 0.00000e+00
12.330000 -4.02640e-03 -3.07394e-02 0.00000e+00
12.340000 -4.31292e-03 -2.44581e-02 0.00000e+00
12.350000 -4.56368e-03 -1.78450e-02 0.00000e+00
12.360000 -4.72850e-03 -1.09697e-02 0.00000e+00
12.370000 -4.80045e-03 -3.76238e-03 0.00000e+00
12.380000 -4.81390e-03 3.57081e-03 0.00000e+00
12.390000 -4.74056e-03 1.08796e-02 0.00000e+00
12.400000 -4.57871e-03 1.81340e-02 0.00000e+00
12.410000 -4.38173e-03 2.52655e-02 0.00000e+00
12.420000 -4.09071e-03 3.22185e-02 0.00000e+00
12.430000 -3.73656e-03 3.86558e-02 0.00000e+00
12.440000 -3.28140e-03 4.45082e-02 0.00000e+00
12.450000 -2.75981e-03 4.98520e-02 0.00000e+00
12.460000 -2.23204e-03 5.47205e-02 0.00000e+00
12.470000 -1.61998e-03 5.89024e-02 0.00000e+00
12.480000 -9.78412e-04 6.21771e-02 0.00000e+00
12.490000 -3.09521e-04 6.46565e-02 0.00000e+00
12.500000 4.11059e-04 6.63085e-02 0.00000e+00
12.510000 1.11145e-03 6.70788e-02 0.00000e+00
12.520000 1.83070e-03 6.69339e-02 0.00000e+00
12.530000 2.52928e-03 6.59655e-02 0.00000e+00
12.540000 3.23334e-03 6.42846e-02 0.00000e+00
12.550000 3.89820e-03 6.17686e-02 0.00000e+00
12.560000 4.53362e-03 5.85067e-02 0.00000e+00
12.570000 5.11103e-03 5.45923e-02 0.00000e+00
12.580000 5.65846e-03 4.98014e-02 0.00000e+00
12.590000 6.13121e-03 4.42548e-02 0.00000e+00
12.600000 6.54083e-03 3.81221e-02 0.00000e+00
12.610000 6.90549e-03 3.15799e-02 0.00000e+00
12.620000 7.20674e-03 2.48192e-02 0.00000e+00
12.630000 7.42786e-03 1.76080e-02 0.00000e+00
12.640000 7.53702e-03 1.00676e-02 0.00000e+00
12.650000 7.57930e-03 2.40143e-03 0.00000e+00
12.660000 7.56245e-03 -5.42693e-03 0.00000e+00
12.670000 7.45778e-03 -1.31831e-02 0.00000e+00
12.680000 7.29471e-03 -2.08327e-02 0.00000e+00
12.690000 7.07084e-03 -2.83559e-02 0.00000e+00
12.700000 6.77142e-03 -3.56911e-02 0.00000e+00
12.710000 6.37207e-03 -4.27637e-02 0.00000e+00
12.720000 5.90098e-03 -4.93868e-02 0.00000e+00
12.730000 5.37390e-03 -5.55715e-02 0.00000e+00
12.740000 4.74392e-03 -6.13267e-02 0.00000e+00
12.750000 4.06610e-03 -6.65103e-02 0.00000e+00
12.760000 3.37488e-03 -7.10653e-02 0.00000e+00
12.770000 2.63129e-03 -7.50151e-02 0.00000e+00
12.780000 1.87755e-03 -7.81771e-02 0.00000e+00
12.790000 1.05742e-03 -8.04710e-02 0.00000e+00
12.800000 2.02563e-04 -8.19752e-02 0.00000e+00
12.810000 -6.47480e-04 -8.27325e-02 0.00000e+00
12.820000 -1.50762e-03 -8.27048e-02 0.00000e+00
12.830000 -2.35950e-03 -8.17586e-02 0.00000e+00
12.840000 -3.18434e-03 -7.98722e-02 0.00000e+00
12.850000 -4.01075e-03 -7.70747e-02 0.00000e+00
12.860000 -4.79974e-03 -7.32298e-02 0.00000e+00
12.870000 -5.56487e-03 -6.84233e-02 0.00000e+00
12.880000 -6.25028e-03 -6.29956e-02 0.00000e+00
12.890000 -6.88177e-03 -5.68942e-02 0.00000e+00
12.900000 -7.46839e-03 -5.00339e-02 0.00000e+00
12.910000 -7.97098e-03 -4.27427e-02 0.00000e+00
12.920000 -8.38369e-03 -3.51012e-02 0.00000e+00
12.930000 -8.72088e-03 -2.69498e-02 0.00000e+00
12.940000 -8.95995e-03 -1.83923e-02 0.00000e+00
12.950000 -9.10185e-03 -9.54082e-03 0.00000e+00
12.960000 -9.16167e-03 -5.33715e-04 0.00000e+00
12.970000 -9.12590e-03 8.38894e-03 0.00000e+00
12.980000 -8.97662e-03 1.71625e-02 0.00000e+00
12.990000 -8.74510e-03 2.57309e-02 0.00000e+00
13.000000 -8.40281e-03 3.40392e-02 0.00000e+00
13.010000 -7.98320e-03 4.20036e-02 0.00000e+00
13.020000 -7.48578e-03 4.94083e-02 0.00000e+00
13.030000 -6.91142e-03 5.61260e-02 0.00000e+00
13.040000 -6.31924e-03 6.20947e-02 0.00000e+00
13.050000 -5.66426e-03 6.73775e-02 0.00000e+00
13.060000 -4.91189e-03 7.19252e-02 0.00000e+00
13.070000 -4.16491e-03 7.55172e-02 0.00000e+00
13.080000 -3.37929e-03 7.81871e-02 0.00000e+00
13.090000 -2.54280e-03 8.00358e-02 0.00000e+00
13.100000 -1.68895e-03 8.09728e-02 0.00000e+00
13.110000 -8.35429e-04 8.09517e-02 0.00000e+00
13.120000 1.26570e-05 8.00600e-02 0.00000e+00
13.130000 8.42086e-04 7.82697e-02 0.00000e+00
13.140000 1.63321e-03 7.56016e-02 0.00000e+00
13.150000 2.39775e-03 7.22654e-02 0.00000e+00
13.160000 3.13745e-03 6.82236e-02 0.00000e+00
13.170000 3.82595e-03 6.35262e-02 0.00000e+00
13.180000 4.43734e-03 5.83394e-02 0.00000e+00
13.190000 4.99204e-03 5.25955e-02 0.00000e+00
13.200000 5.48655e-03 4.63682e-02 0.00000e+00
13.210000 5.92543e-03 3.95951e-02 0.00000e+00
13.220000 6.29662e-03 3.23637e-02 0.00000e+00
13.230000 6.56910e-03 2.51429e-02 0.00000e+00
13.240000 6.77998e-03 1.78032e-02 0.00000e+00
13.250000 6.92191e-03 1.02411e-02 0.00000e+00
13.260000 6.98393e-03 2.78737e-03 0.00000e+00
13.270000 6.95126e-03 -4.52846e-03 0.00000e+00
13.280000 6.85812e-03 -1.16305e-02 0.00000e+00
13.290000 6.69795e-03 -1.84844e-02 0.00000e+00
13.300000 6.46796e-03 -2.50622e-02 0.00000e+00
13.310000 6.18431e-03 -3.13138e-02 0.00000e+00
13.320000 5.84193e-03 -3.71943e-02 0.00000e+00
13.330000 5.40757e-03 -4.25216e-02 0.00000e+00
13.340000 4.95451e-03 -4.72632e-02 0.00000e+00
13.350000 4.43112e-03 -5.15836e-02 0.00000e+00
13.360000 3.85658e-03 -5.53981e-02 0.00000e+00
13.370000 3.26163e-03 -5.84880e-02 0.00000e+00
13.380000 2.64253e-03 -6.08449e-02 0.00000e+00
13.390000 2.03659e-03 -6.24760e-02 0.00000e+00
13.400000 1.41350e-03 -6.34703e-02 0.00000e+00
13.410000 7.28868e-04 -6.37740e-02 0.00000e+00
13.420000 8.45464e-05 -6.32804e-02 0.00000e+00
13.430000 -5.66601e-04 -6.21006e-02 0.00000e+00
13.440000 -1.20544e-03 -6.03157e-02 0.00000e+00
13.450000 -1.80866e-03 -5.79300e-02 0.00000e+00
13.460000 -2.41465e-03 -5.48260e-02 0.00000e+00
13.470000 -2.96218e-03 -5.10135e-02 0.00000e+00
13.480000 -3.48126e-03 -4.65918e-02 0.00000e+00
13.490000 -3.93999e-03 -4.15662e-02 0.00000e+00
13.500000 -4.34521e-03 -3.61559e-02 0.00000e+00
13.510000 -4.70843e-03 -3.02845e-02 0.00000e+00
13.520000 -5.01067e-03 -2.39491e-02 0.00000e+00
13.530000 -5.20331e-03 -1.74685e-02 0.00000e+00
13.540000 -5.33989e-03 -1.07831e-02 0.00000e+00
13.550000 -5.42348e-03 -3.82183e-03 0.00000e+00
13.560000 -5.43271e-03 3.37755e-03 0.00000e+00
13.570000 -5.37179e-03 1.06630e-02 0.00000e+00
13.580000 -5.22445e-03 1.76348e-02 0.00000e+00
13.590000 -5.02287e-03 2.43773e-02 0.00000e+00
13.600000 -4.75681e-03 3.09579e-02 0.00000e+00
13.610000 -4.40700e-03 3.71424e-02 0.00000e+00
13.620000 -3.99131e-03 4.29933e-02 0.00000e+00
13.630000 -3.48582e-03 4.83245e-02 0.00000e+00
13.640000 -2.96071e-03 5.30147e-02 0.00000e+00
13.650000 -2.38325e-03 5.71303e-02 0.00000e+00
13.660000 -1.76460e-03 6.05651e-02 0.00000e+00
13.670000 -1.11824e-03 6.33163e-02 0.00000e+00
13.680000 -4.13673e-04 6.53151e-02 0.00000e+00
13.690000 2.68914e-04 6.64696e-02 0.00000e+00
13.700000 9.69187e-04 6.70327e-02 0.00000e+00
13.710000 1.70070e-03 6.69662e-02 0.00000e+00
13.720000 2.41221e-03 6.60281e-02 0.00000e+00
13.730000 3.08314e-03 6.43105e-02 0.00000e+00
13.740000 3.71509e-03 6.18910e-02 0.00000e+00
13.750000 4.31994e-03 5.87666e-02 0.00000e+00
13.760000 4.93210e-03 5.50176e-02 0.00000e+00
13.770000 5.46768e-03 5.06696e-02 0.00000e+00
13.780000 5.97013e-03 4.58480e-02 0.00000e+00
13.790000 6.41568e-03 4.06608e-02 0.00000e+00
13.800000 6.78046e-03 3.52324e-02 0.00000e+00
13.810000 7.10007e-03 2.95088e-02 0.00000e+00
13.820000 7.36808e-03 2.33588e-02 0.00000e+00
13.830000 7.54996e-03 1.70390e-02 0.00000e+00
13.840000 7.69462e-03 1.06397e-02 0.00000e+00
13.850000 7.75182e-03 4.27402e-03 0.00000e+00
13.860000 7.76075e-03 -2.11733e-03 0.00000e+00
13.870000 7.71254e-03 -8.58328e-03 0.00000e+00
13.880000 7.55698e-03 -1.48152e-02 0.00000e+00
13.890000 7.35491e-03 -2.08659e-02 0.00000e+00
13.900000 7.10505e-03 -2.68493e-02 0.00000e+00
13.910000 6.79268e-03 -3.26691e-02 0.00000e+00
13.920000 6.42804e-03 -3.82275e-02 0.00000e+00
13.930000 6.04219e-03 -4.32844e-02 0.00000e+00
13.940000 5.58531e-03 -4.79102e-02 0.00000e+00
13.950000 5.10271e-03 -5.21766e-02 0.00000e+00
13.960000 4.55477e-03 -5.59727e-02 0.00000e+00
13.970000 3.97472e-03 -5.94969e-02 0.00000e+00
13.980000 3.32348e-03 -6.26488e-02 0.00000e+00
13.990000 2.66573e-03 -6.52092e-02 0.00000e+00
14.000000 2.01269e-03 -6.73649e-02 0.00000e+00
14.010000 1.31220e-03 -6.90366e-02 0.00000e+00
14.020000 6.00125e-04 -7.01750e-02 0.00000e+00
14.030000 -1.43846e-04 -7.08520e-02 0.00000e+00
14.040000 -8.66335e-04 -7.09364e-02 0.00000e+00
14.050000 -1.58566e-03 -7.05597e-02 0.00000e+00
14.060000 -2.31896e-03 -6.97791e-02 0.00000e+00
14.070000 -3.00349e-03 -6.84052e-02 0.00000e+00
14.080000 -3.66668e-03 -6.64475e-02 0.00000e+00
14.090000 -4.30353e-03 -6.40171e-02 0.00000e+00
14.100000 -4.91509e-03 -6.09224e-02 0.00000e+00
14.110000 -5.52594e-03 -5.72575e-02 0.00000e+00
14.120000 -6.09120e-03 -5.31627e-02 0.00000e+00
14.130000 -6.63445e-03 -4.86369e-02 0.00000e+00
14.140000 -7.13906e-03 -4.37100e-02 0.00000e+00
14.150000 -7.54999e-03 -3.85063e-02 0.00000e+00
14.160000 -7.92990e-03 -3.30601e-02 0.00000e+00
14.170000 -8.26805e-03 -2.71320e-02 0.00000e+00
14.180000 -8.51213e-03 -2.09807e-02 0.00000e+00
14.190000 -8.71921e-03 -1.47601e-02 0.00000e+00
14.200000 -8.84330e-03 -8.45036e-03 0.00000e+00
14.210000 -8.89774e-03 -2.13415e-03 0.00000e+00
14.220000 -8.88936e-03 4.25327e-03 0.00000e+00
14.230000 -8.80997e-03 1.05634e-02 0.00000e+00
14.240000 -8.63842e-03 1.68528e-02 0.00000e+00
14.250000 -8.42718e-03 2.31973e-02 0.00000e+00
14.260000 -8.14336e-03 2.93753e-02 0.00000e+00
14.270000 -7.78525e-03 3.52772e-02 0.00000e+00
14.280000 -7.41720e-03 4.08069e-02 0.00000e+00
14.290000 -6.97358e-03 4.58672e-02 0.00000e+00
14.300000 -6.48384e-03 5.04391e-02 0.00000e+00
14.310000 -5.93873e-03 5.44549e-02 0.00000e+00
14.320000 -5.37554e-03 5.80596e-02 0.00000e+00
14.330000 -4.74807e-03 6.11909e-02 0.00000e+00
14.340000 -4.10266e-03 6.35971e-02 0.00000e+00
14.350000 -3.46851e-03 6.54743e-02 0.00000e+00
14.360000 -2.77881e-03 6.68232e-02 0.00000e+00
14.370000 -2.08918e-03 6.75562e-02 0.00000e+00
14.380000 -1.38807e-03 6.77399e-02 0.00000e+00
14.390000 -6.62960e-04 6.74030e-02 0.00000e+00
14.400000 3.89201e-05 6.65763e-02 0.00000e+00
14.410000 7.51824e-04 6.53563e-02 0.00000e+00
14.420000 1.40971e-03 6.36649e-02 0.00000e+00
14.430000 2.02893e-03 6.14674e-02 0.00000e+00
14.440000 2.62524e-03 5.89316e-02 0.00000e+00
14.450000 3.19513e-03 5.59762e-02 0.00000e+00
14.460000 3.71480e-03 5.26389e-02 0.00000e+00
14.470000 4.22695e-03 4.90314e-02 0.00000e+00
14.480000 4.68187e-03 4.51706e-02 0.00000e+00
14.490000 5.11825e-03 4.10239e-02 0.00000e+00
14.500000 5.47285e-03 3.67159e-02 0.00000e+00
14.510000 5.81056e-03 3.23114e-02 0.00000e+00
14.520000 6.11383e-03 2.75861e-02 0.00000e+00
14.530000 6.35961e-03 2.27546e-02 0.00000e+00
14.540000 6.55741e-03 1.79762e-02 0.00000e+00
14.550000 6.72180e-03 1.31075e-02 0.00000e+00
14.560000 6.84539e-03 8.30908e-03 0.00000e+00
14.570000 6.91036e-03 3.62498e-03 0.00000e+00
14.580000 6.92624e-03 -9.76651e-04 0.00000e+00
14.590000 6.87932e-03 -5.54086e-03 0.00000e+00
14.600000 6.80604e-03 -1.01552e-02 0.00000e+00
14.610000 6.68633e-03 -1.47204e-02 0.00000e+00
14.620000 6.52190e-03 -1.91583e-02 0.00000e+00
14.630000 6.30746e-03 -2.35447e-02 0.00000e+00
14.640000 6.04716e-03 -2.77403e-02 0.00000e+00
14.650000 5.74568e-03 -3.17153e-02 0.00000e+00
14.660000 5.40211e-03 -3.55255e-02 0.00000e+00
14.670000 5.03550e-03 -3.92097e-02 0.00000e+00
14.680000 4.60859e-03 -4.26817e-02 0.00000e+00
14.690000 4.16074e-03 -4.57208e-02 0.00000e+00
14.700000 3.71408e-03 -4.84309e-02 0.00000e+00
14.710000 3.21760e-03 -5.08309e-02 0.00000e+00
14.720000 2.69274e-03 -5.28807e-02 0.00000e+00
14.730000 2.17467e-03 -5.44270e-02 0.00000e+00
14.740000 1.61634e-03 -5.54893e-02 0.00000e+00
14.750000 1.04294e-03 -5.61917e-02 0.00000e+00
14.760000 4.59540e-04 -5.64232e-02 0.00000e+00
14.770000 -1.20606e-04 -5.61086e-02 0.00000e+00
14.780000 -6.98482e-04 -5.53166e-02 0.00000e+00
14.790000 -1.26704e-03 -5.39965e-02 0.00000e+00
14.800000 -1.83095e-03 -5.21317e-02 0.00000e+00
14.810000 -2.34934e-03 -4.98543e-02 0.00000e+00
14.820000 -2.88059e-03 -4.71033e-02 0.00000e+00
14.830000 -3.36062e-03 -4.38354e-02 0.00000e+00
14.840000 -3.80945e-03 -4.01491e-02 0.00000e+00
14.850000 -4.18206e-03 -3.60691e-02 0.00000e+00
14.860000 -4.53493e-03 -3.16225e-02 0.00000e+00
14.870000 -4.84165e-03 -2.66655e-02 0.00000e+00
14.880000 -5.09718e-03 -2.13254e-02 0.00000e+00
14.890000 -5.29159e-03 -1.58672e-02 0.00000e+00
14.900000 -5.40517e-03 -1.01293e-02 0.00000e+00
14.910000 -5.49797e-03 -4.14467e-03 0.00000e+00
14.920000 -5.51454e-03 1.88773e-03 0.00000e+00
14.930000 -5.44965e-03 7.90899e-03 0.00000e+00
14.940000 -5.35680e-03 1.38872e-02 0.00000e+00
14.950000 -5.19709e-03 1.97110e-02 0.00000e+00
14.960000 -4.95582e-03 2.52945e-02 0.00000e+00
14.970000 -4.68571e-03 3.05535e-02 0.00000e+00
14.980000 -4.35637e-03 3.55882e-02 0.00000e+00
14.990000 -3.94920e-03 4.02634e-02 0.00000e+00
15.000000 -3.51322e-03 4.44630e-02 0.00000e+00
15.010000 -3.03792e-03 4.83021e-02 0.00000e+00
15.020000 -2.49096e-03 5.18167e-02 0.00000e+00
15.030000 -1.93322e-03 5.48697e-02 0.00000e+00
15.040000 -1.32264e-03 5.72726e-02 0.00000e+00
15.050000 -7.41597e-04 5.90712e-02 0.00000e+00
15.060000 -1.15732e-04 6.02473e-02 0.00000e+00
15.070000 5.32404e-04 6.09402e-02 0.00000e+00
15.080000 1.16640e-03 6.10575e-02 0.00000e+00
15.090000 1.77612e-03 6.05557e-02 0.00000e+00
15.100000 2.38221e-03 5.96240e-02 0.00000e+00
15.110000 2.96403e-03 5.80347e-02 0.00000e+00
15.120000 3.52188e-03 5.57422e-02 0.00000e+00
15.130000 4.07001e-03 5.30805e-02 0.00000e+00
15.140000 4.59646e-03 5.00084e-02 0.00000e+00
15.150000 5.11304e-03 4.63256e-02 0.00000e+00
15.160000 5.55515e-03 4.22271e-02 0.00000e+00
15.170000 5.98702e-03 3.78238e-02 0.00000e+00
15.180000 6.36088e-03 3.29823e-02 0.00000e+00
15.190000 6.67688e-03 2.79430e-02 0.00000e+00
15.200000 6.90691e-03 2.27116e-02 0.00000e+00
15.210000 7.09981e-03 1.72297e-02 0.00000e+00
15.220000 7.23775e-03 1.14786e-02 0.00000e+00
15.230000 7.32818e-03 5.50770e-03 0.00000e+00
15.240000 7.37679e-03 -4.30978e-04 0.00000e+00
15.250000 7.33863e-03 -6.35142e-03 0.00000e+00
15.260000 7.25328e-03 -1.23505e-02 0.00000e+00
15.270000 7.08607e-03 -1.84410e-02 0.00000e+00
15.280000 6.84253e-03 -2.45202e-02 0.00000e+00
15.290000 6.58431e-03 -3.05449e-02 0.00000e+00
15.300000 6.27339e-03 -3.64395e-02 0.00000e+00
15.310000 5.86373e-03 -4.21147e-02 0.00000e+00
15.320000 5.39314e-03 -4.73994e-02 0.00000e+00
15.330000 4.91219e-03 -5.24094e-02 0.00000e+00
15.340000 4.36528e-03 -5.71082e-02 0.00000e+00
15.350000 3.76123e-03 -6.13898e-02 0.00000e+00
15.360000 3.14419e-03 -6.53455e-02 0.00000e+00
15.370000 2.43705e-03 -6.89283e-02 0.00000e+00
15.380000 1.72299e-03 -7.21122e-02 0.00000e+00
15.390000 9.68193e-04 -7.47918e-02 0.00000e+00
15.400000 2.18201e-04 -7.69455e-02 0.00000e+00
15.410000 -5.62978e-04 -7.84501e-02 0.00000e+00
15.420000 -1.35823e-03 -7.93391e-02 0.00000e+00
15.430000 -2.19438e-03 -7.96352e-02 0.00000e+00
15.440000 -3.01463e-03 -7.93377e-02 0.00000e+00
15.450000 -3.82107e-03 -7.85437e-02 0.00000e+00
15.460000 -4.61248e-03 -7.69779e-02 0.00000e+00
15.470000 -5.38742e-03 -7.45598e-02 0.00000e+00
15.480000 -6.12311e-03 -7.15576e-02 0.00000e+00
15.490000 -6.83053e-03 -6.80972e-02 0.00000e+00
15.500000 -7.53168e-03 -6.39636e-02 0.00000e+00
15.510000 -8.16479e-03 -5.91456e-02 0.00000e+00
15.520000 -8.77187e-03 -5.39205e-02 0.00000e+00
15.530000 -9.30294e-03 -4.81505e-02 0.00000e+00
15.540000 -9.77411e-03 -4.19465e-02 0.00000e+00
15.550000 -1.01932e-02 -3.55006e-02 0.00000e+00
15.560000 -1.05221e-02 -2.86347e-02 0.00000e+00
15.570000 -1.07861e-02 -2.13606e-02 0.00000e+00
15.580000 -1.09470e-02 -1.37797e-02 0.00000e+00
15.590000 -1.10579e-02 -5.98409e-03 0.00000e+00
15.600000 -1.10708e-02 1.76537e-03 0.00000e+00
15.610000 -1.10197e-02 9.45941e-03 0.00000e+00
15.620000 -1.08583e-02 1.72375e-02 0.00000e+00
15.630000 -1.06131e-02 2.49698e-02 0.00000e+00
15.640000 -1.03202e-02 3.25050e-02 0.00000e+00
15.650000 -9.96176e-03 3.98610e-02 0.00000e+00
15.660000 -9.53077e-03 4.69978e-02 0.00000e+00
15.670000 -9.01038e-03 5.36292e-02 0.00000e+00
15.680000 -8.44956e-03 5.97883e-02 0.00000e+00
15.690000 -7.83129e-03 6.55084e-02 0.00000e+00
15.700000 -7.11981e-03 7.06992e-02 0.00000e+00
15.710000 -6.39259e-03 7.53231e-02 0.00000e+00
15.720000 -5.59376e-03 7.92851e-02 0.00000e+00
15.730000 -4.72660e-03 8.26999e-02 0.00000e+00
15.740000 -3.86250e-03 8.55042e-02 0.00000e+00
15.750000 -2.96278e-03 8.77044e-02 0.00000e+00
15.760000 -2.06179e-03 8.92913e-02 0.00000e+00
15.770000 -1.16021e-03 9.02271e-02 0.00000e+00
15.780000 -2.07908e-04 9.05311e-02 0.00000e+00
15.790000 7.22653e-04 9.02258e-02 0.00000e+00
15.800000 1.63582e-03 8.94237e-02 0.00000e+00
15.810000 2.52726e-03 8.80446e-02 0.00000e+00
15.820000 3.41873e-03 8.60501e-02 0.00000e+00
15.830000 4.25076e-03 8.33675e-02 0.00000e+00
15.840000 5.05775e-03 8.01650e-02 0.00000e+00
15.850000 5.85172e-03 7.65074e-02 0.00000e+00
15.860000 6.59770e-03 7.22561e-02 0.00000e+00
15.870000 7.28882e-03 6.76673e-02 0.00000e+00
15.880000 7.93781e-03 6.27312e-02 0.00000e+00
15.890000 8.55198e-03 5.73885e-02 0.00000e+00
15.900000 9.12014e-03 5.19504e-02 0.00000e+00
15.910000 9.60282e-03 4.62835e-02 0.00000e+00
15.920000 1.00603e-02 4.03762e-02 0.00000e+00
15.930000 1.04318e-02 3.43644e-02 0.00000e+00
15.940000 1.07584e-02 2.81194e-02 0.00000e+00
15.950000 1.10014e-02 2.19246e-02 0.00000e+00
15.960000 1.12011e-02 1.58892e-02 0.00000e+00
15.970000 1.13255e-02 9.79620e-03 0.00000e+00
15.980000 1.13885e-02 3.67006e-03 0.00000e+00
15.990000 1.13594e-02 -2.32577e-03 0.00000e+00
16.000000 1.12676e-02 -8.32861e-03 0.00000e+00
16.010000 1.11566e-02 -1.43557e-02 0.00000e+00
16.020000 1.09615e-02 -2.00790e-02 0.00000e+00
16.030000 1.07129e-02 -2.55782e-02 0.00000e+00
16.040000 1.04385e-02 -3.09780e-02 0.00000e+00
16.050000 1.00811e-02 -3.61559e-02 0.00000e+00
16.060000 9.69871e-03 -4.09996e-02 0.00000e+00
16.070000 9.27811e-03 -4.55180e-02 0.00000e+00
16.080000 8.78674e-03 -4.99063e-02 0.00000e+00
16.090000 8.28883e-03 -5.40039e-02 0.00000e+00
16.100000 7.73039e-03 -5.77195e-02 0.00000e+00
16.110000 7.13977e-03 -6.10939e-02 0.00000e+00
16.120000 6.54882e-03 -6.40809e-02 0.00000e+00
16.130000 5.88499e-03 -6.67822e-02 0.00000e+00
16.140000 5.18376e-03 -6.91006e-02 0.00000e+00
16.150000 4.47067e-03 -7.09736e-02 0.00000e+00
16.160000 3.73937e-03 -7.26060e-02 0.00000e+00
16.170000 2.96982e-03 -7.40252e-02 0.00000e+00
16.180000 2.24224e-03 -7.49887e-02 0.00000e+00
16.190000 1.49487e-03 -7.55464e-02 0.00000e+00
16.200000 7.12529e-04 -7.57770e-02 0.00000e+00
16.210000 -4.85063e-05 -7.55351e-02 0.00000e+00
16.220000 -7.99357e-04 -7.49019e-02 0.00000e+00
16.230000 -1.55497e-03 -7.39556e-02 0.00000e+00
16.240000 -2.31076e-03 -7.25674e-02 0.00000e+00
16.250000 -3.04634e-03 -7.07682e-02 0.00000e+00
16.260000 -3.71362e-03 -6.84634e-02 0.00000e+00
16.270000 -4.38748e-03 -6.57026e-02 0.00000e+00
16.280000 -5.01592e-03 -6.26241e-02 0.00000e+00
16.290000 -5.63883e-03 -5.90534e-02 0.00000e+00
16.300000 -6.22768e-03 -5.51001e-02 0.00000e+00
16.310000 -6.74967e-03 -5.09347e-02 0.00000e+00
16.320000 -7.25822e-03 -4.65164e-02 0.00000e+00
16.330000 -7.74462e-03 -4.17875e-02 0.00000e+00
16.340000 -8.14080e-03 -3.68756e-02 0.00000e+00
16.350000 -8.49803e-03 -3.16253e-02 0.00000e+00
16.360000 -8.79517e-03 -2.60042e-02 0.00000e+00
16.370000 -9.04067e-03 -2.03879e-02 0.00000e+00
16.380000 -9.22225e-03 -1.46758e-02 0.00000e+00
16.390000 -9.36050e-03 -8.81015e-03 0.00000e+00
16.400000 -9.42481e-03 -2.93166e-03 0.00000e+00
16.410000 -9.40793e-03 2.85283e-03 0.00000e+00
16.420000 -9.32455e-03 8.56437e-03 0.00000e+00
16.430000 -9.19316e-03 1.43899e-02 0.00000e+00
16.440000 -9.02377e-03 2.01965e-02 0.00000e+00
16.450000 -8.78755e-03 2.58315e-02 0.00000e+00
16.460000 -8.48792e-03 3.11969e-02 0.00000e+00
16.470000 -8.15503e-03 3.61935e-02 0.00000e+00
16.480000 -7.76683e-03 4.10301e-02 0.00000e+00
16.490000 -7.33502e-03 4.55996e-02 0.00000e+00
16.500000 -6.83390e-03 4.96295e-02 0.00000e+00
16.510000 -6.31809e-03 5.32818e-02 0.00000e+00
16.520000 -5.72795e-03 5.65679e-02 0.00000e+00
16.530000 -5.16547e-03 5.94244e-02 0.00000e+00
16.540000 -4.55503e-03 6.18188e-02 0.00000e+00
16.550000 -3.90812e-03 6.37357e-02 0.00000e+00
16.560000 -3.25570e-03 6.51881e-02 0.00000e+00
16.570000 -2.58236e-03 6.61564e-02 0.00000e+00
16.580000 -1.89683e-03 6.67789e-02 0.00000e+00
16.590000 -1.18802e-03 6.71019e-02 0.00000e+00
16.600000 -4.90045e-04 6.70065e-02 0.00000e+00
16.610000 1.77405e-04 6.63098e-02 0.00000e+00
16.620000 8.33202e-04 6.51832e-02 0.00000e+00
16.630000 1.46651e-03 6.37206e-02 0.00000e+00
16.640000 2.10960e-03 6.18179e-02 0.00000e+00
16.650000 2.73334e-03 5.95492e-02 0.00000e+00
16.660000 3.29897e-03 5.69326e-02 0.00000e+00
16.670000 3.83974e-03 5.40660e-02 0.00000e+00
16.680000 4.36852e-03 5.09387e-02 0.00000e+00
16.690000 4.84776e-03 4.75971e-02 0.00000e+00
16.700000 5.31233e-03 4.39132e-02 0.00000e+00
16.710000 5.71077e-03 3.97635e-02 0.00000e+00
16.720000 6.10632e-03 3.54734e-02 0.00000e+00
16.730000 6.43795e-03 3.10260e-02 0.00000e+00
16.740000 6.74294e-03 2.63034e-02 0.00000e+00
16.750000 6.99529e-03 2.14036e-02 0.00000e+00
16.760000 7.19510e-03 1.65450e-02 0.00000e+00
16.770000 7.31436e-03 1.16616e-02 0.00000e+00
16.780000 7.40180e-03 6.58691e-03 0.00000e+00
16.790000 7.47027e-03 1.37345e-03 0.00000e+00
16.800000 7.45395e-03 -3.95221e-03 0.00000e+00
16.810000 7.40889e-03 -9.23672e-03 0.00000e+00
16.820000 7.30729e-03 -1.43698e-02 0.00000e+00
16.830000 7.14474e-03 -1.95240e-02 0.00000e+00
16.840000 6.93877e-03 -2.47068e-02 0.00000e+00
16.850000 6.65834e-03 -2.97846e-02 0.00000e+00
16.860000 6.32704e-03 -3.47074e-02 0.00000e+00
16.870000 5.92001e-03 -3.93651e-02 0.00000e+00
16.880000 5.49732e-03 -4.38296e-02 0.00000e+00
16.890000 5.05310e-03 -4.79607e-02 0.00000e+00
16.900000 4.53609e-03 -5.17682e-02 0.00000e+00
16.910000 3.98889e-03 -5.52553e-02 0.00000e+00
16.920000 3.43637e-03 -5.82864e-02 0.00000e+00
16.930000 2.85258e-03 -6.09663e-02 0.00000e+00
16.940000 2.19485e-03 -6.33466e-02 0.00000e+00
16.950000 1.53764e-03 -6.53065e-02 0.00000e+00
16.960000 8.56066e-04 -6.65845e-02 0.00000e+00
16.970000 1.75140e-04 -6.74109e-02 0.00000e+00
16.980000 -5.04763e-04 -6.77934e-02 0.00000e+00
16.990000 -1.19878e-03 -6.75501e-02 0.00000e+00
17.000000 -1.90545e-03 -6.68322e-02 0.00000e+00
17.010000 -2.58506e-03 -6.55953e-02 0.00000e+00
17.020000 -3.25278e-03 -6.38665e-02 0.00000e+00
17.030000 -3.87215e-03 -6.17017e-02 0.00000e+00
17.040000 -4.48710e-03 -5.91627e-02 0.00000e+00
17.050000 -5.07717e-03 -5.61726e-02 0.00000e+00
17.060000 -5.61697e-03 -5.25439e-02 0.00000e+00
17.070000 -6.15596e-03 -4.85112e-02 0.00000e+00
17.080000 -6.60699e-03 -4.41784e-02 0.00000e+00
17.090000 -7.04719e-03 -3.93967e-02 0.00000e+00
17.100000 -7.42594e-03 -3.41836e-02 0.00000e+00
17.110000 -7.74814e-03 -2.87516e-02 0.00000e+00
17.120000 -7.99202e-03 -2.31535e-02 0.00000e+00
17.130000 -8.19967e-03 -1.73282e-02 0.00000e+00
17.140000 -8.37487e-03 -1.12949e-02 0.00000e+00
17.150000 -8.44401e-03 -5.00164e-03 0.00000e+00
17.160000 -8.47238e-03 1.36845e-03 0.00000e+00
17.170000 -8.44353e-03 7.64117e-03 0.00000e+00
17.180000 -8.33376e-03 1.38767e-02 0.00000e+00
17.190000 -8.17405e-03 2.00446e-02 0.00000e+00
17.200000 -7.94010e-03 2.62017e-02 0.00000e+00
17.210000 -7.65056e-03 3.22328e-02 0.00000e+00
17.220000 -7.27511e-03 3.78954e-02 0.00000e+00
17.230000 -6.86028e-03 4.33450e-02 0.00000e+00
17.240000 -6.40814e-03 4.84733e-02 0.00000e+00
17.250000 -5.88568e-03 5.32436e-02 0.00000e+00
17.260000 -5.31370e-03 5.76131e-02 0.00000e+00
17.270000 -4.69715e-03 6.14292e-02 0.00000e+00
17.280000 -4.04703e-03 6.48971e-02 0.00000e+00
17.290000 -3.36072e-03 6.80292e-02 0.00000e+00
17.300000 -2.63060e-03 7.05896e-02 0.00000e+00
17.310000 -1.88089e-03 7.25104e-02 0.00000e+00
17.320000 -1.11703e-03 7.40129e-02 0.00000e+00
17.330000 -3.79001e-04 7.50240e-02 0.00000e+00
17.340000 3.94825e-04 7.54938e-02 0.00000e+00
17.350000 1.16291e-03 7.55758e-02 0.00000e+00
17.360000 1.93453e-03 7.51882e-02 0.00000e+00
17.370000 2.69808e-03 7.43513e-02 0.00000e+00
17.380000 3.41964e-03 7.30308e-02 0.00000e+00
17.390000 4.13633e-03 7.13216e-02 0.00000e+00
17.400000 4.86189e-03 6.92870e-02 0.00000e+00
17.410000 5.52060e-03 6.68006e-02 0.00000e+00
17.420000 6.17276e-03 6.39655e-02 0.00000e+00
17.430000 6.77524e-03 6.07943e-02 0.00000e+00
17.440000 7.37595e-03 5.74219e-02 0.00000e+00
17.450000 7.95010e-03 5.39307e-02 0.00000e+00
17.460000 8.44936e-03 5.02348e-02 0.00000e+00
17.470000 8.90974e-03 4.63959e-02 0.00000e+00
17.480000 9.37353e-03 4.24263e-02 0.00000e+00
17.490000 9.77420e-03 3.82761e-02 0.00000e+00
17.500000 1.01312e-02 3.38723e-02 0.00000e+00
17.510000 1.04671e-02 2.93398e-02 0.00000e+00
17.520000 1.07335e-02 2.47224e-02 0.00000e+00
17.530000 1.09405e-02 1.99657e-02 0.00000e+00
17.540000 1.11091e-02 1.51289e-02 0.00000e+00
17.550000 1.12073e-02 1.00976e-02 0.00000e+00
17.560000 1.13008e-02 4.93584e-03 0.00000e+00
17.570000 1.13127e-02 -1.65419e-04 0.00000e+00
17.580000 1.12930e-02 -5.38304e-03 0.00000e+00
17.590000 1.12142e-02 -1.07409e-02 0.00000e+00
17.600000 1.11031e-02 -1.61092e-02 0.00000e+00
17.610000 1.09697e-02 -2.14375e-02 0.00000e+00
17.620000 1.07440e-02 -2.66060e-02 0.00000e+00
17.630000 1.04528e-02 -3.18264e-02 0.00000e+00
17.640000 1.01119e-02 -3.71450e-02 0.00000e+00
17.650000 9.70816e-03 -4.22377e-02 0.00000e+00
17.660000 9.25593e-03 -4.71645e-02 0.00000e+00
17.670000 8.75673e-03 -5.20183e-02 0.00000e+00
17.680000 8.21413e-03 -5.65717e-02 0.00000e+00
17.690000 7.60039e-03 -6.09536e-02 0.00000e+00
17.700000 6.96228e-03 -6.52726e-02 0.00000e+00
17.710000 6.27056e-03 -6.94306e-02 0.00000e+00
17.720000 5.54726e-03 -7.33983e-02 0.00000e+00
17.730000 4.79756e-03 -7.69151e-02 0.00000e+00
17.740000 4.00621e-03 -8.00243e-02 0.00000e+00
17.750000 3.17149e-03 -8.29003e-02 0.00000e+00
17.760000 2.33929e-03 -8.54547e-02 0.00000e+00
17.770000 1.48110e-03 -8.75531e-02 0.00000e+00
17.780000 6.02993e-04 -8.90169e-02 0.00000e+00
17.790000 -2.99197e-04 -9.00529e-02 0.00000e+00
17.800000 -1.23026e-03 -9.08228e-02 0.00000e+00
17.810000 -2.13847e-03 -9.12872e-02 0.00000e+00
17.820000 -3.04746e-03 -9.13954e-02 0.00000e+00
17.830000 -3.98208e-03 -9.10251e-02 0.00000e+00
17.840000 -4.88537e-03 -9.01899e-02 0.00000e+00
17.850000 -5.79362e-03 -8.89443e-02 0.00000e+00
17.860000 -6.71524e-03 -8.73563e-02 0.00000e+00
17.870000 -7.58656e-03 -8.53671e-02 0.00000e+00
17.880000 -8.43597e-03 -8.29505e-02 0.00000e+00
17.890000 -9.22385e-03 -8.01420e-02 0.00000e+00
17.900000 -9.98685e-03 -7.68248e-02 0.00000e+00
17.910000 -1.07570e-02 -7.30982e-02 0.00000e+00
17.920000 -1.14804e-02 -6.90349e-02 0.00000e+00
17.930000 -1.21379e-02 -6.45105e-02 0.00000e+00
17.940000 -1.27403e-02 -5.96074e-02 0.00000e+00
17.950000 -1.33182e-02 -5.43600e-02 0.00000e+00
17.960000 -1.38738e-02 -4.87467e-02 0.00000e+00
17.970000 -1.43588e-02 -4.29028e-02 0.00000e+00
17.980000 -1.47859e-02 -3.67307e-02 0.00000e+00
17.990000 -1.51093e-02 -3.01692e-02 0.00000e+00
18.000000 -1.53811e-02 -2.34009e-02 0.00000e+00
18.010000 -1.56021e-02 -1.64564e-02 0.00000e+00
18.020000 -1.57529e-02 -9.32174e-03 0.00000e+00
18.030000 -1.58193e-02 -2.17682e-03 0.00000e+00
18.040000 -1.58053e-02 5.02611e-03 0.00000e+00
18.050000 -1.57174e-02 1.23808e-02 0.00000e+00
18.060000 -1.55462e-02 1.98889e-02 0.00000e+00
18.070000 -1.52954e-02 2.75341e-02 0.00000e+00
18.080000 -1.49970e-02 3.49965e-02 0.00000e+00
18.090000 -1.45942e-02 4.22220e-02 0.00000e+00
18.100000 -1.41419e-02 4.93887e-02 0.00000e+00
18.110000 -1.36177e-02 5.65169e-02 0.00000e+00
18.120000 -1.29996e-02 6.34039e-02 0.00000e+00
18.130000 -1.23275e-02 6.98246e-02 0.00000e+00
18.140000 -1.15942e-02 7.58888e-02 0.00000e+00
18.150000 -1.07824e-02 8.15923e-02 0.00000e+00
18.160000 -9.93485e-03 8.70012e-02 0.00000e+00
18.170000 -9.03489e-03 9.21783e-02 0.00000e+00
18.180000 -8.09618e-03 9.68616e-02 0.00000e+00
18.190000 -7.09398e-03 1.00990e-01 0.00000e+00
18.200000 -6.06890e-03 1.04596e-01 0.00000e+00
18.210000 -4.97810e-03 1.07731e-01 0.00000e+00
18.220000 -3.86803e-03 1.10317e-01 0.00000e+00
18.230000 -2.73109e-03 1.12383e-01 0.00000e+00
18.240000 -1.59677e-03 1.14010e-01 0.00000e+00
18.250000 -4.61121e-04 1.14988e-01 0.00000e+00
18.260000 7.08891e-04 1.15374e-01 0.00000e+00
18.270000 1.88358e-03 1.15229e-01 0.00000e+00
18.280000 3.04718e-03 1.14488e-01 0.00000e+00
18.290000 4.18030e-03 1.13364e-01 0.00000e+00
18.300000 5.31553e-03 1.11787e-01 0.00000e+00
18.310000 6.44995e-03 1.09658e-01 0.00000e+00
18.320000 7.54002e-03 1.07086e-01 0.00000e+00
18.330000 8.63287e-03 1.03979e-01 0.00000e+00
18.340000 9.65990e-03 1.00353e-01 0.00000e+00
18.350000 1.06259e-02 9.62156e-02 0.00000e+00
18.360000 1.15572e-02 9.17176e-02 0.00000e+00
18.370000 1.24421e-02 8.68247e-02 0.00000e+00
18.380000 1.32920e-02 8.15807e-02 0.00000e+00
18.390000 1.40678e-02 7.60929e-02 0.00000e+00
18.400000 1.48239e-02 7.02130e-02 0.00000e+00
18.410000 1.54863e-02 6.40745e-02 0.00000e+00
18.420000 1.60866e-02 5.76864e-02 0.00000e+00
18.430000 1.66450e-02 5.10694e-02 0.00000e+00
18.440000 1.71390e-02 4.43334e-02 0.00000e+00
18.450000 1.75700e-02 3.75451e-02 0.00000e+00
18.460000 1.79357e-02 3.05973e-02 0.00000e+00
18.470000 1.81833e-02 2.34812e-02 0.00000e+00
18.480000 1.83841e-02 1.64246e-02 0.00000e+00
18.490000 1.84872e-02 9.35270e-03 0.00000e+00
18.500000 1.85281e-02 2.33029e-03 0.00000e+00
18.510000 1.85068e-02 -4.65855e-03 0.00000e+00
18.520000 1.84080e-02 -1.17768e-02 0.00000e+00
18.530000 1.82650e-02 -1.89087e-02 0.00000e+00
18.540000 1.80071e-02 -2.60147e-02 0.00000e+00
18.550000 1.77279e-02 -3.29769e-02 0.00000e+00
18.560000 1.73452e-02 -3.97867e-02 0.00000e+00
18.570000 1.69191e-02 -4.63683e-02 0.00000e+00
18.580000 1.64544e-02 -5.27459e-02 0.00000e+00
18.590000 1.58925e-02 -5.90389e-02 0.00000e+00
18.600000 1.52787e-02 -6.50670e-02 0.00000e+00
18.610000 1.46212e-02 -7.07435e-02 0.00000e+00
18.620000 1.39048e-02 -7.61298e-02 0.00000e+00
18.630000 1.30976e-02 -8.12200e-02 0.00000e+00
18.640000 1.22639e-02 -8.61260e-02 0.00000e+00
18.650000 1.13837e-02 -9.07266e-02 0.00000e+00
18.660000 1.04353e-02 -9.49851e-02 0.00000e+00
18.670000 9.45905e-03 -9.89764e-02 0.00000e+00
18.680000 8.41617e-03 -1.02496e-01 0.00000e+00
18.690000 7.35987e-03 -1.05655e-01 0.00000e+00
18.700000 6.27241e-03 -1.08368e-01 0.00000e+00
18.710000 5.17214e-03 -1.10635e-01 0.00000e+00
18.720000 4.06988e-03 -1.12409e-01 0.00000e+00
18.730000 2.93500e-03 -1.13738e-01 0.00000e+00
18.740000 1.79350e-03 -1.14739e-01 0.00000e+00
18.750000 6.23620e-04 -1.15089e-01 0.00000e+00
18.760000 -5.35905e-04 -1.14932e-01 0.00000e+00
18.770000 -1.68849e-03 -1.14427e-01 0.00000e+00
18.780000 -2.83705e-03 -1.13374e-01 0.00000e+00
18.790000 -3.99386e-03 -1.11814e-01 0.00000e+00
18.800000 -5.11480e-03 -1.09998e-01 0.00000e+00
18.810000 -6.22068e-03 -1.07874e-01 0.00000e+00
18.820000 -7.27198e-03 -1.05245e-01 0.00000e+00
18.830000 -8.33426e-03 -1.02301e-01 0.00000e+00
18.840000 -9.32639e-03 -9.90779e-02 0.00000e+00
18.850000 -1.02931e-02 -9.54805e-02 0.00000e+00
18.860000 -1.12345e-02 -9.15276e-02 0.00000e+00
18.870000 -1.20980e-02 -8.72560e-02 0.00000e+00
18.880000 -1.29394e-02 -8.27048e-02 0.00000e+00
18.890000 -1.37322e-02 -7.77795e-02 0.00000e+00
18.900000 -1.45027e-02 -7.25140e-02 0.00000e+00
18.910000 -1.51870e-02 -6.70252e-02 0.00000e+00
18.920000 -1.58044e-02 -6.13458e-02 0.00000e+00
18.930000 -1.64134e-02 -5.54253e-02 0.00000e+00
18.940000 -1.69442e-02 -4.92747e-02 0.00000e+00
18.950000 -1.74134e-02 -4.29821e-02 0.00000e+00
18.960000 -1.78466e-02 -3.66425e-02 0.00000e+00
18.970000 -1.82128e-02 -3.01481e-02 0.00000e+00
18.980000 -1.84806e-02 -2.34418e-02 0.00000e+00
18.990000 -1.86782e-02 -1.65983e-02 0.00000e+00
19.000000 -1.88293e-02 -9.76310e-03 0.00000e+00
19.010000 -1.88752e-02 -2.84034e-03 0.00000e+00
19.020000 -1.88484e-02 4.30723e-03 0.00000e+00
19.030000 -1.87753e-02 1.13982e-02 0.00000e+00
19.040000 -1.86319e-02 1.85070e-02 0.00000e+00
19.050000 -1.84069e-02 2.56758e-02 0.00000e+00
19.060000 -1.81016e-02 3.27144e-02 0.00000e+00
19.070000 -1.77393e-02 3.95470e-02 0.00000e+00
19.080000 -1.73186e-02 4.62767e-02 0.00000e+00
19.090000 -1.68144e-02 5.29734e-02 0.00000e+00
19.100000 -1.62549e-02 5.94269e-02 0.00000e+00
19.110000 -1.56463e-02 6.56001e-02 0.00000e+00
19.120000 -1.49670e-02 7.15568e-02 0.00000e+00
19.130000 -1.42221e-02 7.71210e-02 0.00000e+00
19.140000 -1.33975e-02 8.22625e-02 0.00000e+00
19.150000 -1.25495e-02 8.71661e-02 0.00000e+00
19.160000 -1.16531e-02 9.18294e-02 0.00000e+00
19.170000 -1.07026e-02 9.60663e-02 0.00000e+00
19.180000 -9.67854e-03 9.99387e-02 0.00000e+00
19.190000 -8.65215e-03 1.03584e-01 0.00000e+00
19.200000 -7.61085e-03 1.06733e-01 0.00000e+00
19.210000 -6.51378e-03 1.09348e-01 0.00000e+00
19.220000 -5.40868e-03 1.11552e-01 0.00000e+00
19.230000 -4.29522e-03 1.13299e-01 0.00000e+00
19.240000 -3.14591e-03 1.14636e-01 0.00000e+00
19.250000 -1.98282e-03 1.15475e-01 0.00000e+00
19.260000 -8.22745e-04 1.15822e-01 0.00000e+00
19.270000 3.40642e-04 1.15707e-01 0.00000e+00
19.280000 1.49288e-03 1.14967e-01 0.00000e+00
19.290000 2.63900e-03 1.13680e-01 0.00000e+00
19.300000 3.76817e-03 1.11998e-01 0.00000e+00
19.310000 4.90669e-03 1.10025e-01 0.00000e+00
19.320000 6.02140e-03 1.07632e-01 0.00000e+00
19.330000 7.10040e-03 1.04723e-01 0.00000e+00
19.340000 8.14276e-03 1.01505e-01 0.00000e+00
19.350000 9.16373e-03 9.81179e-02 0.00000e+00
19.360000 1.01349e-02 9.43435e-02 0.00000e+00
19.370000 1.10303e-02 9.00488e-02 0.00000e+00
19.380000 1.19251e-02 8.54613e-02 0.00000e+00
19.390000 1.27427e-02 8.05899e-02 0.00000e+00
19.400000 1.35255e-02 7.53524e-02 0.00000e+00
19.410000 1.42586e-02 6.99091e-02 0.00000e+00
19.420000 1.49061e-02 6.43221e-02 0.00000e+00
19.430000 1.55095e-02 5.84966e-02 0.00000e+00
19.440000 1.60449e-02 5.25779e-02 0.00000e+00
19.450000 1.65227e-02 4.65347e-02 0.00000e+00
19.460000 1.69794e-02 4.02837e-02 0.00000e+00
19.470000 1.73702e-02 3.39190e-02 0.00000e+00
19.480000 1.76984e-02 2.75734e-02 0.00000e+00
19.490000 1.79334e-02 2.13135e-02 0.00000e+00
19.500000 1.81344e-02 1.50134e-02 0.00000e+00
19.510000 1.82682e-02 8.70049e-03 0.00000e+00
19.520000 1.83130e-02 2.40660e-03 0.00000e+00
19.530000 1.82636e-02 -3.82415e-03 0.00000e+00
19.540000 1.81923e-02 -1.00767e-02 0.00000e+00
19.550000 1.80487e-02 -1.62962e-02 0.00000e+00
19.560000 1.78492e-02 -2.24241e-02 0.00000e+00
19.570000 1.75913e-02 -2.85091e-02 0.00000e+00
19.580000 1.72924e-02 -3.44188e-02 0.00000e+00
19.590000 1.69108e-02 -4.02160e-02 0.00000e+00
19.600000 1.64912e-02 -4.58593e-02 0.00000e+00
19.610000 1.60237e-02 -5.13486e-02 0.00000e+00
19.620000 1.54619e-02 -5.66721e-02 0.00000e+00
19.630000 1.48747e-02 -6.16323e-02 0.00000e+00
19.640000 1.42487e-02 -6.62303e-02 0.00000e+00
19.650000 1.35785e-02 -7.05020e-02 0.00000e+00
19.660000 1.28509e-02 -7.45448e-02 0.00000e+00
19.670000 1.20672e-02 -7.83035e-02 0.00000e+00
19.680000 1.12630e-02 -8.16758e-02 0.00000e+00
19.690000 1.03975e-02 -8.48333e-02 0.00000e+00
19.700000 9.53388e-03 -8.78770e-02 0.00000e+00
19.710000 8.60048e-03 -9.06396e-02 0.00000e+00
19.720000 7.66829e-03 -9.30194e-02 0.00000e+00
19.730000 6.70839e-03 -9.50860e-02 0.00000e+00
19.740000 5.75182e-03 -9.67884e-02 0.00000e+00
19.750000 4.78330e-03 -9.80531e-02 0.00000e+00
19.760000 3.81001e-03 -9.89957e-02 0.00000e+00
19.770000 2.82285e-03 -9.95938e-02 0.00000e+00
19.780000 1.82844e-03 -9.97156e-02 0.00000e+00
19.790000 8.54639e-04 -9.95244e-02 0.00000e+00
19.800000 -1.24511e-04 -9.89949e-02 0.00000e+00
19.810000 -1.10748e-03 -9.80595e-02 0.00000e+00
19.820000 -2.08082e-03 -9.67404e-02 0.00000e+00
19.830000 -3.06746e-03 -9.51086e-02 0.00000e+00
19.840000 -4.02125e-03 -9.32785e-02 0.00000e+00
19.850000 -4.97801e-03 -9.11602e-02 0.00000e+00
19.860000 -5.91031e-03 -8.88643e-02 0.00000e+00
19.870000 -6.81037e-03 -8.62820e-02 0.00000e+00
19.880000 -7.66235e-03 -8.34069e-02 0.00000e+00
19.890000 -8.48403e-03 -8.04266e-02 0.00000e+00
19.900000 -9.26644e-03 -7.72393e-02 0.00000e+00
19.910000 -1.00082e-02 -7.38292e-02 0.00000e+00
19.920000 -1.07132e-02 -7.01530e-02 0.00000e+00
19.930000 -1.13908e-02 -6.62347e-02 0.00000e+00
19.940000 -1.19980e-02 -6.21829e-02 0.00000e+00
19.950000 -1.25827e-02 -5.80109e-02 0.00000e+00
19.960000 -1.31237e-02 -5.35346e-02 0.00000e+00
19.970000 -1.36311e-02 -4.87963e-02 0.00000e+00
19.980000 -1.40997e-02 -4.39640e-02 0.00000e+00
19.990000 -1.45161e-02 -3.90518e-02 0.00000e+00
20.000000 -1.49040e-02 -3.41349e-02 0.00000e+00
20.010000 -1.52364e-02 -2.91975e-02 0.00000e+00
20.020000 -1.55131e-02 -2.42042e-02 0.00000e+00
20.030000 -1.57514e-02 -1.91594e-02 0.00000e+00
20.040000 -1.58959e-02 -1.40798e-02 0.00000e+00
20.050000 -1.60385e-02 -8.95626e-03 0.00000e+00
20.060000 -1.61173e-02 -3.68954e-03 0.00000e+00
20.070000 -1.61246e-02 1.68239e-03 0.00000e+00
20.080000 -1.60784e-02 7.09250e-03 0.00000e+00
20.090000 -1.59704e-02 1.25721e-02 0.00000e+00
20.100000 -1.58204e-02 1.80276e-02 0.00000e+00
20.110000 -1.56162e-02 2.34950e-02 0.00000e+00
20.120000 -1.53312e-02 2.89933e-02 0.00000e+00
20.130000 -1.49958e-02 3.44145e-02 0.00000e+00
20.140000 -1.46457e-02 3.96693e-02 0.00000e+00
20.150000 -1.42444e-02 4.46894e-02 0.00000e+00
20.160000 -1.37945e-02 4.95773e-02 0.00000e+00
20.170000 -1.32892e-02 5.42406e-02 0.00000e+00
20.180000 -1.27259e-02 5.86453e-02 0.00000e+00
20.190000 -1.21058e-02 6.28459e-02 0.00000e+00
20.200000 -1.14477e-02 6.66990e-02 0.00000e+00
20.210000 -1.07608e-02 7.04084e-02 0.00000e+00
20.220000 -1.00119e-02 7.38467e-02 0.00000e+00
20.230000 -9.22068e-03 7.68246e-02 0.00000e+00
20.240000 -8.42482e-03 7.95912e-02 0.00000e+00
20.250000 -7.59799e-03 8.21251e-02 0.00000e+00
20.260000 -6.74283e-03 8.43311e-02 0.00000e+00
20.270000 -5.89167e-03 8.61586e-02 0.00000e+00
20.280000 -5.00520e-03 8.76437e-02 0.00000e+00
20.290000 -4.12472e-03 8.89211e-02 0.00000e+00
20.300000 -3.24155e-03 8.99246e-02 0.00000e+00
20.310000 -2.36784e-03 9.04192e-02 0.00000e+00
20.320000 -1.46344e-03 9.03731e-02 0.00000e+00
20.330000 -5.58907e-04 8.99455e-02 0.00000e+00
20.340000 3.27124e-04 8.92478e-02 0.00000e+00
20.350000 1.22277e-03 8.82536e-02 0.00000e+00
20.360000 2.09757e-03 8.70204e-02 0.00000e+00
20.370000 2.96584e-03 8.55097e-02 0.00000e+00
20.380000 3.85096e-03 8.36018e-02 0.00000e+00
20.390000 4.66197e-03 8.14837e-02 0.00000e+00
20.400000 5.49544e-03 7.92849e-02 0.00000e+00
20.410000 6.29503e-03 7.68541e-02 0.00000e+00
20.420000 7.05831e-03 7.41474e-02 0.00000e+00
20.430000 7.77573e-03 7.12055e-02 0.00000e+00
20.440000 8.48227e-03 6.79915e-02 0.00000e+00
20.450000 9.15030e-03 6.46530e-02 0.00000e+00
20.460000 9.77471e-03 6.11668e-02 0.00000e+00
20.470000 1.03267e-02 5.74441e-02 0.00000e+00
20.480000 1.08587e-02 5.35000e-02 0.00000e+00
20.490000 1.13611e-02 4.93933e-02 0.00000e+00
20.500000 1.18603e-02 4.52371e-02 0.00000e+00
20.510000 1.22956e-02 4.09609e-02 0.00000e+00
20.520000 1.26825e-02 3.65486e-02 0.00000e+00
20.530000 1.30318e-02 3.20526e-02 0.00000e+00
20.540000 1.33189e-02 2.75302e-02 0.00000e+00
20.550000 1.35779e-02 2.30930e-02 0.00000e+00
20.560000 1.38175e-02 1.85425e-02 0.00000e+00
20.570000 1.39824e-02 1.39466e-02 0.00000e+00
20.580000 1.40944e-02 9.49258e-03 0.00000e+00
20.590000 1.41532e-02 4.99651e-03 0.00000e+00
20.600000 1.41749e-02 3.80561e-04 0.00000e+00
20.610000 1.41642e-02 -4.18499e-03 0.00000e+00
20.620000 1.41179e-02 -8.60839e-03 0.00000e+00
20.630000 1.39878e-02 -1.29773e-02 0.00000e+00
20.640000 1.38389e-02 -1.74300e-02 0.00000e+00
20.650000 1.36253e-02 -2.18960e-02 0.00000e+00
20.660000 1.33915e-02 -2.61995e-02 0.00000e+00
20.670000 1.31100e-02 -3.02032e-02 0.00000e+00
20.680000 1.27882e-02 -3.40183e-02 0.00000e+00
20.690000 1.24177e-02 -3.77866e-02 0.00000e+00
20.700000 1.20397e-02 -4.13798e-02 0.00000e+00
20.710000 1.16080e-02 -4.48553e-02 0.00000e+00
20.720000 1.11412e-02 -4.81343e-02 0.00000e+00
20.730000 1.06222e-02 -5.11323e-02 0.00000e+00
20.740000 1.01117e-02 -5.39655e-02 0.00000e+00
20.750000 9.53799e-03 -5.66468e-02 0.00000e+00
20.760000 8.94153e-03 -5.91261e-02 0.00000e+00
20.770000 8.32383e-03 -6.14466e-02 0.00000e+00
20.780000 7.72414e-03 -6.34058e-02 0.00000e+00
20.790000 7.06799e-03 -6.50045e-02 0.00000e+00
20.800000 6.40932e-03 -6.65590e-02 0.00000e+00
20.810000 5.71293e-03 -6.79208e-02 0.00000e+00
20.820000 5.05301e-03 -6.89767e-02 0.00000e+00
20.830000 4.35791e-03 -6.98399e-02 0.00000e+00
20.840000 3.67746e-03 -7.04013e-02 0.00000e+00
20.850000 2.93258e-03 -7.07560e-02 0.00000e+00
20.860000 2.23521e-03 -7.09920e-02 0.00000e+00
20.870000 1.50680e-03 -7.09222e-02 0.00000e+00
20.880000 8.02616e-04 -7.05955e-02 0.00000e+00
20.890000 9.02681e-05 -7.01323e-02 0.00000e+00
20.900000 -6.16511e-04 -6.95154e-02 0.00000e+00
20.910000 -1.31378e-03 -6.86611e-02 0.00000e+00
20.920000 -1.97951e-03 -6.76256e-02 0.00000e+00
20.930000 -2.65739e-03 -6.65395e-02 0.00000e+00
20.940000 -3.30724e-03 -6.53557e-02 0.00000e+00
20.950000 -3.92656e-03 -6.38922e-02 0.00000e+00
20.960000 -4.58445e-03 -6.21996e-02 0.00000e+00
20.970000 -5.21052e-03 -6.04472e-02 0.00000e+00
20.980000 -5.77461e-03 -5.86181e-02 0.00000e+00
20.990000 -6.35377e-03 -5.65429e-02 0.00000e+00
21.000000 -6.90878e-03 -5.42324e-02 0.00000e+00
21.010000 -7.42959e-03 -5.18299e-02 0.00000e+00
21.020000 -7.95942e-03 -4.94308e-02 0.00000e+00
21.030000 -8.43470e-03 -4.69603e-02 0.00000e+00
21.040000 -8.87920e-03 -4.43689e-02 0.00000e+00
21.050000 -9.32323e-03 -4.16741e-02 0.00000e+00
21.060000 -9.72254e-03 -3.88252e-02 0.00000e+00
21.070000 -1.00977e-02 -3.59525e-02 0.00000e+00
21.080000 -1.04443e-02 -3.29921e-02 0.00000e+00
21.090000 -1.07706e-02 -2.98662e-02 0.00000e+00
21.100000 -1.10576e-02 -2.66070e-02 0.00000e+00
21.110000 -1.13027e-02 -2.32533e-02 0.00000e+00
21.120000 -1.14917e-02 -1.96757e-02 0.00000e+00
21.130000 -1.16795e-02 -1.61054e-02 0.00000e+00
21.140000 -1.18290e-02 -1.25858e-02 0.00000e+00
21.150000 -1.19302e-02 -8.81992e-03 0.00000e+00
21.160000 -1.19883e-02 -4.93687e-03 0.00000e+00
21.170000 -1.20434e-02 -1.07690e-03 0.00000e+00
21.180000 -1.20547e-02 2.92300e-03 0.00000e+00
21.190000 -1.20232e-02 6.95699e-03 0.00000e+00
21.200000 -1.19399e-02 1.09648e-02 0.00000e+00
21.210000 -1.18249e-02 1.50566e-02 0.00000e+00
21.220000 -1.16491e-02 1.90324e-02 0.00000e+00
21.230000 -1.14598e-02 2.29250e-02 0.00000e+00
21.240000 -1.12181e-02 2.67812e-02 0.00000e+00
21.250000 -1.09253e-02 3.05115e-02 0.00000e+00
21.260000 -1.05946e-02 3.40741e-02 0.00000e+00
21.270000 -1.02242e-02 3.74324e-02 0.00000e+00
21.280000 -9.82706e-03 4.06660e-02 0.00000e+00
21.290000 -9.38555e-03 4.38784e-02 0.00000e+00
21.300000 -8.94245e-03 4.68955e-02 0.00000e+00
21.310000 -8.42499e-03 4.96312e-02 0.00000e+00
21.320000 -7.90076e-03 5.22567e-02 0.00000e+00
21.330000 -7.34790e-03 5.47168e-02 0.00000e+00
21.340000 -6.78117e-03 5.67975e-02 0.00000e+00
21.350000 -6.17370e-03 5.84906e-02 0.00000e+00
21.360000 -5.59735e-03 5.99547e-02 0.00000e+00
21.370000 -4.98758e-03 6.11772e-02 0.00000e+00
21.380000 -4.38257e-03 6.21250e-02 0.00000e+00
21.390000 -3.76802e-03 6.28585e-02 0.00000e+00
21.400000 -3.13306e-03 6.32941e-02 0.00000e+00
21.410000 -2.50778e-03 6.33775e-02 0.00000e+00
21.420000 -1.87724e-03 6.32371e-02 0.00000e+00
21.430000 -1.24666e-03 6.29103e-02 0.00000e+00
21.440000 -6.11704e-04 6.23853e-02 0.00000e+00
21.450000 3.83274e-05 6.16229e-02 0.00000e+00
21.460000 6.68768e-04 6.07042e-02 0.00000e+00
21.470000 1.27185e-03 5.96038e-02 0.00000e+00
21.480000 1.88043e-03 5.83725e-02 0.00000e+00
21.490000 2.46610e-03 5.70781e-02 0.00000e+00
21.500000 3.00591e-03 5.56689e-02 0.00000e+00
21.510000 3.53886e-03 5.41323e-02 0.00000e+00
21.520000 4.07060e-03 5.24799e-02 0.00000e+00
21.530000 4.59112e-03 5.06703e-02 0.00000e+00
21.540000 5.06800e-03 4.86368e-02 0.00000e+00
21.550000 5.54311e-03 4.64503e-02 0.00000e+00
21.560000 5.97828e-03 4.40710e-02 0.00000e+00
21.570000 6.39120e-03 4.16788e-02 0.00000e+00
21.580000 6.78468e-03 3.92569e-02 0.00000e+00
21.590000 7.17650e-03 3.66955e-02 0.00000e+00
21.600000 7.53763e-03 3.40506e-02 0.00000e+00
21.610000 7.87725e-03 3.13099e-02 0.00000e+00
21.620000 8.18799e-03 2.86754e-02 0.00000e+00
21.630000 8.49355e-03 2.61150e-02 0.00000e+00
21.640000 8.74633e-03 2.34665e-02 0.00000e+00
21.650000 8.98373e-03 2.08315e-02 0.00000e+00
21.660000 9.18097e-03 1.81698e-02 0.00000e+00
21.670000 9.34992e-03 1.53213e-02 0.00000e+00
21.680000 9.46269e-03 1.23886e-02 0.00000e+00
21.690000 9.56226e-03 9.56405e-03 0.00000e+00
21.700000 9.62375e-03 6.78702e-03 0.00000e+00
21.710000 9.65476e-03 3.95102e-03 0.00000e+00
21.720000 9.67511e-03 1.11765e-03 0.00000e+00
21.730000 9.67041e-03 -1.71707e-03 0.00000e+00
21.740000 9.66510e-03 -4.57987e-03 0.00000e+00
21.750000 9.58760e-03 -7.41140e-03 0.00000e+00
21.760000 9.50391e-03 -1.00997e-02 0.00000e+00
21.770000 9.39162e-03 -1.26336e-02 0.00000e+00
21.780000 9.27045e-03 -1.51234e-02 0.00000e+00
21.790000 9.14375e-03 -1.75499e-02 0.00000e+00
21.800000 8.94446e-03 -1.98029e-02 0.00000e+00
21.810000 8.73620e-03 -2.19782e-02 0.00000e+00
21.820000 8.48978e-03 -2.41037e-02 0.00000e+00
21.830000 8.21383e-03 -2.61114e-02 0.00000e+00
21.840000 7.93037e-03 -2.81080e-02 0.00000e+00
21.850000 7.65061e-03 -3.01549e-02 0.00000e+00
21.860000 7.33736e-03 -3.21503e-02 0.00000e+00
21.870000 6.98754e-03 -3.40522e-02 0.00000e+00
21.880000 6.63804e-03 -3.58863e-02 0.00000e+00
21.890000 6.26997e-03 -3.75923e-02 0.00000e+00
21.900000 5.88981e-03 -3.91753e-02 0.00000e+00
21.910000 5.50512e-03 -4.05480e-02 0.00000e+00
21.920000 5.10791e-03 -4.18839e-02 0.00000e+00
21.930000 4.70604e-03 -4.31797e-02 0.00000e+00
21.940000 4.26956e-03 -4.43116e-02 0.00000e+00
21.950000 3.81818e-03 -4.52843e-02 0.00000e+00
21.960000 3.36916e-03 -4.59739e-02 0.00000e+00
21.970000 2.90618e-03 -4.65541e-02 0.00000e+00
21.980000 2.41687e-03 -4.71079e-02 0.00000e+00
21.990000 1.93855e-03 -4.75898e-02 0.00000e+00
22.000000 1.44001e-03 -4.79510e-02 0.00000e+00
22.010000 9.34693e-04 -4.81232e-02 0.00000e+00
22.020000 4.49434e-04 -4.80706e-02 0.00000e+00
22.030000 -2.34292e-05 -4.78378e-02 0.00000e+00
22.040000 -5.04791e-04 -4.75999e-02 0.00000e+00
22.050000 -9.71975e-04 -4.72622e-02 0.00000e+00
22.060000 -1.45087e-03 -4.67239e-02 0.00000e+00
22.070000 -1.91380e-03 -4.60529e-02 0.00000e+00
22.080000 -2.37201e-03 -4.52073e-02 0.00000e+00
22.090000 -2.83503e-03 -4.42358e-02 0.00000e+00
22.100000 -3.25391e-03 -4.31026e-02 0.00000e+00
22.110000 -3.68270e-03 -4.18799e-02 0.00000e+00
22.120000 -4.07780e-03 -4.06701e-02 0.00000e+00
22.130000 -4.47551e-03 -3.93411e-02 0.00000e+00
22.140000 -4.86729e-03 -3.78818e-02 0.00000e+00
22.150000 -5.24613e-03 -3.64318e-02 0.00000e+00
22.160000 -5.59011e-03 -3.48970e-02 0.00000e+00
22.170000 -5.90507e-03 -3.32627e-02 0.00000e+00
22.180000 -6.22945e-03 -3.16583e-02 0.00000e+00
22.190000 -6.53452e-03 -2.99222e-02 0.00000e+00
22.200000 -6.83177e-03 -2.80113e-02 0.00000e+00
22.210000 -7.11186e-03 -2.59347e-02 0.00000e+00
22.220000 -7.34507e-03 -2.36479e-02 0.00000e+00
22.230000 -7.57209e-03 -2.13707e-02 0.00000e+00
22.240000 -7.78156e-03 -1.90824e-02 0.00000e+00
22.250000 -7.96823e-03 -1.66387e-02 0.00000e+00
22.260000 -8.14477e-03 -1.41585e-02 0.00000e+00
22.270000 -8.27496e-03 -1.15538e-02 0.00000e+00
22.280000 -8.41044e-03 -8.86825e-03 0.00000e+00
22.290000 -8.49228e-03 -6.08033e-03 0.00000e+00
22.300000 -8.54645e-03 -3.19043e-03 0.00000e+00
22.310000 -8.57279e-03 -3.55879e-04 0.00000e+00
22.320000 -8.57747e-03 2.48381e-03 0.00000e+00
22.330000 -8.52130e-03 5.42480e-03 0.00000e+00
22.340000 -8.46607e-03 8.48000e-03 0.00000e+00
22.350000 -8.35544e-03 1.14423e-02 0.00000e+00
22.360000 -8.20626e-03 1.43111e-02 0.00000e+00
22.370000 -8.03700e-03 1.71590e-02 0.00000e+00
22.380000 -7.82783e-03 1.98506e-02 0.00000e+00
22.390000 -7.62637e-03 2.24114e-02 0.00000e+00
22.400000 -7.42051e-03 2.49225e-02 0.00000e+00
22.410000 -7.13302e-03 2.72934e-02 0.00000e+00
22.420000 -6.84776e-03 2.94317e-02 0.00000e+00
22.430000 -6.53782e-03 3.13545e-02 0.00000e+00
22.440000 -6.20811e-03 3.31816e-02 0.00000e+00
22.450000 -5.86347e-03 3.47427e-02 0.00000e+00
22.460000 -5.48736e-03 3.60638e-02 0.00000e+00
22.470000 -5.12472e-03 3.72854e-02 0.00000e+00
22.480000 -4.73646e-03 3.82170e-02 0.00000e+00
22.490000 -4.32868e-03 3.89482e-02 0.00000e+00
22.500000 -3.92114e-03 3.96268e-02 0.00000e+00
22.510000 -3.52486e-03 4.00947e-02 0.00000e+00
22.520000 -3.13126e-03 4.03154e-02 0.00000e+00
22.530000 -2.70702e-03 4.04700e-02 0.00000e+00
22.540000 -2.30984e-03 4.05222e-02 0.00000e+00
22.550000 -1.92136e-03 4.05452e-02 0.00000e+00
22.560000 -1.51876e-03 4.04119e-02 0.00000e+00
22.570000 -1.10259e-03 3.99401e-02 0.00000e+00
22.580000 -7.25422e-04 3.94688e-02 0.00000e+00
22.590000 -3.39472e-04 3.89611e-02 0.00000e+00
22.600000 5.45984e-05 3.82206e-02 0.00000e+00
22.610000 4.34988e-04 3.74011e-02 0.00000e+00
22.620000 7.77721e-04 3.65501e-02 0.00000e+00
22.630000 1.16043e-03 3.56965e-02 0.00000e+00
22.640000 1.49667e-03 3.47732e-02 0.00000e+00
22.650000 1.83709e-03 3.37459e-02 0.00000e+00
22.660000 2.19712e-03 3.27774e-02 0.00000e+00
22.670000 2.51639e-03 3.18526e-02 0.00000e+00
22.680000 2.81543e-03 3.08389e-02 0.00000e+00
22.690000 3.12531e-03 2.97473e-02 0.00000e+00
22.700000 3.43479e-03 2.86795e-02 0.00000e+00
22.710000 3.72284e-03 2.76059e-02 0.00000e+00
22.720000 4.00056e-03 2.64142e-02 0.00000e+00
22.730000 4.22333e-03 2.51691e-02 0.00000e+00
22.740000 4.46341e-03 2.40426e-02 0.00000e+00
22.750000 4.69672e-03 2.28743e-02 0.00000e+00
22.760000 4.88448e-03 2.15641e-02 0.00000e+00
22.770000 5.08910e-03 2.03229e-02 0.00000e+00
22.780000 5.29856e-03 1.90924e-02 0.00000e+00
22.790000 5.48928e-03 1.77101e-02 0.00000e+00
22.800000 5.66088e-03 1.63549e-02 0.00000e+00
22.810000 5.81857e-03 1.49624e-02 0.00000e+00
22.820000 5.96734e-03 1.34323e-02 0.00000e+00
22.830000 6.11957e-03 1.20776e-02 0.00000e+00
22.840000 6.22969e-03 1.07554e-02 0.00000e+00
22.850000 6.32922e-03 9.25368e-03 0.00000e+00
22.860000 6.41759e-03 7.69111e-03 0.00000e+00
22.870000 6.48684e-03 6.19890e-03 0.00000e+00
22.880000 6.54319e-03 4.81841e-03 0.00000e+00
22.890000 6.57565e-03 3.40902e-03 0.00000e+00
22.900000 6.60634e-03 1.79123e-03 0.00000e+00
22.910000 6.62637e-03 5.72456e-05 0.00000e+00
22.920000 6.59315e-03 -1.70767e-03 0.00000e+00
22.930000 6.56888e-03 -3.55941e-03 0.00000e+00
22.940000 6.53193e-03 -5.42112e-03 0.00000e+00
22.950000 6.45734e-03 -7.21532e-03 0.00000e+00
22.960000 6.37733e-03 -9.02899e-03 0.00000e+00
22.970000 6.28791e-03 -1.08813e-02 0.00000e+00
22.980000 6.16303e-03 -1.26599e-02 0.00000e+00
22.990000 6.05537e-03 -1.44160e-02 0.00000e+00
23.000000 5.92858e-03 -1.61616e-02 0.00000e+00
23.010000 5.74067e-03 -1.78602e-02 0.00000e+00
23.020000 5.55145e-03 -1.95842e-02 0.00000e+00
23.030000 5.35474e-03 -2.13192e-02 0.00000e+00
23.040000 5.15730e-03 -2.29808e-02 0.00000e+00
23.050000 4.92113e-03 -2.45349e-02 0.00000e+00
23.060000 4.62928e-03 -2.60892e-02 0.00000e+00
23.070000 4.34415e-03 -2.75968e-02 0.00000e+00
23.080000 4.05043e-03 -2.89665e-02 0.00000e+00
23.090000 3.74868e-03 -3.03231e-02 0.00000e+00
23.100000 3.45853e-03 -3.16013e-02 0.00000e+00
23.110000 3.13167e-03 -3.26804e-02 0.00000e+00
23.120000 2.80042e-03 -3.36939e-02 0.00000e+00
23.130000 2.45450e-03 -3.46105e-02 0.00000e+00
23.140000 2.12526e-03 -3.53351e-02 0.00000e+00
23.150000 1.77621e-03 -3.59742e-02 0.00000e+00
23.160000 1.39579e-03 -3.63259e-02 0.00000e+00
23.170000 1.02888e-03 -3.64001e-02 0.00000e+00
23.180000 6.66733e-04 -3.64682e-02 0.00000e+00
23.190000 2.77933e-04 -3.64680e-02 0.00000e+00
23.200000 -8.66427e-05 -3.62655e-02 0.00000e+00
23.210000 -4.44466e-04 -3.58501e-02 0.00000e+00
23.220000 -8.14580e-04 -3.52800e-02 0.00000e+00
23.230000 -1.19384e-03 -3.47341e-02 0.00000e+00
23.240000 -1.53477e-03 -3.41721e-02 0.00000e+00
23.250000 -1.88250e-03 -3.34849e-02 0.00000e+00
23.260000 -2.20735e-03 -3.27000e-02 0.00000e+00
23.270000 -2.52527e-03 -3.16446e-02 0.00000e+00
23.280000 -2.82883e-03 -3.04636e-02 0.00000e+00
23.290000 -3.13344e-03 -2.93121e-02 0.00000e+00
23.300000 -3.40027e-03 -2.80388e-02 0.00000e+00
23.310000 -3.67108e-03 -2.65690e-02 0.00000e+00
23.320000 -3.91369e-03 -2.50313e-02 0.00000e+00
23.330000 -4.13317e-03 -2.36313e-02 0.00000e+00
23.340000 -4.39113e-03 -2.22354e-02 0.00000e+00
23.350000 -4.60529e-03 -2.06696e-02 0.00000e+00
23.360000 -4.81030e-03 -1.91438e-02 0.00000e+00
23.370000 -4.98832e-03 -1.76737e-02 0.00000e+00
23.380000 -5.16668e-03 -1.60658e-02 0.00000e+00
23.390000 -5.31764e-03 -1.44440e-02 0.00000e+00
23.400000 -5.47417e-03 -1.29533e-02 0.00000e+00
23.410000 -5.58815e-03 -1.13749e-02 0.00000e+00
23.420000 -5.69281e-03 -9.69720e-03 0.00000e+00
23.430000 -5.75689e-03 -8.02571e-03 0.00000e+00
23.440000 -5.80840e-03 -6.31300e-03 0.00000e+00
23.450000 -5.88258e-03 -4.58181e-03 0.00000e+00
23.460000 -5.91523e-03 -2.88838e-03 0.00000e+00
23.470000 -5.91984e-03 -1.12330e-03 0.00000e+00
23.480000 -5.93755e-03 6.76583e-04 0.00000e+00
23.490000 -5.95329e-03 2.42733e-03 0.00000e+00
23.500000 -5.93473e-03 4.29937e-03 0.00000e+00
23.510000 -5.86914e-03 6.05691e-03 0.00000e+00
23.520000 -5.80238e-03 7.75051e-03 0.00000e+00
23.530000 -5.74098e-03 9.50269e-03 0.00000e+00
23.540000 -5.63023e-03 1.11969e-02 0.00000e+00
23.550000 -5.50059e-03 1.27406e-02 0.00000e+00
23.560000 -5.37851e-03 1.42402e-02 0.00000e+00
23.570000 -5.22378e-03 1.56805e-02 0.00000e+00
23.580000 -5.03208e-03 1.69900e-02 0.00000e+00
23.590000 -4.86315e-03 1.82512e-02 0.00000e+00
23.600000 -4.66649e-03 1.94875e-02 0.00000e+00
23.610000 -4.46413e-03 2.07419e-02 0.00000e+00
23.620000 -4.24521e-03 2.17813e-02 0.00000e+00
23.630000 -4.02256e-03 2.26045e-02 0.00000e+00
23.640000 -3.77000e-03 2.33977e-02 0.00000e+00
23.650000 -3.54652e-03 2.40227e-02 0.00000e+00
23.660000 -3.28452e-03 2.43285e-02 0.00000e+00
23.670000 -3.02411e-03 2.45540e-02 0.00000e+00
23.680000 -2.78041e-03 2.48652e-02 0.00000e+00
23.690000 -2.50719e-03 2.50713e-02 0.00000e+00
23.700000 -2.27015e-03 2.50245e-02 0.00000e+00
23.710000 -2.02530e-03 2.49757e-02 0.00000e+00
23.720000 -1.78505e-03 2.50240e-02 0.00000e+00
23.730000 -1.50305e-03 2.49487e-02 0.00000e+00
23.740000 -1.27807e-03 2.47582e-02 0.00000e+00
23.750000 -1.02201e-03 2.46947e-02 0.00000e+00
23.760000 -7.80550e-04 2.46313e-02 0.00000e+00
23.770000 -5.29478e-04 2.44101e-02 0.00000e+00
23.780000 -3.06206e-04 2.41587e-02 0.00000e+00
23.790000 -9.39223e-05 2.39493e-02 0.00000e+00
23.800000 1.26561e-04 2.37950e-02 0.00000e+00
23.810000 3.60347e-04 2.36665e-02 0.00000e+00
23.820000 5.72121e-04 2.34537e-02 0.00000e+00
23.830000 8.10056e-04 2.32468e-02 0.00000e+00
23.840000 1.07018e-03 2.31848e-02 0.00000e+00
23.850000 1.29289e-03 2.30601e-02 0.00000e+00
23.860000 1.50614e-03 2.29585e-02 0.00000e+00
23.870000 1.74552e-03 2.28324e-02 0.00000e+00
23.880000 2.00094e-03 2.25165e-02 0.00000e+00
23.890000 2.21683e-03 2.21343e-02 0.00000e+00
23.900000 2.42876e-03 2.18143e-02 0.00000e+00
23.910000 2.64905e-03 2.14208e-02 0.00000e+00
23.920000 2.88106e-03 2.09457e-02 0.00000e+00
23.930000 3.06165e-03 2.03957e-02 0.00000e+00
23.940000 3.25724e-03 1.97569e-02 0.00000e+00
23.950000 3.46674e-03 1.90142e-02 0.00000e+00
23.960000 3.67078e-03 1.80418e-02 0.00000e+00
23.970000 3.84842e-03 1.69298e-02 0.00000e+00
23.980000 4.00850e-03 1.57594e-02 0.00000e+00
23.990000 4.16990e-03 1.45618e-02 0.00000e+00
24.000000 4.33818e-03 1.33378e-02 0.00000e+00
24.010000 4.47626e-03 1.21474e-02 0.00000e+00
24.020000 4.58167e-03 1.08733e-02 0.00000e+00
24.030000 4.69207e-03 9.39119e-03 0.00000e+00
24.040000 4.75505e-03 7.92047e-03 0.00000e+00
24.050000 4.81957e-03 6.61721e-03 0.00000e+00
24.060000 4.88676e-03 5.19896e-03 0.00000e+00
24.070000 4.92946e-03 3.59553e-03 0.00000e+00
24.080000 4.95173e-03 1.99164e-03 0.00000e+00
24.090000 4.95896e-03 4.63331e-04 0.00000e+00
24.100000 4.92814e-03 -1.17034e-03 0.00000e+00
24.110000 4.91852e-03 -2.93164e-03 0.00000e+00
24.120000 4.85988e-03 -4.61777e-03 0.00000e+00
24.130000 4.81267e-03 -6.14953e-03 0.00000e+00
24.140000 4.74947e-03 -7.64149e-03 0.00000e+00
24.150000 4.69296e-03 -9.24854e-03 0.00000e+00
24.160000 4.61540e-03 -1.07565e-02 0.00000e+00
24.170000 4.50106e-03 -1.20828e-02 0.00000e+00
24.180000 4.37234e-03 -1.33865e-02 0.00000e+00
24.190000 4.23089e-03 -1.47189e-02 0.00000e+00
24.200000 4.07523e-03 -1.59036e-02 0.00000e+00
24.210000 3.93259e-03 -1.70532e-02 0.00000e+00
24.220000 3.73998e-03 -1.82497e-02 0.00000e+00
24.230000 3.51831e-03 -1.92595e-02 0.00000e+00
24.240000 3.31664e-03 -2.02059e-02 0.00000e+00
24.250000 3.10331e-03 -2.11148e-02 0.00000e+00
24.260000 2.87839e-03 -2.19273e-02 0.00000e+00
24.270000 2.63189e-03 -2.27487e-02 0.00000e+00
24.280000 2.40501e-03 -2.34566e-02 0.00000e+00
24.290000 2.17590e-03 -2.40848e-02 0.00000e+00
24.300000 1.95342e-03 -2.46499e-02 0.00000e+00
24.310000 1.68598e-03 -2.50938e-02 0.00000e+00
24.320000 1.44055e-03 -2.53173e-02 0.00000e+00
24.330000 1.21639e-03 -2.52797e-02 0.00000e+00
24.340000 9.50658e-04 -2.52265e-02 0.00000e+00
24.350000 6.97407e-04 -2.51815e-02 0.00000e+00
24.360000 4.55600e-04 -2.50142e-02 0.00000e+00
24.370000 2.16756e-04 -2.47934e-02 0.00000e+00
24.380000 -6.14715e-05 -2.44414e-02 0.00000e+00
24.390000 -3.02840e-04 -2.39764e-02 0.00000e+00
24.400000 -5.45814e-04 -2.36107e-02 0.00000e+00
24.410000 -8.03160e-04 -2.32019e-02 0.00000e+00
24.420000 -1.02216e-03 -2.26930e-02 0.00000e+00
24.430000 -1.26053e-03 -2.21152e-02 0.00000e+00
24.440000 -1.47848e-03 -2.14726e-02 0.00000e+00
24.450000 -1.68465e-03 -2.07352e-02 0.00000e+00
24.460000 -1.88744e-03 -1.98892e-02 0.00000e+00
24.470000 -2.06852e-03 -1.89276e-02 0.00000e+00
24.480000 -2.24508e-03 -1.79897e-02 0.00000e+00
24.490000 -2.38636e-03 -1.70852e-02 0.00000e+00
24.500000 -2.56739e-03 -1.60648e-02 0.00000e+00
24.510000 -2.74252e-03 -1.50661e-02 0.00000e+00
24.520000 -2.89454e-03 -1.40865e-02 0.00000e+00
24.530000 -3.02603e-03 -1.30290e-02 0.00000e+00
24.540000 -3.17443e-03 -1.19855e-02 0.00000e+00
24.550000 -3.27263e-03 -1.10852e-02 0.00000e+00
24.560000 -3.39414e-03 -1.01895e-02 0.00000e+00
24.570000 -3.49633e-03 -9.22889e-03 0.00000e+00
24.580000 -3.57892e-03 -8.41038e-03 0.00000e+00
24.590000 -3.64348e-03 -7.59639e-03 0.00000e+00
24.600000 -3.69182e-03 -6.72284e-03 0.00000e+00
24.610000 -3.73901e-03 -5.92720e-03 0.00000e+00
24.620000 -3.78934e-03 -5.17270e-03 0.00000e+00
24.630000 -3.83193e-03 -4.40513e-03 0.00000e+00
24.640000 -3.86564e-03 -3.54894e-03 0.00000e+00
24.650000 -3.90862e-03 -2.64597e-03 0.00000e+00
24.660000 -3.93027e-03 -1.70211e-03 0.00000e+00
24.670000 -3.95212e-03 -8.15824e-04 0.00000e+00
24.680000 -3.95463e-03 -6.34356e-05 0.00000e+00
24.690000 -3.95546e-03 6.28480e-04 0.00000e+00
24.700000 -3.95899e-03 1.31349e-03 0.00000e+00
24.710000 -3.96235e-03 1.97721e-03 0.00000e+00
24.720000 -3.93366e-03 2.75314e-03 0.00000e+00
24.730000 -3.89687e-03 3.58716e-03 0.00000e+00
24.740000 -3.86751e-03 4.29527e-03 0.00000e+00
24.750000 -3.82890e-03 5.05350e-03 0.00000e+00
24.760000 -3.75246e-03 5.93535e-03 0.00000e+00
24.770000 -3.68916e-03 6.91412e-03 0.00000e+00
24.780000 -3.62479e-03 7.90663e-03 0.00000e+00
24.790000 -3.53204e-03 8.84117e-03 0.00000e+00
24.800000 -3.41808e-03 9.73212e-03 0.00000e+00
24.810000 -3.31253e-03 1.05628e-02 0.00000e+00
24.820000 -3.21595e-03 1.13566e-02 0.00000e+00
24.830000 -3.11225e-03 1.21958e-02 0.00000e+00
24.840000 -2.99875e-03 1.30208e-02 0.00000e+00
24.850000 -2.87525e-03 1.38563e-02 0.00000e+00
24.860000 -2.74542e-03 1.46769e-02 0.00000e+00
24.870000 -2.57887e-03 1.53650e-02 0.00000e+00
24.880000 -2.40332e-03 1.59703e-02 0.00000e+00
24.890000 -2.21881e-03 1.66436e-02 0.00000e+00
24.900000 -2.06282e-03 1.73970e-02 0.00000e+00
24.910000 -1.88374e-03 1.80573e-02 0.00000e+00
24.920000 -1.67839e-03 1.85803e-02 0.00000e+00
24.930000 -1.48431e-03 1.91809e-02 0.00000e+00
24.940000 -1.29853e-03 1.98061e-02 0.00000e+00
24.950000 -1.11809e-03 2.02668e-02 0.00000e+00
24.960000 -9.25795e-04 2.07252e-02 0.00000e+00
24.970000 -7.26872e-04 2.12871e-02 0.00000e+00
24.980000 -5.18871e-04 2.18215e-02 0.00000e+00
24.990000 -2.81968e-04 2.21057e-02 0.00000e+00
25.000000 -6.30799e-05 2.22246e-02 0.00000e+00
25.010000 1.50390e-04 2.23488e-02 0.00000e+00
25.020000 3.76803e-04 2.23655e-02 0.00000e+00
25.030000 5.82178e-04 2.21845e-02 0.00000e+00
25.040000 8.11820e-04 2.20107e-02 0.00000e+00
25.050000 1.05411e-03 2.19191e-02 0.00000e+00
25.060000 1.29483e-03 2.17741e-02 0.00000e+00
25.070000 1.50663e-03 2.14053e-02 0.00000e+00
25.080000 1.71332e-03 2.08562e-02 0.00000e+00
25.090000 1.92741e-03 2.02962e-02 0.00000e+00
25.100000 2.15600e-03 1.96559e-02 0.00000e+00
25.110000 2.33700e-03 1.88905e-02 0.00000e+00
25.120000 2.53045e-03 1.79720e-02 0.00000e+00
25.130000 2.72137e-03 1.69291e-02 0.00000e+00
25.140000 2.88703e-03 1.58091e-02 0.00000e+00
25.150000 3.01663e-03 1.46263e-02 0.00000e+00
25.160000 3.13708e-03 1.34700e-02 0.00000e+00
25.170000 3.29019e-03 1.22640e-02 0.00000e+00
25.180000 3.40964e-03 1.09363e-02 0.00000e+00
25.190000 3.49239e-03 9.57469e-03 0.00000e+00
25.200000 3.58877e-03 8.11492e-03 0.00000e+00
25.210000 3.69245e-03 6.63718e-03 0.00000e+00
25.220000 3.74822e-03 5.33221e-03 0.00000e+00
25.230000 3.77771e-03 4.15419e-03 0.00000e+00
25.240000 3.79100e-03 2.93523e-03 0.00000e+00
25.250000 3.81781e-03 1.62479e-03 0.00000e+00
25.260000 3.82212e-03 3.16986e-04 0.00000e+00
25.270000 3.82246e-03 -8.67669e-04 0.00000e+00
25.280000 3.80674e-03 -2.07068e-03 0.00000e+00
25.290000 3.77147e-03 -3.32932e-03 0.00000e+00
25.300000 3.73292e-03 -4.41455e-03 0.00000e+00
25.310000 3.68250e-03 -5.39167e-03 0.00000e+00
25.320000 3.62503e-03 -6.44173e-03 0.00000e+00
25.330000 3.55362e-03 -7.52127e-03 0.00000e+00
25.340000 3.46506e-03 -8.38463e-03 0.00000e+00
25.350000 3.38125e-03 -9.17303e-03 0.00000e+00
25.360000 3.28492e-03 -1.00328e-02 0.00000e+00
25.370000 3.18843e-03 -1.07667e-02 0.00000e+00
25.380000 3.10355e-03 -1.12908e-02 0.00000e+00
25.390000 3.00305e-03 -1.18165e-02 0.00000e+00
25.400000 2.86758e-03 -1.24370e-02 0.00000e+00
25.410000 2.71568e-03 -1.30069e-02 0.00000e+00
25.420000 2.56530e-03 -1.35102e-02 0.00000e+00
25.430000 2.42030e-03 -1.39140e-02 0.00000e+00
25.440000 2.27890e-03 -1.42023e-02 0.00000e+00
25.450000 2.12110e-03 -1.44213e-02 0.00000e+00
25.460000 1.98710e-03 -1.46643e-02 0.00000e+00
25.470000 1.85885e-03 -1.48981e-02 0.00000e+00
25.480000 1.70104e-03 -1.50623e-02 0.00000e+00
25.490000 1.54208e-03 -1.51981e-02 0.00000e+00
25.500000 1.39998e-03 -1.53321e-02 0.00000e+00
25.510000 1.25090e-03 -1.54375e-02 0.00000e+00
25.520000 1.07615e-03 -1.54974e-02 0.00000e+00
25.530000 9.46306e-04 -1.55150e-02 0.00000e+00
25.540000 7.94346e-04 -1.54672e-02 0.00000e+00
25.550000 6.37205e-04 -1.53244e-02 0.00000e+00
25.560000 4.63873e-04 -1.50949e-02 0.00000e+00
25.570000 3.27379e-04 -1.49373e-02 0.00000e+00
25.580000 1.82463e-04 -1.49264e-02 0.00000e+00
25.590000 2.99930e-05 -1.49620e-02 0.00000e+00
25.600000 -9.95085e-05 -1.49888e-02 0.00000e+00
25.610000 -2.52350e-04 -1.50002e-02 0.00000e+00
25.620000 -4.11315e-04 -1.50180e-02 0.00000e+00
25.630000 -5.72694e-04 -1.49900e-02 0.00000e+00
25.640000 -7.14272e-04 -1.48016e-02 0.00000e+00
25.650000 -8.60364e-04 -1.46353e-02 0.00000e+00
25.660000 -1.00760e-03 -1.45987e-02 0.00000e+00
25.670000 -1.14506e-03 -1.44377e-02 0.00000e+00
25.680000 -1.27212e-03 -1.42234e-02 0.00000e+00
25.690000 -1.41511e-03 -1.40869e-02 0.00000e+00
25.700000 -1.54195e-03 -1.37970e-02 0.00000e+00
25.710000 -1.67896e-03 -1.34015e-02 0.00000e+00
25.720000 -1.81785e-03 -1.30723e-02 0.00000e+00
25.730000 -1.95745e-03 -1.27822e-02 0.00000e+00
25.740000 -2.11023e-03 -1.23569e-02 0.00000e+00
25.750000 -2.24397e-03 -1.18308e-02 0.00000e+00
25.760000 -2.36558e-03 -1.13989e-02 0.00000e+00
25.770000 -2.48092e-03 -1.09181e-02 0.00000e+00
25.780000 -2.58507e-03 -1.03716e-02 0.00000e+00
25.790000 -2.67697e-03 -9.83178e-03 0.00000e+00
25.800000 -2.76596e-03 -9.31291e-03 0.00000e+00
25.810000 -2.84538e-03 -8.76891e-03 0.00000e+00
25.820000 -2.95009e-03 -8.12767e-03 0.00000e+00
25.830000 -3.01458e-03 -7.44990e-03 0.00000e+00
25.840000 -3.06077e-03 -6.72970e-03 0.00000e+00
25.850000 -3.13659e-03 -5.92523e-03 0.00000e+00
25.860000 -3.16556e-03 -5.12853e-03 0.00000e+00
25.870000 -3.20448e-03 -4.24350e-03 0.00000e+00
25.880000 -3.25579e-03 -3.26500e-03 0.00000e+00
25.890000 -3.29150e-03 -2.33959e-03 0.00000e+00
25.900000 -3.30871e-03 -1.38720e-03 0.00000e+00
25.910000 -3.31962e-03 -4.28302e-04 0.00000e+00
25.920000 -3.35473e-03 5.33870e-04 0.00000e+00
25.930000 -3.35874e-03 1.53020e-03 0.00000e+00
25.940000 -3.33376e-03 2.49894e-03 0.00000e+00
25.950000 -3.30449e-03 3.52873e-03 0.00000e+00
25.960000 -3.26650e-03 4.67164e-03 0.00000e+00
25.970000 -3.22632e-03 5.78827e-03 0.00000e+00
25.980000 -3.15546e-03 6.94652e-03 0.00000e+00
25.990000 -3.07282e-03 8.04499e-03 0.00000e+00
26.000000 -2.99003e-03 9.14291e-03 0.00000e+00
26.010000 -2.89016e-03 1.04310e-02 0.00000e+00
26.020000 -2.77944e-03 1.15929e-02 0.00000e+00
26.030000 -2.65613e-03 1.27120e-02 0.00000e+00
26.040000 -2.50153e-03 1.38294e-02 0.00000e+00
26.050000 -2.37620e-03 1.47685e-02 0.00000e+00
26.060000 -2.22434e-03 1.56164e-02 0.00000e+00
26.070000 -2.05586e-03 1.64160e-02 0.00000e+00
26.080000 -1.89244e-03 1.71699e-02 0.00000e+00
26.090000 -1.72499e-03 1.77415e-02 0.00000e+00
26.100000 -1.55131e-03 1.81343e-02 0.00000e+00
26.110000 -1.36310e-03 1.84730e-02 0.00000e+00
26.120000 -1.14682e-03 1.87792e-02 0.00000e+00
26.130000 -9.57022e-04 1.89260e-02 0.00000e+00
26.140000 -7.64844e-04 1.89336e-02 0.00000e+00
26.150000 -5.46106e-04 1.88969e-02 0.00000e+00
26.160000 -3.61778e-04 1.87940e-02 0.00000e+00
26.170000 -1.43026e-04 1.86130e-02 0.00000e+00
26.180000 3.38343e-05 1.82851e-02 0.00000e+00
26.190000 1.92040e-04 1.78607e-02 0.00000e+00
26.200000 3.76928e-04 1.74085e-02 0.00000e+00
26.210000 5.26314e-04 1.69457e-02 0.00000e+00
26.220000 7.00802e-04 1.64048e-02 0.00000e+00
26.230000 8.57664e-04 1.57328e-02 0.00000e+00
26.240000 1.01361e-03 1.50142e-02 0.00000e+00
26.250000 1.15737e-03 1.43304e-02 0.00000e+00
26.260000 1.28665e-03 1.36213e-02 0.00000e+00
26.270000 1.41431e-03 1.28204e-02 0.00000e+00
26.280000 1.54159e-03 1.20058e-02 0.00000e+00
26.290000 1.66685e-03 1.13374e-02 0.00000e+00
26.300000 1.75916e-03 1.06723e-02 0.00000e+00
26.310000 1.88714e-03 9.90102e-03 0.00000e+00
26.320000 1.97097e-03 9.26140e-03 0.00000e+00
26.330000 2.06665e-03 8.60514e-03 0.00000e+00
26.340000 2.14169e-03 7.93306e-03 0.00000e+00
26.350000 2.20516e-03 7.28312e-03 0.00000e+00
26.360000 2.28603e-03 6.54887e-03 0.00000e+00
26.370000 2.35071e-03 5.92257e-03 0.00000e+00
26.380000 2.40061e-03 5.35164e-03 0.00000e+00
26.390000 2.45206e-03 4.83476e-03 0.00000e+00
26.400000 2.48290e-03 4.37997e-03 0.00000e+00
26.410000 2.53566e-03 3.92051e-03 0.00000e+00
26.420000 2.58651e-03 3.48950e-03 0.00000e+00
26.430000 2.59825e-03 2.99633e-03 0.00000e+00
26.440000 2.61920e-03 2.46420e-03 0.00000e+00
26.450000 2.64732e-03 1.96897e-03 0.00000e+00
26.460000 2.67085e-03 1.52431e-03 0.00000e+00
26.470000 2.65791e-03 1.04789e-03 0.00000e+00
26.480000 2.67087e-03 6.99751e-04 0.00000e+00
26.490000 2.67701e-03 3.87802e-04 0.00000e+00
26.500000 2.65648e-03 -1.07488e-05 0.00000e+00
26.510000 2.66671e-03 -3.87456e-04 0.00000e+00
26.520000 2.66691e-03 -9.04487e-04 0.00000e+00
26.530000 2.68173e-03 -1.41584e-03 0.00000e+00
26.540000 2.67955e-03 -1.86665e-03 0.00000e+00
26.550000 2.66479e-03 -2.40687e-03 0.00000e+00
26.560000 2.63864e-03 -2.98637e-03 0.00000e+00
26.570000 2.59476e-03 -3.57902e-03 0.00000e+00
26.580000 2.55332e-03 -4.13347e-03 0.00000e+00
26.590000 2.50083e-03 -4.57631e-03 0.00000e+00
26.600000 2.43886e-03 -5.16016e-03 0.00000e+00
26.610000 2.39338e-03 -5.85166e-03 0.00000e+00
26.620000 2.34064e-03 -6.44747e-03 0.00000e+00
26.630000 2.28669e-03 -7.04334e-03 0.00000e+00
26.640000 2.22094e-03 -7.76189e-03 0.00000e+00
26.650000 2.15699e-03 -8.52954e-03 0.00000e+00
26.660000 2.03674e-03 -9.29959e-03 0.00000e+00
26.670000 1.94357e-03 -1.01461e-02 0.00000e+00
26.680000 1.82418e-03 -1.08799e-02 0.00000e+00
26.690000 1.70168e-03 -1.14242e-02 0.00000e+00
26.700000 1.60448e-03 -1.18807e-02 0.00000e+00
26.710000 1.47946e-03 -1.23435e-02 0.00000e+00
26.720000 1.35205e-03 -1.28057e-02 0.00000e+00
26.730000 1.23281e-03 -1.32758e-02 0.00000e+00
26.740000 1.10623e-03 -1.37862e-02 0.00000e+00
26.750000 9.68433e-04 -1.42583e-02 0.00000e+00
26.760000 8.16800e-04 -1.46951e-02 0.00000e+00
26.770000 6.38441e-04 -1.51229e-02 0.00000e+00
26.780000 5.02700e-04 -1.54907e-02 0.00000e+00
26.790000 3.35850e-04 -1.57585e-02 0.00000e+00
26.800000 1.63760e-04 -1.59050e-02 0.00000e+00
26.810000 -5.43006e-06 -1.59165e-02 0.00000e+00
26.820000 -1.64258e-04 -1.58241e-02 0.00000e+00
26.830000 -3.22091e-04 -1.58493e-02 0.00000e+00
26.840000 -4.49033e-04 -1.59299e-02 0.00000e+00
26.850000 -5.82392e-04 -1.59043e-02 0.00000e+00
26.860000 -7.35144e-04 -1.58521e-02 0.00000e+00
26.870000 -9.15645e-04 -1.56206e-02 0.00000e+00
26.880000 -1.08437e-03 -1.52702e-02 0.00000e+00
26.890000 -1.23628e-03 -1.49544e-02 0.00000e+00
26.900000 -1.40129e-03 -1.45342e-02 0.00000e+00
26.910000 -1.54032e-03 -1.39428e-02 0.00000e+00
26.920000 -1.68050e-03 -1.33407e-02 0.00000e+00
26.930000 -1.81618e-03 -1.27915e-02 0.00000e+00
26.940000 -1.94293e-03 -1.22669e-02 0.00000e+00
26.950000 -2.06196e-03 -1.16049e-02 0.00000e+00
26.960000 -2.16173e-03 -1.09009e-02 0.00000e+00
26.970000 -2.25906e-03 -1.02895e-02 0.00000e+00
26.980000 -2.36003e-03 -9.62157e-03 0.00000e+00
26.990000 -2.47353e-03 -8.88017e-03 0.00000e+00
27.000000 -2.57768e-03 -8.04620e-03 0.00000e+00
27.010000 -2.63682e-03 -7.05111e-03 0.00000e+00
27.020000 -2.68700e-03 -5.90237e-03 0.00000e+00
27.030000 -2.73303e-03 -4.78685e-03 0.00000e+00
27.040000 -2.76498e-03 -3.82715e-03 0.00000e+00
27.050000 -2.81327e-03 -2.92436e-03 0.00000e+00
27.060000 -2.84391e-03 -1.97088e-03 0.00000e+00
27.070000 -2.84802e-03 -1.03978e-03 0.00000e+00
27.080000 -2.86108e-03 -1.48065e-04 0.00000e+00
27.090000 -2.88674e-03 7.38487e-04 0.00000e+00
27.100000 -2.87152e-03 1.63476e-03 0.00000e+00
27.110000 -2.84467e-03 2.56004e-03 0.00000e+00
27.120000 -2.81008e-03 3.50242e-03 0.00000e+00
27.130000 -2.79057e-03 4.48701e-03 0.00000e+00
27.140000 -2.72183e-03 5.45367e-03 0.00000e+00
27.150000 -2.65150e-03 6.32452e-03 0.00000e+00
27.160000 -2.57141e-03 7.03849e-03 0.00000e+00
27.170000 -2.48439e-03 7.63033e-03 0.00000e+00
27.180000 -2.39992e-03 8.27776e-03 0.00000e+00
27.190000 -2.32221e-03 8.97124e-03 0.00000e+00
27.200000 -2.25385e-03 9.59549e-03 0.00000e+00
27.210000 -2.16331e-03 1.01306e-02 0.00000e+00
27.220000 -2.05711e-03 1.04689e-02 0.00000e+00
27.230000 -1.95370e-03 1.07114e-02 0.00000e+00
27.240000 -1.84498e-03 1.10057e-02 0.00000e+00
27.250000 -1.73251e-03 1.11716e-02 0.00000e+00
27.260000 -1.59931e-03 1.11849e-02 0.00000e+00
27.270000 -1.46296e-03 1.11632e-02 0.00000e+00
27.280000 -1.33676e-03 1.11648e-02 0.00000e+00
27.290000 -1.21578e-03 1.11354e-02 0.00000e+00
27.300000 -1.10453e-03 1.09887e-02 0.00000e+00
27.310000 -1.00682e-03 1.08605e-02 0.00000e+00
27.320000 -9.00271e-04 1.07877e-02 0.00000e+00
27.330000 -7.97687e-04 1.06968e-02 0.00000e+00
27.340000 -6.79753e-04 1.06071e-02 0.00000e+00
27.350000 -5.77066e-04 1.04510e-02 0.00000e+00
27.360000 -4.87624e-04 1.02408e-02 0.00000e+00
27.370000 -4.06961e-04 9.99586e-03 0.00000e+00
27.380000 -3.26450e-04 9.70084e-03 0.00000e+00
27.390000 -2.40667e-04 9.47197e-03 0.00000e+00
27.400000 -1.21042e-04 9.35474e-03 0.00000e+00
27.410000 -3.91603e-05 9.32872e-03 0.00000e+00
27.420000 4.78139e-05 9.32212e-03 0.00000e+00
27.430000 1.58899e-04 9.39251e-03 0.00000e+00
27.440000 2.47465e-04 9.56952e-03 0.00000e+00
27.450000 3.51867e-04 9.76542e-03 0.00000e+00
27.460000 4.37823e-04 9.98232e-03 0.00000e+00
27.470000 5.38579e-04 1.01322e-02 0.00000e+00
27.480000 6.34718e-04 1.01863e-02 0.00000e+00
27.490000 7.25833e-04 1.02576e-02 0.00000e+00
27.500000 8.20903e-04 1.04260e-02 0.00000e+00
27.510000 9.13639e-04 1.06713e-02 0.00000e+00
27.520000 1.01059e-03 1.08525e-02 0.00000e+00
27.530000 1.13106e-03 1.09131e-02 0.00000e+00
27.540000 1.24068e-03 1.09008e-02 0.00000e+00
27.550000 1.35405e-03 1.07956e-02 0.00000e+00
27.560000 1.49430e-03 1.06100e-02 0.00000e+00
27.570000 1.62148e-03 1.04708e-02 0.00000e+00
27.580000 1.73353e-03 1.02614e-02 0.00000e+00
27.590000 1.82411e-03 9.95283e-03 0.00000e+00
27.600000 1.93589e-03 9.74864e-03 0.00000e+00
27.610000 2.01893e-03 9.45505e-03 0.00000e+00
27.620000 2.11297e-03 9.02063e-03 0.00000e+00
27.630000 2.18828e-03 8.53614e-03 0.00000e+00
27.640000 2.25919e-03 7.97686e-03 0.00000e+00
27.650000 2.34855e-03 7.33352e-03 0.00000e+00
27.660000 2.43903e-03 6.58483e-03 0.00000e+00
27.670000 2.51109e-03 5.71438e-03 0.00000e+00
27.680000 2.54735e-03 4.76032e-03 0.00000e+00
27.690000 2.57033e-03 3.71699e-03 0.00000e+00
27.700000 2.60911e-03 2.70771e-03 0.00000e+00
27.710000 2.63095e-03 1.79676e-03 0.00000e+00
27.720000 2.64405e-03 8.30508e-04 0.00000e+00
27.730000 2.65531e-03 -1.17792e-04 0.00000e+00
27.740000 2.66580e-03 -9.93195e-04 0.00000e+00
27.750000 2.65493e-03 -1.88989e-03 0.00000e+00
27.760000 2.65840e-03 -2.91086e-03 0.00000e+00
27.770000 2.61829e-03 -3.97897e-03 0.00000e+00
27.780000 2.54835e-03 -4.99788e-03 0.00000e+00
27.790000 2.49382e-03 -5.98044e-03 0.00000e+00
27.800000 2.42809e-03 -6.95183e-03 0.00000e+00
27.810000 2.33934e-03 -7.89888e-03 0.00000e+00
27.820000 2.24566e-03 -8.75537e-03 0.00000e+00
27.830000 2.14890e-03 -9.45593e-03 0.00000e+00
27.840000 2.04036e-03 -1.00143e-02 0.00000e+00
27.850000 1.94833e-03 -1.06403e-02 0.00000e+00
27.860000 1.83604e-03 -1.14078e-02 0.00000e+00
27.870000 1.75038e-03 -1.20976e-02 0.00000e+00
27.880000 1.62243e-03 -1.26474e-02 0.00000e+00
27.890000 1.47852e-03 -1.31238e-02 0.00000e+00
27.900000 1.34330e-03 -1.35021e-02 0.00000e+00
27.910000 1.20758e-03 -1.37627e-02 0.00000e+00
27.920000 1.05131e-03 -1.39378e-02 0.00000e+00
27.930000 8.97628e-04 -1.39923e-02 0.00000e+00
27.940000 7.62869e-04 -1.39537e-02 0.00000e+00
27.950000 6.41753e-04 -1.39605e-02 0.00000e+00
27.960000 4.97286e-04 -1.39187e-02 0.00000e+00
27.970000 3.62810e-04 -1.37189e-02 0.00000e+00
27.980000 2.30226e-04 -1.35090e-02 0.00000e+00
27.990000 8.96637e-05 -1.33623e-02 0.00000e+00
28.000000 -3.69740e-05 -1.32042e-02 0.00000e+00
28.010000 -1.84785e-04 -1.30409e-02 0.00000e+00
28.020000 -3.47664e-04 -1.27618e-02 0.00000e+00
28.030000 -4.76424e-04 -1.24430e-02 0.00000e+00
28.040000 -5.77686e-04 -1.20210e-02 0.00000e+00
28.050000 -6.84722e-04 -1.15105e-02 0.00000e+00
28.060000 -7.89590e-04 -1.11298e-02 0.00000e+00
28.070000 -8.93378e-04 -1.07534e-02 0.00000e+00
28.080000 -9.91095e-04 -1.03025e-02 0.00000e+00
28.090000 -1.08450e-03 -9.85008e-03 0.00000e+00
28.100000 -1.17388e-03 -9.47741e-03 0.00000e+00
28.110000 -1.25887e-03 -9.05169e-03 0.00000e+00
28.120000 -1.35091e-03 -8.49022e-03 0.00000e+00
28.130000 -1.43069e-03 -7.94359e-03 0.00000e+00
28.140000 -1.51099e-03 -7.42908e-03 0.00000e+00
28.150000 -1.61348e-03 -6.87339e-03 0.00000e+00
28.160000 -1.69287e-03 -6.34045e-03 0.00000e+00
28.170000 -1.75711e-03 -5.74944e-03 0.00000e+00
28.180000 -1.80915e-03 -5.16321e-03 0.00000e+00
28.190000 -1.84684e-03 -4.74109e-03 0.00000e+00
28.200000 -1.90432e-03 -4.34411e-03 0.00000e+00
28.210000 -1.91981e-03 -3.85104e-03 0.00000e+00
28.220000 -1.97234e-03 -3.30043e-03 0.00000e+00
28.230000 -2.00290e-03 -2.75727e-03 0.00000e+00
28.240000 -2.02218e-03 -2.23421e-03 0.00000e+00
28.250000 -2.03173e-03 -1.72279e-03 0.00000e+00
28.260000 -2.05212e-03 -1.20833e-03 0.00000e+00
28.270000 -2.06460e-03 -6.43494e-04 0.00000e+00
28.280000 -2.05281e-03 -7.04680e-05 0.00000e+00
28.290000 -2.05334e-03 3.99628e-04 0.00000e+00
28.300000 -2.05408e-03 8.14088e-04 0.00000e+00
28.310000 -2.04037e-03 1.18154e-03 0.00000e+00
28.320000 -2.02617e-03 1.38095e-03 0.00000e+00
28.330000 -2.00875e-03 1.50128e-03 0.00000e+00
28.340000 -1.98076e-03 1.64218e-03 0.00000e+00
28.350000 -1.98063e-03 1.77419e-03 0.00000e+00
28.360000 -1.96293e-03 1.90857e-03 0.00000e+00
28.370000 -1.93707e-03 2.00830e-03 0.00000e+00
28.380000 -1.90519e-03 2.18302e-03 0.00000e+00
28.390000 -1.86949e-03 2.37431e-03 0.00000e+00
28.400000 -1.84205e-03 2.43861e-03 0.00000e+00
28.410000 -1.80887e-03 2.54363e-03 0.00000e+00
28.420000 -1.77517e-03 2.75530e-03 0.00000e+00
28.430000 -1.73717e-03 3.00462e-03 0.00000e+00
28.440000 -1.70348e-03 3.22885e-03 0.00000e+00
28.450000 -1.69529e-03 3.51974e-03 0.00000e+00
28.460000 -1.67992e-03 3.87079e-03 0.00000e+00
28.470000 -1.65187e-03 4.23700e-03 0.00000e+00
28.480000 -1.63016e-03 4.65976e-03 0.00000e+00
28.490000 -1.59209e-03 5.15947e-03 0.00000e+00
28.500000 -1.53786e-03 5.74104e-03 0.00000e+00
28.510000 -1.48581e-03 6.37021e-03 0.00000e+00
28.520000 -1.42216e-03 6.89162e-03 0.00000e+00
28.530000 -1.34841e-03 7.42096e-03 0.00000e+00
28.540000 -1.25877e-03 8.06115e-03 0.00000e+00
28.550000 -1.16902e-03 8.73729e-03 0.00000e+00
28.560000 -1.08744e-03 9.49022e-03 0.00000e+00
28.570000 -9.97109e-04 1.02805e-02 0.00000e+00
28.580000 -8.66881e-04 1.11008e-02 0.00000e+00
28.590000 -7.48679e-04 1.18598e-02 0.00000e+00
28.600000 -6.27826e-04 1.25143e-02 0.00000e+00
28.610000 -5.12454e-04 1.31393e-02 0.00000e+00
28.620000 -3.69354e-04 1.36295e-02 0.00000e+00
28.630000 -2.33595e-04 1.39519e-02 0.00000e+00
28.640000 -8.14043e-05 1.42000e-02 0.00000e+00
28.650000 5.68503e-05 1.43679e-02 0.00000e+00
28.660000 2.16014e-04 1.44670e-02 0.00000e+00
28.670000 3.52796e-04 1.45331e-02 0.00000e+00
28.680000 4.92269e-04 1.45119e-02 0.00000e+00
28.690000 6.31347e-04 1.43231e-02 0.00000e+00
28.700000 8.16482e-04 1.40582e-02 0.00000e+00
28.710000 9.51918e-04 1.37487e-02 0.00000e+00
28.720000 1.11548e-03 1.33781e-02 0.00000e+00
28.730000 1.25091e-03 1.29025e-02 0.00000e+00
28.740000 1.38678e-03 1.22904e-02 0.00000e+00
28.750000 1.48704e-03 1.16643e-02 0.00000e+00
28.760000 1.57777e-03 1.10451e-02 0.00000e+00
28.770000 1.67572e-03 1.02760e-02 0.00000e+00
28.780000 1.78442e-03 9.40193e-03 0.00000e+00
28.790000 1.85842e-03 8.57183e-03 0.00000e+00
28.800000 1.95039e-03 7.73196e-03 0.00000e+00
28.810000 2.02293e-03 6.86159e-03 0.00000e+00
28.820000 2.10453e-03 5.92176e-03 0.00000e+00
28.830000 2.15302e-03 4.98262e-03 0.00000e+00
28.840000 2.20192e-03 4.06870e-03 0.00000e+00
28.850000 2.22007e-03 3.09985e-03 0.00000e+00
28.860000 2.24449e-03 2.11773e-03 0.00000e+00
28.870000 2.27313e-03 1.25298e-03 0.00000e+00
28.880000 2.28284e-03 4.51719e-04 0.00000e+00
28.890000 2.28957e-03 -3.11185e-04 0.00000e+00
28.900000 2.27721e-03 -1.06345e-03 0.00000e+00
28.910000 2.25502e-03 -1.80269e-03 0.00000e+00
28.920000 2.23378e-03 -2.50671e-03 0.00000e+00
28.930000 2.20204e-03 -3.23778e-03 0.00000e+00
28.940000 2.15040e-03 -3.91477e-03 0.00000e+00
28.950000 2.12877e-03 -4.43774e-03 0.00000e+00
28.960000 2.07779e-03 -4.91702e-03 0.00000e+00
28.970000 2.01503e-03 -5.43702e-03 0.00000e+00
28.980000 1.95022e-03 -5.92731e-03 0.00000e+00
28.990000 1.87965e-03 -6.28941e-03 0.00000e+00
29.000000 1.82771e-03 -6.63004e-03 0.00000e+00
29.010000 1.75103e-03 -6.96380e-03 0.00000e+00
29.020000 1.67686e-03 -7.21746e-03 0.00000e+00
29.030000 1.59754e-03 -7.52516e-03 0.00000e+00
29.040000 1.52826e-03 -7.79220e-03 0.00000e+00
29.050000 1.45156e-03 -7.98682e-03 0.00000e+00
29.060000 1.37323e-03 -8.10995e-03 0.00000e+00
29.070000 1.28198e-03 -8.20432e-03 0.00000e+00
29.080000 1.22966e-03 -8.30431e-03 0.00000e+00
29.090000 1.14328e-03 -8.41008e-03 0.00000e+00
29.100000 1.07407e-03 -8.43022e-03 0.00000e+00
29.110000 9.81323e-04 -8.44793e-03 0.00000e+00
29.120000 9.08599e-04 -8.40622e-03 0.00000e+00
29.130000 7.90177e-04 -8.29742e-03 0.00000e+00
29.140000 7.00506e-04 -8.31879e-03 0.00000e+00
29.150000 6.14114e-04 -8.36436e-03 0.00000e+00
29.160000 5.50360e-04 -8.37553e-03 0.00000e+00
29.170000 4.38952e-04 -8.31328e-03 0.00000e+00
29.180000 3.84059e-04 -8.28251e-03 0.00000e+00
29.190000 2.78464e-04 -8.31671e-03 0.00000e+00
29.200000 1.88965e-04 -8.35870e-03 0.00000e+00
29.210000 1.12386e-04 -8.37531e-03 0.00000e+00
29.220000 5.28317e-05 -8.24312e-03 0.00000e+00
29.230000 -2.75056e-05 -8.13949e-03 0.00000e+00
29.240000 -1.02651e-04 -8.10597e-03 0.00000e+00
29.250000 -1.84921e-04 -7.93750e-03 0.00000e+00
29.260000 -2.57632e-04 -7.70290e-03 0.00000e+00
29.270000 -3.17209e-04 -7.46973e-03 0.00000e+00
29.280000 -4.11177e-04 -7.31183e-03 0.00000e+00
29.290000 -4.83179e-04 -7.17671e-03 0.00000e+00
29.300000 -5.79029e-04 -7.13305e-03 0.00000e+00
29.310000 -6.65117e-04 -7.28077e-03 0.00000e+00
29.320000 -7.26609e-04 -7.35628e-03 0.00000e+00
29.330000 -8.00791e-04 -7.28594e-03 0.00000e+00
29.340000 -8.74470e-04 -7.30823e-03 0.00000e+00
29.350000 -9.60750e-04 -7.28396e-03 0.00000e+00
29.360000 -1.01422e-03 -7.18192e-03 0.00000e+00
29.370000 -1.07881e-03 -7.21475e-03 0.00000e+00
29.380000 -1.11616e-03 -7.20739e-03 0.00000e+00
29.390000 -1.16900e-03 -7.05974e-03 0.00000e+00
29.400000 -1.25982e-03 -6.94283e-03 0.00000e+00
29.410000 -1.30286e-03 -6.85306e-03 0.00000e+00
29.420000 -1.36894e-03 -6.69238e-03 0.00000e+00
29.430000 -1.44164e-03 -6.54102e-03 0.00000e+00
29.440000 -1.52971e-03 -6.29713e-03 0.00000e+00
29.450000 -1.62215e-03 -6.04836e-03 0.00000e+00
29.460000 -1.68779e-03 -5.83569e-03 0.00000e+00
29.470000 -1.77709e-03 -5.61675e-03 0.00000e+00
29.480000 -1.83233e-03 -5.42522e-03 0.00000e+00
29.490000 -1.85166e-03 -5.14430e-03 0.00000e+00
29.500000 -1.89890e-03 -4.78701e-03 0.00000e+00
29.510000 -1.94691e-03 -4.42558e-03 0.00000e+00
29.520000 -1.96391e-03 -3.98374e-03 0.00000e+00
29.530000 -2.01204e-03 -3.35891e-03 0.00000e+00
29.540000 -2.04909e-03 -2.66792e-03 0.00000e+00
29.550000 -2.06248e-03 -1.88409e-03 0.00000e+00
29.560000 -2.07723e-03 -1.02765e-03 0.00000e+00
29.570000 -2.10672e-03 -2.74451e-04 0.00000e+00
29.580000 -2.08731e-03 5.65411e-04 0.00000e+00
29.590000 -2.09269e-03 1.51953e-03 0.00000e+00
29.600000 -2.08429e-03 2.44016e-03 0.00000e+00
29.610000 -2.05892e-03 3.26524e-03 0.00000e+00
29.620000 -2.04033e-03 4.00649e-03 0.00000e+00
29.630000 -2.00841e-03 4.72692e-03 0.00000e+00
29.640000 -1.95815e-03 5.35780e-03 0.00000e+00
29.650000 -1.90170e-03 6.00933e-03 0.00000e+00
29.660000 -1.82269e-03 6.86032e-03 0.00000e+00
29.670000 -1.73716e-03 7.68526e-03 0.00000e+00
29.680000 -1.63681e-03 8.35168e-03 0.00000e+00
29.690000 -1.51813e-03 9.02545e-03 0.00000e+00
29.700000 -1.42568e-03 9.66962e-03 0.00000e+00
29.710000 -1.34087e-03 1.02017e-02 0.00000e+00
29.720000 -1.22781e-03 1.06983e-02 0.00000e+00
29.730000 -1.13618e-03 1.11157e-02 0.00000e+00
29.740000 -1.00939e-03 1.13680e-02 0.00000e+00
29.750000 -8.93385e-04 1.16138e-02 0.00000e+00
29.760000 -7.77406e-04 1.18256e-02 0.00000e+00
29.770000 -6.74485e-04 1.18549e-02 0.00000e+00
29.780000 -5.66655e-04 1.18467e-02 0.00000e+00
29.790000 -4.47323e-04 1.17335e-02 0.00000e+00
29.800000 -3.35614e-04 1.14479e-02 0.00000e+00
29.810000 -2.03298e-04 1.11362e-02 0.00000e+00
29.820000 -6.30786e-05 1.08137e-02 0.00000e+00
29.830000 5.03287e-05 1.05418e-02 0.00000e+00
29.840000 1.44129e-04 1.03677e-02 0.00000e+00
29.850000 2.52748e-04 1.01736e-02 0.00000e+00
29.860000 3.60377e-04 9.99509e-03 0.00000e+00
29.870000 4.60944e-04 9.75037e-03 0.00000e+00
29.880000 5.42210e-04 9.28799e-03 0.00000e+00
29.890000 6.20936e-04 8.77024e-03 0.00000e+00
29.900000 6.93465e-04 8.25536e-03 0.00000e+00
29.910000 7.75253e-04 7.81568e-03 0.00000e+00
29.920000 8.51094e-04 7.40590e-03 0.00000e+00
29.930000 9.09357e-04 7.00496e-03 0.00000e+00
29.940000 9.63977e-04 6.52882e-03 0.00000e+00
29.950000 1.03347e-03 5.95721e-03 0.00000e+00
29.960000 1.07446e-03 5.48382e-03 0.00000e+00
29.970000 1.14360e-03 5.01467e-03 0.00000e+00
29.980000 1.21779e-03 4.65234e-03 0.00000e+00
29.990000 1.28598e-03 4.41809e-03 0.00000e+00
30.000000 1.35057e-03 4.13910e-03 0.00000e+00
30.010000 1.38602e-03 3.80701e-03 0.00000e+00
30.020000 1.39234e-03 3.45199e-03 0.00000e+00
30.030000 1.41524e-03 3.12721e-03 0.00000e+00
30.040000 1.41155e-03 2.87803e-03 0.00000e+00
30.050000 1.42533e-03 2.57786e-03 0.00000e+00
30.060000 1.45781e-03 2.21990e-03 0.00000e+00
30.070000 1.49599e-03 1.86333e-03 0.00000e+00
30.080000 1.52043e-03 1.50384e-03 0.00000e+00
30.090000 1.52301e-03 1.21044e-03 0.00000e+00
30.100000 1.54683e-03 8.92166e-04 0.00000e+00
30.110000 1.52528e-03 5.61269e-04 0.00000e+00
30.120000 1.56008e-03 2.96754e-04 0.00000e+00
30.130000 1.57020e-03 -1.97668e-05 0.00000e+00
30.140000 1.57580e-03 -2.77742e-04 0.00000e+00
30.150000 1.59051e-03 -3.57338e-04 0.00000e+00
30.160000 1.56428e-03 -4.10807e-04 0.00000e+00
30.170000 1.55494e-03 -4.29972e-04 0.00000e+00
30.180000 1.54210e-03 -5.02201e-04 0.00000e+00
30.190000 1.51741e-03 -7.83453e-04 0.00000e+00
30.200000 1.51254e-03 -1.12156e-03 0.00000e+00
30.210000 1.49737e-03 -1.49200e-03 0.00000e+00
30.220000 1.46063e-03 -1.91760e-03 0.00000e+00
30.230000 1.44920e-03 -2.28486e-03 0.00000e+00
30.240000 1.42275e-03 -2.55959e-03 0.00000e+00
30.250000 1.40705e-03 -2.77639e-03 0.00000e+00
30.260000 1.39372e-03 -3.03727e-03 0.00000e+00
30.270000 1.36307e-03 -3.30802e-03 0.00000e+00
30.280000 1.34809e-03 -3.69491e-03 0.00000e+00
30.290000 1.30731e-03 -4.06606e-03 0.00000e+00
30.300000 1.27559e-03 -4.36296e-03 0.00000e+00
30.310000 1.25073e-03 -4.69243e-03 0.00000e+00
30.320000 1.19689e-03 -4.95276e-03 0.00000e+00
30.330000 1.12607e-03 -5.34849e-03 0.00000e+00
30.340000 1.06379e-03 -5.81373e-03 0.00000e+00
30.350000 9.70694e-04 -6.23627e-03 0.00000e+00
30.360000 8.97359e-04 -6.77392e-03 0.00000e+00
30.370000 8.33911e-04 -7.33366e-03 0.00000e+00
30.380000 7.62880e-04 -7.79995e-03 0.00000e+00
30.390000 6.91598e-04 -8.26578e-03 0.00000e+00
30.400000 6.23379e-04 -8.60501e-03 0.00000e+00
30.410000 5.54718e-04 -8.90265e-03 0.00000e+00
30.420000 4.71316e-04 -9.24146e-03 0.00000e+00
30.430000 3.70210e-04 -9.48002e-03 0.00000e+00
30.440000 2.63983e-04 -9.74851e-03 0.00000e+00
30.450000 1.53248e-04 -9.99795e-03 0.00000e+00
30.460000 6.46477e-05 -1.02301e-02 0.00000e+00
30.470000 -5.12235e-05 -1.04162e-02 0.00000e+00
30.480000 -1.42922e-04 -1.04659e-02 0.00000e+00
30.490000 -2.71036e-04 -1.05264e-02 0.00000e+00
30.500000 -3.94150e-04 -1.06177e-02 0.00000e+00
30.510000 -4.95560e-04 -1.05731e-02 0.00000e+00
30.520000 -6.14824e-04 -1.05140e-02 0.00000e+00
30.530000 -7.26274e-04 -1.05158e-02 0.00000e+00
30.540000 -8.03622e-04 -1.04160e-02 0.00000e+00
30.550000 -8.80635e-04 -1.02222e-02 0.00000e+00
30.560000 -9.67400e-04 -9.91304e-03 0.00000e+00
30.570000 -1.05602e-03 -9.49171e-03 0.00000e+00
30.580000 -1.18710e-03 -8.99755e-03 0.00000e+00
30.590000 -1.27564e-03 -8.41165e-03 0.00000e+00
30.600000 -1.37451e-03 -7.84105e-03 0.00000e+00
30.610000 -1.47197e-03 -7.34967e-03 0.00000e+00
30.620000 -1.54235e-03 -6.88172e-03 0.00000e+00
30.630000 -1.61318e-03 -6.36148e-03 0.00000e+00
30.640000 -1.65721e-03 -5.79643e-03 0.00000e+00
30.650000 -1.71948e-03 -5.16914e-03 0.00000e+00
30.660000 -1.76227e-03 -4.55553e-03 0.00000e+00
30.670000 -1.78794e-03 -4.01621e-03 0.00000e+00
30.680000 -1.81055e-03 -3.37495e-03 0.00000e+00
30.690000 -1.86591e-03 -2.63722e-03 0.00000e+00
30.700000 -1.88488e-03 -1.92374e-03 0.00000e+00
30.710000 -1.88870e-03 -1.13286e-03 0.00000e+00
30.720000 -1.87880e-03 -2.17308e-04 0.00000e+00
30.730000 -1.86950e-03 6.64533e-04 0.00000e+00
30.740000 -1.86924e-03 1.47133e-03 0.00000e+00
30.750000 -1.86236e-03 2.05915e-03 0.00000e+00
30.760000 -1.84620e-03 2.50433e-03 0.00000e+00
30.770000 -1.85422e-03 2.98661e-03 0.00000e+00
30.780000 -1.83119e-03 3.43374e-03 0.00000e+00
30.790000 -1.79730e-03 3.85158e-03 0.00000e+00
30.800000 -1.74356e-03 4.26816e-03 0.00000e+00
30.810000 -1.68233e-03 4.70186e-03 0.00000e+00
30.820000 -1.61855e-03 5.05425e-03 0.00000e+00
30.830000 -1.55859e-03 5.38073e-03 0.00000e+00
30.840000 -1.47503e-03 5.81693e-03 0.00000e+00
30.850000 -1.39247e-03 6.23701e-03 0.00000e+00
30.860000 -1.31486e-03 6.42851e-03 0.00000e+00
30.870000 -1.26613e-03 6.50159e-03 0.00000e+00
30.880000 -1.19222e-03 6.69149e-03 0.00000e+00
30.890000 -1.14410e-03 6.94584e-03 0.00000e+00
30.900000 -1.09847e-03 7.18692e-03 0.00000e+00
30.910000 -1.05422e-03 7.28751e-03 0.00000e+00
30.920000 -1.00227e-03 7.26606e-03 0.00000e+00
30.930000 -9.24485e-04 7.22056e-03 0.00000e+00
30.940000 -8.31272e-04 7.09381e-03 0.00000e+00
30.950000 -7.60128e-04 6.90362e-03 0.00000e+00
30.960000 -6.87512e-04 6.70529e-03 0.00000e+00
30.970000 -6.06543e-04 6.56003e-03 0.00000e+00
30.980000 -5.35105e-04 6.51383e-03 0.00000e+00
30.990000 -4.62725e-04 6.49978e-03 0.00000e+00
31.000000 -3.69451e-04 6.50245e-03 0.00000e+00
31.010000 -3.09958e-04 6.56743e-03 0.00000e+00
31.020000 -2.64429e-04 6.72463e-03 0.00000e+00
31.030000 -2.13612e-04 6.89875e-03 0.00000e+00
31.040000 -1.27433e-04 6.90067e-03 0.00000e+00
31.050000 -5.14728e-05 6.86286e-03 0.00000e+00
31.060000 1.73939e-06 6.88033e-03 0.00000e+00
31.070000 4.60870e-05 6.81664e-03 0.00000e+00
31.080000 8.60223e-05 6.65935e-03 0.00000e+00
31.090000 1.54152e-04 6.51358e-03 0.00000e+00
31.100000 2.20336e-04 6.47337e-03 0.00000e+00
31.110000 2.91727e-04 6.58093e-03 0.00000e+00
31.120000 3.55213e-04 6.68114e-03 0.00000e+00
31.130000 4.35052e-04 6.67950e-03 0.00000e+00
31.140000 5.26438e-04 6.75545e-03 0.00000e+00
31.150000 6.07214e-04 6.81871e-03 0.00000e+00
31.160000 6.79134e-04 6.88072e-03 0.00000e+00
31.170000 7.55396e-04 7.09175e-03 0.00000e+00
31.180000 8.17456e-04 7.26675e-03 0.00000e+00
31.190000 8.83343e-04 7.24451e-03 0.00000e+00
31.200000 9.26034e-04 7.12339e-03 0.00000e+00
31.210000 9.77335e-04 7.07102e-03 0.00000e+00
31.220000 1.06481e-03 7.14174e-03 0.00000e+00
31.230000 1.13294e-03 7.10647e-03 0.00000e+00
31.240000 1.19380e-03 6.90937e-03 0.00000e+00
31.250000 1.26296e-03 6.64602e-03 0.00000e+00
31.260000 1.35434e-03 6.32492e-03 0.00000e+00
31.270000 1.41836e-03 6.02006e-03 0.00000e+00
31.280000 1.48936e-03 5.71598e-03 0.00000e+00
31.290000 1.52476e-03 5.35906e-03 0.00000e+00
31.300000 1.59249e-03 4.99505e-03 0.00000e+00
31.310000 1.65490e-03 4.65796e-03 0.00000e+00
31.320000 1.69571e-03 4.31151e-03 0.00000e+00
31.330000 1.76055e-03 3.85773e-03 0.00000e+00
31.340000 1.78904e-03 3.29355e-03 0.00000e+00
31.350000 1.79502e-03 2.70262e-03 0.00000e+00
31.360000 1.80848e-03 2.09713e-03 0.00000e+00
31.370000 1.83328e-03 1.35668e-03 0.00000e+00
31.380000 1.85619e-03 4.97244e-04 0.00000e+00
31.390000 1.86683e-03 -2.19980e-04 0.00000e+00
31.400000 1.83634e-03 -8.92556e-04 0.00000e+00
31.410000 1.83391e-03 -1.70230e-03 0.00000e+00
31.420000 1.81012e-03 -2.55959e-03 0.00000e+00
31.430000 1.78129e-03 -3.31125e-03 0.00000e+00
31.440000 1.76530e-03 -4.05952e-03 0.00000e+00
31.450000 1.72099e-03 -4.81174e-03 0.00000e+00
31.460000 1.67451e-03 -5.54648e-03 0.00000e+00
31.470000 1.61602e-03 -6.20249e-03 0.00000e+00
31.480000 1.54447e-03 -6.70777e-03 0.00000e+00
31.490000 1.46811e-03 -7.29723e-03 0.00000e+00
31.500000 1.37174e-03 -7.77081e-03 0.00000e+00
31.510000 1.29486e-03 -8.13803e-03 0.00000e+00
31.520000 1.21910e-03 -8.59735e-03 0.00000e+00
31.530000 1.12161e-03 -9.04924e-03 0.00000e+00
31.540000 1.01378e-03 -9.41144e-03 0.00000e+00
31.550000 9.29443e-04 -9.63861e-03 0.00000e+00
31.560000 8.36152e-04 -9.75834e-03 0.00000e+00
31.570000 7.09599e-04 -9.95286e-03 0.00000e+00
31.580000 5.97156e-04 -1.01396e-02 0.00000e+00
31.590000 4.98418e-04 -1.01925e-02 0.00000e+00
31.600000 4.09082e-04 -1.02580e-02 0.00000e+00
31.610000 3.04074e-04 -1.01992e-02 0.00000e+00
31.620000 2.30925e-04 -1.00376e-02 0.00000e+00
31.630000 1.35744e-04 -9.79348e-03 0.00000e+00
31.640000 5.21598e-05 -9.46983e-03 0.00000e+00
31.650000 -6.03148e-05 -9.24261e-03 0.00000e+00
31.660000 -1.60880e-04 -8.97998e-03 0.00000e+00
31.670000 -2.25558e-04 -8.72090e-03 0.00000e+00
31.680000 -3.35197e-04 -8.46581e-03 0.00000e+00
31.690000 -4.20351e-04 -8.04330e-03 0.00000e+00
31.700000 -5.10749e-04 -7.64496e-03 0.00000e+00
31.710000 -5.81160e-04 -7.32579e-03 0.00000e+00
31.720000 -6.52831e-04 -6.90822e-03 0.00000e+00
31.730000 -7.25594e-04 -6.47171e-03 0.00000e+00
31.740000 -8.10171e-04 -6.17800e-03 0.00000e+00
31.750000 -8.55089e-04 -5.90930e-03 0.00000e+00
31.760000 -9.09072e-04 -5.57572e-03 0.00000e+00
31.770000 -9.58082e-04 -5.20921e-03 0.00000e+00
31.780000 -9.78882e-04 -4.83925e-03 0.00000e+00
31.790000 -1.02043e-03 -4.39836e-03 0.00000e+00
31.800000 -1.04782e-03 -3.94153e-03 0.00000e+00
31.810000 -1.11208e-03 -3.56309e-03 0.00000e+00
31.820000 -1.15653e-03 -3.26069e-03 0.00000e+00
31.830000 -1.16768e-03 -2.96610e-03 0.00000e+00
31.840000 -1.21269e-03 -2.50855e-03 0.00000e+00
31.850000 -1.22046e-03 -2.11975e-03 0.00000e+00
31.860000 -1.23887e-03 -1.89239e-03 0.00000e+00
31.870000 -1.27856e-03 -1.73861e-03 0.00000e+00
31.880000 -1.28593e-03 -1.57755e-03 0.00000e+00
31.890000 -1.30572e-03 -1.38725e-03 0.00000e+00
31.900000 -1.33620e-03 -1.29491e-03 0.00000e+00
31.910000 -1.34037e-03 -1.27511e-03 0.00000e+00
31.920000 -1.33622e-03 -1.18539e-03 0.00000e+00
31.930000 -1.34530e-03 -9.87485e-04 0.00000e+00
31.940000 -1.34443e-03 -7.92111e-04 0.00000e+00
31.950000 -1.34154e-03 -5.51185e-04 0.00000e+00
31.960000 -1.34392e-03 -2.95061e-04 0.00000e+00
31.970000 -1.35762e-03 -5.63959e-05 0.00000e+00
31.980000 -1.35859e-03 9.57835e-05 0.00000e+00
31.990000 -1.34616e-03 1.25742e-04 0.00000e+00
32.000000 -1.32979e-03 2.63886e-04 0.00000e+00
32.010000 -1.34066e-03 3.78255e-04 0.00000e+00
32.020000 -1.37099e-03 4.50675e-04 0.00000e+00
32.030000 -1.38123e-03 5.97259e-04 0.00000e+00
32.040000 -1.38142e-03 6.66401e-04 0.00000e+00
32.050000 -1.35635e-03 7.64310e-04 0.00000e+00
32.060000 -1.35656e-03 9.18736e-04 0.00000e+00
32.070000 -1.33669e-03 1.03301e-03 0.00000e+00
32.080000 -1.30012e-03 1.19195e-03 0.00000e+00
32.090000 -1.26361e-03 1.45563e-03 0.00000e+00
32.100000 -1.23616e-03 1.76536e-03 0.00000e+00
32.110000 -1.22321e-03 2.12200e-03 0.00000e+00
32.120000 -1.20607e-03 2.48620e-03 0.00000e+00
32.130000 -1.18702e-03 2.89599e-03 0.00000e+00
32.140000 -1.17065e-03 3.34500e-03 0.00000e+00
32.150000 -1.15310e-03 3.79587e-03 0.00000e+00
32.160000 -1.12707e-03 4.35664e-03 0.00000e+00
32.170000 -1.07994e-03 5.00932e-03 0.00000e+00
32.180000 -1.05451e-03 5.58965e-03 0.00000e+00
32.190000 -9.93276e-04 5.99483e-03 0.00000e+00
32.200000 -9.36911e-04 6.33605e-03 0.00000e+00
32.210000 -8.68319e-04 6.74265e-03 0.00000e+00
32.220000 -7.92309e-04 7.28908e-03 0.00000e+00
32.230000 -7.12094e-04 7.80916e-03 0.00000e+00
32.240000 -6.23991e-04 8.25577e-03 0.00000e+00
32.250000 -5.29872e-04 8.75947e-03 0.00000e+00
32.260000 -4.29510e-04 9.33363e-03 0.00000e+00
32.270000 -3.25354e-04 9.90366e-03 0.00000e+00
32.280000 -2.25000e-04 1.03362e-02 0.00000e+00
32.290000 -1.24732e-04 1.06227e-02 0.00000e+00
32.300000 6.92652e-06 1.08301e-02 0.00000e+00
32.310000 1.07761e-04 1.10120e-02 0.00000e+00
32.320000 2.20354e-04 1.10754e-02 0.00000e+00
32.330000 3.30088e-04 1.09803e-02 0.00000e+00
32.340000 4.25125e-04 1.08548e-02 0.00000e+00
32.350000 5.14498e-04 1.06336e-02 0.00000e+00
32.360000 6.19734e-04 1.02997e-02 0.00000e+00
32.370000 7.35708e-04 9.94987e-03 0.00000e+00
32.380000 8.58936e-04 9.59807e-03 0.00000e+00
32.390000 9.63253e-04 9.15858e-03 0.00000e+00
32.400000 1.04317e-03 8.63048e-03 0.00000e+00
32.410000 1.14115e-03 8.11758e-03 0.00000e+00
32.420000 1.22823e-03 7.59805e-03 0.00000e+00
32.430000 1.31635e-03 7.07920e-03 0.00000e+00
32.440000 1.36621e-03 6.59833e-03 0.00000e+00
32.450000 1.41498e-03 6.08945e-03 0.00000e+00
32.460000 1.46156e-03 5.46181e-03 0.00000e+00
32.470000 1.51935e-03 4.88521e-03 0.00000e+00
32.480000 1.55880e-03 4.26107e-03 0.00000e+00
32.490000 1.56992e-03 3.50669e-03 0.00000e+00
32.500000 1.59594e-03 2.75165e-03 0.00000e+00
32.510000 1.62499e-03 1.94494e-03 0.00000e+00
32.520000 1.63531e-03 1.10444e-03 0.00000e+00
32.530000 1.64897e-03 2.79246e-04 0.00000e+00
32.540000 1.66824e-03 -4.52647e-04 0.00000e+00
32.550000 1.66974e-03 -1.01393e-03 0.00000e+00
32.560000 1.64593e-03 -1.57268e-03 0.00000e+00
32.570000 1.65794e-03 -2.18600e-03 0.00000e+00
32.580000 1.64740e-03 -2.72520e-03 0.00000e+00
32.590000 1.62849e-03 -3.22222e-03 0.00000e+00
32.600000 1.59871e-03 -3.65811e-03 0.00000e+00
32.610000 1.55704e-03 -4.06799e-03 0.00000e+00
32.620000 1.48298e-03 -4.50685e-03 0.00000e+00
32.630000 1.41396e-03 -4.87628e-03 0.00000e+00
32.640000 1.35388e-03 -5.13264e-03 0.00000e+00
32.650000 1.26366e-03 -5.36095e-03 0.00000e+00
32.660000 1.20524e-03 -5.69496e-03 0.00000e+00
32.670000 1.14310e-03 -5.98846e-03 0.00000e+00
32.680000 1.08941e-03 -6.12326e-03 0.00000e+00
32.690000 1.03522e-03 -6.26350e-03 0.00000e+00
32.700000 9.78828e-04 -6.37232e-03 0.00000e+00
32.710000 9.34078e-04 -6.33578e-03 0.00000e+00
32.720000 8.78989e-04 -6.22603e-03 0.00000e+00
32.730000 7.97700e-04 -6.14054e-03 0.00000e+00
32.740000 7.58246e-04 -5.93108e-03 0.00000e+00
32.750000 6.89183e-04 -5.62567e-03 0.00000e+00
32.760000 6.36975e-04 -5.31992e-03 0.00000e+00
32.770000 5.89710e-04 -5.00819e-03 0.00000e+00
32.780000 5.41398e-04 -4.72270e-03 0.00000e+00
32.790000 4.83694e-04 -4.55619e-03 0.00000e+00
32.800000 4.40628e-04 -4.55017e-03 0.00000e+00
32.810000 3.75562e-04 -4.54555e-03 0.00000e+00
32.820000 3.18264e-04 -4.63610e-03 0.00000e+00
32.830000 2.65915e-04 -4.74533e-03 0.00000e+00
32.840000 2.46640e-04 -4.79262e-03 0.00000e+00
32.850000 1.97121e-04 -4.88842e-03 0.00000e+00
32.860000 1.57145e-04 -4.91354e-03 0.00000e+00
32.870000 1.32558e-04 -4.93795e-03 0.00000e+00
32.880000 1.03051e-04 -4.98192e-03 0.00000e+00
32.890000 5.96858e-05 -4.97138e-03 0.00000e+00
32.900000 2.10025e-05 -5.04873e-03 0.00000e+00
32.910000 -2.52554e-05 -5.08579e-03 0.00000e+00
32.920000 -8.95095e-05 -5.16363e-03 0.00000e+00
32.930000 -1.45657e-04 -5.38241e-03 0.00000e+00
32.940000 -2.23630e-04 -5.53865e-03 0.00000e+00
32.950000 -2.93789e-04 -5.60956e-03 0.00000e+00
32.960000 -3.82224e-04 -5.74390e-03 0.00000e+00
32.970000 -4.50820e-04 -5.95403e-03 0.00000e+00
32.980000 -5.06111e-04 -6.17609e-03 0.00000e+00
32.990000 -5.70842e-04 -6.42087e-03 0.00000e+00
33.000000 -6.12756e-04 -6.61546e-03 0.00000e+00
33.010000 -6.78374e-04 -6.69324e-03 0.00000e+00
33.020000 -7.30001e-04 -6.75952e-03 0.00000e+00
33.030000 -7.70821e-04 -6.82792e-03 0.00000e+00
33.040000 -8.48329e-04 -6.75068e-03 0.00000e+00
33.050000 -8.97194e-04 -6.62223e-03 0.00000e+00
33.060000 -9.58917e-04 -6.54501e-03 0.00000e+00
33.070000 -1.03425e-03 -6.44999e-03 0.00000e+00
33.080000 -1.10362e-03 -6.27443e-03 0.00000e+00
33.090000 -1.20080e-03 -6.05466e-03 0.00000e+00
33.100000 -1.25400e-03 -5.76143e-03 0.00000e+00
33.110000 -1.30401e-03 -5.50302e-03 0.00000e+00
33.120000 -1.36277e-03 -5.35286e-03 0.00000e+00
33.130000 -1.44891e-03 -5.19637e-03 0.00000e+00
33.140000 -1.49238e-03 -4.96843e-03 0.00000e+00
33.150000 -1.53361e-03 -4.59126e-03 0.00000e+00
33.160000 -1.56710e-03 -4.19285e-03 0.00000e+00
33.170000 -1.60145e-03 -3.72322e-03 0.00000e+00
33.180000 -1.63497e-03 -3.14119e-03 0.00000e+00
33.190000 -1.66820e-03 -2.59323e-03 0.00000e+00
33.200000 -1.67775e-03 -1.88709e-03 0.00000e+00
33.210000 -1.70261e-03 -1.14355e-03 0.00000e+00
33.220000 -1.72789e-03 -4.27566e-04 0.00000e+00
33.230000 -1.73399e-03 4.09736e-04 0.00000e+00
33.240000 -1.71493e-03 1.16456e-03 0.00000e+00
33.250000 -1.69432e-03 1.82587e-03 0.00000e+00
33.260000 -1.67051e-03 2.45630e-03 0.00000e+00
33.270000 -1.65758e-03 3.13111e-03 0.00000e+00
33.280000 -1.65017e-03 3.91857e-03 0.00000e+00
33.290000 -1.61169e-03 4.61597e-03 0.00000e+00
33.300000 -1.53899e-03 5.13287e-03 0.00000e+00
33.310000 -1.48023e-03 5.65077e-03 0.00000e+00
33.320000 -1.40861e-03 6.26733e-03 0.00000e+00
33.330000 -1.35614e-03 6.86660e-03 0.00000e+00
33.340000 -1.25654e-03 7.38992e-03 0.00000e+00
33.350000 -1.18496e-03 7.78635e-03 0.00000e+00
33.360000 -1.10199e-03 8.11551e-03 0.00000e+00
33.370000 -9.90519e-04 8.47687e-03 0.00000e+00
33.380000 -9.21340e-04 8.75840e-03 0.00000e+00
33.390000 -8.27487e-04 8.88680e-03 0.00000e+00
33.400000 -7.36875e-04 8.93676e-03 0.00000e+00
33.410000 -6.71644e-04 9.07527e-03 0.00000e+00
33.420000 -5.65250e-04 9.25386e-03 0.00000e+00
33.430000 -4.62610e-04 9.30400e-03 0.00000e+00
33.440000 -3.68340e-04 9.19529e-03 0.00000e+00
33.450000 -2.85950e-04 8.98516e-03 0.00000e+00
33.460000 -2.15056e-04 8.80723e-03 0.00000e+00
33.470000 -1.13840e-04 8.73557e-03 0.00000e+00
33.480000 -1.69408e-05 8.65360e-03 0.00000e+00
33.490000 7.09586e-05 8.50835e-03 0.00000e+00
33.500000 1.35975e-04 8.24927e-03 0.00000e+00
33.510000 2.07873e-04 7.99678e-03 0.00000e+00
33.520000 2.78415e-04 7.76633e-03 0.00000e+00
33.530000 3.74239e-04 7.35997e-03 0.00000e+00
33.540000 4.41558e-04 7.04362e-03 0.00000e+00
33.550000 5.05859e-04 6.76055e-03 0.00000e+00
33.560000 5.75531e-04 6.37350e-03 0.00000e+00
33.570000 6.50013e-04 5.99760e-03 0.00000e+00
33.580000 7.29961e-04 5.54288e-03 0.00000e+00
33.590000 7.64774e-04 5.17778e-03 0.00000e+00
33.600000 8.07379e-04 4.95972e-03 0.00000e+00
33.610000 8.62277e-04 4.68225e-03 0.00000e+00
33.620000 9.32056e-04 4.30086e-03 0.00000e+00
33.630000 9.76325e-04 3.82601e-03 0.00000e+00
33.640000 1.00851e-03 3.44601e-03 0.00000e+00
33.650000 1.02354e-03 3.19466e-03 0.00000e+00
33.660000 1.04263e-03 2.91200e-03 0.00000e+00
33.670000 1.04894e-03 2.57361e-03 0.00000e+00
33.680000 1.07837e-03 2.18441e-03 0.00000e+00
33.690000 1.07871e-03 1.80516e-03 0.00000e+00
33.700000 1.09161e-03 1.58255e-03 0.00000e+00
33.710000 1.13851e-03 1.36019e-03 0.00000e+00
33.720000 1.14146e-03 1.08498e-03 0.00000e+00
33.730000 1.15019e-03 8.81953e-04 0.00000e+00
33.740000 1.16992e-03 6.90061e-04 0.00000e+00
33.750000 1.18757e-03 6.22461e-04 0.00000e+00
33.760000 1.21098e-03 4.93718e-04 0.00000e+00
33.770000 1.19444e-03 2.97862e-04 0.00000e+00
33.780000 1.17850e-03 2.38902e-04 0.00000e+00
33.790000 1.17198e-03 2.90565e-04 0.00000e+00
33.800000 1.18271e-03 3.66672e-04 0.00000e+00
33.810000 1.19846e-03 3.42659e-04 0.00000e+00
33.820000 1.18807e-03 2.40834e-04 0.00000e+00
33.830000 1.17642e-03 3.33514e-05 0.00000e+00
33.840000 1.17630e-03 -2.07778e-04 0.00000e+00
33.850000 1.16608e-03 -4.14841e-04 0.00000e+00
33.860000 1.17888e-03 -6.65095e-04 0.00000e+00
33.870000 1.17898e-03 -9.36556e-04 0.00000e+00
33.880000 1.15515e-03 -1.06972e-03 0.00000e+00
33.890000 1.16625e-03 -1.15779e-03 0.00000e+00
33.900000 1.15032e-03 -1.32890e-03 0.00000e+00
33.910000 1.14169e-03 -1.54805e-03 0.00000e+00
33.920000 1.14665e-03 -1.74756e-03 0.00000e+00
33.930000 1.11106e-03 -1.86743e-03 0.00000e+00
33.940000 1.12060e-03 -2.07524e-03 0.00000e+00
33.950000 1.08695e-03 -2.46080e-03 0.00000e+00
33.960000 1.05500e-03 -2.92040e-03 0.00000e+00
33.970000 9.99470e-04 -3.33734e-03 0.00000e+00
33.980000 9.47579e-04 -3.73132e-03 0.00000e+00
33.990000 8.97482e-04 -4.20162e-03 0.00000e+00
34.000000 8.42837e-04 -4.78794e-03 0.00000e+00
34.010000 8.18774e-04 -5.37265e-03 0.00000e+00
34.020000 7.63550e-04 -5.91336e-03 0.00000e+00
34.030000 7.26663e-04 -6.41758e-03 0.00000e+00
34.040000 6.80179e-04 -6.88029e-03 0.00000e+00
34.050000 6.29171e-04 -7.41763e-03 0.00000e+00
34.060000 5.58433e-04 -7.81842e-03 0.00000e+00
34.070000 4.69053e-04 -8.12678e-03 0.00000e+00
34.080000 3.79486e-04 -8.50652e-03 0.00000e+00
34.090000 3.10260e-04 -8.74829e-03 0.00000e+00
34.100000 2.09656e-04 -9.02465e-03 0.00000e+00
34.110000 9.32534e-05 -9.22346e-03 0.00000e+00
34.120000 -2.40463e-05 -9.26484e-03 0.00000e+00
34.130000 -1.27864e-04 -9.37428e-03 0.00000e+00
34.140000 -2.28105e-04 -9.44794e-03 0.00000e+00
34.150000 -3.43244e-04 -9.50474e-03 0.00000e+00
34.160000 -4.40797e-04 -9.53089e-03 0.00000e+00
34.170000 -5.44643e-04 -9.53768e-03 0.00000e+00
34.180000 -6.17194e-04 -9.34739e-03 0.00000e+00
34.190000 -7.07221e-04 -9.03606e-03 0.00000e+00
34.200000 -7.89758e-04 -8.71674e-03 0.00000e+00
34.210000 -8.70169e-04 -8.25178e-03 0.00000e+00
34.220000 -9.38670e-04 -7.70323e-03 0.00000e+00
34.230000 -9.93743e-04 -7.08837e-03 0.00000e+00
34.240000 -1.08929e-03 -6.51647e-03 0.00000e+00
34.250000 -1.15445e-03 -6.03582e-03 0.00000e+00
34.260000 -1.20624e-03 -5.46999e-03 0.00000e+00
34.270000 -1.27682e-03 -4.79942e-03 0.00000e+00
34.280000 -1.29725e-03 -4.26292e-03 0.00000e+00
34.290000 -1.35239e-03 -3.83084e-03 0.00000e+00
34.300000 -1.39640e-03 -3.41264e-03 0.00000e+00
34.310000 -1.41705e-03 -2.94754e-03 0.00000e+00
34.320000 -1.45882e-03 -2.44402e-03 0.00000e+00
34.330000 -1.47141e-03 -1.97082e-03 0.00000e+00
34.340000 -1.48374e-03 -1.49902e-03 0.00000e+00
34.350000 -1.46160e-03 -9.42994e-04 0.00000e+00
34.360000 -1.48832e-03 -3.64622e-04 0.00000e+00
34.370000 -1.47253e-03 1.18104e-04 0.00000e+00
34.380000 -1.46450e-03 6.08668e-04 0.00000e+00
34.390000 -1.45444e-03 1.18831e-03 0.00000e+00
34.400000 -1.45002e-03 1.81226e-03 0.00000e+00
34.410000 -1.45574e-03 2.26499e-03 0.00000e+00
34.420000 -1.44248e-03 2.61083e-03 0.00000e+00
34.430000 -1.40026e-03 3.04072e-03 0.00000e+00
34.440000 -1.37714e-03 3.35457e-03 0.00000e+00
34.450000 -1.37143e-03 3.69808e-03 0.00000e+00
34.460000 -1.32361e-03 4.11381e-03 0.00000e+00
34.470000 -1.28120e-03 4.37111e-03 0.00000e+00
34.480000 -1.20604e-03 4.63057e-03 0.00000e+00
34.490000 -1.15631e-03 4.80838e-03 0.00000e+00
34.500000 -1.10519e-03 4.92147e-03 0.00000e+00
34.510000 -1.04148e-03 5.03831e-03 0.00000e+00
34.520000 -9.81191e-04 5.18151e-03 0.00000e+00
34.530000 -9.35652e-04 5.24598e-03 0.00000e+00
34.540000 -8.78109e-04 5.17223e-03 0.00000e+00
34.550000 -8.04708e-04 5.18382e-03 0.00000e+00
34.560000 -7.48867e-04 5.22133e-03 0.00000e+00
34.570000 -7.18025e-04 5.13980e-03 0.00000e+00
34.580000 -6.79465e-04 4.94982e-03 0.00000e+00
34.590000 -6.20321e-04 4.71859e-03 0.00000e+00
34.600000 -5.69888e-04 4.54260e-03 0.00000e+00
34.610000 -5.34736e-04 4.42804e-03 0.00000e+00
34.620000 -4.63109e-04 4.22085e-03 0.00000e+00
34.630000 -4.35497e-04 4.06969e-03 0.00000e+00
34.640000 -4.11266e-04 4.00743e-03 0.00000e+00
34.650000 -3.71594e-04 4.02338e-03 0.00000e+00
34.660000 -3.51517e-04 4.03296e-03 0.00000e+00
34.670000 -3.06019e-04 3.96108e-03 0.00000e+00
34.680000 -2.81262e-04 4.00494e-03 0.00000e+00
34.690000 -2.37701e-04 4.08512e-03 0.00000e+00
34.700000 -2.12674e-04 4.08293e-03 0.00000e+00
34.710000 -1.67066e-04 4.09066e-03 0.00000e+00
34.720000 -1.02694e-04 4.20144e-03 0.00000e+00
34.730000 -7.49994e-05 4.36446e-03 0.00000e+00
34.740000 -4.60964e-05 4.48670e-03 0.00000e+00
34.750000 1.27884e-05 4.57048e-03 0.00000e+00
34.760000 5.87159e-05 4.74816e-03 0.00000e+00
34.770000 1.29545e-04 4.95961e-03 0.00000e+00
34.780000 1.92245e-04 5.07401e-03 0.00000e+00
34.790000 2.45770e-04 5.34720e-03 0.00000e+00
34.800000 3.09104e-04 5.67625e-03 0.00000e+00
34.810000 3.51008e-04 5.82932e-03 0.00000e+00
34.820000 4.04318e-04 5.93239e-03 0.00000e+00
34.830000 4.38251e-04 5.97652e-03 0.00000e+00
34.840000 5.09567e-04 6.06947e-03 0.00000e+00
34.850000 5.69016e-04 6.18165e-03 0.00000e+00
34.860000 6.10008e-04 6.20085e-03 0.00000e+00
34.870000 6.70435e-04 6.16348e-03 0.00000e+00
34.880000 7.43827e-04 6.13697e-03 0.00000e+00
34.890000 8.11589e-04 6.20259e-03 0.00000e+00
34.900000 8.83606e-04 6.16496e-03 0.00000e+00
34.910000 9.46672e-04 5.97064e-03 0.00000e+00
34.920000 1.00754e-03 5.83302e-03 0.00000e+00
34.930000 1.07337e-03 5.61641e-03 0.00000e+00
34.940000 1.12037e-03 5.37467e-03 0.00000e+00
34.950000 1.18740e-03 5.23077e-03 0.00000e+00
34.960000 1.26268e-03 5.00213e-03 0.00000e+00
34.970000 1.28046e-03 4.71745e-03 0.00000e+00
34.980000 1.31474e-03 4.34208e-03 0.00000e+00
34.990000 1.34834e-03 3.82662e-03 0.00000e+00
35.000000 1.39885e-03 3.20568e-03 0.00000e+00
35.010000 1.44093e-03 2.55665e-03 0.00000e+00
35.020000 1.45588e-03 1.90819e-03 0.00000e+00
35.030000 1.46712e-03 1.18264e-03 0.00000e+00
35.040000 1.49515e-03 4.16679e-04 0.00000e+00
35.050000 1.50699e-03 -3.17515e-04 0.00000e+00
35.060000 1.50245e-03 -1.00833e-03 0.00000e+00
35.070000 1.47861e-03 -1.62197e-03 0.00000e+00
35.080000 1.47141e-03 -2.16272e-03 0.00000e+00
35.090000 1.44588e-03 -2.76630e-03 0.00000e+00
35.100000 1.39997e-03 -3.42537e-03 0.00000e+00
35.110000 1.39062e-03 -4.11708e-03 0.00000e+00
35.120000 1.33911e-03 -4.75261e-03 0.00000e+00
35.130000 1.26969e-03 -5.18559e-03 0.00000e+00
35.140000 1.20172e-03 -5.66658e-03 0.00000e+00
35.150000 1.11786e-03 -6.24490e-03 0.00000e+00
35.160000 1.03834e-03 -6.78976e-03 0.00000e+00
35.170000 9.69121e-04 -7.24631e-03 0.00000e+00
35.180000 8.94443e-04 -7.49952e-03 0.00000e+00
35.190000 8.26238e-04 -7.71221e-03 0.00000e+00
35.200000 7.58116e-04 -7.99910e-03 0.00000e+00
35.210000 6.79716e-04 -8.17219e-03 0.00000e+00
35.220000 6.14518e-04 -8.19437e-03 0.00000e+00
35.230000 5.47878e-04 -8.23719e-03 0.00000e+00
35.240000 4.74470e-04 -8.30538e-03 0.00000e+00
35.250000 3.74813e-04 -8.29858e-03 0.00000e+00
35.260000 2.60812e-04 -8.24102e-03 0.00000e+00
35.270000 1.76802e-04 -8.19383e-03 0.00000e+00
35.280000 1.00586e-04 -7.97287e-03 0.00000e+00
35.290000 3.87702e-05 -7.64327e-03 0.00000e+00
35.300000 -3.56031e-05 -7.39008e-03 0.00000e+00
35.310000 -1.32754e-04 -7.08020e-03 0.00000e+00
35.320000 -2.06884e-04 -6.76416e-03 0.00000e+00
35.330000 -2.77445e-04 -6.53664e-03 0.00000e+00
35.340000 -3.20941e-04 -6.31296e-03 0.00000e+00
35.350000 -3.71070e-04 -6.01543e-03 0.00000e+00
35.360000 -4.51012e-04 -5.61821e-03 0.00000e+00
35.370000 -5.13428e-04 -5.17931e-03 0.00000e+00
35.380000 -5.49549e-04 -4.72865e-03 0.00000e+00
35.390000 -6.04433e-04 -4.24654e-03 0.00000e+00
35.400000 -6.60371e-04 -3.70089e-03 0.00000e+00
35.410000 -6.90184e-04 -3.20997e-03 0.00000e+00
35.420000 -7.23370e-04 -2.85996e-03 0.00000e+00
35.430000 -7.44238e-04 -2.68005e-03 0.00000e+00
35.440000 -7.51606e-04 -2.57835e-03 0.00000e+00
35.450000 -7.55034e-04 -2.38167e-03 0.00000e+00
35.460000 -7.79443e-04 -2.11179e-03 0.00000e+00
35.470000 -7.94582e-04 -1.81503e-03 0.00000e+00
35.480000 -8.09511e-04 -1.64917e-03 0.00000e+00
35.490000 -8.47406e-04 -1.64221e-03 0.00000e+00
35.500000 -8.69738e-04 -1.66961e-03 0.00000e+00
35.510000 -8.69088e-04 -1.61593e-03 0.00000e+00
35.520000 -8.57425e-04 -1.50084e-03 0.00000e+00
35.530000 -8.64668e-04 -1.48673e-03 0.00000e+00
35.540000 -8.83762e-04 -1.60012e-03 0.00000e+00
35.550000 -8.95155e-04 -1.71855e-03 0.00000e+00
35.560000 -9.25753e-04 -1.85930e-03 0.00000e+00
35.570000 -9.50991e-04 -2.09503e-03 0.00000e+00
35.580000 -1.00625e-03 -2.31542e-03 0.00000e+00
35.590000 -1.02419e-03 -2.42946e-03 0.00000e+00
35.600000 -1.06024e-03 -2.42267e-03 0.00000e+00
35.610000 -1.06013e-03 -2.38186e-03 0.00000e+00
35.620000 -1.06367e-03 -2.30911e-03 0.00000e+00
35.630000 -1.08276e-03 -2.19620e-03 0.00000e+00
35.640000 -1.11095e-03 -2.10501e-03 0.00000e+00
35.650000 -1.15931e-03 -1.98229e-03 0.00000e+00
35.660000 -1.19138e-03 -1.91405e-03 0.00000e+00
35.670000 -1.19585e-03 -1.91952e-03 0.00000e+00
35.680000 -1.20409e-03 -1.78008e-03 0.00000e+00
35.690000 -1.22740e-03 -1.42701e-03 0.00000e+00
35.700000 -1.25511e-03 -1.08804e-03 0.00000e+00
35.710000 -1.28649e-03 -7.96524e-04 0.00000e+00
35.720000 -1.29189e-03 -3.69128e-04 0.00000e+00
35.730000 -1.29102e-03 5.84080e-05 0.00000e+00
35.740000 -1.27971e-03 4.00100e-04 0.00000e+00
35.750000 -1.25327e-03 7.11414e-04 0.00000e+00
35.760000 -1.21706e-03 1.12360e-03 0.00000e+00
35.770000 -1.20416e-03 1.57247e-03 0.00000e+00
35.780000 -1.20677e-03 2.06970e-03 0.00000e+00
35.790000 -1.17448e-03 2.70849e-03 0.00000e+00
35.800000 -1.15385e-03 3.33221e-03 0.00000e+00
35.810000 -1.13641e-03 3.92165e-03 0.00000e+00
35.820000 -1.10193e-03 4.38582e-03 0.00000e+00
35.830000 -1.07220e-03 4.74847e-03 0.00000e+00
35.840000 -1.01653e-03 5.25751e-03 0.00000e+00
35.850000 -9.37897e-04 5.85352e-03 0.00000e+00
35.860000 -8.80044e-04 6.35253e-03 0.00000e+00
35.870000 -8.31873e-04 6.83293e-03 0.00000e+00
35.880000 -7.37980e-04 7.26297e-03 0.00000e+00
35.890000 -6.59489e-04 7.64962e-03 0.00000e+00
35.900000 -6.02680e-04 8.07921e-03 0.00000e+00
35.910000 -5.14628e-04 8.47932e-03 0.00000e+00
35.920000 -4.09165e-04 8.88942e-03 0.00000e+00
35.930000 -3.09976e-04 9.38207e-03 0.00000e+00
35.940000 -2.31519e-04 9.78695e-03 0.00000e+00
35.950000 -1.20125e-04 9.91738e-03 0.00000e+00
35.960000 -3.15202e-05 1.00182e-02 0.00000e+00
35.970000 6.38557e-05 1.01450e-02 0.00000e+00
35.980000 1.54042e-04 1.00805e-02 0.00000e+00
35.990000 2.44314e-04 9.96080e-03 0.00000e+00
36.000000 3.58166e-04 9.80514e-03 0.00000e+00
36.010000 4.85931e-04 9.56887e-03 0.00000e+00
36.020000 5.72144e-04 9.31525e-03 0.00000e+00
36.030000 6.78275e-04 8.99775e-03 0.00000e+00
36.040000 7.82149e-04 8.54376e-03 0.00000e+00
36.050000 8.57827e-04 8.10728e-03 0.00000e+00
36.060000 9.42650e-04 7.66047e-03 0.00000e+00
36.070000 1.02282e-03 7.02401e-03 0.00000e+00
36.080000 1.08386e-03 6.34574e-03 0.00000e+00
36.090000 1.15866e-03 5.76004e-03 0.00000e+00
36.100000 1.20626e-03 5.12845e-03 0.00000e+00
36.110000 1.22998e-03 4.33641e-03 0.00000e+00
36.120000 1.25838e-03 3.58182e-03 0.00000e+00
36.130000 1.31909e-03 2.87050e-03 0.00000e+00
36.140000 1.32775e-03 2.09350e-03 0.00000e+00
36.150000 1.34299e-03 1.29235e-03 0.00000e+00
36.160000 1.36585e-03 4.72827e-04 0.00000e+00
36.170000 1.35989e-03 -2.88845e-04 0.00000e+00
36.180000 1.34731e-03 -8.44877e-04 0.00000e+00
36.190000 1.33577e-03 -1.41157e-03 0.00000e+00
36.200000 1.32759e-03 -1.95362e-03 0.00000e+00
36.210000 1.30393e-03 -2.27244e-03 0.00000e+00
36.220000 1.27926e-03 -2.62761e-03 0.00000e+00
36.230000 1.23192e-03 -3.05538e-03 0.00000e+00
36.240000 1.19911e-03 -3.42930e-03 0.00000e+00
36.250000 1.16279e-03 -3.70983e-03 0.00000e+00
36.260000 1.11856e-03 -3.88059e-03 0.00000e+00
36.270000 1.05402e-03 -3.97113e-03 0.00000e+00
36.280000 1.01882e-03 -4.13281e-03 0.00000e+00
36.290000 9.86800e-04 -4.31220e-03 0.00000e+00
36.300000 9.36000e-04 -4.26424e-03 0.00000e+00
36.310000 8.86538e-04 -4.22536e-03 0.00000e+00
36.320000 8.45520e-04 -4.25046e-03 0.00000e+00
36.330000 8.09994e-04 -4.10161e-03 0.00000e+00
36.340000 7.80996e-04 -3.98646e-03 0.00000e+00
36.350000 7.61601e-04 -3.93619e-03 0.00000e+00
36.360000 7.05374e-04 -3.85036e-03 0.00000e+00
36.370000 6.98152e-04 -3.67718e-03 0.00000e+00
36.380000 6.43174e-04 -3.51624e-03 0.00000e+00
36.390000 5.80429e-04 -3.45674e-03 0.00000e+00
36.400000 5.39589e-04 -3.38027e-03 0.00000e+00
36.410000 5.25678e-04 -3.21680e-03 0.00000e+00
36.420000 5.10736e-04 -3.03907e-03 0.00000e+00
36.430000 4.77491e-04 -2.93848e-03 0.00000e+00
36.440000 4.48184e-04 -2.91763e-03 0.00000e+00
36.450000 4.02975e-04 -2.91608e-03 0.00000e+00
36.460000 3.88585e-04 -2.86709e-03 0.00000e+00
36.470000 3.62422e-04 -2.88952e-03 0.00000e+00
36.480000 3.11340e-04 -3.01052e-03 0.00000e+00
36.490000 3.03772e-04 -3.13766e-03 0.00000e+00
36.500000 2.68707e-04 -3.30159e-03 0.00000e+00
36.510000 2.19724e-04 -3.46524e-03 0.00000e+00
36.520000 2.01442e-04 -3.52177e-03 0.00000e+00
36.530000 1.67226e-04 -3.66259e-03 0.00000e+00
36.540000 1.43076e-04 -3.81849e-03 0.00000e+00
36.550000 8.51837e-05 -3.95473e-03 0.00000e+00
36.560000 6.39001e-05 -4.26281e-03 0.00000e+00
36.570000 4.90017e-05 -4.60653e-03 0.00000e+00
36.580000 5.80102e-06 -4.84501e-03 0.00000e+00
36.590000 -6.34730e-05 -4.94018e-03 0.00000e+00
36.600000 -1.16403e-04 -5.10679e-03 0.00000e+00
36.610000 -1.74539e-04 -5.30951e-03 0.00000e+00
36.620000 -2.36804e-04 -5.47668e-03 0.00000e+00
36.630000 -2.99513e-04 -5.59321e-03 0.00000e+00
36.640000 -3.69149e-04 -5.61268e-03 0.00000e+00
36.650000 -4.29588e-04 -5.75679e-03 0.00000e+00
36.660000 -4.88276e-04 -5.78181e-03 0.00000e+00
36.670000 -5.53192e-04 -5.68890e-03 0.00000e+00
36.680000 -5.91903e-04 -5.74505e-03 0.00000e+00
36.690000 -6.47634e-04 -5.72153e-03 0.00000e+00
36.700000 -7.21748e-04 -5.68595e-03 0.00000e+00
36.710000 -7.72177e-04 -5.63807e-03 0.00000e+00
36.720000 -8.32208e-04 -5.58166e-03 0.00000e+00
36.730000 -8.92261e-04 -5.45996e-03 0.00000e+00
36.740000 -9.35840e-04 -5.09677e-03 0.00000e+00
36.750000 -9.73413e-04 -4.82260e-03 0.00000e+00
36.760000 -1.01261e-03 -4.66586e-03 0.00000e+00
36.770000 -1.07884e-03 -4.40630e-03 0.00000e+00
36.780000 -1.09048e-03 -4.12657e-03 0.00000e+00
36.790000 -1.13834e-03 -3.93262e-03 0.00000e+00
36.800000 -1.16580e-03 -3.68604e-03 0.00000e+00
36.810000 -1.21103e-03 -3.38156e-03 0.00000e+00
36.820000 -1.24934e-03 -3.08994e-03 0.00000e+00
36.830000 -1.25647e-03 -2.75913e-03 0.00000e+00
36.840000 -1.31473e-03 -2.40818e-03 0.00000e+00
36.850000 -1.34493e-03 -1.91389e-03 0.00000e+00
36.860000 -1.36014e-03 -1.33540e-03 0.00000e+00
36.870000 -1.39341e-03 -8.85659e-04 0.00000e+00
36.880000 -1.37369e-03 -4.19323e-04 0.00000e+00
36.890000 -1.38392e-03 1.67499e-04 0.00000e+00
36.900000 -1.35841e-03 7.35388e-04 0.00000e+00
36.910000 -1.36593e-03 1.26604e-03 0.00000e+00
36.920000 -1.37933e-03 1.84538e-03 0.00000e+00
36.930000 -1.33279e-03 2.48899e-03 0.00000e+00
36.940000 -1.31110e-03 3.09656e-03 0.00000e+00
36.950000 -1.29869e-03 3.79374e-03 0.00000e+00
36.960000 -1.25622e-03 4.54047e-03 0.00000e+00
36.970000 -1.18570e-03 5.18245e-03 0.00000e+00
36.980000 -1.14172e-03 5.76767e-03 0.00000e+00
36.990000 -1.08180e-03 6.23503e-03 0.00000e+00
37.000000 -1.00784e-03 6.74403e-03 0.00000e+00
37.010000 -9.28777e-04 7.10321e-03 0.00000e+00
37.020000 -8.41111e-04 7.25291e-03 0.00000e+00
37.030000 -7.84713e-04 7.47223e-03 0.00000e+00
37.040000 -7.07740e-04 7.64352e-03 0.00000e+00
37.050000 -6.11318e-04 7.80834e-03 0.00000e+00
37.060000 -5.22758e-04 7.94240e-03 0.00000e+00
37.070000 -4.59380e-04 8.07684e-03 0.00000e+00
37.080000 -3.71457e-04 8.14348e-03 0.00000e+00
37.090000 -2.72659e-04 7.93451e-03 0.00000e+00
37.100000 -1.75962e-04 7.78311e-03 0.00000e+00
37.110000 -9.57776e-05 7.66439e-03 0.00000e+00
37.120000 -1.70636e-05 7.30234e-03 0.00000e+00
37.130000 3.16941e-05 6.82943e-03 0.00000e+00
37.140000 8.32048e-05 6.49463e-03 0.00000e+00
37.150000 1.36556e-04 6.16694e-03 0.00000e+00
37.160000 1.84183e-04 5.73727e-03 0.00000e+00
37.170000 2.44967e-04 5.30617e-03 0.00000e+00
37.180000 2.74372e-04 4.88060e-03 0.00000e+00
37.190000 3.46970e-04 4.53756e-03 0.00000e+00
37.200000 4.10357e-04 4.12063e-03 0.00000e+00
37.210000 4.53756e-04 3.60667e-03 0.00000e+00
37.220000 4.91718e-04 3.21835e-03 0.00000e+00
37.230000 5.25947e-04 2.91481e-03 0.00000e+00
37.240000 5.58941e-04 2.48441e-03 0.00000e+00
37.250000 5.53322e-04 2.04626e-03 0.00000e+00
37.260000 5.67642e-04 1.78254e-03 0.00000e+00
37.270000 5.94944e-04 1.61001e-03 0.00000e+00
37.280000 5.83025e-04 1.40349e-03 0.00000e+00
37.290000 5.81823e-04 1.17059e-03 0.00000e+00
37.300000 6.01901e-04 8.88377e-04 0.00000e+00
37.310000 6.33885e-04 5.69824e-04 0.00000e+00
37.320000 6.20466e-04 2.97057e-04 0.00000e+00
37.330000 6.24229e-04 5.58873e-06 0.00000e+00
37.340000 6.18808e-04 -2.34904e-04 0.00000e+00
37.350000 6.31497e-04 -4.45385e-04 0.00000e+00
37.360000 6.32103e-04 -5.31357e-04 0.00000e+00
37.370000 6.13025e-04 -4.37483e-04 0.00000e+00
37.380000 6.15356e-04 -3.95618e-04 0.00000e+00
37.390000 6.22541e-04 -4.30033e-04 0.00000e+00
37.400000 6.06011e-04 -3.86668e-04 0.00000e+00
37.410000 5.89005e-04 -2.85678e-04 0.00000e+00
37.420000 6.03008e-04 -3.38438e-04 0.00000e+00
37.430000 5.97526e-04 -4.45162e-04 0.00000e+00
37.440000 5.79069e-04 -4.49591e-04 0.00000e+00
37.450000 5.55529e-04 -5.20396e-04 0.00000e+00
37.460000 5.51521e-04 -6.68859e-04 0.00000e+00
37.470000 5.41656e-04 -6.89116e-04 0.00000e+00
37.480000 5.47640e-04 -5.26779e-04 0.00000e+00
37.490000 5.41772e-04 -4.44377e-04 0.00000e+00
37.500000 5.43981e-04 -4.81591e-04 0.00000e+00
37.510000 5.60174e-04 -4.99638e-04 0.00000e+00
37.520000 5.69503e-04 -4.55734e-04 0.00000e+00
37.530000 5.76365e-04 -3.78728e-04 0.00000e+00
37.540000 5.57632e-04 -4.33354e-04 0.00000e+00
37.550000 5.32860e-04 -5.50790e-04 0.00000e+00
37.560000 5.27656e-04 -5.88343e-04 0.00000e+00
37.570000 5.31931e-04 -6.45335e-04 0.00000e+00
37.580000 4.97045e-04 -8.28850e-04 0.00000e+00
37.590000 4.77179e-04 -9.61514e-04 0.00000e+00
37.600000 4.78429e-04 -1.06453e-03 0.00000e+00
37.610000 4.68687e-04 -1.28105e-03 0.00000e+00
37.620000 4.61935e-04 -1.53769e-03 0.00000e+00
37.630000 4.65795e-04 -1.74494e-03 0.00000e+00
37.640000 4.71872e-04 -1.93637e-03 0.00000e+00
37.650000 4.52404e-04 -2.07902e-03 0.00000e+00
37.660000 4.10874e-04 -2.22865e-03 0.00000e+00
37.670000 3.94032e-04 -2.40870e-03 0.00000e+00
37.680000 3.74789e-04 -2.47305e-03 0.00000e+00
37.690000 3.52104e-04 -2.51217e-03 0.00000e+00
37.700000 3.06647e-04 -2.54140e-03 0.00000e+00
37.710000 2.65154e-04 -2.56594e-03 0.00000e+00
37.720000 2.37118e-04 -2.66975e-03 0.00000e+00
37.730000 2.16715e-04 -2.80224e-03 0.00000e+00
37.740000 1.73608e-04 -2.81199e-03 0.00000e+00
37.750000 1.36739e-04 -2.83755e-03 0.00000e+00
37.760000 1.17476e-04 -2.94075e-03 0.00000e+00
37.770000 8.19224e-05 -2.89943e-03 0.00000e+00
37.780000 6.16413e-05 -2.79432e-03 0.00000e+00
37.790000 4.84521e-05 -2.62369e-03 0.00000e+00
37.800000 2.69430e-05 -2.30259e-03 0.00000e+00
37.810000 9.85373e-07 -1.92690e-03 0.00000e+00
37.820000 -1.52798e-05 -1.64127e-03 0.00000e+00
37.830000 -5.18709e-05 -1.50582e-03 0.00000e+00
37.840000 -5.59478e-05 -1.33623e-03 0.00000e+00
37.850000 -7.19178e-05 -1.12643e-03 0.00000e+00
37.860000 -9.39259e-05 -9.90860e-04 0.00000e+00
37.870000 -9.64652e-05 -9.12701e-04 0.00000e+00
37.880000 -1.10906e-04 -8.52565e-04 0.00000e+00
37.890000 -1.27975e-04 -7.63563e-04 0.00000e+00
37.900000 -1.30134e-04 -6.37072e-04 0.00000e+00
37.910000 -1.08967e-04 -4.95980e-04 0.00000e+00
37.920000 -1.17700e-04 -4.02368e-04 0.00000e+00
37.930000 -9.93499e-05 -2.95132e-04 0.00000e+00
37.940000 -8.16930e-05 -1.56303e-04 0.00000e+00
37.950000 -7.75387e-05 -3.32471e-05 0.00000e+00
37.960000 -5.86528e-05 7.05158e-05 0.00000e+00
37.970000 -7.51636e-05 1.65418e-04 0.00000e+00
37.980000 -1.03882e-04 2.89905e-04 0.00000e+00
37.990000 -1.27753e-04 4.11258e-04 0.00000e+00
38.000000 -1.30927e-04 4.29982e-04 0.00000e+00
38.010000 -1.28146e-04 4.50528e-04 0.00000e+00
38.020000 -1.45343e-04 4.61790e-04 0.00000e+00
38.030000 -1.38277e-04 4.09777e-04 0.00000e+00
38.040000 -1.18590e-04 4.39061e-04 0.00000e+00
38.050000 -1.01844e-04 4.61017e-04 0.00000e+00
38.060000 -9.13331e-05 3.98359e-04 0.00000e+00
38.070000 -7.22631e-05 3.42109e-04 0.00000e+00
38.080000 -5.45304e-05 3.85523e-04 0.00000e+00
38.090000 -5.62650e-05 4.55639e-04 0.00000e+00
38.100000 -4.10940e-05 5.70646e-04 0.00000e+00
38.110000 -3.27632e-05 7.82340e-04 0.00000e+00
38.120000 -3.74895e-05 9.56414e-04 0.00000e+00
38.130000 -3.38711e-05 1.15267e-03 0.00000e+00
38.140000 -1.32123e-05 1.23893e-03 0.00000e+00
38.150000 -6.51787e-06 1.12108e-03 0.00000e+00
38.160000 -1.94561e-05 9.73279e-04 0.00000e+00
38.170000 -2.08692e-05 8.52029e-04 0.00000e+00
38.180000 -1.08466e-05 7.94424e-04 0.00000e+00
38.190000 -1.23509e-05 7.29554e-04 0.00000e+00
38.200000 1.78786e-05 6.57566e-04 0.00000e+00
38.210000 2.69923e-05 6.45759e-04 0.00000e+00
38.220000 2.76989e-05 6.73970e-04 0.00000e+00
38.230000 4.13190e-05 6.94632e-04 0.00000e+00
38.240000 6.22226e-05 7.39631e-04 0.00000e+00
38.250000 8.32511e-05 8.75403e-04 0.00000e+00
38.260000 1.01169e-04 9.36975e-04 0.00000e+00
38.270000 1.10222e-04 9.00024e-04 0.00000e+00
38.280000 1.04931e-04 8.67382e-04 0.00000e+00
38.290000 9.31997e-05 7.73937e-04 0.00000e+00
38.300000 8.84171e-05 6.43245e-04 0.00000e+00
38.310000 6.16524e-05 5.59139e-04 0.00000e+00
38.320000 8.04689e-05 4.61332e-04 0.00000e+00
38.330000 9.33834e-05 2.60734e-04 0.00000e+00
38.340000 1.07401e-04 2.40547e-05 0.00000e+00
38.350000 1.23307e-04 -1.91292e-04 0.00000e+00
38.360000 1.30154e-04 -4.17997e-04 0.00000e+00
38.370000 1.29013e-04 -5.59962e-04 0.00000e+00
38.380000 1.32431e-04 -7.03322e-04 0.00000e+00
38.390000 1.35000e-04 -9.51371e-04 0.00000e+00
38.400000 1.30634e-04 -1.14109e-03 0.00000e+00
38.410000 1.27333e-04 -1.22523e-03 0.00000e+00
38.420000 1.10879e-04 -1.20716e-03 0.00000e+00
38.430000 6.38603e-05 -1.06030e-03 0.00000e+00
38.440000 4.51930e-05 -9.49012e-04 0.00000e+00
38.450000 2.72921e-05 -9.77410e-04 0.00000e+00
38.460000 8.81746e-06 -1.02558e-03 0.00000e+00
38.470000 -9.11608e-06 -1.04475e-03 0.00000e+00
38.480000 -2.59646e-05 -1.12806e-03 0.00000e+00
38.490000 -4.78196e-05 -1.10142e-03 0.00000e+00
38.500000 -5.74549e-05 -9.46961e-04 0.00000e+00
38.510000 -6.83292e-05 -8.47343e-04 0.00000e+00
38.520000 -7.62671e-05 -6.84059e-04 0.00000e+00
38.530000 -7.70979e-05 -4.83881e-04 0.00000e+00
38.540000 -7.67779e-05 -3.75889e-04 0.00000e+00
38.550000 -9.12991e-05 -2.51308e-04 0.00000e+00
38.560000 -6.79875e-05 -4.40876e-05 0.00000e+00
38.570000 -4.55083e-05 1.38009e-04 0.00000e+00
38.580000 -2.60538e-05 2.99753e-04 0.00000e+00
38.590000 -1.23425e-05 3.98417e-04 0.00000e+00
38.600000 -1.30493e-05 2.96154e-04 0.00000e+00
38.610000 -5.13668e-05 1.44126e-04 0.00000e+00
38.620000 -4.41348e-05 6.91294e-05 0.00000e+00
38.630000 -3.35322e-05 -5.08517e-05 0.00000e+00
38.640000 -3.06042e-05 -2.11783e-04 0.00000e+00
38.650000 -3.11546e-05 -4.02517e-04 0.00000e+00
38.660000 -1.37190e-05 -6.14136e-04 0.00000e+00
38.670000 -4.33393e-05 -8.02673e-04 0.00000e+00
38.680000 -4.49410e-05 -9.69883e-04 0.00000e+00
38.690000 -4.62275e-05 -1.15322e-03 0.00000e+00
38.700000 -6.47010e-05 -1.34695e-03 0.00000e+00
38.710000 -8.56039e-05 -1.51487e-03 0.00000e+00
38.720000 -7.48951e-05 -1.61683e-03 0.00000e+00
38.730000 -1.02853e-04 -1.54424e-03 0.00000e+00
38.740000 -1.28440e-04 -1.31667e-03 0.00000e+00
38.750000 -1.59523e-04 -1.05743e-03 0.00000e+00
38.760000 -1.90836e-04 -8.01457e-04 0.00000e+00
38.770000 -2.15676e-04 -6.03629e-04 0.00000e+00
38.780000 -2.09730e-04 -5.59145e-04 0.00000e+00
38.790000 -2.26597e-04 -5.25038e-04 0.00000e+00
38.800000 -2.38508e-04 -3.37637e-04 0.00000e+00
38.810000 -2.42322e-04 -8.32194e-05 0.00000e+00
38.820000 -2.39659e-04 1.96779e-04 0.00000e+00
38.830000 -2.28553e-04 5.35014e-04 0.00000e+00
38.840000 -2.18603e-04 7.23139e-04 0.00000e+00
38.850000 -2.09125e-04 8.59152e-04 0.00000e+00
38.860000 -1.93954e-04 1.13416e-03 0.00000e+00
38.870000 -1.66889e-04 1.32820e-03 0.00000e+00
38.880000 -1.20882e-04 1.45841e-03 0.00000e+00
38.890000 -7.28867e-05 1.67409e-03 0.00000e+00
38.900000 -4.89565e-05 1.86914e-03 0.00000e+00
38.910000 -4.62810e-05 1.95745e-03 0.00000e+00
38.920000 -4.61870e-05 1.96102e-03 0.00000e+00
38.930000 -5.00417e-05 1.83497e-03 0.00000e+00
38.940000 -4.67432e-05 1.65292e-03 0.00000e+00
38.950000 -3.41502e-05 1.55880e-03 0.00000e+00
38.960000 -6.75490e-06 1.46773e-03 0.00000e+00
38.970000 2.18814e-05 1.28995e-03 0.00000e+00
38.980000 3.78690e-05 1.08866e-03 0.00000e+00
38.990000 4.27125e-05 8.25500e-04 0.00000e+00
39.000000 3.86954e-05 5.19656e-04 0.00000e+00
39.010000 2.97820e-05 2.95802e-04 0.00000e+00
39.020000 6.72207e-05 1.06222e-04 0.00000e+00
39.030000 6.35770e-05 -1.47909e-04 0.00000e+00
39.040000 6.04461e-05 -3.61823e-04 0.00000e+00
39.050000 7.07482e-05 -4.15014e-04 0.00000e+00
39.060000 6.71827e-05 -3.44315e-04 0.00000e+00
39.070000 5.39423e-05 -3.85344e-04 0.00000e+00
39.080000 3.78313e-05 -6.04954e-04 0.00000e+00
39.090000 1.33146e-05 -8.51221e-04 0.00000e+00
39.100000 2.20686e-06 -1.05743e-03 0.00000e+00
39.110000 3.66673e-06 -1.18806e-03 0.00000e+00
39.120000 4.63350e-07 -1.24278e-03 0.00000e+00
39.130000 -2.28822e-05 -1.26621e-03 0.00000e+00
39.140000 -3.98094e-05 -1.22124e-03 0.00000e+00
39.150000 -6.41863e-05 -1.10980e-03 0.00000e+00
39.160000 -8.11159e-05 -1.01554e-03 0.00000e+00
39.170000 -7.79639e-05 -9.62887e-04 0.00000e+00
39.180000 -6.30582e-05 -9.32834e-04 0.00000e+00
39.190000 -9.00930e-05 -7.57824e-04 0.00000e+00
39.200000 -9.84580e-05 -5.07612e-04 0.00000e+00
39.210000 -9.35344e-05 -3.64421e-04 0.00000e+00
39.220000 -9.71521e-05 -1.49068e-04 0.00000e+00
39.230000 -1.26686e-04 1.46540e-04 0.00000e+00
39.240000 -1.57266e-04 3.80754e-04 0.00000e+00
39.250000 -1.42968e-04 4.82726e-04 0.00000e+00
39.260000 -1.15708e-04 5.01808e-04 0.00000e+00
39.270000 -9.30745e-05 5.18021e-04 0.00000e+00
39.280000 -7.64666e-05 5.89781e-04 0.00000e+00
39.290000 -7.71967e-05 7.29534e-04 0.00000e+00
39.300000 -7.34973e-05 8.00014e-04 0.00000e+00
39.310000 -5.14532e-05 7.25479e-04 0.00000e+00
39.320000 -3.99250e-05 5.42480e-04 0.00000e+00
39.330000 -3.72170e-05 3.62447e-04 0.00000e+00
39.340000 -2.59999e-05 2.94422e-04 0.00000e+00
39.350000 -1.32304e-05 3.50561e-04 0.00000e+00
39.360000 2.37273e-06 2.69920e-04 0.00000e+00
39.370000 -1.25748e-06 1.83691e-05 0.00000e+00
39.380000 -3.97684e-06 -1.81279e-04 0.00000e+00
39.390000 7.79635e-06 -3.37448e-04 0.00000e+00
39.400000 -1.22604e-05 -5.61859e-04 0.00000e+00
39.410000 -4.21696e-05 -8.96568e-04 0.00000e+00
39.420000 -7.11292e-05 -1.15405e-03 0.00000e+00
39.430000 -6.70283e-05 -1.25456e-03 0.00000e+00
39.440000 -7.98879e-05 -1.27804e-03 0.00000e+00
39.450000 -8.01949e-05 -1.25011e-03 0.00000e+00
39.460000 -1.01286e-04 -1.27439e-03 0.00000e+00
39.470000 -1.34498e-04 -1.37114e-03 0.00000e+00
39.480000 -1.65270e-04 -1.37332e-03 0.00000e+00
39.490000 -1.63260e-04 -1.25650e-03 0.00000e+00
39.500000 -1.54726e-04 -1.14252e-03 0.00000e+00
39.510000 -1.60461e-04 -1.03728e-03 0.00000e+00
39.520000 -1.85258e-04 -9.31192e-04 0.00000e+00
39.530000 -2.26754e-04 -7.50539e-04 0.00000e+00
39.540000 -2.28793e-04 -4.79139e-04 0.00000e+00
39.550000 -2.21774e-04 -2.49940e-04 0.00000e+00
39.560000 -2.14389e-04 3.24905e-05 0.00000e+00
39.570000 -2.16252e-04 3.20095e-04 0.00000e+00
39.580000 -2.11115e-04 4.40925e-04 0.00000e+00
39.590000 -1.95409e-04 5.13806e-04 0.00000e+00
39.600000 -1.84280e-04 6.90397e-04 0.00000e+00
39.610000 -1.71254e-04 8.45028e-04 0.00000e+00
39.620000 -1.66984e-04 9.95241e-04 0.00000e+00
39.630000 -1.71155e-04 1.20421e-03 0.00000e+00
39.640000 -1.53588e-04 1.30302e-03 0.00000e+00
39.650000 -1.22902e-04 1.30992e-03 0.00000e+00
39.660000 -1.06685e-04 1.37286e-03 0.00000e+00
39.670000 -1.03721e-04 1.51835e-03 0.00000e+00
39.680000 -9.19794e-05 1.65688e-03 0.00000e+00
39.690000 -7.28730e-05 1.70523e-03 0.00000e+00
39.700000 -3.14321e-05 1.62288e-03 0.00000e+00
39.710000 -1.74680e-05 1.52874e-03 0.00000e+00
39.720000 -1.83399e-05 1.51298e-03 0.00000e+00
39.730000 3.00615e-06 1.56416e-03 0.00000e+00
39.740000 -1.20660e-06 1.54703e-03 0.00000e+00
39.750000 2.98171e-06 1.43815e-03 0.00000e+00
39.760000 3.03880e-05 1.35824e-03 0.00000e+00
39.770000 4.08435e-05 1.29574e-03 0.00000e+00
39.780000 4.71145e-05 1.29027e-03 0.00000e+00
39.790000 8.38772e-05 1.27995e-03 0.00000e+00
39.800000 9.27604e-05 1.12692e-03 0.00000e+00
39.810000 9.12474e-05 9.17865e-04 0.00000e+00
39.820000 1.04185e-04 7.71198e-04 0.00000e+00
39.830000 1.17001e-04 6.18381e-04 0.00000e+00
39.840000 1.24057e-04 3.41181e-04 0.00000e+00
39.850000 1.30931e-04 1.39114e-05 0.00000e+00
39.860000 1.28692e-04 -2.26194e-04 0.00000e+00
39.870000 1.31421e-04 -2.82506e-04 0.00000e+00
39.880000 1.30664e-04 -3.01884e-04 0.00000e+00
39.890000 1.35966e-04 -4.97530e-04 0.00000e+00
39.900000 1.30916e-04 -6.72830e-04 0.00000e+00
39.910000 1.00784e-04 -8.15469e-04 0.00000e+00
39.920000 1.01242e-04 -1.04765e-03 0.00000e+00
39.930000 9.76298e-05 -1.21486e-03 0.00000e+00
39.940000 9.40250e-05 -1.28924e-03 0.00000e+00
39.950000 8.21871e-05 -1.33745e-03 0.00000e+00
39.960000 3.74880e-05 -1.30056e-03 0.00000e+00
39.970000 -5.96196e-07 -1.23958e-03 0.00000e+00
39.980000 -2.00005e-05 -1.25906e-03 0.00000e+00
39.990000 -3.51818e-05 -1.26849e-03 0.00000e+00
40.000000 -5.39703e-05 -1.24115e-03 0.00000e+00
40.010000 -6.64436e-05 -1.20174e-03 0.00000e+00
40.020000 -5.19123e-05 -1.05523e-03 0.00000e+00
40.030000 -3.80309e-05 -8.66704e-04 0.00000e+00
40.040000 -3.67513e-05 -7.25153e-04 0.00000e+00
40.050000 -6.89560e-05 -6.11045e-04 0.00000e+00
40.060000 -8.46069e-05 -4.41393e-04 0.00000e+00
40.070000 -7.35529e-05 -2.26070e-04 0.00000e+00
40.080000 -8.52210e-05 -1.53941e-04 0.00000e+00
40.090000 -8.69395e-05 -5.45894e-05 0.00000e+00
40.100000 -6.86018e-05 1.79634e-04 0.00000e+00
40.110000 -5.47955e-05 4.07037e-04 0.00000e+00
40.120000 -5.41095e-05 5.77334e-04 0.00000e+00
40.130000 -6.17992e-05 5.44275e-04 0.00000e+00
40.140000 -6.49243e-05 3.71109e-04 0.00000e+00
40.150000 -6.65732e-05 2.60958e-04 0.00000e+00
40.160000 -5.78666e-05 2.46766e-04 0.00000e+00
40.170000 -4.89137e-05 2.46453e-04 0.00000e+00
40.180000 -2.56057e-05 1.72505e-04 0.00000e+00
40.190000 -6.16727e-06 2.16158e-04 0.00000e+00
40.200000 -2.26420e-05 4.20731e-04 0.00000e+00
40.210000 -2.72715e-05 5.63656e-04 0.00000e+00
40.220000 -2.35171e-05 5.25531e-04 0.00000e+00
40.230000 -5.60392e-06 4.05318e-04 0.00000e+00
40.240000 -1.50441e-05 4.56338e-04 0.00000e+00
40.250000 -1.77358e-05 5.17912e-04 0.00000e+00
40.260000 4.65090e-06 4.59158e-04 0.00000e+00
40.270000 -5.89428e-06 4.93404e-04 0.00000e+00
40.280000 -2.30335e-05 5.98029e-04 0.00000e+00
40.290000 -4.12137e-05 6.09726e-04 0.00000e+00
40.300000 -4.77437e-05 4.69272e-04 0.00000e+00
40.310000 -1.91971e-05 2.67593e-04 0.00000e+00
40.320000 7.02065e-06 1.07574e-04 0.00000e+00
40.330000 2.68861e-05 -2.28322e-06 0.00000e+00
40.340000 2.70071e-05 -7.44711e-05 0.00000e+00
40.350000 3.32994e-05 -9.57398e-05 0.00000e+00
40.360000 6.47939e-05 -7.46958e-05 0.00000e+00
40.370000 5.00184e-05 -1.30091e-04 0.00000e+00
40.380000 3.15801e-05 -2.82377e-04 0.00000e+00
40.390000 2.75852e-05 -3.97207e-04 0.00000e+00
40.400000 4.05305e-05 -4.03088e-04 0.00000e+00
40.410000 4.77109e-05 -4.42087e-04 0.00000e+00
40.420000 1.20881e-05 -4.81653e-04 0.00000e+00
40.430000 3.79822e-06 -3.64700e-04 0.00000e+00
40.440000 -1.96955e-06 -2.84359e-04 0.00000e+00
40.450000 -3.28814e-05 -3.75952e-04 0.00000e+00
40.460000 -6.48885e-05 -5.52960e-04 0.00000e+00
40.470000 -7.98457e-05 -7.09991e-04 0.00000e+00
40.480000 -6.84590e-05 -7.37439e-04 0.00000e+00
40.490000 -5.83451e-05 -6.50476e-04 0.00000e+00
40.500000 -5.78519e-05 -5.39666e-04 0.00000e+00
40.510000 -5.74079e-05 -4.56737e-04 0.00000e+00
40.520000 -6.06486e-05 -3.83586e-04 0.00000e+00
40.530000 -6.30990e-05 -2.29420e-04 0.00000e+00
40.540000 -6.54716e-05 -9.56425e-05 0.00000e+00
40.550000 -6.52425e-05 -6.07415e-05 0.00000e+00
40.560000 -4.51772e-05 -1.35035e-05 0.00000e+00
40.570000 -3.73477e-05 1.10870e-04 0.00000e+00
40.580000 -3.64986e-05 2.89253e-04 0.00000e+00
40.590000 -1.74620e-05 3.77045e-04 0.00000e+00
40.600000 -3.37107e-05 3.93330e-04 0.00000e+00
40.610000 -5.95029e-05 4.15594e-04 0.00000e+00
40.620000 -7.23413e-05 3.58284e-04 0.00000e+00
40.630000 -6.43921e-05 2.12953e-04 0.00000e+00
40.640000 -5.00622e-05 4.19013e-05 0.00000e+00
40.650000 -4.21382e-05 -5.69261e-05 0.00000e+00
40.660000 -3.62676e-05 3.93761e-06 0.00000e+00
40.670000 -3.43899e-05 9.97777e-05 0.00000e+00
40.680000 -3.11185e-05 1.19414e-04 0.00000e+00
40.690000 -3.00797e-05 6.67803e-05 0.00000e+00
40.700000 -2.93713e-05 3.26270e-07 0.00000e+00
40.710000 -2.53023e-05 -5.00685e-05 0.00000e+00
40.720000 -2.46421e-05 -1.14378e-04 0.00000e+00
40.730000 -2.34744e-05 -9.27153e-05 0.00000e+00
40.740000 -2.30631e-05 -1.43769e-05 0.00000e+00
40.750000 -2.66409e-05 4.30648e-05 0.00000e+00
40.760000 -3.63450e-05 2.11237e-04 0.00000e+00
40.770000 -5.05738e-05 3.20327e-04 0.00000e+00
40.780000 -5.68727e-05 1.83631e-04 0.00000e+00
40.790000 -5.35998e-05 5.77888e-06 0.00000e+00
40.800000 -5.06166e-05 -4.74791e-05 0.00000e+00
40.810000 -4.35547e-05 -2.66039e-07 0.00000e+00
40.820000 -2.30435e-05 5.49570e-05 0.00000e+00
40.830000 -5.08313e-06 1.31719e-04 0.00000e+00
40.840000 -2.80664e-05 1.92916e-04 0.00000e+00
40.850000 -3.97951e-05 2.32386e-04 0.00000e+00
40.860000 -4.34396e-05 2.75478e-04 0.00000e+00
40.870000 -2.65356e-05 2.80252e-04 0.00000e+00
40.880000 -2.40194e-05 3.03975e-04 0.00000e+00
40.890000 -1.14606e-05 3.65592e-04 0.00000e+00
40.900000 3.76586e-06 3.86303e-04 0.00000e+00
40.910000 5.97956e-06 3.83951e-04 0.00000e+00
40.920000 1.09748e-05 4.05290e-04 0.00000e+00
40.930000 8.62947e-06 4.04270e-04 0.00000e+00
40.940000 -2.92170e-05 2.52280e-04 0.00000e+00
40.950000 -2.98102e-05 2.46097e-05 0.00000e+00
40.960000 -6.38823e-06 -1.12584e-04 0.00000e+00
40.970000 1.23183e-05 -2.41588e-04 0.00000e+00
40.980000 1.19861e-05 -4.11912e-04 0.00000e+00
40.990000 1.40725e-05 -4.85187e-04 0.00000e+00
41.000000 1.46891e-05 -4.26083e-04 0.00000e+00
41.010000 -1.28583e-07 -5.17033e-04 0.00000e+00
41.020000 -1.05978e-06 -7.58262e-04 0.00000e+00
41.030000 -1.15811e-05 -9.22643e-04 0.00000e+00
41.040000 -1.86750e-05 -9.60994e-04 0.00000e+00
41.050000 -1.69282e-05 -9.79113e-04 0.00000e+00
41.060000 -3.18570e-05 -9.92215e-04 0.00000e+00
41.070000 -5.35190e-05 -8.85336e-04 0.00000e+00
41.080000 -6.01271e-05 -7.42601e-04 0.00000e+00
41.090000 -7.71992e-05 -6.08390e-04 0.00000e+00
41.100000 -1.08515e-04 -4.47895e-04 0.00000e+00
41.110000 -1.41501e-04 -4.26401e-04 0.00000e+00
41.120000 -1.27710e-04 -4.20961e-04 0.00000e+00
41.130000 -1.26168e-04 -1.79644e-04 0.00000e+00
41.140000 -1.36842e-04 1.47842e-04 0.00000e+00
41.150000 -1.28501e-04 3.76642e-04 0.00000e+00
41.160000 -1.07484e-04 5.12436e-04 0.00000e+00
41.170000 -1.12425e-04 6.37857e-04 0.00000e+00
41.180000 -1.30956e-04 6.95818e-04 0.00000e+00
41.190000 -1.03792e-04 7.36071e-04 0.00000e+00
41.200000 -7.57501e-05 8.15801e-04 0.00000e+00
41.210000 -5.53962e-05 8.86651e-04 0.00000e+00
41.220000 -4.53828e-05 9.84695e-04 0.00000e+00
41.230000 -1.27000e-05 1.05089e-03 0.00000e+00
41.240000 9.55122e-06 9.66236e-04 0.00000e+00
41.250000 1.70088e-05 8.75155e-04 0.00000e+00
41.260000 2.45461e-05 8.03814e-04 0.00000e+00
41.270000 3.31280e-05 6.00753e-04 0.00000e+00
41.280000 2.73738e-05 3.18005e-04 0.00000e+00
41.290000 5.49581e-05 2.00279e-04 0.00000e+00
41.300000 5.21644e-05 1.94910e-04 0.00000e+00
41.310000 2.63777e-05 6.71517e-05 0.00000e+00
41.320000 -1.29435e-06 -6.87741e-05 0.00000e+00
41.330000 -9.57669e-06 -9.96511e-05 0.00000e+00
41.340000 -1.43538e-05 -1.72634e-04 0.00000e+00
41.350000 -1.85759e-05 -4.11802e-04 0.00000e+00
41.360000 -1.03777e-05 -6.18141e-04 0.00000e+00
41.370000 -9.67087e-06 -6.69865e-04 0.00000e+00
41.380000 -1.89642e-05 -6.47936e-04 0.00000e+00
41.390000 -2.80103e-05 -6.37710e-04 0.00000e+00
41.400000 -4.72428e-05 -5.81606e-04 0.00000e+00
41.410000 -5.99313e-05 -4.00001e-04 0.00000e+00
41.420000 -4.27749e-05 -2.38365e-04 0.00000e+00
41.430000 -5.12370e-05 -1.29570e-04 0.00000e+00
41.440000 -4.54812e-05 1.12780e-05 0.00000e+00
41.450000 -2.52805e-05 1.11821e-04 0.00000e+00
41.460000 -7.32783e-06 2.62187e-04 0.00000e+00
41.470000 -2.88971e-05 3.92435e-04 0.00000e+00
41.480000 -3.75706e-05 3.07198e-04 0.00000e+00
41.490000 -3.41672e-05 1.50951e-04 0.00000e+00
41.500000 -3.77767e-05 7.75820e-05 0.00000e+00
41.510000 -5.33649e-05 8.52749e-05 0.00000e+00
41.520000 -5.13144e-05 5.11440e-05 0.00000e+00
41.530000 -3.12293e-05 -2.23142e-07 0.00000e+00
41.540000 -7.63690e-06 5.46055e-05 0.00000e+00
41.550000 4.65766e-06 1.29626e-04 0.00000e+00
41.560000 6.28899e-06 9.71348e-05 0.00000e+00
41.570000 1.88597e-05 -1.96095e-05 0.00000e+00
41.580000 2.45379e-05 -5.58179e-05 0.00000e+00
41.590000 3.96161e-06 7.55842e-05 0.00000e+00
41.600000 -5.00873e-07 1.38575e-04 0.00000e+00
41.610000 -1.01704e-05 1.31098e-04 0.00000e+00
41.620000 -2.91561e-05 2.57190e-04 0.00000e+00
41.630000 -3.70922e-05 4.43359e-04 0.00000e+00
41.640000 -6.32463e-05 4.47602e-04 0.00000e+00
41.650000 -5.69894e-05 3.56293e-04 0.00000e+00
41.660000 -3.20034e-05 3.46512e-04 0.00000e+00
41.670000 -1.64993e-05 3.07259e-04 0.00000e+00
41.680000 -1.58316e-05 1.86612e-04 0.00000e+00
41.690000 -1.97341e-05 5.22629e-05 0.00000e+00
41.700000 3.72679e-06 -7.49551e-06 0.00000e+00
41.710000 2.95797e-05 1.68598e-05 0.00000e+00
41.720000 1.87849e-05 8.58582e-05 0.00000e+00
41.730000 1.71003e-05 1.57002e-04 0.00000e+00
41.740000 4.31276e-05 2.51285e-04 0.00000e+00
41.750000 7.36304e-05 3.71056e-04 0.00000e+00
41.760000 5.70795e-05 4.37916e-04 0.00000e+00
41.770000 3.51309e-05 4.50036e-04 0.00000e+00
41.780000 4.61499e-05 4.21918e-04 0.00000e+00
41.790000 4.29846e-05 3.28185e-04 0.00000e+00
41.800000 1.82805e-05 2.10446e-04 0.00000e+00
41.810000 -4.19616e-06 2.51626e-05 0.00000e+00
41.820000 9.77348e-06 -2.17471e-04 0.00000e+00
41.830000 -1.40645e-06 -2.94922e-04 0.00000e+00
41.840000 -8.69391e-06 -2.56744e-04 0.00000e+00
41.850000 -6.26408e-06 -3.06923e-04 0.00000e+00
41.860000 2.32336e-06 -4.42263e-04 0.00000e+00
41.870000 1.53196e-05 -4.69477e-04 0.00000e+00
41.880000 3.15062e-05 -3.30154e-04 0.00000e+00
41.890000 4.23565e-05 -3.21221e-04 0.00000e+00
41.900000 4.53844e-05 -4.20525e-04 0.00000e+00
41.910000 4.06132e-05 -3.32433e-04 0.00000e+00
41.920000 3.41396e-05 -6.93968e-05 0.00000e+00
41.930000 2.10446e-05 5.57253e-05 0.00000e+00
41.940000 -1.67324e-06 3.87347e-05 0.00000e+00
41.950000 -1.53678e-05 1.32800e-04 0.00000e+00
41.960000 -2.18317e-05 2.54250e-04 0.00000e+00
41.970000 -3.03203e-05 2.39109e-04 0.00000e+00
41.980000 -3.57340e-05 1.31957e-04 0.00000e+00
41.990000 -3.08551e-05 1.27854e-04 0.00000e+00
42.000000 1.45798e-06 7.89371e-05 0.00000e+00
42.010000 -1.06911e-05 -1.02371e-04 0.00000e+00
42.020000 -1.29293e-05 -2.31360e-04 0.00000e+00
42.030000 -1.60107e-06 -2.77189e-04 0.00000e+00
42.040000 2.43094e-05 -2.66455e-04 0.00000e+00
42.050000 1.78089e-05 -2.14507e-04 0.00000e+00
42.060000 5.29109e-06 -5.40423e-05 0.00000e+00
42.070000 3.37715e-05 1.51159e-04 0.00000e+00
42.080000 5.34502e-05 2.84231e-04 0.00000e+00
42.090000 4.06946e-05 3.59823e-04 0.00000e+00
42.100000 1.85520e-05 4.01194e-04 0.00000e+00
42.110000 3.17813e-05 3.12706e-04 0.00000e+00
42.120000 1.96767e-05 1.36856e-04 0.00000e+00
42.130000 -1.92570e-06 -1.88717e-06 0.00000e+00
42.140000 -1.73890e-05 -1.65578e-04 0.00000e+00
42.150000 -2.04808e-05 -3.26368e-04 0.00000e+00
42.160000 -2.55174e-05 -4.23802e-04 0.00000e+00
42.170000 -4.99144e-05 -3.11550e-04 0.00000e+00
42.180000 -2.67705e-05 -1.75934e-04 0.00000e+00
42.190000 -5.91383e-06 -1.95631e-04 0.00000e+00
42.200000 1.60109e-05 -1.60684e-04 0.00000e+00
42.210000 2.52271e-05 -2.69767e-05 0.00000e+00
42.220000 4.38172e-05 3.51273e-05 0.00000e+00
42.230000 5.63089e-05 -6.72905e-05 0.00000e+00
42.240000 3.24526e-05 -6.37300e-06 0.00000e+00
42.250000 8.19721e-06 2.33928e-04 0.00000e+00
42.260000 -7.99223e-06 3.68153e-04 0.00000e+00
42.270000 -2.62417e-05 3.71795e-04 0.00000e+00
42.280000 -4.81254e-05 4.36036e-04 0.00000e+00
42.290000 -3.52676e-05 4.53295e-04 0.00000e+00
42.300000 -2.37251e-05 3.13486e-04 0.00000e+00
42.310000 -1.24352e-05 1.55194e-04 0.00000e+00
42.320000 2.03664e-05 1.99712e-05 0.00000e+00
42.330000 4.00092e-05 -5.84360e-05 0.00000e+00
42.340000 6.68031e-05 -1.26681e-04 0.00000e+00
42.350000 3.54629e-05 -1.08425e-04 0.00000e+00
42.360000 3.53050e-05 -1.26323e-05 0.00000e+00
42.370000 3.64944e-05 1.15164e-04 0.00000e+00
42.380000 3.18763e-05 2.58957e-04 0.00000e+00
42.390000 1.75609e-05 3.97520e-04 0.00000e+00
42.400000 3.34016e-05 5.76387e-04 0.00000e+00
42.410000 6.34658e-05 6.35338e-04 0.00000e+00
42.420000 4.52627e-05 5.25175e-04 0.00000e+00
42.430000 2.93046e-05 3.73926e-04 0.00000e+00
42.440000 1.83142e-05 1.95037e-04 0.00000e+00
42.450000 1.13778e-05 -5.66934e-05 0.00000e+00
42.460000 -1.46615e-05 -2.57564e-04 0.00000e+00
42.470000 4.24926e-06 -3.32715e-04 0.00000e+00
42.480000 1.57664e-05 -3.86694e-04 0.00000e+00
42.490000 3.90493e-05 -3.65794e-04 0.00000e+00
42.500000 6.06094e-05 -3.26437e-04 0.00000e+00
42.510000 7.32260e-05 -2.61672e-04 0.00000e+00
42.520000 6.61637e-05 -2.86271e-04 0.00000e+00
42.530000 5.76432e-05 -4.60490e-04 0.00000e+00
42.540000 5.96190e-05 -5.92141e-04 0.00000e+00
42.550000 4.17808e-05 -7.04518e-04 0.00000e+00
42.560000 2.68191e-05 -8.20870e-04 0.00000e+00
42.570000 6.29575e-06 -8.84992e-04 0.00000e+00
42.580000 -2.79175e-05 -8.19622e-04 0.00000e+00
42.590000 -4.57853e-05 -7.79701e-04 0.00000e+00
42.600000 -5.56248e-05 -8.40150e-04 0.00000e+00
42.610000 -6.35551e-05 -9.11404e-04 0.00000e+00
42.620000 -6.75164e-05 -9.89995e-04 0.00000e+00
42.630000 -5.72466e-05 -1.08552e-03 0.00000e+00
42.640000 -5.74900e-05 -1.06868e-03 0.00000e+00
42.650000 -6.96262e-05 -9.69273e-04 0.00000e+00
42.660000 -7.81066e-05 -8.16003e-04 0.00000e+00
42.670000 -9.94936e-05 -5.19796e-04 0.00000e+00
42.680000 -9.85834e-05 -2.01133e-04 0.00000e+00
42.690000 -1.26189e-04 -1.98623e-05 0.00000e+00
42.700000 -1.32117e-04 5.66091e-05 0.00000e+00
42.710000 -1.20667e-04 2.08888e-04 0.00000e+00
42.720000 -1.08735e-04 3.84091e-04 0.00000e+00
42.730000 -9.98269e-05 5.33658e-04 0.00000e+00
42.740000 -9.53779e-05 6.83929e-04 0.00000e+00
42.750000 -8.46273e-05 7.06034e-04 0.00000e+00
42.760000 -8.10432e-05 6.88330e-04 0.00000e+00
42.770000 -7.69508e-05 7.50840e-04 0.00000e+00
42.780000 -6.89572e-05 7.86445e-04 0.00000e+00
42.790000 -5.25719e-05 7.51591e-04 0.00000e+00
42.800000 -2.62559e-05 7.49209e-04 0.00000e+00
42.810000 -1.05042e-05 8.60228e-04 0.00000e+00
42.820000 -6.75355e-06 9.10901e-04 0.00000e+00
42.830000 1.86768e-05 8.44677e-04 0.00000e+00
42.840000 1.90966e-05 7.44360e-04 0.00000e+00
42.850000 1.19724e-06 6.82834e-04 0.00000e+00
42.860000 -1.41291e-05 5.61768e-04 0.00000e+00
42.870000 7.09184e-06 3.04554e-04 0.00000e+00
42.880000 2.67387e-05 9.76597e-05 0.00000e+00
42.890000 2.91733e-05 8.13329e-06 0.00000e+00
42.900000 3.03563e-05 -4.29829e-05 0.00000e+00
42.910000 2.08070e-05 -1.21640e-04 0.00000e+00
42.920000 4.72095e-06 -1.90189e-04 0.00000e+00
42.930000 1.85815e-05 -2.53846e-04 0.00000e+00
42.940000 7.78172e-06 -3.28558e-04 0.00000e+00
42.950000 -7.33100e-06 -4.13074e-04 0.00000e+00
42.960000 -1.00821e-05 -4.78152e-04 0.00000e+00
42.970000 6.91167e-06 -4.25908e-04 0.00000e+00
42.980000 9.22900e-06 -3.54100e-04 0.00000e+00
42.990000 -2.41942e-05 -3.09734e-04 0.00000e+00
43.000000 -2.80232e-05 -1.63151e-04 0.00000e+00
43.010000 -2.72062e-05 -3.23854e-05 0.00000e+00
43.020000 -3.45400e-05 -7.44451e-05 0.00000e+00
43.030000 -5.64038e-05 -2.12796e-04 0.00000e+00
43.040000 -5.83843e-05 -2.57770e-04 0.00000e+00
43.050000 -3.47234e-05 -2.01046e-04 0.00000e+00
43.060000 -1.89125e-05 -1.67817e-04 0.00000e+00
43.070000 -2.36601e-05 -1.20922e-04 0.00000e+00
43.080000 -2.40812e-05 -4.81357e-05 0.00000e+00
43.090000 -2.17836e-05 -8.70319e-06 0.00000e+00
43.100000 -2.29851e-05 5.63438e-05 0.00000e+00
43.110000 -2.16387e-05 1.19947e-04 0.00000e+00
43.120000 -2.32339e-05 1.08724e-04 0.00000e+00
43.130000 -1.04065e-05 8.64486e-05 0.00000e+00
43.140000 -5.20947e-07 1.50216e-04 0.00000e+00
43.150000 -1.30899e-05 2.61217e-04 0.00000e+00
43.160000 -2.57628e-06 2.09797e-04 0.00000e+00
43.170000 -1.75203e-05 4.95651e-05 0.00000e+00
43.180000 -4.42249e-05 -6.63939e-05 0.00000e+00
43.190000 -5.78064e-05 -1.80541e-04 0.00000e+00
43.200000 -5.10849e-05 -3.34581e-04 0.00000e+00
43.210000 -3.92946e-05 -5.03463e-04 0.00000e+00
43.220000 -3.42819e-05 -5.83744e-04 0.00000e+00
43.230000 -2.20181e-05 -4.89613e-04 0.00000e+00
43.240000 -8.36236e-06 -3.76598e-04 0.00000e+00
43.250000 -1.05120e-05 -3.51867e-04 0.00000e+00
43.260000 -2.02853e-05 -3.51263e-04 0.00000e+00
43.270000 -3.26029e-05 -3.50929e-04 0.00000e+00
43.280000 -3.93618e-05 -2.89652e-04 0.00000e+00
43.290000 -4.91180e-05 -2.57421e-04 0.00000e+00
43.300000 -5.63623e-05 -2.16632e-04 0.00000e+00
43.310000 -6.16552e-05 -4.68333e-05 0.00000e+00
43.320000 -8.07499e-05 1.06243e-04 0.00000e+00
43.330000 -1.05506e-04 2.29522e-04 0.00000e+00
43.340000 -1.08389e-04 3.02978e-04 0.00000e+00
43.350000 -9.83177e-05 2.65517e-04 0.00000e+00
43.360000 -8.65389e-05 2.02022e-04 0.00000e+00
43.370000 -7.34132e-05 1.86339e-04 0.00000e+00
43.380000 -6.23530e-05 2.21625e-04 0.00000e+00
43.390000 -3.49031e-05 2.38080e-04 0.00000e+00
43.400000 -6.50835e-06 2.46251e-04 0.00000e+00
43.410000 -2.47645e-05 3.63489e-04 0.00000e+00
43.420000 -2.83641e-05 5.29211e-04 0.00000e+00
43.430000 -2.39725e-05 5.87320e-04 0.00000e+00
43.440000 -6.53723e-06 5.75243e-04 0.00000e+00
43.450000 4.52663e-06 6.67290e-04 0.00000e+00
43.460000 -3.18925e-06 7.60639e-04 0.00000e+00
43.470000 2.33103e-05 7.22921e-04 0.00000e+00
43.480000 3.11754e-05 6.87937e-04 0.00000e+00
43.490000 1.67928e-05 6.57828e-04 0.00000e+00
43.500000 4.11979e-06 5.58152e-04 0.00000e+00
43.510000 -3.85940e-06 3.74096e-04 0.00000e+00
43.520000 -6.38093e-07 2.78912e-04 0.00000e+00
43.530000 -1.66375e-06 3.03826e-04 0.00000e+00
43.540000 3.21768e-06 3.03307e-04 0.00000e+00
43.550000 6.86160e-06 2.49858e-04 0.00000e+00
43.560000 1.63213e-05 2.29799e-04 0.00000e+00
43.570000 3.61786e-05 2.91515e-04 0.00000e+00
43.580000 6.36361e-05 1.91989e-04 0.00000e+00
43.590000 5.46025e-05 -1.10729e-05 0.00000e+00
43.600000 4.85907e-05 -1.30499e-04 0.00000e+00
43.610000 6.29433e-05 -1.91512e-04 0.00000e+00
43.620000 7.73824e-05 -1.83762e-04 0.00000e+00
43.630000 3.81260e-05 -2.25598e-04 0.00000e+00
43.640000 3.71744e-05 -2.45753e-04 0.00000e+00
43.650000 4.60911e-05 -1.55936e-04 0.00000e+00
43.660000 4.30371e-05 -1.39171e-04 0.00000e+00
43.670000 2.74101e-05 -2.32389e-04 0.00000e+00
43.680000 1.76733e-05 -2.68369e-04 0.00000e+00
43.690000 4.18399e-05 -2.72984e-04 0.00000e+00
43.700000 2.09634e-05 -3.73611e-04 0.00000e+00
43.710000 -1.78369e-06 -4.95200e-04 0.00000e+00
43.720000 -1.59507e-05 -5.68981e-04 0.00000e+00
43.730000 -1.77681e-05 -5.91749e-04 0.00000e+00
43.740000 -3.00951e-05 -5.35693e-04 0.00000e+00
43.750000 -4.58161e-05 -3.43841e-04 0.00000e+00
43.760000 -2.21286e-05 -2.06256e-04 0.00000e+00
43.770000 -1.78864e-05 -2.09921e-04 0.00000e+00
43.780000 -7.40854e-06 -1.15239e-04 0.00000e+00
43.790000 -2.04932e-06 6.67993e-05 0.00000e+00
43.800000 -7.70618e-06 1.66337e-05 0.00000e+00
43.810000 4.14948e-07 -9.32234e-05 0.00000e+00
43.820000 5.70099e-06 -1.21444e-05 0.00000e+00
43.830000 -1.38369e-05 4.13219e-05 0.00000e+00
43.840000 -1.57135e-05 -1.38317e-05 0.00000e+00
43.850000 -1.10414e-05 -1.23291e-04 0.00000e+00
43.860000 -4.24146e-05 -1.40345e-04 0.00000e+00
43.870000 -4.81816e-05 -1.83497e-04 0.00000e+00
43.880000 -3.07459e-05 -3.56942e-04 0.00000e+00
43.890000 -1.69458e-05 -5.42919e-04 0.00000e+00
43.900000 -6.52601e-06 -6.97412e-04 0.00000e+00
43.910000 -2.66692e-06 -8.39894e-04 0.00000e+00
43.920000 -3.50342e-06 -9.80253e-04 0.00000e+00
43.930000 -3.71252e-05 -1.00711e-03 0.00000e+00
43.940000 -4.02249e-05 -9.86707e-04 0.00000e+00
43.950000 -4.45535e-05 -9.49093e-04 0.00000e+00
43.960000 -7.34710e-05 -8.06915e-04 0.00000e+00
43.970000 -1.01613e-04 -6.97773e-04 0.00000e+00
43.980000 -8.00100e-05 -5.47423e-04 0.00000e+00
43.990000 -1.01201e-04 -2.72146e-04 0.00000e+00
44.000000 -1.26815e-04 -1.01254e-04 0.00000e+00
44.010000 -1.42884e-04 1.05478e-05 0.00000e+00
44.020000 -1.47643e-04 1.95490e-04 0.00000e+00
44.030000 -1.49565e-04 2.39286e-04 0.00000e+00
44.040000 -1.55341e-04 2.33806e-04 0.00000e+00
44.050000 -1.48880e-04 4.08662e-04 0.00000e+00
44.060000 -1.38545e-04 6.46420e-04 0.00000e+00
44.070000 -1.19473e-04 8.73406e-04 0.00000e+00
44.080000 -9.61986e-05 1.06197e-03 0.00000e+00
44.090000 -6.89737e-05 1.15318e-03 0.00000e+00
44.100000 -5.10853e-05 1.07656e-03 0.00000e+00
44.110000 -3.06578e-05 1.02221e-03 0.00000e+00
44.120000 3.90568e-06 1.07652e-03 0.00000e+00
44.130000 2.46931e-05 1.02278e-03 0.00000e+00
44.140000 2.65264e-05 8.61821e-04 0.00000e+00
44.150000 5.52542e-05 8.27586e-04 0.00000e+00
44.160000 4.68267e-05 7.40719e-04 0.00000e+00
44.170000 2.81892e-05 4.91600e-04 0.00000e+00
44.180000 3.34283e-05 2.78148e-04 0.00000e+00
44.190000 2.66529e-05 7.92162e-05 0.00000e+00
44.200000 1.53563e-05 -1.00031e-04 0.00000e+00
44.210000 3.91024e-05 -2.57137e-04 0.00000e+00
44.220000 3.37278e-05 -4.08254e-04 0.00000e+00
44.230000 1.58380e-05 -5.43790e-04 0.00000e+00
44.240000 -3.70194e-06 -6.21529e-04 0.00000e+00
44.250000 -2.83061e-05 -6.39528e-04 0.00000e+00
44.260000 -4.67927e-05 -6.10550e-04 0.00000e+00
44.270000 -4.21546e-05 -6.03707e-04 0.00000e+00
44.280000 -2.20068e-05 -5.41241e-04 0.00000e+00
44.290000 -3.51553e-05 -3.10679e-04 0.00000e+00
44.300000 -4.48761e-05 -1.69780e-05 0.00000e+00
44.310000 -4.42259e-05 1.97789e-04 0.00000e+00
44.320000 -4.23728e-05 4.32538e-04 0.00000e+00
44.330000 -6.25935e-05 5.72009e-04 0.00000e+00
44.340000 -3.27925e-05 5.70580e-04 0.00000e+00
44.350000 -2.66459e-05 6.67548e-04 0.00000e+00
44.360000 -1.60615e-05 7.77596e-04 0.00000e+00
44.370000 -2.55217e-06 8.23808e-04 0.00000e+00
44.380000 1.21787e-05 9.34011e-04 0.00000e+00
44.390000 1.37219e-05 1.03524e-03 0.00000e+00
44.400000 3.29600e-05 1.02954e-03 0.00000e+00
44.410000 4.80158e-05 9.87414e-04 0.00000e+00
44.420000 6.28127e-05 8.86830e-04 0.00000e+00
44.430000 7.55190e-05 7.42328e-04 0.00000e+00
44.440000 9.22690e-05 6.28491e-04 0.00000e+00
44.450000 1.29942e-04 6.36672e-04 0.00000e+00
44.460000 1.34136e-04 6.24019e-04 0.00000e+00
44.470000 1.23336e-04 4.95891e-04 0.00000e+00
44.480000 1.04593e-04 3.78641e-04 0.00000e+00
44.490000 9.75848e-05 2.79383e-04 0.00000e+00
44.500000 7.47368e-05 1.05527e-04 0.00000e+00
44.510000 1.03995e-04 6.07824e-05 0.00000e+00
44.520000 1.01511e-04 1.13403e-04 0.00000e+00
44.530000 9.33061e-05 7.49733e-05 0.00000e+00
44.540000 8.90513e-05 5.08667e-05 0.00000e+00
44.550000 8.63195e-05 2.03190e-05 0.00000e+00
44.560000 7.73431e-05 -7.51987e-05 0.00000e+00
44.570000 8.55166e-05 -9.89523e-05 0.00000e+00
44.580000 8.29181e-05 -3.99790e-05 0.00000e+00
44.590000 8.37708e-05 -1.60506e-05 0.00000e+00
44.600000 8.78651e-05 2.27471e-05 0.00000e+00
44.610000 9.69695e-05 6.68462e-05 0.00000e+00
44.620000 1.08621e-04 1.88486e-04 0.00000e+00
44.630000 1.00038e-04 3.57638e-04 0.00000e+00
44.640000 1.03314e-04 4.12275e-04 0.00000e+00
44.650000 1.12897e-04 3.65924e-04 0.00000e+00
44.660000 1.19748e-04 3.29537e-04 0.00000e+00
44.670000 1.31380e-04 2.49276e-04 0.00000e+00
44.680000 1.51254e-04 2.90316e-04 0.00000e+00
44.690000 1.27443e-04 4.22105e-04 0.00000e+00
44.700000 1.24673e-04 4.08998e-04 0.00000e+00
44.710000 1.21609e-04 3.51264e-04 0.00000e+00
44.720000 1.19052e-04 2.77294e-04 0.00000e+00
44.730000 1.26196e-04 1.78615e-04 0.00000e+00
44.740000 1.49182e-04 6.82184e-05 0.00000e+00
44.750000 1.34260e-04 -1.85384e-05 0.00000e+00
44.760000 1.35675e-04 -8.40584e-05 0.00000e+00
44.770000 1.37059e-04 -1.59845e-04 0.00000e+00
44.780000 1.35079e-04 -2.35570e-04 0.00000e+00
44.790000 1.42588e-04 -2.55575e-04 0.00000e+00
44.800000 1.41524e-04 -3.30620e-04 0.00000e+00
44.810000 1.25680e-04 -4.72939e-04 0.00000e+00
44.820000 1.30080e-04 -5.39384e-04 0.00000e+00
44.830000 1.32239e-04 -5.75510e-04 0.00000e+00
44.840000 1.28042e-04 -5.83610e-04 0.00000e+00
44.850000 1.38097e-04 -4.45914e-04 0.00000e+00
44.860000 1.07005e-04 -3.43699e-04 0.00000e+00
44.870000 8.91026e-05 -3.86181e-04 0.00000e+00
44.880000 7.91265e-05 -4.19342e-04 0.00000e+00
44.890000 7.06669e-05 -4.32614e-04 0.00000e+00
44.900000 6.71156e-05 -4.12571e-04 0.00000e+00
44.910000 6.01177e-05 -2.98916e-04 0.00000e+00
44.920000 7.07217e-05 -2.05829e-04 0.00000e+00
44.930000 6.09954e-05 -1.85576e-04 0.00000e+00
44.940000 5.32273e-05 -1.50740e-04 0.00000e+00
44.950000 5.25685e-05 -1.33992e-04 0.00000e+00
44.960000 5.58471e-05 -1.14587e-04 0.00000e+00
44.970000 4.18758e-05 -1.02851e-04 0.00000e+00
44.980000 5.66811e-05 -1.52187e-04 0.00000e+00
44.990000 7.12361e-05 -1.74374e-04 0.00000e+00
45.000000 7.86904e-05 -1.43613e-04 0.00000e+00
45.010000 9.44579e-05 -1.55546e-04 0.00000e+00
45.020000 1.03787e-04 -1.41906e-04 0.00000e+00
45.030000 7.36702e-05 -2.20296e-04 0.00000e+00
45.040000 6.04988e-05 -4.18678e-04 0.00000e+00
45.050000 6.53947e-05 -5.56414e-04 0.00000e+00
45.060000 6.56545e-05 -6.71869e-04 0.00000e+00
45.070000 6.20598e-05 -7.81970e-04 0.00000e+00
45.080000 5.71061e-05 -8.61423e-04 0.00000e+00
45.090000 3.80832e-05 -8.64252e-04 0.00000e+00
45.100000 2.02994e-05 -8.79972e-04 0.00000e+00
45.110000 6.59280e-06 -9.54110e-04 0.00000e+00
45.120000 -7.65909e-06 -9.92409e-04 0.00000e+00
45.130000 -1.92792e-05 -9.90648e-04 0.00000e+00
45.140000 -2.99193e-05 -9.90080e-04 0.00000e+00
45.150000 -3.55370e-05 -9.21667e-04 0.00000e+00
45.160000 -4.09479e-05 -7.70709e-04 0.00000e+00
45.170000 -5.66893e-05 -5.97353e-04 0.00000e+00
45.180000 -7.08108e-05 -3.34253e-04 0.00000e+00
45.190000 -7.53028e-05 5.30998e-06 0.00000e+00
45.200000 -9.18571e-05 2.64168e-04 0.00000e+00
45.210000 -7.93280e-05 4.08337e-04 0.00000e+00
45.220000 -6.87827e-05 5.75140e-04 0.00000e+00
45.230000 -6.29350e-05 7.76462e-04 0.00000e+00
45.240000 -4.99646e-05 9.49429e-04 0.00000e+00
45.250000 -3.33501e-05 1.10506e-03 0.00000e+00
45.260000 -2.49590e-05 1.30358e-03 0.00000e+00
45.270000 -2.25362e-05 1.43692e-03 0.00000e+00
45.280000 -2.66552e-06 1.42203e-03 0.00000e+00
45.290000 1.74691e-05 1.34946e-03 0.00000e+00
45.300000 3.94181e-05 1.25189e-03 0.00000e+00
45.310000 6.47271e-05 1.11584e-03 0.00000e+00
45.320000 8.62071e-05 1.00686e-03 0.00000e+00
45.330000 1.01211e-04 9.07751e-04 0.00000e+00
45.340000 1.26818e-04 6.82189e-04 0.00000e+00
45.350000 1.41244e-04 3.67105e-04 0.00000e+00
45.360000 1.38367e-04 4.77459e-05 0.00000e+00
45.370000 1.23538e-04 -3.28898e-04 0.00000e+00
45.380000 1.04360e-04 -6.46974e-04 0.00000e+00
45.390000 1.02342e-04 -8.69736e-04 0.00000e+00
45.400000 9.48218e-05 -1.16132e-03 0.00000e+00
45.410000 8.48068e-05 -1.45715e-03 0.00000e+00
45.420000 7.62581e-05 -1.68691e-03 0.00000e+00
45.430000 6.07666e-05 -1.91378e-03 0.00000e+00
45.440000 -2.60623e-06 -2.09253e-03 0.00000e+00
45.450000 -3.33942e-05 -2.19348e-03 0.00000e+00
45.460000 -5.13268e-05 -2.28652e-03 0.00000e+00
45.470000 -7.07593e-05 -2.33337e-03 0.00000e+00
45.480000 -9.17811e-05 -2.28438e-03 0.00000e+00
45.490000 -1.05057e-04 -2.17254e-03 0.00000e+00
45.500000 -1.48649e-04 -1.99708e-03 0.00000e+00
45.510000 -1.80955e-04 -1.73730e-03 0.00000e+00
45.520000 -1.93812e-04 -1.43220e-03 0.00000e+00
45.530000 -2.06141e-04 -1.12292e-03 0.00000e+00
45.540000 -2.14799e-04 -8.36714e-04 0.00000e+00
45.550000 -2.07378e-04 -5.96240e-04 0.00000e+00
45.560000 -2.27531e-04 -3.49747e-04 0.00000e+00
45.570000 -2.36017e-04 -5.26504e-05 0.00000e+00
45.580000 -2.23801e-04 2.86503e-04 0.00000e+00
45.590000 -2.13882e-04 6.57545e-04 0.00000e+00
45.600000 -2.03260e-04 1.01729e-03 0.00000e+00
45.610000 -1.78062e-04 1.17994e-03 0.00000e+00
45.620000 -1.86018e-04 1.14766e-03 0.00000e+00
45.630000 -1.72225e-04 1.21576e-03 0.00000e+00
45.640000 -1.45231e-04 1.36273e-03 0.00000e+00
45.650000 -1.20528e-04 1.42824e-03 0.00000e+00
45.660000 -1.01158e-04 1.44303e-03 0.00000e+00
45.670000 -7.45551e-05 1.35854e-03 0.00000e+00
45.680000 -6.63041e-05 1.14908e-03 0.00000e+00
45.690000 -4.98421e-05 9.43730e-04 0.00000e+00
45.700000 -3.86453e-05 7.56908e-04 0.00000e+00
45.710000 -3.31761e-05 5.60282e-04 0.00000e+00
45.720000 -3.24681e-05 4.04370e-04 0.00000e+00
45.730000 -2.16451e-05 2.74113e-04 0.00000e+00
45.740000 -9.23755e-06 8.55515e-05 0.00000e+00
45.750000 -5.02372e-06 -9.17656e-05 0.00000e+00
45.760000 -1.96049e-05 -1.98496e-04 0.00000e+00
45.770000 -3.93463e-05 -2.75296e-04 0.00000e+00
45.780000 -6.84846e-05 -2.47935e-04 0.00000e+00
45.790000 -7.44015e-05 -2.41463e-04 0.00000e+00
45.800000 -5.26762e-05 -3.48695e-04 0.00000e+00
45.810000 -7.65038e-05 -3.70843e-04 0.00000e+00
45.820000 -9.82137e-05 -2.83528e-04 0.00000e+00
45.830000 -1.08681e-04 -1.86281e-04 0.00000e+00
45.840000 -1.18064e-04 -9.03534e-05 0.00000e+00
45.850000 -1.22387e-04 -1.08979e-04 0.00000e+00
45.860000 -1.13318e-04 -1.07852e-04 0.00000e+00
45.870000 -1.04298e-04 1.91121e-05 0.00000e+00
45.880000 -9.05798e-05 1.12171e-04 0.00000e+00
45.890000 -7.53750e-05 1.63681e-04 0.00000e+00
45.900000 -5.95265e-05 1.47949e-04 0.00000e+00
45.910000 -6.90287e-05 1.52230e-04 0.00000e+00
45.920000 -5.08190e-05 2.20674e-04 0.00000e+00
45.930000 -3.64062e-05 2.09214e-04 0.00000e+00
45.940000 -2.67865e-05 1.19263e-04 0.00000e+00
45.950000 -2.24358e-05 -1.65484e-05 0.00000e+00
45.960000 -4.42061e-05 -2.09125e-04 0.00000e+00
45.970000 -5.31820e-05 -2.19586e-04 0.00000e+00
45.980000 -3.83120e-05 -2.35359e-04 0.00000e+00
45.990000 -4.78264e-05 -4.43325e-04 0.00000e+00
46.000000 -6.65826e-05 -6.10149e-04 0.00000e+00
46.010000 -8.67099e-05 -7.07465e-04 0.00000e+00
46.020000 -1.01800e-04 -7.43722e-04 0.00000e+00
46.030000 -7.11129e-05 -7.30731e-04 0.00000e+00
46.040000 -9.30347e-05 -6.98420e-04 0.00000e+00
46.050000 -1.14320e-04 -6.34440e-04 0.00000e+00
46.060000 -1.35485e-04 -5.05844e-04 0.00000e+00
46.070000 -1.53492e-04 -3.07516e-04 0.00000e+00
46.080000 -1.37952e-04 -1.41582e-04 0.00000e+00
46.090000 -1.43681e-04 1.68093e-05 0.00000e+00
46.100000 -1.55861e-04 2.39073e-04 0.00000e+00
46.110000 -1.49434e-04 4.72088e-04 0.00000e+00
46.120000 -1.51184e-04 7.18582e-04 0.00000e+00
46.130000 -1.44641e-04 8.82202e-04 0.00000e+00
46.140000 -1.08406e-04 9.81725e-04 0.00000e+00
46.150000 -1.27763e-04 1.13867e-03 0.00000e+00
46.160000 -9.96094e-05 1.29074e-03 0.00000e+00
46.170000 -6.90150e-05 1.34029e-03 0.00000e+00
46.180000 -4.10089e-05 1.28533e-03 0.00000e+00
46.190000 -2.45838e-05 1.17477e-03 0.00000e+00
46.200000 -1.62484e-05 1.17553e-03 0.00000e+00
46.210000 -1.94674e-06 1.13076e-03 0.00000e+00
46.220000 1.86853e-05 8.93747e-04 0.00000e+00
46.230000 3.52248e-05 6.04567e-04 0.00000e+00
46.240000 4.43713e-05 2.70011e-04 0.00000e+00
46.250000 3.95694e-05 1.04866e-05 0.00000e+00
46.260000 4.08865e-05 -2.73402e-04 0.00000e+00
46.270000 4.02887e-05 -6.25488e-04 0.00000e+00
46.280000 3.83000e-05 -8.86229e-04 0.00000e+00
46.290000 2.72781e-05 -1.13045e-03 0.00000e+00
46.300000 5.83339e-06 -1.38891e-03 0.00000e+00
46.310000 -9.95424e-06 -1.53289e-03 0.00000e+00
46.320000 -3.38549e-05 -1.72003e-03 0.00000e+00
46.330000 -5.62035e-05 -1.88580e-03 0.00000e+00
46.340000 -9.15888e-05 -1.85900e-03 0.00000e+00
46.350000 -1.19589e-04 -1.77375e-03 0.00000e+00
46.360000 -1.41255e-04 -1.67597e-03 0.00000e+00
46.370000 -1.61685e-04 -1.61179e-03 0.00000e+00
46.380000 -1.99220e-04 -1.51779e-03 0.00000e+00
46.390000 -2.14657e-04 -1.34962e-03 0.00000e+00
46.400000 -2.27583e-04 -1.10294e-03 0.00000e+00
46.410000 -2.33138e-04 -7.74434e-04 0.00000e+00
46.420000 -2.33415e-04 -3.91443e-04 0.00000e+00
46.430000 -2.42137e-04 -3.51175e-05 0.00000e+00
46.440000 -2.13235e-04 2.70146e-04 0.00000e+00
46.450000 -2.08836e-04 6.56643e-04 0.00000e+00
46.460000 -2.05614e-04 1.09746e-03 0.00000e+00
46.470000 -1.93555e-04 1.46776e-03 0.00000e+00
46.480000 -1.74016e-04 1.75530e-03 0.00000e+00
46.490000 -1.59733e-04 1.87908e-03 0.00000e+00
46.500000 -1.24471e-04 2.00496e-03 0.00000e+00
46.510000 -1.09555e-04 2.13649e-03 0.00000e+00
46.520000 -9.20207e-05 2.13462e-03 0.00000e+00
46.530000 -7.79901e-05 2.09777e-03 0.00000e+00
46.540000 -5.50599e-05 1.98474e-03 0.00000e+00
46.550000 -2.08384e-05 1.84160e-03 0.00000e+00
46.560000 1.09892e-05 1.67434e-03 0.00000e+00
46.570000 5.07994e-05 1.43056e-03 0.00000e+00
46.580000 7.77125e-05 1.17355e-03 0.00000e+00
46.590000 9.10967e-05 9.54331e-04 0.00000e+00
46.600000 8.03778e-05 7.65220e-04 0.00000e+00
46.610000 9.83914e-05 6.56681e-04 0.00000e+00
46.620000 1.20223e-04 5.40524e-04 0.00000e+00
46.630000 1.00845e-04 3.26389e-04 0.00000e+00
46.640000 7.67436e-05 9.34388e-05 0.00000e+00
46.650000 4.86684e-05 -1.31126e-04 0.00000e+00
46.660000 3.30719e-05 -3.42568e-04 0.00000e+00
46.670000 6.16521e-05 -5.25447e-04 0.00000e+00
46.680000 2.47135e-05 -6.99238e-04 0.00000e+00
46.690000 1.35086e-05 -8.76401e-04 0.00000e+00
46.700000 2.41068e-06 -1.04555e-03 0.00000e+00
46.710000 -4.35045e-06 -1.17636e-03 0.00000e+00
46.720000 8.44907e-06 -1.25027e-03 0.00000e+00
46.730000 -2.09561e-05 -1.27761e-03 0.00000e+00
46.740000 -1.98160e-05 -1.16057e-03 0.00000e+00
46.750000 -9.15117e-06 -9.49957e-04 0.00000e+00
46.760000 -1.03516e-06 -7.82574e-04 0.00000e+00
46.770000 -2.34864e-06 -7.30163e-04 0.00000e+00
46.780000 -2.31484e-05 -6.81845e-04 0.00000e+00
46.790000 -4.79226e-05 -4.68082e-04 0.00000e+00
46.800000 -6.28369e-05 -3.27451e-04 0.00000e+00
46.810000 -7.69476e-05 -3.39011e-04 0.00000e+00
46.820000 -8.38069e-05 -3.74074e-04 0.00000e+00
46.830000 -8.71185e-05 -3.60959e-04 0.00000e+00
46.840000 -9.47194e-05 -1.08772e-04 0.00000e+00
46.850000 -8.77929e-05 5.26699e-05 0.00000e+00
46.860000 -8.51842e-05 7.56572e-05 0.00000e+00
46.870000 -8.14060e-05 2.02794e-04 0.00000e+00
46.880000 -7.20934e-05 3.29765e-04 0.00000e+00
46.890000 -6.73242e-05 5.36117e-04 0.00000e+00
46.900000 -4.47973e-05 6.16124e-04 0.00000e+00
46.910000 -2.46334e-05 6.37153e-04 0.00000e+00
46.920000 -3.53993e-05 8.30422e-04 0.00000e+00
46.930000 -4.31078e-05 1.05563e-03 0.00000e+00
46.940000 -4.58177e-05 1.22486e-03 0.00000e+00
46.950000 -2.68092e-05 1.24040e-03 0.00000e+00
46.960000 -1.02385e-05 1.12464e-03 0.00000e+00
46.970000 -1.88648e-05 1.02207e-03 0.00000e+00
46.980000 7.91255e-06 9.26026e-04 0.00000e+00
46.990000 3.14723e-05 7.94255e-04 0.00000e+00
47.000000 6.42434e-05 6.52677e-04 0.00000e+00
47.010000 7.50693e-05 4.69997e-04 0.00000e+00
47.020000 5.31594e-05 3.16354e-04 0.00000e+00
47.030000 8.45290e-05 1.90404e-04 0.00000e+00
47.040000 8.37487e-05 3.04668e-05 0.00000e+00
47.050000 8.50449e-05 -1.14987e-04 0.00000e+00
47.060000 8.01542e-05 -2.57026e-04 0.00000e+00
47.070000 6.01597e-05 -3.56607e-04 0.00000e+00
47.080000 8.44668e-05 -3.44460e-04 0.00000e+00
47.090000 7.37222e-05 -3.89148e-04 0.00000e+00
47.100000 4.98005e-05 -5.17740e-04 0.00000e+00
47.110000 2.06437e-05 -5.98354e-04 0.00000e+00
47.120000 -1.91167e-06 -6.09568e-04 0.00000e+00
47.130000 -1.94632e-06 -5.08343e-04 0.00000e+00
47.140000 -1.20638e-07 -4.52366e-04 0.00000e+00
47.150000 -1.52518e-05 -4.06501e-04 0.00000e+00
47.160000 -2.21176e-05 -2.41597e-04 0.00000e+00
47.170000 -2.60993e-05 1.90350e-05 0.00000e+00
47.180000 -2.59714e-05 2.94231e-04 0.00000e+00
47.190000 -1.56623e-05 4.02921e-04 0.00000e+00
47.200000 -2.03835e-05 5.18499e-04 0.00000e+00
47.210000 -1.25691e-05 6.76813e-04 0.00000e+00
47.220000 -1.61000e-06 7.40544e-04 0.00000e+00
47.230000 1.27682e-05 7.45182e-04 0.00000e+00
47.240000 3.28218e-05 6.96538e-04 0.00000e+00
47.250000 5.44601e-05 7.69184e-04 0.00000e+00
47.260000 5.38131e-05 8.21755e-04 0.00000e+00
47.270000 7.95325e-05 6.79686e-04 0.00000e+00
47.280000 9.48105e-05 4.73644e-04 0.00000e+00
47.290000 1.08044e-04 2.56219e-04 0.00000e+00
47.300000 1.21918e-04 6.87820e-05 0.00000e+00
47.310000 1.08807e-04 -5.99203e-05 0.00000e+00
47.320000 1.17276e-04 -2.07754e-04 0.00000e+00
47.330000 1.19473e-04 -4.21663e-04 0.00000e+00
47.340000 1.11424e-04 -6.51284e-04 0.00000e+00
47.350000 8.10643e-05 -8.97340e-04 0.00000e+00
47.360000 5.23097e-05 -1.08645e-03 0.00000e+00
47.370000 3.39596e-05 -1.29456e-03 0.00000e+00
47.380000 1.03492e-05 -1.56594e-03 0.00000e+00
47.390000 -1.19308e-05 -1.77582e-03 0.00000e+00
47.400000 -2.64013e-05 -1.88740e-03 0.00000e+00
47.410000 -3.03552e-05 -1.88623e-03 0.00000e+00
47.420000 -4.75169e-05 -1.75789e-03 0.00000e+00
47.430000 -8.91562e-05 -1.63731e-03 0.00000e+00
47.440000 -9.59019e-05 -1.50885e-03 0.00000e+00
47.450000 -1.01771e-04 -1.29642e-03 0.00000e+00
47.460000 -1.08100e-04 -1.06701e-03 0.00000e+00
47.470000 -1.22335e-04 -7.88047e-04 0.00000e+00
47.480000 -1.25306e-04 -6.04897e-04 0.00000e+00
47.490000 -1.47344e-04 -5.02530e-04 0.00000e+00
47.500000 -1.62663e-04 -2.61410e-04 0.00000e+00
47.510000 -1.71832e-04 3.53613e-05 0.00000e+00
47.520000 -1.73607e-04 2.16929e-04 0.00000e+00
47.530000 -1.66190e-04 2.93791e-04 0.00000e+00
47.540000 -1.73624e-04 3.76946e-04 0.00000e+00
47.550000 -1.53308e-04 4.73571e-04 0.00000e+00
47.560000 -1.18294e-04 5.03821e-04 0.00000e+00
47.570000 -8.63995e-05 5.30905e-04 0.00000e+00
47.580000 -6.36827e-05 6.66835e-04 0.00000e+00
47.590000 -5.09663e-05 8.07935e-04 0.00000e+00
47.600000 -6.10094e-05 8.46197e-04 0.00000e+00
47.610000 -5.31903e-05 8.85153e-04 0.00000e+00
47.620000 -5.16208e-05 9.55211e-04 0.00000e+00
47.630000 -5.19723e-05 1.00476e-03 0.00000e+00
47.640000 -5.69295e-05 1.00138e-03 0.00000e+00
47.650000 -7.22996e-05 9.66709e-04 0.00000e+00
47.660000 -5.15808e-05 9.47135e-04 0.00000e+00
47.670000 -2.18164e-05 8.41331e-04 0.00000e+00
47.680000 -3.47202e-05 6.21334e-04 0.00000e+00
47.690000 -4.22992e-05 3.88741e-04 0.00000e+00
47.700000 -3.92838e-05 1.96936e-04 0.00000e+00
47.710000 -2.69858e-05 -3.88840e-05 0.00000e+00
47.720000 -2.21121e-05 -2.27038e-04 0.00000e+00
47.730000 -1.75907e-05 -2.26510e-04 0.00000e+00
47.740000 8.66290e-06 -1.66285e-04 0.00000e+00
47.750000 2.21917e-05 -1.39983e-04 0.00000e+00
47.760000 1.38083e-05 -1.67450e-04 0.00000e+00
47.770000 1.48062e-05 -3.26097e-04 0.00000e+00
47.780000 2.73675e-07 -5.02380e-04 0.00000e+00
47.790000 -1.20838e-05 -6.13403e-04 0.00000e+00
47.800000 -2.40028e-05 -7.63880e-04 0.00000e+00
47.810000 -4.00243e-05 -9.44967e-04 0.00000e+00
47.820000 -5.05917e-05 -1.15929e-03 0.00000e+00
47.830000 -6.35342e-05 -1.30684e-03 0.00000e+00
47.840000 -1.08660e-04 -1.22985e-03 0.00000e+00
47.850000 -1.20952e-04 -1.20059e-03 0.00000e+00
47.860000 -1.20262e-04 -1.31669e-03 0.00000e+00
47.870000 -1.21454e-04 -1.34600e-03 0.00000e+00
47.880000 -1.26445e-04 -1.27948e-03 0.00000e+00
47.890000 -1.13342e-04 -1.18169e-03 0.00000e+00
47.900000 -1.26090e-04 -1.04490e-03 0.00000e+00
47.910000 -1.55550e-04 -8.02615e-04 0.00000e+00
47.920000 -1.80555e-04 -4.99338e-04 0.00000e+00
47.930000 -2.01470e-04 -2.21430e-04 0.00000e+00
47.940000 -2.15723e-04 3.05373e-05 0.00000e+00
47.950000 -2.03656e-04 2.53198e-04 0.00000e+00
47.960000 -2.08930e-04 4.35862e-04 0.00000e+00
47.970000 -2.09448e-04 5.98654e-04 0.00000e+00
47.980000 -1.97181e-04 7.54616e-04 0.00000e+00
47.990000 -1.79835e-04 9.17136e-04 0.00000e+00
48.000000 -1.56499e-04 1.06791e-03 0.00000e+00
48.010000 -1.30325e-04 1.08571e-03 0.00000e+00
48.020000 -1.46786e-04 1.04669e-03 0.00000e+00
48.030000 -1.15817e-04 1.09775e-03 0.00000e+00
48.040000 -8.92657e-05 1.13802e-03 0.00000e+00
48.050000 -6.92260e-05 1.09602e-03 0.00000e+00
48.060000 -5.25325e-05 1.06596e-03 0.00000e+00
48.070000 -2.85918e-05 1.02545e-03 0.00000e+00
48.080000 -2.35331e-05 8.34703e-04 0.00000e+00
48.090000 -1.50841e-05 5.65680e-04 0.00000e+00
48.100000 -1.57051e-05 2.73727e-04 0.00000e+00
48.110000 -2.27375e-05 -7.45845e-05 0.00000e+00
48.120000 -2.54666e-05 -3.13284e-04 0.00000e+00
48.130000 -2.91013e-05 -4.66123e-04 0.00000e+00
48.140000 -3.33065e-05 -6.40833e-04 0.00000e+00
48.150000 -3.32917e-05 -7.60152e-04 0.00000e+00
48.160000 -4.75471e-05 -8.72401e-04 0.00000e+00
48.170000 -6.29332e-05 -9.26702e-04 0.00000e+00
48.180000 -8.50097e-05 -8.85532e-04 0.00000e+00
48.190000 -9.42335e-05 -9.17051e-04 0.00000e+00
48.200000 -1.14262e-04 -8.87596e-04 0.00000e+00
48.210000 -1.40225e-04 -7.22990e-04 0.00000e+00
48.220000 -1.58481e-04 -5.96784e-04 0.00000e+00
48.230000 -1.61364e-04 -4.65500e-04 0.00000e+00
48.240000 -1.74722e-04 -3.11021e-04 0.00000e+00
48.250000 -1.83166e-04 -1.30760e-04 0.00000e+00
48.260000 -1.76994e-04 1.04328e-04 0.00000e+00
48.270000 -1.72776e-04 3.30175e-04 0.00000e+00
48.280000 -1.57202e-04 4.54980e-04 0.00000e+00
48.290000 -1.17905e-04 5.73936e-04 0.00000e+00
48.300000 -1.13722e-04 6.68837e-04 0.00000e+00
48.310000 -9.86678e-05 7.63716e-04 0.00000e+00
48.320000 -9.46042e-05 9.54259e-04 0.00000e+00
48.330000 -8.59316e-05 1.05515e-03 0.00000e+00
48.340000 -5.80642e-05 1.07600e-03 0.00000e+00
48.350000 -4.84094e-05 1.10426e-03 0.00000e+00
48.360000 -3.87343e-05 1.08786e-03 0.00000e+00
48.370000 -2.38121e-05 9.66612e-04 0.00000e+00
48.380000 -3.33455e-05 7.45652e-04 0.00000e+00
48.390000 -3.13758e-05 5.49088e-04 0.00000e+00
48.400000 -2.08424e-05 4.34007e-04 0.00000e+00
48.410000 -1.71640e-05 3.00011e-04 0.00000e+00
48.420000 1.34699e-06 6.52224e-05 0.00000e+00
48.430000 -4.79247e-06 -2.03510e-04 0.00000e+00
48.440000 -2.37011e-05 -4.63386e-04 0.00000e+00
48.450000 -3.64332e-05 -7.01646e-04 0.00000e+00
48.460000 -2.87705e-05 -8.03432e-04 0.00000e+00
48.470000 -4.48636e-05 -8.48019e-04 0.00000e+00
48.480000 -2.52450e-05 -9.52396e-04 0.00000e+00
48.490000 -4.39381e-05 -1.07762e-03 0.00000e+00
48.500000 -7.32424e-05 -1.15823e-03 0.00000e+00
48.510000 -7.32822e-05 -1.08332e-03 0.00000e+00
48.520000 -9.31051e-05 -1.00709e-03 0.00000e+00
48.530000 -1.22904e-04 -9.63663e-04 0.00000e+00
48.540000 -1.37997e-04 -8.95786e-04 0.00000e+00
48.550000 -1.32201e-04 -8.74117e-04 0.00000e+00
48.560000 -1.27389e-04 -7.83499e-04 0.00000e+00
48.570000 -1.44027e-04 -5.81495e-04 0.00000e+00
48.580000 -1.71543e-04 -4.02423e-04 0.00000e+00
48.590000 -1.93176e-04 -2.12479e-04 0.00000e+00
48.600000 -1.94842e-04 -2.51152e-05 0.00000e+00
48.610000 -1.86533e-04 4.53470e-05 0.00000e+00
48.620000 -1.74268e-04 7.59775e-05 0.00000e+00
48.630000 -1.54634e-04 2.47893e-04 0.00000e+00
48.640000 -1.52190e-04 4.52007e-04 0.00000e+00
48.650000 -1.52481e-04 6.48591e-04 0.00000e+00
48.660000 -1.33546e-04 8.10892e-04 0.00000e+00
48.670000 -1.08798e-04 7.96242e-04 0.00000e+00
48.680000 -1.00687e-04 7.94199e-04 0.00000e+00
48.690000 -1.12501e-04 8.27229e-04 0.00000e+00
48.700000 -9.15990e-05 8.02489e-04 0.00000e+00
48.710000 -9.26418e-05 7.47609e-04 0.00000e+00
48.720000 -6.30897e-05 7.53429e-04 0.00000e+00
48.730000 -4.54082e-05 8.21237e-04 0.00000e+00
48.740000 -5.18913e-05 7.42346e-04 0.00000e+00
48.750000 -6.57728e-05 5.02824e-04 0.00000e+00
48.760000 -5.89734e-05 2.67752e-04 0.00000e+00
48.770000 -6.40932e-05 6.16138e-05 0.00000e+00
48.780000 -5.90316e-05 -1.02602e-04 0.00000e+00
48.790000 -4.45472e-05 -2.30923e-04 0.00000e+00
48.800000 -2.71722e-05 -3.41864e-04 0.00000e+00
48.810000 -5.32527e-05 -4.00031e-04 0.00000e+00
48.820000 -6.20043e-05 -4.53738e-04 0.00000e+00
48.830000 -8.16534e-05 -5.03814e-04 0.00000e+00
48.840000 -8.22197e-05 -4.77151e-04 0.00000e+00
48.850000 -7.61273e-05 -4.11110e-04 0.00000e+00
48.860000 -7.19573e-05 -3.99895e-04 0.00000e+00
48.870000 -7.84604e-05 -3.33705e-04 0.00000e+00
48.880000 -9.04003e-05 -1.97877e-04 0.00000e+00
48.890000 -9.77954e-05 -6.48960e-06 0.00000e+00
48.900000 -1.17760e-04 2.14499e-04 0.00000e+00
48.910000 -1.45284e-04 2.77736e-04 0.00000e+00
48.920000 -1.28120e-04 2.61056e-04 0.00000e+00
48.930000 -1.19329e-04 3.11535e-04 0.00000e+00
48.940000 -1.18539e-04 4.27665e-04 0.00000e+00
48.950000 -1.06460e-04 5.28826e-04 0.00000e+00
48.960000 -9.49677e-05 6.48372e-04 0.00000e+00
48.970000 -7.71028e-05 7.79282e-04 0.00000e+00
48.980000 -4.69355e-05 8.07964e-04 0.00000e+00
48.990000 -4.80095e-05 7.53366e-04 0.00000e+00
49.000000 -3.38312e-05 6.56374e-04 0.00000e+00
49.010000 -1.40704e-05 5.89085e-04 0.00000e+00
49.020000 4.95633e-06 6.28656e-04 0.00000e+00
49.030000 1.19739e-05 7.49027e-04 0.00000e+00
49.040000 2.71396e-05 8.37793e-04 0.00000e+00
49.050000 2.28704e-05 8.01099e-04 0.00000e+00
49.060000 1.66126e-05 6.82470e-04 0.00000e+00
49.070000 -7.26245e-06 5.13875e-04 0.00000e+00
49.080000 -8.22733e-06 3.15062e-04 0.00000e+00
49.090000 1.07001e-05 2.12591e-04 0.00000e+00
49.100000 1.86082e-05 1.93561e-04 0.00000e+00
49.110000 1.83443e-05 6.56423e-05 0.00000e+00
49.120000 -3.82779e-07 -9.07563e-05 0.00000e+00
49.130000 -3.29227e-06 -1.74928e-04 0.00000e+00
49.140000 -1.52900e-05 -2.66257e-04 0.00000e+00
49.150000 -8.00999e-06 -2.62442e-04 0.00000e+00
49.160000 -1.07774e-05 -3.00606e-04 0.00000e+00
49.170000 4.09593e-06 -3.78296e-04 0.00000e+00
49.180000 2.31774e-05 -3.15785e-04 0.00000e+00
49.190000 3.15262e-05 -2.36489e-04 0.00000e+00
49.200000 2.54720e-05 -2.16459e-04 0.00000e+00
49.210000 -4.95783e-06 -2.59295e-04 0.00000e+00
49.220000 -2.26129e-05 -2.69293e-04 0.00000e+00
49.230000 -2.58330e-05 -3.30103e-04 0.00000e+00
49.240000 -1.57764e-05 -4.80644e-04 0.00000e+00
49.250000 -9.63982e-06 -5.40500e-04 0.00000e+00
49.260000 -1.73799e-05 -4.95364e-04 0.00000e+00
49.270000 -3.45346e-05 -4.58670e-04 0.00000e+00
49.280000 -5.48274e-05 -3.87411e-04 0.00000e+00
49.290000 -4.18311e-05 -3.58206e-04 0.00000e+00
49.300000 -4.42956e-05 -4.14018e-04 0.00000e+00
49.310000 -5.08973e-05 -4.48218e-04 0.00000e+00
49.320000 -3.90004e-05 -4.15773e-04 0.00000e+00
49.330000 -6.21467e-05 -3.74824e-04 0.00000e+00
49.340000 -4.10571e-05 -2.85038e-04 0.00000e+00
49.350000 -5.50462e-05 -6.40761e-05 0.00000e+00
49.360000 -7.49004e-05 8.84681e-05 0.00000e+00
49.370000 -8.99049e-05 1.51373e-04 0.00000e+00
49.380000 -9.04963e-05 1.23505e-04 0.00000e+00
49.390000 -6.95199e-05 7.10163e-05 0.00000e+00
49.400000 -8.49774e-05 6.11070e-05 0.00000e+00
49.410000 -5.57943e-05 1.37483e-04 0.00000e+00
49.420000 -4.44637e-05 3.02304e-04 0.00000e+00
49.430000 -5.16491e-05 3.29198e-04 0.00000e+00
49.440000 -4.53138e-05 2.84150e-04 0.00000e+00
49.450000 -2.85754e-05 2.27691e-04 0.00000e+00
49.460000 -4.79461e-05 1.88099e-04 0.00000e+00
49.470000 -4.01689e-05 1.81970e-04 0.00000e+00
49.480000 -2.53165e-05 1.48185e-04 0.00000e+00
49.490000 -1.87415e-05 1.43830e-04 0.00000e+00
49.500000 -2.36390e-05 1.08870e-04 0.00000e+00
49.510000 -1.00088e-05 1.25368e-04 0.00000e+00
49.520000 -2.64772e-05 1.44669e-04 0.00000e+00
49.530000 -5.09004e-05 -1.07734e-05 0.00000e+00
49.540000 -3.94559e-05 -1.63031e-04 0.00000e+00
49.550000 -4.14408e-05 -2.48276e-04 0.00000e+00
49.560000 -2.61402e-05 -1.92793e-04 0.00000e+00
49.570000 -3.62971e-05 -1.71241e-04 0.00000e+00
49.580000 -2.13153e-05 -1.39792e-04 0.00000e+00
49.590000 -4.62800e-05 -2.78988e-05 0.00000e+00
49.600000 -6.71147e-05 -7.63901e-05 0.00000e+00
49.610000 -4.94974e-05 -9.31840e-05 0.00000e+00
49.620000 -6.24260e-05 2.29493e-05 0.00000e+00
49.630000 -6.09248e-05 1.65143e-05 0.00000e+00
49.640000 -5.83658e-05 -4.35835e-05 0.00000e+00
49.650000 -5.18271e-05 3.32610e-05 0.00000e+00
49.660000 -5.34774e-05 4.82097e-05 0.00000e+00
49.670000 -4.48905e-05 3.20096e-05 0.00000e+00
49.680000 -4.78404e-05 7.97804e-05 0.00000e+00
49.690000 -5.67993e-05 2.96362e-05 0.00000e+00
49.700000 -5.36711e-05 -1.11526e-04 0.00000e+00
49.710000 -2.21626e-05 -9.88632e-05 0.00000e+00
49.720000 -2.28668e-05 -6.68096e-05 0.00000e+00
49.730000 -5.48170e-06 -2.32889e-05 0.00000e+00
49.740000 -3.67348e-05 3.17816e-05 0.00000e+00
49.750000 -2.09050e-05 4.89646e-05 0.00000e+00
49.760000 -5.16892e-05 3.81709e-05 0.00000e+00
49.770000 -4.52974e-05 -8.67895e-05 0.00000e+00
49.780000 -3.26818e-05 -1.32493e-04 0.00000e+00
49.790000 -4.27141e-05 -1.61612e-04 0.00000e+00
49.800000 -6.98048e-05 -2.02529e-04 0.00000e+00
49.810000 -5.18523e-05 -1.81782e-04 0.00000e+00
49.820000 -6.49649e-05 -1.09381e-04 0.00000e+00
49.830000 -7.70330e-05 -3.16556e-05 0.00000e+00
49.840000 -5.77447e-05 3.14760e-05 0.00000e+00
49.850000 -6.80882e-05 7.82784e-05 0.00000e+00
49.860000 -6.88228e-05 8.76258e-05 0.00000e+00
49.870000 -4.05604e-05 7.90556e-05 0.00000e+00
49.880000 -3.32853e-05 1.72933e-04 0.00000e+00
49.890000 -5.27017e-05 3.40517e-04 0.00000e+00
49.900000 -3.44227e-05 4.61670e-04 0.00000e+00
49.910000 -5.20161e-05 4.90176e-04 0.00000e+00
49.920000 -4.58519e-05 5.46922e-04 0.00000e+00
49.930000 -4.48386e-05 5.43903e-04 0.00000e+00
49.940000 -3.86897e-05 4.86592e-04 0.00000e+00
49.950000 -2.43946e-05 6.16846e-04 0.00000e+00
49.960000 -1.36728e-05 6.80687e-04 0.00000e+00
49.970000 7.93802e-06 5.81895e-04 0.00000e+00
49.980000 1.38270e-05 5.72364e-04 0.00000e+00
49.990000 2.53645e-05 5.44747e-04 0.00000e+00
50.000000 1.42089e-05 3.66189e-04 0.00000e+00
50.010000 1.75746e-05 3.26045e-04 0.00000e+00
50.020000 1.34625e-05 2.89074e-04 0.00000e+00
50.030000 2.35096e-05 1.18786e-04 0.00000e+00
50.040000 1.76254e-05 1.19636e-04 0.00000e+00
50.050000 4.01050e-05 1.46544e-04 0.00000e+00
50.060000 3.32038e-05 4.38986e-06 0.00000e+00
50.070000 2.46287e-05 -4.17029e-05 0.00000e+00
50.080000 2.71084e-05 -7.17029e-05 0.00000e+00
50.090000 2.98420e-05 -2.07593e-04 0.00000e+00
50.100000 1.02662e-05 -3.20209e-04 0.00000e+00
50.110000 3.33271e-05 -4.31506e-04 0.00000e+00
50.120000 2.44782e-05 -5.05820e-04 0.00000e+00
50.130000 -2.18920e-06 -5.47235e-04 0.00000e+00
50.140000 -4.44165e-06 -5.23452e-04 0.00000e+00
50.150000 -6.25236e-06 -4.75434e-04 0.00000e+00
50.160000 -3.49879e-05 -4.72705e-04 0.00000e+00
50.170000 -2.31047e-05 -4.80032e-04 0.00000e+00
50.180000 -1.54598e-05 -5.20871e-04 0.00000e+00
50.190000 -3.89545e-05 -5.50880e-04 0.00000e+00
50.200000 -3.51079e-05 -5.81217e-04 0.00000e+00
50.210000 -1.78539e-05 -5.96132e-04 0.00000e+00
50.220000 -5.32175e-05 -5.27411e-04 0.00000e+00
50.230000 -3.69636e-05 -4.06866e-04 0.00000e+00
50.240000 -3.88313e-05 -3.78760e-04 0.00000e+00
50.250000 -5.92085e-05 -3.41161e-04 0.00000e+00
50.260000 -7.48754e-05 -2.78874e-04 0.00000e+00
50.270000 -6.50630e-05 -3.04225e-04 0.00000e+00
50.280000 -7.34464e-05 -2.01353e-04 0.00000e+00
50.290000 -6.06073e-05 -1.66302e-05 0.00000e+00
50.300000 -6.64556e-05 -5.14807e-05 0.00000e+00
50.310000 -5.49745e-05 -8.84292e-05 0.00000e+00
50.320000 -7.45248e-05 -1.51006e-05 0.00000e+00
50.330000 -7.21688e-05 -9.06760e-05 0.00000e+00
50.340000 -7.40882e-05 -1.03421e-04 0.00000e+00
50.350000 -7.95672e-05 3.34040e-05 0.00000e+00
50.360000 -7.29504e-05 1.49064e-05 0.00000e+00
50.370000 -7.36089e-05 -2.20557e-05 0.00000e+00
50.380000 -5.28282e-05 1.31560e-04 0.00000e+00
50.390000 -5.24369e-05 1.48888e-04 0.00000e+00
50.400000 -4.90617e-05 1.60973e-04 0.00000e+00
50.410000 -6.82229e-05 2.54385e-04 0.00000e+00
50.420000 -5.27762e-05 2.10715e-04 0.00000e+00
50.430000 -6.75433e-05 1.17102e-04 0.00000e+00
50.440000 -4.88975e-05 9.41696e-05 0.00000e+00
50.450000 -3.94444e-05 1.55025e-04 0.00000e+00
50.460000 -5.67573e-05 2.25250e-04 0.00000e+00
50.470000 -7.59896e-05 2.07789e-04 0.00000e+00
50.480000 -4.48280e-05 2.24280e-04 0.00000e+00
50.490000 -5.92528e-05 2.39898e-04 0.00000e+00
50.500000 -5.66919e-05 1.93747e-04 0.00000e+00
50.510000 -2.93167e-05 2.68433e-04 0.00000e+00
50.520000 -4.17800e-05 3.05209e-04 0.00000e+00
50.530000 -4.70682e-05 2.72353e-04 0.00000e+00
50.540000 -2.12846e-05 2.45461e-04 0.00000e+00
50.550000 -1.98633e-05 2.87229e-04 0.00000e+00
50.560000 -4.07767e-05 3.56220e-04 0.00000e+00
50.570000 -1.73441e-05 3.74191e-04 0.00000e+00
50.580000 -4.21726e-05 3.09729e-04 0.00000e+00
50.590000 -2.54024e-05 3.06719e-04 0.00000e+00
50.600000 -2.30941e-05 3.07550e-04 0.00000e+00
50.610000 2.64057e-07 3.42559e-04 0.00000e+00
50.620000 -9.16413e-07 4.33102e-04 0.00000e+00
50.630000 -1.02994e-05 3.95473e-04 0.00000e+00
50.640000 -1.79440e-05 2.71627e-04 0.00000e+00
50.650000 1.71916e-05 2.23492e-04 0.00000e+00
50.660000 -1.54468e-06 1.86595e-04 0.00000e+00
50.670000 2.05242e-05 2.51483e-05 0.00000e+00
50.680000 1.85864e-05 2.47038e-05 0.00000e+00
50.690000 -3.61728e-06 1.33700e-06 0.00000e+00
50.700000 -6.44186e-06 -1.50742e-04 0.00000e+00
50.710000 6.82526e-06 -1.22242e-04 0.00000e+00
50.720000 8.14244e-06 -1.03044e-04 0.00000e+00
50.730000 6.97018e-06 -2.20826e-04 0.00000e+00
50.740000 -9.67677e-07 -2.57911e-04 0.00000e+00
50.750000 4.10560e-06 -3.24776e-04 0.00000e+00
50.760000 1.29318e-05 -3.77761e-04 0.00000e+00
50.770000 -2.25075e-06 -3.59893e-04 0.00000e+00
50.780000 4.52204e-06 -3.67254e-04 0.00000e+00
50.790000 -2.97267e-05 -3.65622e-04 0.00000e+00
50.800000 -3.02207e-05 -4.30421e-04 0.00000e+00
50.810000 -4.59267e-05 -5.17674e-04 0.00000e+00
50.820000 -4.64466e-05 -4.40013e-04 0.00000e+00
50.830000 -5.67191e-05 -3.87226e-04 0.00000e+00
50.840000 -5.68591e-05 -3.72235e-04 0.00000e+00
50.850000 -3.57312e-05 -3.14277e-04 0.00000e+00
50.860000 -6.45093e-05 -4.03740e-04 0.00000e+00
50.870000 -4.33607e-05 -4.95662e-04 0.00000e+00
50.880000 -4.30673e-05 -4.56205e-04 0.00000e+00
50.890000 -6.72550e-05 -3.76556e-04 0.00000e+00
50.900000 -5.33409e-05 -2.98948e-04 0.00000e+00
50.910000 -5.86741e-05 -2.80055e-04 0.00000e+00
50.920000 -6.16396e-05 -2.10539e-04 0.00000e+00
50.930000 -5.68546e-05 -5.23424e-06 0.00000e+00
50.940000 -7.49223e-05 9.87484e-05 0.00000e+00
50.950000 -7.80949e-05 1.47470e-04 0.00000e+00
50.960000 -7.25150e-05 1.60883e-04 0.00000e+00
50.970000 -7.34602e-05 1.57005e-04 0.00000e+00
50.980000 -6.39890e-05 1.83847e-04 0.00000e+00
50.990000 -5.97092e-05 2.08071e-04 0.00000e+00
51.000000 -7.92280e-05 2.50688e-04 0.00000e+00
51.010000 -6.96163e-05 2.47543e-04 0.00000e+00
51.020000 -8.08712e-05 3.63528e-04 0.00000e+00
51.030000 -6.83083e-05 4.26223e-04 0.00000e+00
51.040000 -4.82912e-05 4.87074e-04 0.00000e+00
51.050000 -3.02938e-05 6.81423e-04 0.00000e+00
51.060000 -2.83377e-05 6.86497e-04 0.00000e+00
51.070000 -1.53199e-05 6.87823e-04 0.00000e+00
51.080000 -2.05809e-05 7.39686e-04 0.00000e+00
51.090000 1.53809e-05 7.33344e-04 0.00000e+00
51.100000 -1.51168e-06 7.60071e-04 0.00000e+00
51.110000 -1.13310e-05 7.51357e-04 0.00000e+00
51.120000 -4.20207e-06 6.67083e-04 0.00000e+00
51.130000 1.05609e-05 6.09439e-04 0.00000e+00
51.140000 1.57469e-05 5.78969e-04 0.00000e+00
51.150000 2.66945e-05 5.37270e-04 0.00000e+00
51.160000 3.18854e-05 4.77218e-04 0.00000e+00
51.170000 4.16395e-05 3.42285e-04 0.00000e+00
51.180000 4.05738e-05 2.37679e-04 0.00000e+00
51.190000 7.13178e-05 1.21087e-04 0.00000e+00
51.200000 4.98947e-05 1.34383e-05 0.00000e+00
51.210000 7.72591e-05 1.98346e-05 0.00000e+00
51.220000 5.19858e-05 3.40598e-06 0.00000e+00
51.230000 3.96970e-05 -6.83640e-05 0.00000e+00
51.240000 4.74744e-05 -8.01172e-05 0.00000e+00
51.250000 4.21884e-05 -3.98286e-05 0.00000e+00
51.260000 4.12392e-05 4.99171e-05 0.00000e+00
51.270000 4.19611e-05 1.14635e-04 0.00000e+00
51.280000 2.99594e-05 2.31652e-05 0.00000e+00
51.290000 2.29556e-05 -1.12790e-04 0.00000e+00
51.300000 2.69301e-05 -1.39228e-04 0.00000e+00
51.310000 2.51565e-05 -1.13129e-04 0.00000e+00
51.320000 1.51214e-05 -9.14771e-05 0.00000e+00
51.330000 1.86833e-05 -8.79434e-05 0.00000e+00
51.340000 2.29442e-05 -1.84660e-04 0.00000e+00
51.350000 3.23319e-05 -2.78693e-04 0.00000e+00
51.360000 2.31225e-05 -1.99711e-04 0.00000e+00
51.370000 4.28865e-05 -1.75287e-04 0.00000e+00
51.380000 3.16343e-05 -1.60543e-04 0.00000e+00
51.390000 3.05161e-05 -1.69103e-04 0.00000e+00
51.400000 4.21285e-05 -3.71642e-04 0.00000e+00
51.410000 6.00380e-05 -4.62041e-04 0.00000e+00
51.420000 4.59888e-05 -4.26083e-04 0.00000e+00
51.430000 2.96157e-05 -4.37624e-04 0.00000e+00
51.440000 9.80502e-06 -4.43740e-04 0.00000e+00
51.450000 -1.12129e-05 -4.95387e-04 0.00000e+00
51.460000 -1.46244e-05 -6.64256e-04 0.00000e+00
51.470000 3.64008e-06 -7.56703e-04 0.00000e+00
51.480000 -2.21903e-05 -7.32060e-04 0.00000e+00
51.490000 -2.96403e-05 -7.70814e-04 0.00000e+00
51.500000 -6.10904e-05 -8.13664e-04 0.00000e+00
51.510000 -6.37808e-05 -7.66211e-04 0.00000e+00
51.520000 -4.52186e-05 -7.36471e-04 0.00000e+00
51.530000 -4.40165e-05 -7.95308e-04 0.00000e+00
51.540000 -7.81860e-05 -7.82413e-04 0.00000e+00
51.550000 -7.13069e-05 -7.52921e-04 0.00000e+00
51.560000 -1.05581e-04 -7.70430e-04 0.00000e+00
51.570000 -9.26069e-05 -6.40083e-04 0.00000e+00
51.580000 -7.51743e-05 -4.23503e-04 0.00000e+00
51.590000 -7.61610e-05 -2.97832e-04 0.00000e+00
51.600000 -1.09112e-04 -3.18355e-04 0.00000e+00
51.610000 -1.01304e-04 -3.50626e-04 0.00000e+00
51.620000 -1.34017e-04 -4.16360e-04 0.00000e+00
51.630000 -1.18654e-04 -4.44024e-04 0.00000e+00
51.640000 -1.01744e-04 -3.03623e-04 0.00000e+00
51.650000 -9.67723e-05 -2.09187e-04 0.00000e+00
51.660000 -1.25125e-04 -2.25309e-04 0.00000e+00
51.670000 -1.06429e-04 -3.03915e-04 0.00000e+00
51.680000 -1.27435e-04 -3.61558e-04 0.00000e+00
51.690000 -1.36272e-04 -1.99829e-04 0.00000e+00
51.700000 -1.41479e-04 5.36445e-07 0.00000e+00
51.710000 -1.14280e-04 -1.57502e-05 0.00000e+00
51.720000 -1.31133e-04 -8.55851e-06 0.00000e+00
51.730000 -1.02785e-04 3.78449e-05 0.00000e+00
51.740000 -1.09608e-04 1.08323e-04 0.00000e+00
51.750000 -1.22364e-04 3.55493e-04 0.00000e+00
51.760000 -1.47625e-04 5.16987e-04 0.00000e+00
51.770000 -1.41262e-04 5.27078e-04 0.00000e+00
51.780000 -1.30789e-04 5.66257e-04 0.00000e+00
51.790000 -1.23676e-04 5.98467e-04 0.00000e+00
51.800000 -1.01928e-04 6.61236e-04 0.00000e+00
51.810000 -9.32439e-05 8.32208e-04 0.00000e+00
51.820000 -1.04683e-04 9.84765e-04 0.00000e+00
51.830000 -9.34956e-05 1.03015e-03 0.00000e+00
51.840000 -7.87059e-05 1.10253e-03 0.00000e+00
51.850000 -4.14261e-05 1.16232e-03 0.00000e+00
51.860000 -2.66890e-05 1.07250e-03 0.00000e+00
51.870000 -3.63402e-05 9.84864e-04 0.00000e+00
51.880000 -3.11925e-05 1.03205e-03 0.00000e+00
51.890000 1.04961e-05 1.02860e-03 0.00000e+00
51.900000 1.32081e-05 1.01396e-03 0.00000e+00
51.910000 3.59899e-05 1.03413e-03 0.00000e+00
51.920000 2.89148e-05 9.10356e-04 0.00000e+00
51.930000 1.83649e-05 6.97181e-04 0.00000e+00
51.940000 3.90936e-05 4.35138e-04 0.00000e+00
51.950000 4.80263e-05 2.65483e-04 0.00000e+00
51.960000 5.81933e-05 1.47337e-04 0.00000e+00
51.970000 6.32030e-05 6.63559e-05 0.00000e+00
51.980000 5.69583e-05 -3.06187e-05 0.00000e+00
51.990000 5.64334e-05 -2.77124e-04 0.00000e+00
52.000000 4.84206e-05 -4.61352e-04 0.00000e+00
52.010000 4.41386e-05 -5.60023e-04 0.00000e+00
52.020000 2.20464e-05 -5.42302e-04 0.00000e+00
52.030000 1.67657e-05 -4.76475e-04 0.00000e+00
52.040000 2.37365e-05 -5.52039e-04 0.00000e+00
52.050000 2.32201e-05 -6.31533e-04 0.00000e+00
52.060000 -3.23941e-06 -5.89123e-04 0.00000e+00
52.070000 1.18191e-06 -5.19532e-04 0.00000e+00
52.080000 -2.61915e-05 -4.74843e-04 0.00000e+00
52.090000 -3.49558e-05 -4.92011e-04 0.00000e+00
52.100000 -4.70919e-05 -5.93064e-04 0.00000e+00
52.110000 -4.84219e-05 -5.15509e-04 0.00000e+00
52.120000 -2.91012e-05 -4.01238e-04 0.00000e+00
52.130000 -3.70086e-05 -2.74265e-04 0.00000e+00
52.140000 -3.90208e-05 -1.12905e-04 0.00000e+00
52.150000 -5.28092e-05 -1.51233e-05 0.00000e+00
52.160000 -4.23045e-05 1.27502e-04 0.00000e+00
52.170000 -1.24916e-05 1.97155e-04 0.00000e+00
52.180000 -2.25187e-05 2.20035e-04 0.00000e+00
52.190000 -5.64786e-07 2.29120e-04 0.00000e+00
52.200000 -2.89160e-05 2.09825e-04 0.00000e+00
52.210000 -1.95687e-05 2.49534e-04 0.00000e+00
52.220000 -2.35430e-05 3.12471e-04 0.00000e+00
52.230000 -2.17541e-05 2.83635e-04 0.00000e+00
52.240000 -2.57879e-05 2.25173e-04 0.00000e+00
52.250000 -2.66207e-05 1.50605e-04 0.00000e+00
52.260000 -2.78462e-05 4.74967e-05 0.00000e+00
52.270000 1.39768e-06 -5.88418e-05 0.00000e+00
52.280000 1.72782e-05 -2.36395e-04 0.00000e+00
52.290000 -3.17595e-06 -2.63054e-04 0.00000e+00
52.300000 2.15116e-05 -2.77499e-04 0.00000e+00
52.310000 -7.32197e-06 -3.40599e-04 0.00000e+00
52.320000 2.87158e-07 -3.71215e-04 0.00000e+00
52.330000 -1.56640e-05 -4.00395e-04 0.00000e+00
52.340000 -4.02275e-05 -2.71468e-04 0.00000e+00
52.350000 -3.16246e-05 -2.44554e-04 0.00000e+00
52.360000 -4.07250e-05 -2.27765e-04 0.00000e+00
52.370000 -4.45414e-05 -1.97949e-04 0.00000e+00
52.380000 -4.98119e-05 -2.56594e-04 0.00000e+00
52.390000 -5.63322e-05 -2.84600e-04 0.00000e+00
52.400000 -6.83636e-05 -3.02088e-04 0.00000e+00
52.410000 -7.06337e-05 -3.11270e-04 0.00000e+00
52.420000 -7.07747e-05 -3.05527e-04 0.00000e+00
52.430000 -7.10357e-05 -3.00270e-04 0.00000e+00
52.440000 -7.88612e-05 -1.78664e-04 0.00000e+00
52.450000 -7.00682e-05 3.02306e-05 0.00000e+00
52.460000 -3.49089e-05 6.27493e-05 0.00000e+00
52.470000 -5.53697e-05 1.91546e-04 0.00000e+00
52.480000 -2.44821e-05 3.11740e-04 0.00000e+00
52.490000 -3.95942e-05 2.83734e-04 0.00000e+00
52.500000 -3.23499e-05 2.92395e-04 0.00000e+00
52.510000 -3.97928e-05 2.40145e-04 0.00000e+00
52.520000 -6.13966e-05 2.35998e-04 0.00000e+00
52.530000 -3.65182e-05 2.58943e-04 0.00000e+00
52.540000 -5.42873e-05 2.56661e-04 0.00000e+00
52.550000 -5.32443e-05 2.29610e-04 0.00000e+00
52.560000 -4.62516e-05 1.95969e-04 0.00000e+00
52.570000 -3.19536e-05 1.52415e-04 0.00000e+00
52.580000 -3.11983e-05 1.30009e-05 0.00000e+00
52.590000 -1.68578e-05 -5.99807e-05 0.00000e+00
52.600000 -2.33771e-05 -7.97391e-05 0.00000e+00
52.610000 -4.28682e-06 -2.12795e-04 0.00000e+00
52.620000 -3.05645e-05 -3.23148e-04 0.00000e+00
52.630000 -2.87343e-05 -1.96262e-04 0.00000e+00
52.640000 -1.76826e-05 -1.19915e-04 0.00000e+00
52.650000 -5.21767e-05 -6.36288e-05 0.00000e+00
52.660000 -5.23356e-05 -3.00749e-05 0.00000e+00
52.670000 -4.02142e-05 -7.01091e-05 0.00000e+00
52.680000 -4.44556e-05 -6.34070e-05 0.00000e+00
52.690000 -4.11445e-05 -1.95039e-04 0.00000e+00
52.700000 -5.18231e-05 -1.98105e-04 0.00000e+00
52.710000 -4.98744e-05 -1.48609e-04 0.00000e+00
52.720000 -6.59786e-05 -1.93862e-04 0.00000e+00
52.730000 -5.39592e-05 -1.38841e-04 0.00000e+00
52.740000 -7.39886e-05 -1.97887e-05 0.00000e+00
52.750000 -7.17722e-05 5.47730e-05 0.00000e+00
52.760000 -4.60721e-05 1.11347e-04 0.00000e+00
52.770000 -5.97580e-05 1.68769e-04 0.00000e+00
52.780000 -5.75922e-05 2.60491e-04 0.00000e+00
52.790000 -2.47910e-05 2.97759e-04 0.00000e+00
52.800000 -1.51894e-05 2.73594e-04 0.00000e+00
52.810000 -4.08558e-05 3.60895e-04 0.00000e+00
52.820000 -3.46177e-05 3.78324e-04 0.00000e+00
52.830000 -5.69955e-05 3.08824e-04 0.00000e+00
52.840000 -3.30403e-05 3.75740e-04 0.00000e+00
52.850000 -4.09477e-05 4.06867e-04 0.00000e+00
52.860000 -2.92496e-05 3.55539e-04 0.00000e+00
52.870000 2.30037e-07 3.65100e-04 0.00000e+00
52.880000 -1.17565e-05 3.10167e-04 0.00000e+00
52.890000 -2.85849e-07 1.98132e-04 0.00000e+00
52.900000 7.81140e-06 1.57488e-04 0.00000e+00
52.910000 -3.09307e-06 8.77216e-05 0.00000e+00
52.920000 -1.21384e-05 -3.78263e-05 0.00000e+00
52.930000 -8.08943e-06 -8.20940e-05 0.00000e+00
52.940000 -4.85229e-06 -1.35209e-04 0.00000e+00
52.950000 -4.19277e-06 -2.46736e-04 0.00000e+00
52.960000 -9.84670e-06 -1.99868e-04 0.00000e+00
52.970000 -3.85886e-06 -1.20427e-04 0.00000e+00
52.980000 -2.01669e-06 -2.26271e-04 0.00000e+00
52.990000 -1.29926e-05 -2.85481e-04 0.00000e+00
53.000000 -2.11639e-05 -3.73375e-04 0.00000e+00
53.010000 -1.49529e-05 -3.73833e-04 0.00000e+00
53.020000 -4.80973e-05 -3.30100e-04 0.00000e+00
53.030000 -3.35308e-05 -3.65393e-04 0.00000e+00
53.040000 -3.75178e-05 -2.15600e-04 0.00000e+00
53.050000 -6.14545e-05 -1.32676e-04 0.00000e+00
53.060000 -4.40380e-05 -1.19098e-04 0.00000e+00
53.070000 -4.93706e-05 -9.60813e-05 0.00000e+00
53.080000 -5.81783e-05 -9.80499e-05 0.00000e+00
53.090000 -5.92983e-05 -8.49836e-05 0.00000e+00
53.100000 -5.72028e-05 -1.06450e-04 0.00000e+00
53.110000 -4.74291e-05 -9.32762e-05 0.00000e+00
53.120000 -4.87965e-05 -6.78317e-05 0.00000e+00
53.130000 -3.22525e-05 -4.39986e-05 0.00000e+00
53.140000 -5.66686e-05 -9.23506e-06 0.00000e+00
53.150000 -3.86953e-05 4.54230e-05 0.00000e+00
53.160000 -2.80138e-05 1.07890e-04 0.00000e+00
53.170000 -3.53067e-05 1.04984e-04 0.00000e+00
53.180000 -1.03158e-05 1.23704e-04 0.00000e+00
53.190000 -4.15528e-05 4.97046e-05 0.00000e+00
53.200000 -2.34104e-05 1.26533e-05 0.00000e+00
53.210000 -2.75182e-05 1.05458e-04 0.00000e+00
53.220000 -5.39234e-05 3.27911e-05 0.00000e+00
53.230000 -4.89571e-05 2.37833e-05 0.00000e+00
53.240000 -6.14998e-05 4.14436e-05 0.00000e+00
53.250000 -3.57040e-05 2.63439e-06 0.00000e+00
53.260000 -5.16947e-05 -3.46733e-05 0.00000e+00
53.270000 -5.27717e-05 -1.22214e-04 0.00000e+00
53.280000 -4.07988e-05 -6.45154e-05 0.00000e+00
53.290000 -4.08688e-05 4.68254e-05 0.00000e+00
53.300000 -3.23684e-05 1.71015e-04 0.00000e+00
53.310000 -3.81054e-05 1.88705e-04 0.00000e+00
53.320000 -2.80792e-05 2.20286e-04 0.00000e+00
53.330000 -3.20441e-05 4.03061e-04 0.00000e+00
53.340000 -4.31858e-05 4.36323e-04 0.00000e+00
53.350000 -3.21032e-05 5.02893e-04 0.00000e+00
53.360000 -3.76172e-05 5.14043e-04 0.00000e+00
53.370000 -7.92210e-06 4.82865e-04 0.00000e+00
53.380000 -2.34920e-05 5.15191e-04 0.00000e+00
53.390000 -2.74708e-05 3.71228e-04 0.00000e+00
53.400000 -8.37224e-06 1.97555e-04 0.00000e+00
53.410000 -2.36425e-05 8.21442e-05 0.00000e+00
53.420000 3.55263e-06 6.96882e-05 0.00000e+00
53.430000 -9.59467e-06 4.04526e-05 0.00000e+00
53.440000 2.04460e-05 -1.04022e-04 0.00000e+00
53.450000 4.87990e-05 -2.29244e-04 0.00000e+00
53.460000 3.11342e-05 -2.82326e-04 0.00000e+00
53.470000 2.99132e-05 -2.76790e-04 0.00000e+00
53.480000 7.87744e-06 -2.95598e-04 0.00000e+00
53.490000 2.85055e-05 -3.45614e-04 0.00000e+00
53.500000 -4.57197e-06 -3.91037e-04 0.00000e+00
53.510000 -2.73158e-05 -4.47932e-04 0.00000e+00
53.520000 -2.30228e-05 -4.52760e-04 0.00000e+00
53.530000 -4.99250e-05 -4.60531e-04 0.00000e+00
53.540000 -4.87187e-05 -3.73546e-04 0.00000e+00
53.550000 -7.16007e-05 -3.15271e-04 0.00000e+00
53.560000 -7.90154e-05 -4.04250e-04 0.00000e+00
53.570000 -6.95885e-05 -3.41936e-04 0.00000e+00
53.580000 -5.70655e-05 -3.31425e-04 0.00000e+00
53.590000 -5.99986e-05 -2.65293e-04 0.00000e+00
53.600000 -7.45029e-05 -1.78894e-04 0.00000e+00
53.610000 -7.36532e-05 -8.40296e-05 0.00000e+00
53.620000 -6.18811e-05 2.10554e-04 0.00000e+00
53.630000 -3.50731e-05 3.70471e-04 0.00000e+00
53.640000 -4.44232e-05 3.59213e-04 0.00000e+00
53.650000 -4.41779e-05 2.96743e-04 0.00000e+00
53.660000 -4.78700e-05 3.37265e-04 0.00000e+00
53.670000 -2.85723e-05 3.67966e-04 0.00000e+00
53.680000 -2.55947e-05 2.42188e-04 0.00000e+00
53.690000 -1.90117e-05 1.60312e-04 0.00000e+00
53.700000 -2.65119e-05 5.27525e-05 0.00000e+00
53.710000 -1.17349e-05 -6.02073e-05 0.00000e+00
53.720000 -4.19218e-05 -1.83988e-04 0.00000e+00
53.730000 -2.19809e-05 -3.47936e-04 0.00000e+00
53.740000 -1.56457e-05 -3.92836e-04 0.00000e+00
53.750000 -2.92041e-05 -3.46867e-04 0.00000e+00
53.760000 -7.16265e-06 -3.70831e-04 0.00000e+00
53.770000 -3.57904e-05 -4.35993e-04 0.00000e+00
53.780000 -1.96557e-05 -5.06528e-04 0.00000e+00
53.790000 -4.76114e-05 -5.30215e-04 0.00000e+00
53.800000 -8.08260e-05 -3.54513e-04 0.00000e+00
53.810000 -9.68117e-05 -1.81830e-04 0.00000e+00
53.820000 -8.49245e-05 -1.34486e-04 0.00000e+00
53.830000 -8.21168e-05 -1.04910e-04 0.00000e+00
53.840000 -9.56701e-05 3.23468e-05 0.00000e+00
53.850000 -1.02236e-04 2.44644e-04 0.00000e+00
53.860000 -9.56961e-05 4.32219e-04 0.00000e+00
53.870000 -9.15597e-05 5.33369e-04 0.00000e+00
53.880000 -7.66815e-05 6.45055e-04 0.00000e+00
53.890000 -7.31275e-05 6.59756e-04 0.00000e+00
53.900000 -4.84967e-05 7.12172e-04 0.00000e+00
53.910000 -3.25647e-05 9.25609e-04 0.00000e+00
53.920000 -2.70681e-05 9.78747e-04 0.00000e+00
53.930000 -2.75368e-05 1.04232e-03 0.00000e+00
53.940000 6.81400e-06 1.08382e-03 0.00000e+00
53.950000 5.17370e-06 1.09204e-03 0.00000e+00
53.960000 4.97484e-05 1.09278e-03 0.00000e+00
53.970000 6.36730e-05 9.39109e-04 0.00000e+00
53.980000 5.40799e-05 7.35709e-04 0.00000e+00
53.990000 5.16668e-05 6.06391e-04 0.00000e+00
54.000000 7.26364e-05 5.37379e-04 0.00000e+00
54.010000 8.64445e-05 4.32054e-04 0.00000e+00
54.020000 8.03064e-05 2.84408e-04 0.00000e+00
54.030000 6.56127e-05 1.34189e-04 0.00000e+00
54.040000 5.25743e-05 -2.10833e-05 0.00000e+00
54.050000 6.14579e-05 -1.60120e-04 0.00000e+00
54.060000 4.89410e-05 -2.97426e-04 0.00000e+00
54.070000 7.83426e-05 -3.49648e-04 0.00000e+00
54.080000 4.94127e-05 -3.29922e-04 0.00000e+00
54.090000 3.36873e-05 -4.09479e-04 0.00000e+00
54.100000 3.82717e-05 -5.50536e-04 0.00000e+00
54.110000 2.95299e-05 -5.48711e-04 0.00000e+00
54.120000 2.54179e-05 -5.31741e-04 0.00000e+00
54.130000 1.84744e-05 -4.34791e-04 0.00000e+00
54.140000 9.60617e-06 -2.65881e-04 0.00000e+00
54.150000 9.31233e-06 -2.58555e-04 0.00000e+00
54.160000 1.71109e-05 -2.31373e-04 0.00000e+00
54.170000 1.92100e-05 -1.29381e-04 0.00000e+00
54.180000 1.72825e-05 3.92387e-05 0.00000e+00
54.190000 6.17570e-06 1.70772e-04 0.00000e+00
54.200000 2.91064e-06 2.18522e-04 0.00000e+00
54.210000 4.59271e-06 2.31353e-04 0.00000e+00
54.220000 1.38798e-05 2.66250e-04 0.00000e+00
54.230000 2.11812e-05 2.82295e-04 0.00000e+00
54.240000 3.67089e-05 3.55875e-04 0.00000e+00
54.250000 2.08275e-05 4.24105e-04 0.00000e+00
54.260000 1.98447e-05 3.63419e-04 0.00000e+00
54.270000 3.76076e-05 3.22687e-04 0.00000e+00
54.280000 5.84192e-05 2.92613e-04 0.00000e+00
54.290000 4.91013e-05 2.43894e-04 0.00000e+00
54.300000 7.27923e-05 2.04225e-04 0.00000e+00
54.310000 4.74543e-05 1.48217e-04 0.00000e+00
54.320000 6.54875e-05 5.93603e-05 0.00000e+00
54.330000 7.21938e-05 -4.52187e-05 0.00000e+00
54.340000 6.70177e-05 -7.05069e-05 0.00000e+00
54.350000 6.99448e-05 -9.94455e-05 0.00000e+00
54.360000 5.55798e-05 -1.79044e-04 0.00000e+00
54.370000 5.07972e-05 -2.49797e-04 0.00000e+00
54.380000 4.10314e-05 -3.83674e-04 0.00000e+00
54.390000 3.52009e-05 -5.00530e-04 0.00000e+00
54.400000 3.13541e-05 -4.78629e-04 0.00000e+00
54.410000 3.27053e-05 -4.06389e-04 0.00000e+00
54.420000 2.39787e-05 -4.05925e-04 0.00000e+00
54.430000 1.08517e-05 -4.42601e-04 0.00000e+00
54.440000 6.27554e-06 -4.36516e-04 0.00000e+00
54.450000 7.58580e-06 -3.90409e-04 0.00000e+00
54.460000 2.88190e-06 -3.75546e-04 0.00000e+00
54.470000 1.25734e-06 -3.12159e-04 0.00000e+00
54.480000 -1.13307e-05 -2.86953e-04 0.00000e+00
54.490000 -1.78250e-05 -2.39829e-04 0.00000e+00
54.500000 -1.43157e-05 -1.29136e-04 0.00000e+00
54.510000 6.80529e-06 -1.59167e-04 0.00000e+00
54.520000 -1.79899e-05 -1.29228e-04 0.00000e+00
54.530000 -4.88645e-06 -1.12646e-04 0.00000e+00
54.540000 -2.26229e-05 -1.41884e-04 0.00000e+00
54.550000 -2.09638e-05 -1.39747e-04 0.00000e+00
54.560000 3.29374e-06 -2.47623e-04 0.00000e+00
54.570000 2.10229e-05 -3.49658e-04 0.00000e+00
54.580000 -4.66783e-06 -3.58246e-04 0.00000e+00
54.590000 -2.57857e-06 -3.01845e-04 0.00000e+00
54.600000 -1.94285e-05 -3.16789e-04 0.00000e+00
54.610000 -2.27849e-05 -4.32406e-04 0.00000e+00
54.620000 -2.86298e-05 -5.19386e-04 0.00000e+00
54.630000 -1.99890e-05 -4.91740e-04 0.00000e+00
54.640000 -2.85809e-05 -4.55046e-04 0.00000e+00
54.650000 -3.55071e-05 -4.43246e-04 0.00000e+00
54.660000 -4.16840e-05 -4.40404e-04 0.00000e+00
54.670000 -6.91189e-05 -4.87654e-04 0.00000e+00
54.680000 -7.62556e-05 -4.02465e-04 0.00000e+00
54.690000 -5.65581e-05 -3.15765e-04 0.00000e+00
54.700000 -9.12622e-05 -2.77338e-04 0.00000e+00
54.710000 -7.69183e-05 -2.31460e-04 0.00000e+00
54.720000 -1.02140e-04 -2.60849e-04 0.00000e+00
54.730000 -1.03147e-04 -1.65528e-04 0.00000e+00
54.740000 -7.82922e-05 8.02875e-05 0.00000e+00
54.750000 -6.69545e-05 1.87950e-04 0.00000e+00
54.760000 -7.01603e-05 2.39132e-04 0.00000e+00
54.770000 -9.47086e-05 2.40484e-04 0.00000e+00
54.780000 -8.61416e-05 1.75470e-04 0.00000e+00
54.790000 -5.92975e-05 1.88872e-04 0.00000e+00
54.800000 -3.80125e-05 2.71562e-04 0.00000e+00
54.810000 -5.62136e-05 2.77142e-04 0.00000e+00
54.820000 -4.18381e-05 2.20743e-04 0.00000e+00
54.830000 -5.85343e-05 1.90517e-04 0.00000e+00
54.840000 -4.95784e-05 7.45137e-05 0.00000e+00
54.850000 -2.52080e-05 -1.20037e-05 0.00000e+00
54.860000 -4.00816e-05 2.18974e-06 0.00000e+00
54.870000 -4.18068e-05 -7.48306e-05 0.00000e+00
54.880000 -4.66884e-05 -1.94899e-04 0.00000e+00
54.890000 -4.78577e-05 -2.92535e-04 0.00000e+00
54.900000 -2.96359e-05 -4.04168e-04 0.00000e+00
54.910000 -4.12183e-05 -3.59974e-04 0.00000e+00
54.920000 -7.10068e-05 -2.89073e-04 0.00000e+00
54.930000 -7.17576e-05 -2.83723e-04 0.00000e+00
54.940000 -1.01640e-04 -3.49568e-04 0.00000e+00
54.950000 -7.85617e-05 -4.05687e-04 0.00000e+00
54.960000 -8.40364e-05 -3.17457e-04 0.00000e+00
54.970000 -8.71993e-05 -1.46403e-04 0.00000e+00
54.980000 -1.17731e-04 -4.37483e-05 0.00000e+00
54.990000 -9.02242e-05 4.87651e-05 0.00000e+00
55.000000 -1.06007e-04 1.11924e-04 0.00000e+00
55.010000 -8.81624e-05 1.32301e-04 0.00000e+00
55.020000 -8.64117e-05 3.09760e-04 0.00000e+00
55.030000 -8.91926e-05 4.81907e-04 0.00000e+00
55.040000 -9.02571e-05 4.88628e-04 0.00000e+00
55.050000 -7.67532e-05 5.37673e-04 0.00000e+00
55.060000 -6.22050e-05 5.88634e-04 0.00000e+00
55.070000 -4.61841e-05 6.78936e-04 0.00000e+00
55.080000 -3.93346e-05 8.38179e-04 0.00000e+00
55.090000 -4.41024e-05 8.39016e-04 0.00000e+00
55.100000 -2.84890e-05 7.67013e-04 0.00000e+00
55.110000 -2.10341e-05 6.68516e-04 0.00000e+00
55.120000 -6.10276e-06 6.86328e-04 0.00000e+00
55.130000 7.39163e-06 7.46751e-04 0.00000e+00
55.140000 1.35350e-05 6.64350e-04 0.00000e+00
55.150000 1.43667e-05 4.49612e-04 0.00000e+00
55.160000 1.33348e-05 3.82046e-04 0.00000e+00
55.170000 9.08542e-06 3.70773e-04 0.00000e+00
55.180000 2.05966e-05 2.93029e-04 0.00000e+00
55.190000 3.13898e-05 2.47808e-04 0.00000e+00
55.200000 1.46149e-05 1.06375e-04 0.00000e+00
55.210000 3.32257e-06 1.20547e-05 0.00000e+00
55.220000 3.33324e-05 -7.65679e-05 0.00000e+00
55.230000 1.09634e-05 -9.45337e-05 0.00000e+00
55.240000 3.85077e-05 -8.76386e-05 0.00000e+00
55.250000 2.26538e-05 -1.76552e-04 0.00000e+00
55.260000 6.03449e-06 -2.72244e-04 0.00000e+00
55.270000 1.28405e-06 -2.59496e-04 0.00000e+00
55.280000 1.53307e-05 -2.47046e-04 0.00000e+00
55.290000 1.46904e-05 -2.65908e-04 0.00000e+00
55.300000 -1.18558e-05 -2.59620e-04 0.00000e+00
55.310000 -1.77230e-05 -2.59256e-04 0.00000e+00
55.320000 -9.57005e-06 -1.95197e-04 0.00000e+00
55.330000 1.77763e-05 -1.65664e-04 0.00000e+00
55.340000 -1.60862e-05 -2.17235e-04 0.00000e+00
55.350000 -6.61111e-06 -2.14323e-04 0.00000e+00
55.360000 -2.49544e-05 -1.65874e-04 0.00000e+00
55.370000 -1.50189e-05 -2.15422e-04 0.00000e+00
55.380000 -7.75129e-06 -3.23461e-04 0.00000e+00
55.390000 -2.45191e-05 -2.82509e-04 0.00000e+00
55.400000 -5.85446e-06 -2.67641e-04 0.00000e+00
55.410000 -3.77963e-05 -2.68191e-04 0.00000e+00
55.420000 -2.61031e-05 -2.43417e-04 0.00000e+00
55.430000 -1.40209e-05 -3.58637e-04 0.00000e+00
55.440000 -1.17482e-05 -4.31627e-04 0.00000e+00
55.450000 -4.21540e-05 -4.21781e-04 0.00000e+00
55.460000 -2.95307e-05 -3.68677e-04 0.00000e+00
55.470000 -4.17777e-05 -4.32687e-04 0.00000e+00
55.480000 -2.63023e-05 -5.30937e-04 0.00000e+00
55.490000 -3.52487e-05 -4.91366e-04 0.00000e+00
55.500000 -6.07666e-05 -3.40640e-04 0.00000e+00
55.510000 -6.74012e-05 -3.34496e-04 0.00000e+00
55.520000 -6.36922e-05 -3.81061e-04 0.00000e+00
55.530000 -8.28375e-05 -3.62393e-04 0.00000e+00
55.540000 -8.30438e-05 -3.39818e-04 0.00000e+00
55.550000 -8.18671e-05 -2.47052e-04 0.00000e+00
55.560000 -7.75846e-05 -2.77078e-04 0.00000e+00
55.570000 -9.86431e-05 -2.71208e-04 0.00000e+00
55.580000 -9.03595e-05 -2.87943e-04 0.00000e+00
55.590000 -1.03664e-04 -2.99285e-04 0.00000e+00
55.600000 -9.57074e-05 -1.44246e-04 0.00000e+00
55.610000 -8.52387e-05 -1.30799e-05 0.00000e+00
55.620000 -8.59704e-05 -4.62451e-05 0.00000e+00
55.630000 -7.98433e-05 -5.42753e-05 0.00000e+00
55.640000 -9.01195e-05 -1.31176e-05 0.00000e+00
55.650000 -6.79903e-05 6.13137e-05 0.00000e+00
55.660000 -6.87849e-05 2.24577e-04 0.00000e+00
55.670000 -7.64635e-05 2.70669e-04 0.00000e+00
55.680000 -9.28301e-05 2.58362e-04 0.00000e+00
55.690000 -7.12779e-05 3.13474e-04 0.00000e+00
55.700000 -8.02985e-05 3.40481e-04 0.00000e+00
55.710000 -7.47713e-05 3.40041e-04 0.00000e+00
55.720000 -8.70444e-05 4.13539e-04 0.00000e+00
55.730000 -8.80074e-05 4.97797e-04 0.00000e+00
55.740000 -6.53781e-05 5.10058e-04 0.00000e+00
55.750000 -6.42096e-05 4.91000e-04 0.00000e+00
55.760000 -3.91912e-05 4.92817e-04 0.00000e+00
55.770000 -4.48044e-05 5.27772e-04 0.00000e+00
55.780000 -5.08461e-05 6.40954e-04 0.00000e+00
55.790000 -5.10516e-05 7.18576e-04 0.00000e+00
55.800000 -2.08641e-05 8.07748e-04 0.00000e+00
55.810000 -1.98969e-05 8.34703e-04 0.00000e+00
55.820000 1.17734e-05 8.96588e-04 0.00000e+00
55.830000 8.32954e-06 9.93771e-04 0.00000e+00
55.840000 5.21731e-06 9.04355e-04 0.00000e+00
55.850000 8.98574e-06 7.80319e-04 0.00000e+00
55.860000 2.71702e-05 8.13448e-04 0.00000e+00
55.870000 2.69809e-05 8.23261e-04 0.00000e+00
55.880000 4.51601e-05 7.70438e-04 0.00000e+00
55.890000 5.12724e-05 7.28177e-04 0.00000e+00
55.900000 5.32822e-05 6.01640e-04 0.00000e+00
55.910000 5.74756e-05 5.06535e-04 0.00000e+00
55.920000 6.74762e-05 4.42065e-04 0.00000e+00
55.930000 8.73366e-05 4.30726e-04 0.00000e+00
55.940000 9.55485e-05 3.95188e-04 0.00000e+00
55.950000 9.75947e-05 2.61576e-04 0.00000e+00
55.960000 8.94431e-05 9.84775e-05 0.00000e+00
55.970000 9.62221e-05 9.13397e-06 0.00000e+00
55.980000 7.20715e-05 -8.35849e-05 0.00000e+00
55.990000 8.94166e-05 -1.42231e-04 0.00000e+00
56.000000 5.78154e-05 -1.86139e-04 0.00000e+00
56.010000 6.21597e-05 -3.27688e-04 0.00000e+00
56.020000 8.47311e-05 -4.50920e-04 0.00000e+00
56.030000 8.76019e-05 -5.07391e-04 0.00000e+00
56.040000 5.82819e-05 -5.54238e-04 0.00000e+00
56.050000 7.05959e-05 -5.85496e-04 0.00000e+00
56.060000 4.69415e-05 -6.12752e-04 0.00000e+00
56.070000 3.91469e-05 -6.76423e-04 0.00000e+00
56.080000 3.49708e-05 -7.31563e-04 0.00000e+00
56.090000 4.36128e-05 -7.36032e-04 0.00000e+00
56.100000 3.00121e-05 -6.37247e-04 0.00000e+00
56.110000 1.55620e-05 -5.05105e-04 0.00000e+00
56.120000 2.55034e-06 -4.03930e-04 0.00000e+00
56.130000 -4.94020e-06 -3.95844e-04 0.00000e+00
56.140000 -7.26539e-06 -4.07594e-04 0.00000e+00
56.150000 -1.33386e-05 -3.88972e-04 0.00000e+00
56.160000 -6.09920e-06 -2.86495e-04 0.00000e+00
56.170000 -1.82747e-05 -2.19507e-04 0.00000e+00
56.180000 -1.53720e-05 -2.06643e-04 0.00000e+00
56.190000 -1.38725e-05 -3.20697e-05 0.00000e+00
56.200000 -1.11544e-05 1.19605e-04 0.00000e+00
56.210000 -1.49639e-05 9.96614e-05 0.00000e+00
56.220000 -1.46146e-05 1.24401e-04 0.00000e+00
56.230000 -2.04401e-05 1.58929e-04 0.00000e+00
56.240000 -7.68165e-06 1.17571e-04 0.00000e+00
56.250000 -2.67882e-06 1.01642e-04 0.00000e+00
56.260000 1.36765e-05 1.22112e-04 0.00000e+00
56.270000 1.30018e-05 1.09810e-04 0.00000e+00
56.280000 6.26576e-06 2.28585e-05 0.00000e+00
56.290000 -4.78131e-06 -7.51590e-05 0.00000e+00
56.300000 -1.16812e-05 -1.83892e-04 0.00000e+00
56.310000 7.13532e-06 -2.97081e-04 0.00000e+00
56.320000 2.27949e-05 -4.31454e-04 0.00000e+00
56.330000 1.78433e-05 -5.03117e-04 0.00000e+00
56.340000 2.53245e-06 -5.62617e-04 0.00000e+00
56.350000 5.12301e-07 -6.20148e-04 0.00000e+00
56.360000 -1.06430e-05 -6.11679e-04 0.00000e+00
56.370000 -3.87280e-05 -6.13093e-04 0.00000e+00
56.380000 -3.98570e-05 -6.46099e-04 0.00000e+00
56.390000 -4.09282e-05 -6.77320e-04 0.00000e+00
56.400000 -5.87967e-05 -7.08468e-04 0.00000e+00
56.410000 -6.51900e-05 -6.68347e-04 0.00000e+00
56.420000 -7.61116e-05 -5.50410e-04 0.00000e+00
56.430000 -8.21469e-05 -3.86345e-04 0.00000e+00
56.440000 -9.60109e-05 -2.11860e-04 0.00000e+00
56.450000 -9.71644e-05 -1.37984e-04 0.00000e+00
56.460000 -1.03062e-04 -8.44213e-05 0.00000e+00
56.470000 -1.04439e-04 -3.74488e-05 0.00000e+00
56.480000 -1.02529e-04 1.09057e-04 0.00000e+00
56.490000 -9.00173e-05 4.16908e-04 0.00000e+00
56.500000 -6.98476e-05 6.74283e-04 0.00000e+00
56.510000 -6.77523e-05 7.71429e-04 0.00000e+00
56.520000 -5.22664e-05 8.62728e-04 0.00000e+00
56.530000 -5.10055e-05 9.34383e-04 0.00000e+00
56.540000 -4.91281e-05 8.72203e-04 0.00000e+00
56.550000 -3.89385e-05 8.92973e-04 0.00000e+00
56.560000 -2.04921e-05 1.02365e-03 0.00000e+00
56.570000 -4.65924e-06 1.09601e-03 0.00000e+00
56.580000 2.11942e-05 1.10553e-03 0.00000e+00
56.590000 2.61182e-05 1.01756e-03 0.00000e+00
56.600000 3.54703e-05 8.61424e-04 0.00000e+00
56.610000 2.95495e-05 7.37523e-04 0.00000e+00
56.620000 3.29128e-05 6.72304e-04 0.00000e+00
56.630000 5.42065e-05 5.74887e-04 0.00000e+00
56.640000 5.91506e-05 4.24562e-04 0.00000e+00
56.650000 8.44659e-05 2.49807e-04 0.00000e+00
56.660000 7.65138e-05 3.34504e-05 0.00000e+00
56.670000 5.13766e-05 -1.38618e-04 0.00000e+00
56.680000 3.76188e-05 -2.64705e-04 0.00000e+00
56.690000 4.74449e-05 -3.94693e-04 0.00000e+00
56.700000 3.15007e-05 -5.13199e-04 0.00000e+00
56.710000 4.82504e-05 -6.29874e-04 0.00000e+00
56.720000 6.40149e-05 -7.65901e-04 0.00000e+00
56.730000 4.40650e-05 -9.04722e-04 0.00000e+00
56.740000 2.18860e-05 -1.02623e-03 0.00000e+00
56.750000 -6.35239e-06 -1.08185e-03 0.00000e+00
56.760000 -2.68841e-05 -1.12515e-03 0.00000e+00
56.770000 -1.91927e-05 -1.17536e-03 0.00000e+00
56.780000 -1.42618e-05 -1.23062e-03 0.00000e+00
56.790000 -3.16841e-05 -1.28484e-03 0.00000e+00
56.800000 -6.51565e-05 -1.25141e-03 0.00000e+00
56.810000 -7.82696e-05 -1.17898e-03 0.00000e+00
56.820000 -1.02345e-04 -1.04232e-03 0.00000e+00
56.830000 -1.07126e-04 -9.01899e-04 0.00000e+00
56.840000 -9.96011e-05 -8.83501e-04 0.00000e+00
56.850000 -9.80093e-05 -8.74807e-04 0.00000e+00
56.860000 -1.14597e-04 -6.96364e-04 0.00000e+00
56.870000 -1.13306e-04 -5.42013e-04 0.00000e+00
56.880000 -1.34400e-04 -3.76416e-04 0.00000e+00
56.890000 -1.50493e-04 -4.44354e-05 0.00000e+00
56.900000 -1.57042e-04 1.77391e-04 0.00000e+00
56.910000 -1.48917e-04 2.17000e-04 0.00000e+00
56.920000 -1.42611e-04 2.23013e-04 0.00000e+00
56.930000 -1.38985e-04 2.17953e-04 0.00000e+00
56.940000 -1.31098e-04 2.98511e-04 0.00000e+00
56.950000 -1.25688e-04 5.07017e-04 0.00000e+00
56.960000 -1.14341e-04 6.41707e-04 0.00000e+00
56.970000 -1.05004e-04 5.75242e-04 0.00000e+00
56.980000 -9.33686e-05 5.04961e-04 0.00000e+00
56.990000 -8.24386e-05 4.45534e-04 0.00000e+00
57.000000 -7.84587e-05 3.51237e-04 0.00000e+00
57.010000 -6.59852e-05 4.07514e-04 0.00000e+00
57.020000 -4.63481e-05 5.54729e-04 0.00000e+00
57.030000 -3.21427e-05 6.12776e-04 0.00000e+00
57.040000 -5.60504e-05 6.30138e-04 0.00000e+00
57.050000 -3.29938e-05 6.13379e-04 0.00000e+00
57.060000 -5.28797e-05 4.42523e-04 0.00000e+00
57.070000 -7.29281e-05 2.70724e-04 0.00000e+00
57.080000 -8.01901e-05 1.95752e-04 0.00000e+00
57.090000 -5.79286e-05 1.24099e-04 0.00000e+00
57.100000 -6.32253e-05 5.88423e-05 0.00000e+00
57.110000 -4.12941e-05 4.82797e-05 0.00000e+00
57.120000 -5.42517e-05 3.91615e-05 0.00000e+00
57.130000 -6.78016e-05 4.54014e-05 0.00000e+00
57.140000 -7.72911e-05 3.85903e-05 0.00000e+00
57.150000 -4.33314e-05 4.90317e-05 0.00000e+00
57.160000 -5.33317e-05 4.11456e-05 0.00000e+00
57.170000 -2.11020e-05 3.06525e-05 0.00000e+00
57.180000 -8.16156e-06 1.16872e-04 0.00000e+00
57.190000 -1.31123e-05 2.62489e-04 0.00000e+00
57.200000 -4.07105e-05 3.65731e-04 0.00000e+00
57.210000 -4.01410e-05 3.06855e-04 0.00000e+00
57.220000 -6.26118e-05 2.77427e-04 0.00000e+00
57.230000 -6.43293e-05 2.44605e-04 0.00000e+00
57.240000 -4.36651e-05 1.02124e-04 0.00000e+00
57.250000 -3.49056e-05 -1.39336e-06 0.00000e+00
57.260000 -3.63295e-05 -3.84317e-05 0.00000e+00
57.270000 -1.37380e-05 -7.40549e-05 0.00000e+00
57.280000 -1.73773e-05 -8.31684e-05 0.00000e+00
57.290000 -1.73638e-05 -8.17349e-05 0.00000e+00
57.300000 -2.12502e-05 -1.41092e-04 0.00000e+00
57.310000 -2.59255e-05 -2.06803e-04 0.00000e+00
57.320000 -1.84781e-05 -1.68748e-04 0.00000e+00
57.330000 -2.76167e-05 -1.00335e-04 0.00000e+00
57.340000 -4.65256e-06 1.15043e-06 0.00000e+00
57.350000 -1.32348e-05 2.09222e-04 0.00000e+00
57.360000 -3.33999e-05 3.56171e-04 0.00000e+00
57.370000 -5.91131e-05 3.51344e-04 0.00000e+00
57.380000 -5.90452e-05 2.90423e-04 0.00000e+00
57.390000 -5.17919e-05 2.27687e-04 0.00000e+00
57.400000 -5.61892e-05 1.60708e-04 0.00000e+00
57.410000 -4.07265e-05 2.26654e-04 0.00000e+00
57.420000 -3.84177e-05 3.12118e-04 0.00000e+00
57.430000 -3.54003e-05 2.47492e-04 0.00000e+00
57.440000 -2.14180e-05 3.16992e-04 0.00000e+00
57.450000 -7.48153e-06 4.17340e-04 0.00000e+00
57.460000 4.88577e-06 4.43318e-04 0.00000e+00
57.470000 1.52322e-05 5.12617e-04 0.00000e+00
57.480000 2.14720e-05 4.84666e-04 0.00000e+00
57.490000 3.35699e-05 4.66302e-04 0.00000e+00
57.500000 4.17258e-05 4.87280e-04 0.00000e+00
57.510000 4.78761e-05 5.83524e-04 0.00000e+00
57.520000 4.50386e-05 6.24599e-04 0.00000e+00
57.530000 2.95166e-05 4.84497e-04 0.00000e+00
57.540000 1.70768e-05 2.97856e-04 0.00000e+00
57.550000 2.15701e-05 2.12601e-04 0.00000e+00
57.560000 3.15749e-05 1.81334e-04 0.00000e+00
57.570000 3.71839e-05 1.20844e-04 0.00000e+00
57.580000 4.11000e-05 7.08491e-05 0.00000e+00
57.590000 2.36702e-05 -2.45354e-05 0.00000e+00
57.600000 2.95329e-05 -1.35261e-04 0.00000e+00
57.610000 6.71026e-05 -1.57219e-04 0.00000e+00
57.620000 3.26572e-05 -1.79738e-04 0.00000e+00
57.630000 5.58455e-05 -1.90102e-04 0.00000e+00
57.640000 3.17528e-05 -2.08924e-04 0.00000e+00
57.650000 2.74183e-05 -2.98020e-04 0.00000e+00
57.660000 3.69994e-05 -3.56039e-04 0.00000e+00
57.670000 3.93705e-05 -3.12007e-04 0.00000e+00
57.680000 2.43731e-05 -3.00851e-04 0.00000e+00
57.690000 -3.42536e-08 -3.26939e-04 0.00000e+00
57.700000 5.92779e-06 -3.67649e-04 0.00000e+00
57.710000 2.00587e-05 -5.20456e-04 0.00000e+00
57.720000 2.40800e-05 -6.75196e-04 0.00000e+00
57.730000 -1.33373e-06 -7.38226e-04 0.00000e+00
57.740000 -8.09262e-07 -7.57613e-04 0.00000e+00
57.750000 -2.42812e-05 -7.90824e-04 0.00000e+00
57.760000 -2.67185e-05 -8.63880e-04 0.00000e+00
57.770000 -2.25596e-05 -9.38132e-04 0.00000e+00
57.780000 -2.73941e-05 -8.24445e-04 0.00000e+00
57.790000 -5.45011e-05 -8.26695e-04 0.00000e+00
57.800000 -4.89721e-05 -8.45844e-04 0.00000e+00
57.810000 -8.12735e-05 -8.18591e-04 0.00000e+00
57.820000 -7.36991e-05 -8.68522e-04 0.00000e+00
57.830000 -7.35909e-05 -7.59183e-04 0.00000e+00
57.840000 -6.89249e-05 -6.39962e-04 0.00000e+00
57.850000 -1.09928e-04 -6.33089e-04 0.00000e+00
57.860000 -9.59598e-05 -6.88210e-04 0.00000e+00
57.870000 -1.30126e-04 -6.43550e-04 0.00000e+00
57.880000 -1.36678e-04 -4.25406e-04 0.00000e+00
57.890000 -1.36259e-04 -1.68405e-04 0.00000e+00
57.900000 -1.20367e-04 -1.05153e-04 0.00000e+00
57.910000 -1.31186e-04 -4.05515e-05 0.00000e+00
57.920000 -1.25099e-04 4.26064e-05 0.00000e+00
57.930000 -1.26803e-04 1.36278e-04 0.00000e+00
57.940000 -1.19028e-04 3.65874e-04 0.00000e+00
57.950000 -1.14080e-04 5.19166e-04 0.00000e+00
57.960000 -1.28678e-04 5.23884e-04 0.00000e+00
57.970000 -9.72151e-05 5.96880e-04 0.00000e+00
57.980000 -1.09052e-04 6.82269e-04 0.00000e+00
57.990000 -8.04847e-05 7.73415e-04 0.00000e+00
58.000000 -7.68252e-05 9.34171e-04 0.00000e+00
58.010000 -8.40036e-05 1.05463e-03 0.00000e+00
58.020000 -7.19095e-05 1.09959e-03 0.00000e+00
58.030000 -4.12018e-05 1.13505e-03 0.00000e+00
58.040000 -1.79592e-05 1.16846e-03 0.00000e+00
58.050000 -6.78336e-06 1.08199e-03 0.00000e+00
58.060000 -1.99641e-05 1.00443e-03 0.00000e+00
58.070000 -2.53452e-05 1.04847e-03 0.00000e+00
58.080000 1.49247e-05 1.11413e-03 0.00000e+00
58.090000 9.26128e-06 1.11214e-03 0.00000e+00
58.100000 4.48258e-05 1.07313e-03 0.00000e+00
58.110000 3.03508e-05 9.72988e-04 0.00000e+00
58.120000 2.53750e-05 8.36376e-04 0.00000e+00
58.130000 4.10152e-05 6.65763e-04 0.00000e+00
58.140000 7.56862e-05 5.55753e-04 0.00000e+00
58.150000 7.06106e-05 4.55589e-04 0.00000e+00
58.160000 8.96047e-05 3.52727e-04 0.00000e+00
58.170000 7.43854e-05 2.55406e-04 0.00000e+00
58.180000 8.59847e-05 5.21892e-05 0.00000e+00
58.190000 8.41566e-05 -2.02111e-04 0.00000e+00
58.200000 8.06562e-05 -3.16834e-04 0.00000e+00
58.210000 7.60206e-05 -3.62570e-04 0.00000e+00
58.220000 6.42034e-05 -4.35480e-04 0.00000e+00
58.230000 7.78472e-05 -6.01932e-04 0.00000e+00
58.240000 8.66399e-05 -8.86316e-04 0.00000e+00
58.250000 6.16696e-05 -9.52985e-04 0.00000e+00
58.260000 3.62119e-05 -9.99023e-04 0.00000e+00
58.270000 1.30360e-05 -1.01977e-03 0.00000e+00
58.280000 -3.78733e-06 -1.03626e-03 0.00000e+00
58.290000 -8.47463e-06 -1.20086e-03 0.00000e+00
58.300000 -6.30502e-06 -1.25111e-03 0.00000e+00
58.310000 -2.31880e-05 -1.14660e-03 0.00000e+00
58.320000 -3.05298e-05 -1.07342e-03 0.00000e+00
58.330000 -5.47486e-05 -1.06049e-03 0.00000e+00
58.340000 -7.07375e-05 -1.05158e-03 0.00000e+00
58.350000 -8.63083e-05 -9.75746e-04 0.00000e+00
58.360000 -9.25345e-05 -8.14341e-04 0.00000e+00
58.370000 -7.73608e-05 -7.83056e-04 0.00000e+00
58.380000 -1.03598e-04 -7.01338e-04 0.00000e+00
58.390000 -9.90003e-05 -6.06837e-04 0.00000e+00
58.400000 -1.23155e-04 -4.67380e-04 0.00000e+00
58.410000 -1.07914e-04 -1.73083e-04 0.00000e+00
58.420000 -9.02293e-05 -6.03881e-07 0.00000e+00
58.430000 -1.13642e-04 7.23073e-06 0.00000e+00
58.440000 -9.41358e-05 1.26420e-06 0.00000e+00
58.450000 -1.22892e-04 5.40175e-05 0.00000e+00
58.460000 -1.05437e-04 1.40963e-04 0.00000e+00
58.470000 -9.92589e-05 2.37985e-04 0.00000e+00
58.480000 -9.70859e-05 2.92645e-04 0.00000e+00
58.490000 -1.10354e-04 4.12693e-04 0.00000e+00
58.500000 -9.97196e-05 4.90924e-04 0.00000e+00
58.510000 -8.56613e-05 4.88037e-04 0.00000e+00
58.520000 -6.70259e-05 4.59740e-04 0.00000e+00
58.530000 -8.08352e-05 3.99702e-04 0.00000e+00
58.540000 -8.43076e-05 5.39831e-04 0.00000e+00
58.550000 -4.41500e-05 5.97571e-04 0.00000e+00
58.560000 -6.26257e-05 6.01584e-04 0.00000e+00
58.570000 -3.09597e-05 6.12668e-04 0.00000e+00
58.580000 -4.60078e-05 6.12855e-04 0.00000e+00
58.590000 -6.01894e-05 7.75244e-04 0.00000e+00
58.600000 -5.80435e-05 7.72881e-04 0.00000e+00
58.610000 -3.32908e-05 7.52073e-04 0.00000e+00
58.620000 -2.55240e-05 6.80286e-04 0.00000e+00
58.630000 -2.42536e-05 5.98021e-04 0.00000e+00
58.640000 -1.94641e-05 6.39215e-04 0.00000e+00
58.650000 -2.86794e-06 5.70073e-04 0.00000e+00
58.660000 1.49384e-05 4.00502e-04 0.00000e+00
58.670000 -1.06731e-05 2.52407e-04 0.00000e+00
58.680000 8.21532e-06 2.26261e-04 0.00000e+00
58.690000 6.03612e-07 1.89974e-04 0.00000e+00
58.700000 3.25847e-05 4.75348e-05 0.00000e+00
58.710000 4.91117e-05 -1.21799e-04 0.00000e+00
58.720000 1.79399e-05 -1.04576e-04 0.00000e+00
58.730000 4.59028e-05 -1.09003e-04 0.00000e+00
58.740000 2.02730e-05 -1.83564e-04 0.00000e+00
58.750000 3.57036e-05 -2.35289e-04 0.00000e+00
58.760000 1.49943e-05 -3.75557e-04 0.00000e+00
58.770000 -1.14295e-05 -4.94862e-04 0.00000e+00
58.780000 -3.23515e-06 -5.46319e-04 0.00000e+00
58.790000 -2.88055e-05 -5.41573e-04 0.00000e+00
58.800000 -1.06006e-05 -6.00157e-04 0.00000e+00
58.810000 -4.21190e-05 -6.57288e-04 0.00000e+00
58.820000 -5.55026e-05 -5.78575e-04 0.00000e+00
58.830000 -5.69093e-05 -4.93742e-04 0.00000e+00
58.840000 -4.57178e-05 -5.25796e-04 0.00000e+00
58.850000 -4.98669e-05 -5.35115e-04 0.00000e+00
58.860000 -6.88013e-05 -4.85548e-04 0.00000e+00
58.870000 -5.75551e-05 -3.67571e-04 0.00000e+00
58.880000 -4.85262e-05 -1.64402e-04 0.00000e+00
58.890000 -4.46754e-05 -9.17054e-05 0.00000e+00
58.900000 -6.72773e-05 1.32176e-05 0.00000e+00
58.910000 -6.60890e-05 1.42019e-04 0.00000e+00
58.920000 -6.15614e-05 2.44445e-04 0.00000e+00
58.930000 -6.12195e-05 3.53673e-04 0.00000e+00
58.940000 -6.19696e-05 3.03014e-04 0.00000e+00
58.950000 -5.95480e-05 2.74021e-04 0.00000e+00
58.960000 -4.84415e-05 2.68461e-04 0.00000e+00
58.970000 -5.51481e-05 3.29644e-04 0.00000e+00
58.980000 -2.80505e-05 3.11515e-04 0.00000e+00
58.990000 -2.91184e-05 1.60845e-04 0.00000e+00
59.000000 -4.40240e-05 1.26108e-04 0.00000e+00
59.010000 -2.83072e-05 1.34483e-04 0.00000e+00
59.020000 -2.30695e-05 1.47248e-04 0.00000e+00
59.030000 -1.27674e-05 5.90604e-05 0.00000e+00
59.040000 -1.17834e-05 3.33459e-05 0.00000e+00
59.050000 -1.28524e-05 1.22521e-04 0.00000e+00
59.060000 -1.65529e-05 1.01971e-04 0.00000e+00
59.070000 -1.47049e-05 3.85633e-06 0.00000e+00
59.080000 -2.41738e-05 -1.15650e-04 0.00000e+00
59.090000 -2.94751e-05 -1.12637e-04 0.00000e+00
59.100000 -4.32516e-05 -7.95838e-05 0.00000e+00
59.110000 -5.29372e-05 -1.41430e-04 0.00000e+00
59.120000 -4.29122e-05 -1.69853e-04 0.00000e+00
59.130000 -3.94312e-05 -1.73057e-04 0.00000e+00
59.140000 -4.11975e-05 -2.00896e-04 0.00000e+00
59.150000 -6.46720e-05 -1.77610e-04 0.00000e+00
59.160000 -4.11111e-05 -1.37611e-04 0.00000e+00
59.170000 -3.85055e-05 -1.65463e-04 0.00000e+00
59.180000 -4.39589e-05 -1.00410e-04 0.00000e+00
59.190000 -3.83086e-05 -6.44011e-05 0.00000e+00
59.200000 -4.68594e-05 -3.23259e-05 0.00000e+00
59.210000 -2.56722e-05 2.64042e-05 0.00000e+00
59.220000 -5.17709e-05 8.10678e-05 0.00000e+00
59.230000 -6.04476e-05 1.93438e-04 0.00000e+00
59.240000 -4.18760e-05 2.34106e-04 0.00000e+00
59.250000 -4.30936e-05 2.34095e-04 0.00000e+00
59.260000 -1.74984e-05 1.92483e-04 0.00000e+00
59.270000 -4.91006e-05 1.31473e-04 0.00000e+00
59.280000 -4.20937e-05 4.62044e-05 0.00000e+00
59.290000 -3.66530e-05 -3.57252e-05 0.00000e+00
59.300000 -4.17631e-05 -6.78903e-05 0.00000e+00
59.310000 -3.42968e-05 -8.68080e-05 0.00000e+00
59.320000 -3.36077e-05 -1.63584e-04 0.00000e+00
59.330000 -2.89508e-05 -1.70281e-04 0.00000e+00
59.340000 -2.16331e-05 -1.29754e-04 0.00000e+00
59.350000 -2.38181e-05 -1.59725e-04 0.00000e+00
59.360000 -4.84000e-05 -1.24335e-04 0.00000e+00
59.370000 -1.66989e-05 -1.12890e-04 0.00000e+00
59.380000 -3.68028e-05 -1.07384e-04 0.00000e+00
59.390000 -1.58190e-05 -1.04981e-04 0.00000e+00
59.400000 -4.43046e-05 -1.61657e-04 0.00000e+00
59.410000 -6.25377e-05 -1.19943e-04 0.00000e+00
59.420000 -6.40493e-05 -5.50461e-05 0.00000e+00
59.430000 -7.33656e-05 7.76706e-05 0.00000e+00
59.440000 -6.61969e-05 1.66508e-04 0.00000e+00
59.450000 -7.47616e-05 1.31854e-04 0.00000e+00
59.460000 -6.58347e-05 1.55816e-04 0.00000e+00
59.470000 -5.13259e-05 1.83234e-04 0.00000e+00
59.480000 -4.34370e-05 2.88976e-04 0.00000e+00
59.490000 -3.96405e-05 3.96333e-04 0.00000e+00
59.500000 -3.19344e-05 4.47381e-04 0.00000e+00
59.510000 -3.74323e-05 5.40382e-04 0.00000e+00
59.520000 -2.04128e-05 6.01238e-04 0.00000e+00
59.530000 -1.44227e-05 5.23213e-04 0.00000e+00
59.540000 -2.28368e-05 5.32519e-04 0.00000e+00
59.550000 -9.64081e-06 5.60351e-04 0.00000e+00
59.560000 5.46105e-06 5.61211e-04 0.00000e+00
59.570000 9.24073e-06 5.35471e-04 0.00000e+00
59.580000 1.93436e-05 3.29044e-04 0.00000e+00
59.590000 1.99183e-05 1.14552e-04 0.00000e+00
59.600000 3.15800e-05 -1.51688e-05 0.00000e+00
59.610000 1.21346e-05 -8.39435e-05 0.00000e+00
59.620000 1.05420e-05 -2.12845e-04 0.00000e+00
59.630000 2.23264e-05 -3.62096e-04 0.00000e+00
59.640000 3.13033e-05 -4.22133e-04 0.00000e+00
59.650000 3.35889e-05 -3.84238e-04 0.00000e+00
59.660000 4.12870e-06 -4.15312e-04 0.00000e+00
59.670000 2.88300e-06 -4.65883e-04 0.00000e+00
59.680000 -8.82683e-06 -4.83993e-04 0.00000e+00
59.690000 -2.74781e-05 -4.55375e-04 0.00000e+00
59.700000 -3.73176e-05 -3.88526e-04 0.00000e+00
59.710000 -3.08788e-05 -4.55196e-04 0.00000e+00
59.720000 -5.27982e-05 -4.83792e-04 0.00000e+00
59.730000 -5.28130e-05 -3.83596e-04 0.00000e+00
59.740000 -7.68870e-05 -3.10975e-04 0.00000e+00
59.750000 -7.99417e-05 -3.01195e-04 0.00000e+00
59.760000 -6.83805e-05 -2.63155e-04 0.00000e+00
59.770000 -4.30495e-05 -1.32263e-04 0.00000e+00
59.780000 -5.99604e-05 -8.51435e-05 0.00000e+00
59.790000 -5.74075e-05 -9.74897e-05 0.00000e+00
59.800000 -4.67653e-05 1.90348e-05 0.00000e+00
59.810000 -2.76769e-05 2.03574e-04 0.00000e+00
59.820000 -2.57316e-05 3.51391e-04 0.00000e+00
59.830000 -4.73358e-05 3.64866e-04 0.00000e+00
59.840000 -2.19418e-05 3.37533e-04 0.00000e+00
59.850000 -2.84016e-05 3.28265e-04 0.00000e+00
59.860000 -2.32122e-05 2.78626e-04 0.00000e+00
59.870000 -4.25107e-05 2.12274e-04 0.00000e+00
59.880000 -4.33627e-05 1.86694e-04 0.00000e+00
59.890000 -2.25661e-05 1.01698e-04 0.00000e+00
59.900000 -2.80177e-05 -2.20673e-06 0.00000e+00
59.910000 -3.83915e-05 -1.23621e-04 0.00000e+00
59.920000 -3.61890e-05 -2.87930e-04 0.00000e+00
59.930000 -1.40695e-05 -3.32608e-04 0.00000e+00
59.940000 -1.72277e-05 -2.65392e-04 0.00000e+00
59.950000 -3.19738e-05 -3.17055e-04 0.00000e+00
59.960000 -1.65568e-05 -4.20670e-04 0.00000e+00
59.970000 -1.74738e-05 -4.14114e-04 0.00000e+00
59.980000 -3.11056e-05 -3.34895e-04 0.00000e+00
59.990000 -5.45511e-05 -2.27364e-04 0.00000e+00
60.000000 -6.37854e-05 -2.73055e-04 0.00000e+00
60.010000 -6.95467e-05 -2.65744e-04 0.00000e+00
60.020000 -7.22008e-05 -2.15351e-04 0.00000e+00
60.030000 -7.42253e-05 -1.78564e-04 0.00000e+00
60.040000 -8.14544e-05 -1.40396e-04 0.00000e+00
60.050000 -8.28393e-05 -1.86795e-04 0.00000e+00
60.060000 -8.90759e-05 -1.52539e-04 0.00000e+00
60.070000 -7.61736e-05 -7.79905e-05 0.00000e+00
60.080000 -8.21766e-05 -4.81913e-05 0.00000e+00
60.090000 -6.66796e-05 2.85809e-06 0.00000e+00
60.100000 -5.80586e-05 1.81866e-04 0.00000e+00
60.110000 -6.12727e-05 3.47015e-04 0.00000e+00
60.120000 -7.11715e-05 3.67919e-04 0.00000e+00
60.130000 -3.98698e-05 5.03591e-04 0.00000e+00
60.140000 -4.20269e-05 6.89284e-04 0.00000e+00
60.150000 -2.92580e-05 7.76211e-04 0.00000e+00
60.160000 -4.13388e-05 7.71367e-04 0.00000e+00
60.170000 -4.54167e-05 6.95320e-04 0.00000e+00
60.180000 -2.67539e-05 6.89728e-04 0.00000e+00
60.190000 -2.99090e-05 6.90822e-04 0.00000e+00
60.200000 -8.17169e-06 7.60149e-04 0.00000e+00
60.210000 -1.86844e-05 7.94748e-04 0.00000e+00
60.220000 -1.19557e-05 7.13392e-04 0.00000e+00
60.230000 8.52376e-06 6.46706e-04 0.00000e+00
60.240000 2.58943e-05 6.74149e-04 0.00000e+00
60.250000 3.57634e-05 6.66319e-04 0.00000e+00
60.260000 4.77668e-05 6.24668e-04 0.00000e+00
60.270000 5.55252e-05 5.86162e-04 0.00000e+00
60.280000 4.22202e-05 4.30685e-04 0.00000e+00
60.290000 5.37385e-05 2.84438e-04 0.00000e+00
60.300000 7.24641e-05 2.66790e-04 0.00000e+00
60.310000 4.75547e-05 2.41423e-04 0.00000e+00
60.320000 5.26832e-05 1.22364e-04 0.00000e+00
60.330000 3.80956e-05 -4.37143e-05 0.00000e+00
60.340000 5.21512e-05 -2.55376e-04 0.00000e+00
60.350000 6.60413e-05 -3.86920e-04 0.00000e+00
60.360000 5.95776e-05 -5.38416e-04 0.00000e+00
60.370000 7.12082e-05 -6.49953e-04 0.00000e+00
60.380000 2.66636e-05 -7.83465e-04 0.00000e+00
60.390000 3.38553e-05 -9.85217e-04 0.00000e+00
60.400000 3.31882e-05 -1.07161e-03 0.00000e+00
60.410000 2.87110e-05 -1.06179e-03 0.00000e+00
60.420000 -1.23830e-05 -1.08186e-03 0.00000e+00
60.430000 -1.38502e-05 -1.14146e-03 0.00000e+00
60.440000 -4.75627e-05 -1.16193e-03 0.00000e+00
60.450000 -4.14249e-05 -1.21804e-03 0.00000e+00
60.460000 -3.87570e-05 -1.21174e-03 0.00000e+00
60.470000 -5.82888e-05 -1.14011e-03 0.00000e+00
60.480000 -8.96610e-05 -1.13995e-03 0.00000e+00
60.490000 -1.03799e-04 -1.16199e-03 0.00000e+00
60.500000 -1.12603e-04 -1.13577e-03 0.00000e+00
60.510000 -1.15921e-04 -9.69153e-04 0.00000e+00
60.520000 -1.23358e-04 -6.82685e-04 0.00000e+00
60.530000 -1.35005e-04 -5.25974e-04 0.00000e+00
60.540000 -1.28412e-04 -3.29543e-04 0.00000e+00
60.550000 -1.50146e-04 -1.89039e-04 0.00000e+00
60.560000 -1.35798e-04 -5.92440e-05 0.00000e+00
60.570000 -1.34513e-04 2.37949e-04 0.00000e+00
60.580000 -1.32682e-04 4.48932e-04 0.00000e+00
60.590000 -1.54092e-04 4.93424e-04 0.00000e+00
60.600000 -1.38126e-04 5.47363e-04 0.00000e+00
60.610000 -1.31429e-04 6.19040e-04 0.00000e+00
60.620000 -1.17933e-04 7.22812e-04 0.00000e+00
60.630000 -1.05781e-04 9.45967e-04 0.00000e+00
60.640000 -1.08208e-04 9.98762e-04 0.00000e+00
60.650000 -8.01557e-05 9.31122e-04 0.00000e+00
60.660000 -6.80430e-05 8.89121e-04 0.00000e+00
60.670000 -2.97771e-05 8.96167e-04 0.00000e+00
60.680000 -1.60645e-05 9.43020e-04 0.00000e+00
60.690000 -2.49929e-05 9.41961e-04 0.00000e+00
60.700000 -3.41361e-05 8.08747e-04 0.00000e+00
60.710000 6.26137e-06 7.50988e-04 0.00000e+00
60.720000 -1.15951e-05 6.77535e-04 0.00000e+00
60.730000 2.00384e-05 6.15386e-04 0.00000e+00
60.740000 -2.59909e-06 6.40284e-04 0.00000e+00
60.750000 -1.14533e-05 5.50588e-04 0.00000e+00
60.760000 -9.84830e-06 3.51143e-04 0.00000e+00
60.770000 1.47753e-05 2.02666e-04 0.00000e+00
60.780000 9.09514e-06 1.60291e-04 0.00000e+00
60.790000 2.51994e-05 1.27520e-04 0.00000e+00
60.800000 2.30883e-06 1.15770e-04 0.00000e+00
60.810000 -1.11604e-05 3.38989e-05 0.00000e+00
60.820000 1.32113e-05 -2.76565e-07 0.00000e+00
60.830000 1.55514e-05 -5.17514e-06 0.00000e+00
60.840000 2.19063e-05 5.13535e-05 0.00000e+00
60.850000 1.12535e-05 1.19242e-04 0.00000e+00
60.860000 -3.21945e-06 3.25361e-05 0.00000e+00
60.870000 -3.02575e-06 -7.71465e-05 0.00000e+00
60.880000 3.00103e-05 -5.09642e-06 0.00000e+00
60.890000 7.45313e-06 3.45961e-05 0.00000e+00
60.900000 3.16268e-05 4.76782e-05 0.00000e+00
60.910000 2.79835e-06 3.68390e-05 0.00000e+00
60.920000 5.91643e-07 -1.10738e-04 0.00000e+00
60.930000 6.64138e-06 -1.71570e-04 0.00000e+00
60.940000 3.05468e-05 -1.20267e-04 0.00000e+00
60.950000 2.52183e-05 -1.04365e-04 0.00000e+00
60.960000 2.70580e-05 -1.26478e-04 0.00000e+00
60.970000 1.35181e-05 -1.69589e-04 0.00000e+00
60.980000 8.60180e-06 -2.89409e-04 0.00000e+00
60.990000 9.42452e-06 -2.59306e-04 0.00000e+00
61.000000 -2.58475e-06 -2.35537e-04 0.00000e+00
61.010000 2.88824e-06 -2.48348e-04 0.00000e+00
61.020000 -2.03340e-05 -2.40321e-04 0.00000e+00
61.030000 -9.56785e-06 -2.98125e-04 0.00000e+00
61.040000 5.87053e-07 -3.27497e-04 0.00000e+00
61.050000 1.23241e-06 -2.52867e-04 0.00000e+00
61.060000 -2.45626e-05 -1.87646e-04 0.00000e+00
61.070000 -1.61216e-05 -1.22797e-04 0.00000e+00
61.080000 -3.68381e-05 -7.18799e-05 0.00000e+00
61.090000 -2.01945e-05 -8.77779e-05 0.00000e+00
61.100000 -1.79943e-05 -5.53658e-05 0.00000e+00
61.110000 -1.96144e-05 4.38020e-05 0.00000e+00
61.120000 -3.52482e-05 1.71677e-04 0.00000e+00
61.130000 -2.33594e-05 2.88911e-04 0.00000e+00
61.140000 -2.32242e-05 3.54750e-04 0.00000e+00
61.150000 -1.39486e-05 2.98428e-04 0.00000e+00
61.160000 -9.70216e-06 2.41388e-04 0.00000e+00
61.170000 -2.56848e-05 2.46843e-04 0.00000e+00
61.180000 3.46084e-06 2.75174e-04 0.00000e+00
61.190000 -2.59022e-06 2.56859e-04 0.00000e+00
61.200000 9.24172e-06 2.29539e-04 0.00000e+00
61.210000 1.19742e-05 2.46014e-04 0.00000e+00
61.220000 1.91564e-05 2.43137e-04 0.00000e+00
61.230000 2.68720e-05 2.05208e-04 0.00000e+00
61.240000 2.44301e-05 1.72794e-04 0.00000e+00
61.250000 2.55061e-05 1.19236e-04 0.00000e+00
61.260000 2.21088e-05 6.52671e-05 0.00000e+00
61.270000 2.15515e-05 3.26057e-05 0.00000e+00
61.280000 2.61654e-05 -2.81414e-05 0.00000e+00
61.290000 2.62061e-05 -1.17486e-04 0.00000e+00
61.300000 1.13637e-05 -2.12116e-04 0.00000e+00
61.310000 -1.06368e-05 -2.54914e-04 0.00000e+00
61.320000 -2.10713e-05 -3.18814e-04 0.00000e+00
61.330000 5.89737e-07 -4.29203e-04 0.00000e+00
61.340000 8.07632e-06 -5.73954e-04 0.00000e+00
61.350000 -4.94709e-06 -5.59343e-04 0.00000e+00
61.360000 -9.08425e-06 -5.44977e-04 0.00000e+00
61.370000 -1.94507e-05 -5.82742e-04 0.00000e+00
61.380000 -2.21615e-05 -5.76885e-04 0.00000e+00
61.390000 -1.99597e-05 -6.81765e-04 0.00000e+00
61.400000 -1.83110e-05 -6.99595e-04 0.00000e+00
61.410000 -3.94453e-05 -6.66722e-04 0.00000e+00
61.420000 -4.45354e-05 -6.40131e-04 0.00000e+00
61.430000 -6.11225e-05 -6.18692e-04 0.00000e+00
61.440000 -6.53245e-05 -6.47113e-04 0.00000e+00
61.450000 -6.98224e-05 -6.66914e-04 0.00000e+00
61.460000 -7.79884e-05 -6.62169e-04 0.00000e+00
61.470000 -9.27186e-05 -6.80184e-04 0.00000e+00
61.480000 -9.11591e-05 -7.66000e-04 0.00000e+00
61.490000 -1.16096e-04 -8.38615e-04 0.00000e+00
61.500000 -1.07350e-04 -7.49384e-04 0.00000e+00
61.510000 -1.00447e-04 -6.26607e-04 0.00000e+00
61.520000 -9.36332e-05 -6.20680e-04 0.00000e+00
61.530000 -1.35905e-04 -5.84569e-04 0.00000e+00
61.540000 -1.19200e-04 -5.42858e-04 0.00000e+00
61.550000 -1.52366e-04 -4.70737e-04 0.00000e+00
61.560000 -1.45774e-04 -2.99601e-04 0.00000e+00
61.570000 -1.23311e-04 -1.39637e-04 0.00000e+00
61.580000 -1.38454e-04 -1.34864e-04 0.00000e+00
61.590000 -1.42970e-04 -1.28970e-04 0.00000e+00
61.600000 -1.62029e-04 -1.04691e-04 0.00000e+00
61.610000 -1.66582e-04 -6.09715e-05 0.00000e+00
61.620000 -1.62381e-04 9.84109e-05 0.00000e+00
61.630000 -1.55290e-04 2.06665e-04 0.00000e+00
61.640000 -1.51529e-04 2.19321e-04 0.00000e+00
61.650000 -1.46120e-04 2.55087e-04 0.00000e+00
61.660000 -1.30639e-04 2.71954e-04 0.00000e+00
61.670000 -1.26516e-04 2.87708e-04 0.00000e+00
61.680000 -1.40215e-04 3.95094e-04 0.00000e+00
61.690000 -1.25120e-04 4.95244e-04 0.00000e+00
61.700000 -1.06637e-04 4.89145e-04 0.00000e+00
61.710000 -1.09563e-04 5.15055e-04 0.00000e+00
61.720000 -8.72668e-05 5.39804e-04 0.00000e+00
61.730000 -9.99018e-05 5.05928e-04 0.00000e+00
61.740000 -1.12674e-04 5.99354e-04 0.00000e+00
61.750000 -1.18838e-04 6.39285e-04 0.00000e+00
61.760000 -8.02816e-05 6.28484e-04 0.00000e+00
61.770000 -8.90676e-05 5.87887e-04 0.00000e+00
61.780000 -5.15852e-05 5.26868e-04 0.00000e+00
61.790000 -6.66897e-05 5.12478e-04 0.00000e+00
61.800000 -7.51490e-05 4.91606e-04 0.00000e+00
61.810000 -7.85098e-05 4.97789e-04 0.00000e+00
61.820000 -5.70142e-05 5.09720e-04 0.00000e+00
61.830000 -6.21404e-05 5.28212e-04 0.00000e+00
61.840000 -4.42024e-05 5.37942e-04 0.00000e+00
61.850000 -4.45724e-05 4.19869e-04 0.00000e+00
61.860000 -3.57779e-05 3.23676e-04 0.00000e+00
61.870000 -2.92527e-05 3.77207e-04 0.00000e+00
61.880000 -2.14213e-05 4.07420e-04 0.00000e+00
61.890000 -2.93790e-05 3.98797e-04 0.00000e+00
61.900000 -2.11818e-05 3.64645e-04 0.00000e+00
61.910000 -2.05341e-05 2.47626e-04 0.00000e+00
61.920000 -1.76942e-05 8.55568e-05 0.00000e+00
61.930000 -1.07050e-05 3.17084e-05 0.00000e+00
61.940000 -1.51475e-05 7.71261e-06 0.00000e+00
61.950000 -7.80738e-06 1.26109e-05 0.00000e+00
61.960000 -1.34751e-05 2.14489e-05 0.00000e+00
61.970000 -1.34188e-05 -1.05809e-04 0.00000e+00
61.980000 -7.78208e-06 -2.64971e-04 0.00000e+00
61.990000 -2.28956e-05 -4.09207e-04 0.00000e+00
62.000000 -2.73742e-05 -5.08553e-04 0.00000e+00
62.010000 -3.85625e-05 -5.90571e-04 0.00000e+00
62.020000 -4.22878e-05 -6.30436e-04 0.00000e+00
62.030000 -2.51515e-05 -6.06779e-04 0.00000e+00
62.040000 -2.85789e-05 -5.79885e-04 0.00000e+00
62.050000 -4.83840e-05 -6.10740e-04 0.00000e+00
62.060000 -6.27251e-05 -6.36405e-04 0.00000e+00
62.070000 -6.46492e-05 -6.46877e-04 0.00000e+00
62.080000 -7.84285e-05 -6.45551e-04 0.00000e+00
62.090000 -8.51683e-05 -5.68934e-04 0.00000e+00
62.100000 -8.21723e-05 -4.43477e-04 0.00000e+00
62.110000 -8.76986e-05 -3.99605e-04 0.00000e+00
62.120000 -9.49583e-05 -3.21285e-04 0.00000e+00
62.130000 -1.11624e-04 -2.04743e-04 0.00000e+00
62.140000 -1.26592e-04 -1.47399e-04 0.00000e+00
62.150000 -1.31787e-04 -4.09281e-05 0.00000e+00
62.160000 -1.26189e-04 1.56138e-05 0.00000e+00
62.170000 -1.01364e-04 5.79871e-05 0.00000e+00
62.180000 -1.04502e-04 1.28419e-04 0.00000e+00
62.190000 -7.95069e-05 2.05614e-04 0.00000e+00
62.200000 -8.60966e-05 4.05461e-04 0.00000e+00
62.210000 -9.41725e-05 6.50962e-04 0.00000e+00
62.220000 -9.35043e-05 7.54907e-04 0.00000e+00
62.230000 -6.67573e-05 7.46289e-04 0.00000e+00
62.240000 -7.22520e-05 8.12554e-04 0.00000e+00
62.250000 -4.45435e-05 8.61945e-04 0.00000e+00
62.260000 -3.62501e-05 8.48451e-04 0.00000e+00
62.270000 -4.06958e-05 8.95675e-04 0.00000e+00
62.280000 -4.71486e-05 9.60168e-04 0.00000e+00
62.290000 -1.64963e-05 9.21408e-04 0.00000e+00
62.300000 -3.14897e-05 8.34395e-04 0.00000e+00
62.310000 -1.64673e-05 7.08979e-04 0.00000e+00
62.320000 -8.14803e-06 5.37293e-04 0.00000e+00
62.330000 1.25100e-06 4.35047e-04 0.00000e+00
62.340000 2.38020e-05 4.56128e-04 0.00000e+00
62.350000 3.37712e-05 4.10172e-04 0.00000e+00
62.360000 4.86507e-05 3.76507e-04 0.00000e+00
62.370000 5.62075e-05 3.85936e-04 0.00000e+00
62.380000 4.15941e-05 2.43607e-04 0.00000e+00
62.390000 2.38902e-05 9.58889e-05 0.00000e+00
62.400000 2.80473e-05 5.64786e-05 0.00000e+00
62.410000 4.19183e-05 3.83080e-05 0.00000e+00
62.420000 2.07060e-05 1.49557e-05 0.00000e+00
62.430000 3.30065e-05 3.77369e-05 0.00000e+00
62.440000 2.74290e-05 -5.67359e-06 0.00000e+00
62.450000 2.04867e-05 -9.62632e-05 0.00000e+00
62.460000 -2.25996e-06 -1.12643e-04 0.00000e+00
62.470000 1.86150e-05 -1.52656e-04 0.00000e+00
62.480000 -1.55366e-06 -2.48053e-04 0.00000e+00
62.490000 1.78483e-05 -3.00552e-04 0.00000e+00
62.500000 2.23599e-05 -3.25270e-04 0.00000e+00
62.510000 2.72623e-05 -2.32440e-04 0.00000e+00
62.520000 2.62756e-06 -2.01358e-04 0.00000e+00
62.530000 3.07380e-05 -1.54774e-04 0.00000e+00
62.540000 3.50632e-06 -5.72919e-05 0.00000e+00
62.550000 7.17045e-06 -7.20808e-05 0.00000e+00
62.560000 1.27436e-05 -1.03674e-04 0.00000e+00
62.570000 2.33881e-05 -9.24135e-05 0.00000e+00
62.580000 1.55661e-05 -2.12303e-05 0.00000e+00
62.590000 1.27934e-05 -5.63345e-05 0.00000e+00
62.600000 9.40993e-06 -6.79950e-05 0.00000e+00
62.610000 2.79193e-06 -7.60119e-06 0.00000e+00
62.620000 -8.30479e-07 -3.41451e-05 0.00000e+00
62.630000 -5.23840e-06 -1.34776e-04 0.00000e+00
62.640000 -9.99493e-06 -1.58111e-04 0.00000e+00
62.650000 -8.95556e-06 -1.55839e-04 0.00000e+00
62.660000 -1.23028e-06 -1.49890e-04 0.00000e+00
62.670000 9.90081e-06 -5.96603e-05 0.00000e+00
62.680000 8.50440e-06 -4.11246e-06 0.00000e+00
62.690000 -1.62234e-05 -6.01043e-05 0.00000e+00
62.700000 1.90098e-05 -2.14504e-05 0.00000e+00
62.710000 -8.99907e-06 -9.23000e-06 0.00000e+00
62.720000 7.56003e-06 -8.16164e-05 0.00000e+00
62.730000 6.51742e-06 -6.69627e-06 0.00000e+00
62.740000 2.90026e-06 1.12576e-04 0.00000e+00
62.750000 -7.46743e-06 1.67874e-04 0.00000e+00
62.760000 -9.43279e-06 1.65429e-04 0.00000e+00
62.770000 7.30545e-06 2.12065e-04 0.00000e+00
62.780000 -5.71130e-06 2.37398e-04 0.00000e+00
62.790000 -7.76875e-06 2.10221e-04 0.00000e+00
62.800000 -8.64011e-07 1.27410e-04 0.00000e+00
62.810000 1.27231e-05 8.85174e-05 0.00000e+00
62.820000 1.20293e-05 9.43700e-05 0.00000e+00
62.830000 1.87257e-05 1.47436e-04 0.00000e+00
62.840000 1.60513e-05 2.28111e-04 0.00000e+00
62.850000 1.08600e-05 2.38533e-04 0.00000e+00
62.860000 1.31650e-05 1.93224e-04 0.00000e+00
62.870000 3.20004e-05 2.93212e-04 0.00000e+00
62.880000 1.43136e-05 3.80764e-04 0.00000e+00
62.890000 4.52418e-05 3.59712e-04 0.00000e+00
62.900000 4.48592e-05 3.99488e-04 0.00000e+00
62.910000 4.07895e-05 3.75487e-04 0.00000e+00
62.920000 2.61100e-05 2.68661e-04 0.00000e+00
62.930000 3.73032e-05 1.68704e-04 0.00000e+00
62.940000 3.52331e-05 1.59865e-04 0.00000e+00
62.950000 2.45289e-05 1.21618e-04 0.00000e+00
62.960000 2.18476e-05 -2.82848e-05 0.00000e+00
62.970000 3.07608e-05 -1.65258e-04 0.00000e+00
62.980000 5.87532e-05 -1.85521e-04 0.00000e+00
62.990000 5.02184e-05 -2.04809e-04 0.00000e+00
63.000000 6.23793e-05 -2.34214e-04 0.00000e+00
63.010000 4.24663e-05 -2.68226e-04 0.00000e+00
63.020000 5.13230e-05 -3.57440e-04 0.00000e+00
63.030000 5.81453e-05 -4.15175e-04 0.00000e+00
63.040000 5.60285e-05 -3.98044e-04 0.00000e+00
63.050000 2.38134e-05 -4.53312e-04 0.00000e+00
63.060000 1.46816e-05 -4.40761e-04 0.00000e+00
63.070000 4.35526e-06 -3.59534e-04 0.00000e+00
63.080000 -1.23267e-05 -4.08001e-04 0.00000e+00
63.090000 -1.84944e-05 -5.11088e-04 0.00000e+00
63.100000 -1.12568e-05 -5.89466e-04 0.00000e+00
63.110000 -2.27353e-05 -6.07897e-04 0.00000e+00
63.120000 -3.37427e-05 -6.50575e-04 0.00000e+00
63.130000 -4.55947e-05 -7.01023e-04 0.00000e+00
63.140000 -2.61902e-05 -7.12791e-04 0.00000e+00
63.150000 -1.98835e-05 -6.26438e-04 0.00000e+00
63.160000 -3.17865e-05 -5.20262e-04 0.00000e+00
63.170000 -2.99822e-05 -4.28496e-04 0.00000e+00
63.180000 -4.30360e-05 -3.52090e-04 0.00000e+00
63.190000 -4.11571e-05 -2.66486e-04 0.00000e+00
63.200000 -4.03697e-05 -1.08740e-04 0.00000e+00
63.210000 -4.85162e-05 4.25488e-05 0.00000e+00
63.220000 -5.73926e-05 1.12792e-04 0.00000e+00
63.230000 -4.88652e-05 1.11894e-04 0.00000e+00
63.240000 -7.50809e-05 1.56355e-04 0.00000e+00
63.250000 -7.85681e-05 1.58731e-04 0.00000e+00
63.260000 -7.65055e-05 1.07253e-04 0.00000e+00
63.270000 -6.69445e-05 1.59501e-04 0.00000e+00
63.280000 -5.62708e-05 1.51943e-04 0.00000e+00
63.290000 -5.31814e-05 1.21068e-04 0.00000e+00
63.300000 -4.75480e-05 9.88692e-05 0.00000e+00
63.310000 -3.93824e-05 1.51286e-04 0.00000e+00
63.320000 -2.58393e-05 3.18147e-04 0.00000e+00
63.330000 -1.82860e-05 3.32324e-04 0.00000e+00
63.340000 -1.69142e-05 3.40528e-04 0.00000e+00
63.350000 -1.05272e-05 2.93763e-04 0.00000e+00
63.360000 -9.59056e-06 2.63690e-04 0.00000e+00
63.370000 -1.03413e-05 3.37888e-04 0.00000e+00
63.380000 -1.41845e-05 2.70151e-04 0.00000e+00
63.390000 -1.98492e-05 1.40957e-04 0.00000e+00
63.400000 -3.07225e-05 1.23781e-04 0.00000e+00
63.410000 -2.17308e-05 6.28775e-05 0.00000e+00
63.420000 -4.05406e-05 -7.48014e-05 0.00000e+00
63.430000 -2.70566e-05 -2.03069e-04 0.00000e+00
63.440000 -2.08583e-05 -3.23511e-04 0.00000e+00
63.450000 -3.22217e-05 -2.82679e-04 0.00000e+00
63.460000 -1.73916e-06 -2.58617e-04 0.00000e+00
63.470000 -1.98828e-05 -2.53076e-04 0.00000e+00
63.480000 1.39726e-06 -2.24927e-04 0.00000e+00
63.490000 -2.42056e-05 -2.17124e-04 0.00000e+00
63.500000 -4.03570e-05 -8.91397e-05 0.00000e+00
63.510000 -3.02256e-05 3.01297e-05 0.00000e+00
63.520000 -5.26406e-05 1.30423e-04 0.00000e+00
63.530000 -2.13999e-05 1.65865e-04 0.00000e+00
63.540000 -5.35061e-05 1.86293e-04 0.00000e+00
63.550000 -6.42664e-05 2.90611e-04 0.00000e+00
63.560000 -4.57727e-05 3.16598e-04 0.00000e+00
63.570000 -3.57135e-05 2.15884e-04 0.00000e+00
63.580000 -5.21037e-05 1.57173e-04 0.00000e+00
63.590000 -4.40995e-05 9.73541e-05 0.00000e+00
63.600000 -4.42271e-05 4.43816e-05 0.00000e+00
63.610000 -1.21216e-05 4.48601e-05 0.00000e+00
63.620000 9.15793e-06 -9.92938e-05 0.00000e+00
63.630000 -1.54060e-05 -1.06925e-04 0.00000e+00
63.640000 9.70790e-06 -9.10180e-05 0.00000e+00
63.650000 -8.79425e-06 -1.31723e-04 0.00000e+00
63.660000 1.40366e-05 -1.34584e-04 0.00000e+00
63.670000 2.13073e-05 -2.31261e-04 0.00000e+00
63.680000 -6.25815e-06 -2.65180e-04 0.00000e+00
63.690000 -1.13454e-05 -3.17764e-04 0.00000e+00
63.700000 -3.84220e-05 -3.25299e-04 0.00000e+00
63.710000 -1.67617e-05 -3.50086e-04 0.00000e+00
63.720000 -4.39443e-05 -4.77428e-04 0.00000e+00
63.730000 -7.49100e-05 -5.05755e-04 0.00000e+00
63.740000 -8.53782e-05 -4.76838e-04 0.00000e+00
63.750000 -7.18312e-05 -5.14001e-04 0.00000e+00
63.760000 -8.78903e-05 -5.57572e-04 0.00000e+00
63.770000 -8.37374e-05 -5.63619e-04 0.00000e+00
63.780000 -1.02639e-04 -5.02262e-04 0.00000e+00
63.790000 -9.84338e-05 -3.63978e-04 0.00000e+00
63.800000 -6.78235e-05 -3.26174e-04 0.00000e+00
63.810000 -9.29806e-05 -2.74277e-04 0.00000e+00
63.820000 -7.35515e-05 -1.99648e-04 0.00000e+00
63.830000 -7.54790e-05 -1.67442e-04 0.00000e+00
63.840000 -7.70885e-05 -1.34791e-04 0.00000e+00
63.850000 -7.83798e-05 -1.01696e-04 0.00000e+00
63.860000 -7.93531e-05 -6.81550e-05 0.00000e+00
63.870000 -8.00082e-05 -3.41694e-05 0.00000e+00
63.880000 -8.03453e-05 2.61144e-07 0.00000e+00
63.890000 -8.03642e-05 3.51367e-05 0.00000e+00
63.900000 -8.00651e-05 7.04572e-05 0.00000e+00
63.910000 -7.94478e-05 1.06223e-04 0.00000e+00
63.920000 -7.85125e-05 1.42433e-04 0.00000e+00
63.930000 -7.72590e-05 1.79088e-04 0.00000e+00
63.940000 -7.56875e-05 2.16189e-04 0.00000e+00
63.950000 -7.37979e-05 2.53734e-04 0.00000e+00
63.960000 -7.15901e-05 2.91724e-04 0.00000e+00
63.970000 -6.90643e-05 3.30160e-04 0.00000e+00
63.980000 -6.62204e-05 3.69040e-04 0.00000e+00
63.990000 -6.30583e-05 4.08365e-04 0.00000e+00
