# focused wave waveinput_round2\waveinput_430050.dat
@v301
# Wavedata CFDwavemaker
[wave type]
piston

[general input data]
depth 0.6

[wave input piston]
# number of timesteps to read
6400
# Time[sec], paddle position[m], paddle velocity[m/s], surface_elevation[m]
0.000000 0.00000e+00 9.44056e-05 0.00000e+00
0.010000 5.76602e-07 7.84393e-05 0.00000e+00
0.020000 1.07139e-06 6.34567e-05 0.00000e+00
0.030000 1.48897e-06 4.94577e-05 0.00000e+00
0.040000 1.83399e-06 3.64425e-05 0.00000e+00
0.050000 2.11105e-06 2.44110e-05 0.00000e+00
0.060000 2.32477e-06 1.33631e-05 0.00000e+00
0.070000 2.47979e-06 3.29900e-06 0.00000e+00
0.080000 2.58071e-06 -5.78144e-06 0.00000e+00
0.090000 2.63217e-06 -1.38782e-05 0.00000e+00
0.100000 2.63878e-06 -2.09912e-05 0.00000e+00
0.110000 2.60516e-06 -2.71206e-05 0.00000e+00
0.120000 2.53593e-06 -3.22662e-05 0.00000e+00
0.130000 2.43573e-06 -3.64282e-05 0.00000e+00
0.140000 2.30916e-06 -3.96065e-05 0.00000e+00
0.150000 2.16084e-06 -4.18010e-05 0.00000e+00
0.160000 1.99541e-06 -4.30119e-05 0.00000e+00
0.170000 1.81748e-06 -4.32391e-05 0.00000e+00
0.180000 1.71283e-06 -4.55958e-05 0.00000e+00
0.190000 2.63272e-06 -4.45882e-05 0.00000e+00
0.200000 1.58021e-06 -3.71789e-05 0.00000e+00
0.210000 2.60287e-06 -3.10615e-05 0.00000e+00
0.220000 1.13748e-06 -3.31901e-05 0.00000e+00
0.230000 1.86027e-07 -3.56376e-05 0.00000e+00
0.240000 -1.42659e-06 -3.87961e-05 0.00000e+00
0.250000 -2.21158e-06 -3.99834e-05 0.00000e+00
0.260000 -3.00140e-06 -3.44380e-05 0.00000e+00
0.270000 -3.90574e-06 -1.38702e-05 0.00000e+00
0.280000 -4.30896e-06 5.94858e-06 0.00000e+00
0.290000 -2.69307e-06 1.38728e-05 0.00000e+00
0.300000 -2.18100e-06 2.02184e-05 0.00000e+00
0.310000 -1.53859e-06 4.74899e-05 0.00000e+00
0.320000 -1.28707e-06 8.94122e-05 0.00000e+00
0.330000 -1.43025e-06 1.23137e-04 0.00000e+00
0.340000 1.02658e-06 1.50049e-04 0.00000e+00
0.350000 3.24742e-06 1.78360e-04 0.00000e+00
0.360000 4.14563e-06 2.15632e-04 0.00000e+00
0.370000 5.72911e-06 2.46925e-04 0.00000e+00
0.380000 3.98315e-06 2.78352e-04 0.00000e+00
0.390000 6.17738e-06 2.98333e-04 0.00000e+00
0.400000 8.96556e-06 2.99128e-04 0.00000e+00
0.410000 1.28026e-05 3.06958e-04 0.00000e+00
0.420000 1.78421e-05 3.16832e-04 0.00000e+00
0.430000 2.30401e-05 3.04077e-04 0.00000e+00
0.440000 2.71085e-05 2.74252e-04 0.00000e+00
0.450000 2.63458e-05 2.48008e-04 0.00000e+00
0.460000 3.09074e-05 2.27386e-04 0.00000e+00
0.470000 3.67269e-05 1.92785e-04 0.00000e+00
0.480000 4.42747e-05 1.32084e-04 0.00000e+00
0.490000 4.16609e-05 6.22737e-05 0.00000e+00
0.500000 4.12618e-05 -1.48452e-05 0.00000e+00
0.510000 4.04443e-05 -8.97833e-05 0.00000e+00
0.520000 4.17051e-05 -1.75713e-04 0.00000e+00
0.530000 3.87636e-05 -2.80872e-04 0.00000e+00
0.540000 3.45431e-05 -3.90768e-04 0.00000e+00
0.550000 3.01556e-05 -5.31549e-04 0.00000e+00
0.560000 2.19575e-05 -6.74686e-04 0.00000e+00
0.570000 1.81077e-05 -7.95506e-04 0.00000e+00
0.580000 1.28052e-05 -9.27159e-04 0.00000e+00
0.590000 5.68311e-07 -1.04706e-03 0.00000e+00
0.600000 -1.25548e-05 -1.13016e-03 0.00000e+00
0.610000 -2.05278e-05 -1.21814e-03 0.00000e+00
0.620000 -3.15856e-05 -1.32460e-03 0.00000e+00
0.630000 -4.69890e-05 -1.41062e-03 0.00000e+00
0.640000 -6.55956e-05 -1.46079e-03 0.00000e+00
0.650000 -8.11085e-05 -1.47154e-03 0.00000e+00
0.660000 -9.48452e-05 -1.48845e-03 0.00000e+00
0.670000 -1.11839e-04 -1.52969e-03 0.00000e+00
0.680000 -1.28707e-04 -1.55672e-03 0.00000e+00
0.690000 -1.50624e-04 -1.55443e-03 0.00000e+00
0.700000 -1.65218e-04 -1.54091e-03 0.00000e+00
0.710000 -1.83324e-04 -1.50758e-03 0.00000e+00
0.720000 -1.99273e-04 -1.44730e-03 0.00000e+00
0.730000 -2.07265e-04 -1.37593e-03 0.00000e+00
0.740000 -2.21236e-04 -1.26650e-03 0.00000e+00
0.750000 -2.34055e-04 -1.11996e-03 0.00000e+00
0.760000 -2.38312e-04 -9.90730e-04 0.00000e+00
0.770000 -2.48582e-04 -8.90475e-04 0.00000e+00
0.780000 -2.62952e-04 -7.53120e-04 0.00000e+00
0.790000 -2.66191e-04 -5.76661e-04 0.00000e+00
0.800000 -2.70325e-04 -4.15612e-04 0.00000e+00
0.810000 -2.74106e-04 -2.76674e-04 0.00000e+00
0.820000 -2.78793e-04 -1.33899e-04 0.00000e+00
0.830000 -2.87479e-04 2.76611e-05 0.00000e+00
0.840000 -2.87813e-04 2.08713e-04 0.00000e+00
0.850000 -2.82784e-04 3.72498e-04 0.00000e+00
0.860000 -2.75463e-04 5.08140e-04 0.00000e+00
0.870000 -2.68226e-04 6.72081e-04 0.00000e+00
0.880000 -2.52971e-04 8.17323e-04 0.00000e+00
0.890000 -2.45430e-04 9.22340e-04 0.00000e+00
0.900000 -2.30635e-04 1.08431e-03 0.00000e+00
0.910000 -2.19576e-04 1.26007e-03 0.00000e+00
0.920000 -2.10692e-04 1.38493e-03 0.00000e+00
0.930000 -2.04278e-04 1.52642e-03 0.00000e+00
0.940000 -1.86741e-04 1.64398e-03 0.00000e+00
0.950000 -1.65320e-04 1.69179e-03 0.00000e+00
0.960000 -1.51176e-04 1.74565e-03 0.00000e+00
0.970000 -1.37942e-04 1.78363e-03 0.00000e+00
0.980000 -1.18121e-04 1.79277e-03 0.00000e+00
0.990000 -9.74598e-05 1.78952e-03 0.00000e+00
1.000000 -7.57589e-05 1.71815e-03 0.00000e+00
1.010000 -5.55163e-05 1.62795e-03 0.00000e+00
1.020000 -4.29437e-05 1.56736e-03 0.00000e+00
1.030000 -1.89115e-05 1.49089e-03 0.00000e+00
1.040000 -1.83495e-07 1.40236e-03 0.00000e+00
1.050000 7.99524e-06 1.32925e-03 0.00000e+00
1.060000 3.25749e-05 1.23745e-03 0.00000e+00
1.070000 5.33032e-05 1.12538e-03 0.00000e+00
1.080000 5.54738e-05 1.00123e-03 0.00000e+00
1.090000 6.12957e-05 8.61384e-04 0.00000e+00
1.100000 6.95413e-05 7.21120e-04 0.00000e+00
1.110000 6.40051e-05 5.95082e-04 0.00000e+00
1.120000 7.23190e-05 5.16208e-04 0.00000e+00
1.130000 7.52586e-05 4.45919e-04 0.00000e+00
1.140000 7.27540e-05 3.56419e-04 0.00000e+00
1.150000 7.93659e-05 2.70726e-04 0.00000e+00
1.160000 7.75774e-05 2.17950e-04 0.00000e+00
1.170000 7.58372e-05 1.95944e-04 0.00000e+00
1.180000 8.69168e-05 1.69772e-04 0.00000e+00
1.190000 8.59890e-05 1.55137e-04 0.00000e+00
1.200000 8.55548e-05 2.21251e-04 0.00000e+00
1.210000 9.04372e-05 3.31439e-04 0.00000e+00
1.220000 9.11119e-05 4.16469e-04 0.00000e+00
1.230000 9.11687e-05 5.59762e-04 0.00000e+00
1.240000 9.67095e-05 7.75500e-04 0.00000e+00
1.250000 1.03504e-04 9.29096e-04 0.00000e+00
1.260000 1.18926e-04 1.04397e-03 0.00000e+00
1.270000 1.29516e-04 1.17512e-03 0.00000e+00
1.280000 1.41354e-04 1.28697e-03 0.00000e+00
1.290000 1.55304e-04 1.43785e-03 0.00000e+00
1.300000 1.65136e-04 1.61999e-03 0.00000e+00
1.310000 1.77994e-04 1.77498e-03 0.00000e+00
1.320000 1.94106e-04 1.94249e-03 0.00000e+00
1.330000 2.18622e-04 2.07777e-03 0.00000e+00
1.340000 2.38615e-04 2.15513e-03 0.00000e+00
1.350000 2.64458e-04 2.31649e-03 0.00000e+00
1.360000 3.02566e-04 2.48967e-03 0.00000e+00
1.370000 3.31902e-04 2.56878e-03 0.00000e+00
1.380000 3.50833e-04 2.62323e-03 0.00000e+00
1.390000 3.78612e-04 2.64306e-03 0.00000e+00
1.400000 4.05486e-04 2.61091e-03 0.00000e+00
1.410000 4.21948e-04 2.55710e-03 0.00000e+00
1.420000 4.36759e-04 2.46262e-03 0.00000e+00
1.430000 4.67661e-04 2.37384e-03 0.00000e+00
1.440000 4.91191e-04 2.28949e-03 0.00000e+00
1.450000 5.26138e-04 2.12881e-03 0.00000e+00
1.460000 5.52218e-04 1.93377e-03 0.00000e+00
1.470000 5.69424e-04 1.69786e-03 0.00000e+00
1.480000 5.86528e-04 1.40742e-03 0.00000e+00
1.490000 5.99981e-04 1.06718e-03 0.00000e+00
1.500000 6.05826e-04 7.26730e-04 0.00000e+00
1.510000 6.25421e-04 3.57594e-04 0.00000e+00
1.520000 6.41085e-04 -5.34549e-05 0.00000e+00
1.530000 6.21921e-04 -3.56685e-04 0.00000e+00
1.540000 6.13390e-04 -6.23141e-04 0.00000e+00
1.550000 6.03713e-04 -9.86863e-04 0.00000e+00
1.560000 5.89938e-04 -1.39150e-03 0.00000e+00
1.570000 5.74848e-04 -1.79228e-03 0.00000e+00
1.580000 5.56348e-04 -2.22256e-03 0.00000e+00
1.590000 5.30559e-04 -2.70337e-03 0.00000e+00
1.600000 5.13127e-04 -3.10184e-03 0.00000e+00
1.610000 4.71203e-04 -3.44845e-03 0.00000e+00
1.620000 4.29695e-04 -3.74127e-03 0.00000e+00
1.630000 3.92798e-04 -3.93493e-03 0.00000e+00
1.640000 3.45309e-04 -4.14401e-03 0.00000e+00
1.650000 3.00006e-04 -4.36157e-03 0.00000e+00
1.660000 2.51461e-04 -4.56150e-03 0.00000e+00
1.670000 2.13862e-04 -4.69828e-03 0.00000e+00
1.680000 1.60234e-04 -4.72168e-03 0.00000e+00
1.690000 1.27244e-04 -4.64245e-03 0.00000e+00
1.700000 8.72569e-05 -4.62635e-03 0.00000e+00
1.710000 1.66778e-05 -4.67156e-03 0.00000e+00
1.720000 -4.51797e-05 -4.69840e-03 0.00000e+00
1.730000 -9.77932e-05 -4.67580e-03 0.00000e+00
1.740000 -1.45950e-04 -4.58451e-03 0.00000e+00
1.750000 -1.89560e-04 -4.49282e-03 0.00000e+00
1.760000 -2.27960e-04 -4.36581e-03 0.00000e+00
1.770000 -2.49607e-04 -4.13208e-03 0.00000e+00
1.780000 -2.97437e-04 -3.89651e-03 0.00000e+00
1.790000 -3.15844e-04 -3.73768e-03 0.00000e+00
1.800000 -3.61448e-04 -3.52833e-03 0.00000e+00
1.810000 -3.99708e-04 -3.27947e-03 0.00000e+00
1.820000 -4.33339e-04 -3.04776e-03 0.00000e+00
1.830000 -4.51436e-04 -2.83783e-03 0.00000e+00
1.840000 -4.66701e-04 -2.57500e-03 0.00000e+00
1.850000 -4.94934e-04 -2.27163e-03 0.00000e+00
1.860000 -5.30168e-04 -1.93375e-03 0.00000e+00
1.870000 -5.70577e-04 -1.51704e-03 0.00000e+00
1.880000 -5.91900e-04 -1.20910e-03 0.00000e+00
1.890000 -6.07125e-04 -1.02097e-03 0.00000e+00
1.900000 -6.00913e-04 -8.45007e-04 0.00000e+00
1.910000 -6.12894e-04 -6.66919e-04 0.00000e+00
1.920000 -6.15039e-04 -4.84535e-04 0.00000e+00
1.930000 -6.02463e-04 -2.77578e-04 0.00000e+00
1.940000 -6.01104e-04 1.63740e-05 0.00000e+00
1.950000 -6.11369e-04 2.81683e-04 0.00000e+00
1.960000 -6.07030e-04 5.47829e-04 0.00000e+00
1.970000 -5.87860e-04 7.93012e-04 0.00000e+00
1.980000 -5.84262e-04 9.20057e-04 0.00000e+00
1.990000 -5.75034e-04 1.01200e-03 0.00000e+00
2.000000 -5.61156e-04 1.13986e-03 0.00000e+00
2.010000 -5.30940e-04 1.29661e-03 0.00000e+00
2.020000 -5.20712e-04 1.35603e-03 0.00000e+00
2.030000 -5.05550e-04 1.35726e-03 0.00000e+00
2.040000 -5.03109e-04 1.29866e-03 0.00000e+00
2.050000 -5.10648e-04 1.16360e-03 0.00000e+00
2.060000 -5.02173e-04 1.01488e-03 0.00000e+00
2.070000 -4.89372e-04 9.39900e-04 0.00000e+00
2.080000 -4.69014e-04 8.08283e-04 0.00000e+00
2.090000 -4.50627e-04 5.97479e-04 0.00000e+00
2.100000 -4.28356e-04 4.70841e-04 0.00000e+00
2.110000 -4.16883e-04 3.47378e-04 0.00000e+00
2.120000 -4.20207e-04 1.30422e-04 0.00000e+00
2.130000 -4.16226e-04 -9.88888e-05 0.00000e+00
2.140000 -4.33015e-04 -2.30717e-04 0.00000e+00
2.150000 -4.36491e-04 -3.68874e-04 0.00000e+00
2.160000 -4.40259e-04 -5.52206e-04 0.00000e+00
2.170000 -4.36860e-04 -7.48285e-04 0.00000e+00
2.180000 -4.56278e-04 -8.40133e-04 0.00000e+00
2.190000 -4.66309e-04 -8.34086e-04 0.00000e+00
2.200000 -4.67441e-04 -8.24465e-04 0.00000e+00
2.210000 -4.91307e-04 -8.15592e-04 0.00000e+00
2.220000 -5.06944e-04 -8.17419e-04 0.00000e+00
2.230000 -5.11134e-04 -7.60438e-04 0.00000e+00
2.240000 -5.15640e-04 -6.26677e-04 0.00000e+00
2.250000 -5.41212e-04 -3.90758e-04 0.00000e+00
2.260000 -5.26660e-04 -8.15273e-05 0.00000e+00
2.270000 -5.28960e-04 3.04704e-04 0.00000e+00
2.280000 -5.31009e-04 7.51646e-04 0.00000e+00
2.290000 -5.31323e-04 1.15527e-03 0.00000e+00
2.300000 -5.12178e-04 1.57486e-03 0.00000e+00
2.310000 -5.01770e-04 2.03992e-03 0.00000e+00
2.320000 -4.92075e-04 2.51333e-03 0.00000e+00
2.330000 -4.68591e-04 3.05184e-03 0.00000e+00
2.340000 -4.33218e-04 3.65493e-03 0.00000e+00
2.350000 -3.70287e-04 4.26286e-03 0.00000e+00
2.360000 -3.29273e-04 4.89713e-03 0.00000e+00
2.370000 -2.82392e-04 5.55531e-03 0.00000e+00
2.380000 -2.29148e-04 6.08450e-03 0.00000e+00
2.390000 -1.60378e-04 6.43424e-03 0.00000e+00
2.400000 -9.70356e-05 6.79244e-03 0.00000e+00
2.410000 -2.41913e-05 7.17664e-03 0.00000e+00
2.420000 5.33640e-05 7.41527e-03 0.00000e+00
2.430000 1.24475e-04 7.62762e-03 0.00000e+00
2.440000 2.08655e-04 7.83063e-03 0.00000e+00
2.450000 2.81349e-04 7.93851e-03 0.00000e+00
2.460000 3.63109e-04 7.93656e-03 0.00000e+00
2.470000 4.59263e-04 7.84945e-03 0.00000e+00
2.480000 5.52668e-04 7.64387e-03 0.00000e+00
2.490000 6.34396e-04 7.31424e-03 0.00000e+00
2.500000 7.28602e-04 6.94210e-03 0.00000e+00
2.510000 8.01852e-04 6.52241e-03 0.00000e+00
2.520000 8.77881e-04 6.17654e-03 0.00000e+00
2.530000 9.28604e-04 5.76617e-03 0.00000e+00
2.540000 9.58114e-04 5.23440e-03 0.00000e+00
2.550000 9.83913e-04 4.67431e-03 0.00000e+00
2.560000 1.02477e-03 4.10533e-03 0.00000e+00
2.570000 1.08568e-03 3.48598e-03 0.00000e+00
2.580000 1.10993e-03 2.76147e-03 0.00000e+00
2.590000 1.13243e-03 2.05004e-03 0.00000e+00
2.600000 1.15745e-03 1.34474e-03 0.00000e+00
2.610000 1.16190e-03 6.53458e-04 0.00000e+00
2.620000 1.16491e-03 -9.01053e-05 0.00000e+00
2.630000 1.14106e-03 -8.38699e-04 0.00000e+00
2.640000 1.13387e-03 -1.42114e-03 0.00000e+00
2.650000 1.10992e-03 -1.89231e-03 0.00000e+00
2.660000 1.11459e-03 -2.37255e-03 0.00000e+00
2.670000 1.08706e-03 -2.80222e-03 0.00000e+00
2.680000 1.07066e-03 -3.17925e-03 0.00000e+00
2.690000 1.04035e-03 -3.51515e-03 0.00000e+00
2.700000 9.83588e-04 -3.84876e-03 0.00000e+00
2.710000 9.45767e-04 -4.28950e-03 0.00000e+00
2.720000 8.86455e-04 -4.77950e-03 0.00000e+00
2.730000 8.30856e-04 -5.16550e-03 0.00000e+00
2.740000 7.58370e-04 -5.28421e-03 0.00000e+00
2.750000 7.03905e-04 -5.35006e-03 0.00000e+00
2.760000 6.62727e-04 -5.47723e-03 0.00000e+00
2.770000 6.05388e-04 -5.55740e-03 0.00000e+00
2.780000 5.52327e-04 -5.54209e-03 0.00000e+00
2.790000 4.90367e-04 -5.43800e-03 0.00000e+00
2.800000 4.67533e-04 -5.35719e-03 0.00000e+00
2.810000 4.20092e-04 -5.29559e-03 0.00000e+00
2.820000 3.62133e-04 -5.16725e-03 0.00000e+00
2.830000 2.94955e-04 -4.82516e-03 0.00000e+00
2.840000 2.50756e-04 -4.43545e-03 0.00000e+00
2.850000 1.90636e-04 -4.06984e-03 0.00000e+00
2.860000 1.47934e-04 -3.64167e-03 0.00000e+00
2.870000 8.54163e-05 -3.29113e-03 0.00000e+00
2.880000 5.34840e-05 -2.89357e-03 0.00000e+00
2.890000 2.91200e-05 -2.51387e-03 0.00000e+00
2.900000 3.26876e-05 -2.23435e-03 0.00000e+00
2.910000 1.43552e-05 -1.99078e-03 0.00000e+00
2.920000 -2.51965e-05 -1.79436e-03 0.00000e+00
2.930000 -3.94320e-05 -1.50945e-03 0.00000e+00
2.940000 -4.38491e-05 -1.25643e-03 0.00000e+00
2.950000 -2.90570e-05 -1.08313e-03 0.00000e+00
2.960000 -4.50798e-05 -9.31513e-04 0.00000e+00
2.970000 -5.28119e-05 -7.37402e-04 0.00000e+00
2.980000 -5.34300e-05 -5.21333e-04 0.00000e+00
2.990000 -2.83633e-05 -4.14769e-04 0.00000e+00
3.000000 -2.26824e-05 -4.23387e-04 0.00000e+00
3.010000 -5.38196e-05 -5.36840e-04 0.00000e+00
3.020000 -4.98403e-05 -6.92143e-04 0.00000e+00
3.030000 -6.89655e-05 -9.14769e-04 0.00000e+00
3.040000 -7.89067e-05 -1.25191e-03 0.00000e+00
3.050000 -9.22061e-05 -1.63594e-03 0.00000e+00
3.060000 -1.32506e-04 -2.06183e-03 0.00000e+00
3.070000 -1.47886e-04 -2.40504e-03 0.00000e+00
3.080000 -1.68436e-04 -2.69499e-03 0.00000e+00
3.090000 -1.93436e-04 -3.12369e-03 0.00000e+00
3.100000 -2.07632e-04 -3.58030e-03 0.00000e+00
3.110000 -2.58473e-04 -4.02259e-03 0.00000e+00
3.120000 -2.77833e-04 -4.39897e-03 0.00000e+00
3.130000 -3.23230e-04 -4.78634e-03 0.00000e+00
3.140000 -3.61780e-04 -5.18686e-03 0.00000e+00
3.150000 -4.23086e-04 -5.50722e-03 0.00000e+00
3.160000 -4.82347e-04 -5.68311e-03 0.00000e+00
3.170000 -5.60625e-04 -5.82052e-03 0.00000e+00
3.180000 -6.29966e-04 -6.09096e-03 0.00000e+00
3.190000 -6.88764e-04 -6.30755e-03 0.00000e+00
3.200000 -7.70201e-04 -6.42703e-03 0.00000e+00
3.210000 -8.35743e-04 -6.51530e-03 0.00000e+00
3.220000 -9.04548e-04 -6.53822e-03 0.00000e+00
3.230000 -9.72472e-04 -6.55073e-03 0.00000e+00
3.240000 -1.00633e-03 -6.47930e-03 0.00000e+00
3.250000 -1.08495e-03 -6.27915e-03 0.00000e+00
3.260000 -1.14292e-03 -6.01357e-03 0.00000e+00
3.270000 -1.21116e-03 -5.60561e-03 0.00000e+00
3.280000 -1.26524e-03 -5.14965e-03 0.00000e+00
3.290000 -1.30713e-03 -4.58896e-03 0.00000e+00
3.300000 -1.34898e-03 -3.91922e-03 0.00000e+00
3.310000 -1.37577e-03 -3.19890e-03 0.00000e+00
3.320000 -1.41348e-03 -2.35172e-03 0.00000e+00
3.330000 -1.44129e-03 -1.53463e-03 0.00000e+00
3.340000 -1.48571e-03 -7.12131e-04 0.00000e+00
3.350000 -1.48785e-03 1.89411e-04 0.00000e+00
3.360000 -1.48520e-03 1.18140e-03 0.00000e+00
3.370000 -1.47207e-03 2.13545e-03 0.00000e+00
3.380000 -1.45556e-03 3.08853e-03 0.00000e+00
3.390000 -1.41981e-03 4.09522e-03 0.00000e+00
3.400000 -1.37146e-03 5.05535e-03 0.00000e+00
3.410000 -1.31194e-03 6.15053e-03 0.00000e+00
3.420000 -1.24711e-03 7.21651e-03 0.00000e+00
3.430000 -1.16483e-03 8.06807e-03 0.00000e+00
3.440000 -1.07157e-03 8.83667e-03 0.00000e+00
3.450000 -9.79077e-04 9.55557e-03 0.00000e+00
3.460000 -8.66308e-04 1.02052e-02 0.00000e+00
3.470000 -7.64592e-04 1.08103e-02 0.00000e+00
3.480000 -6.34871e-04 1.13906e-02 0.00000e+00
3.490000 -5.15623e-04 1.17879e-02 0.00000e+00
3.500000 -4.12033e-04 1.19386e-02 0.00000e+00
3.510000 -2.60654e-04 1.18879e-02 0.00000e+00
3.520000 -1.42446e-04 1.17883e-02 0.00000e+00
3.530000 -1.54893e-05 1.16864e-02 0.00000e+00
3.540000 9.26218e-05 1.14764e-02 0.00000e+00
3.550000 2.32953e-04 1.11218e-02 0.00000e+00
3.560000 3.34675e-04 1.06206e-02 0.00000e+00
3.570000 4.53240e-04 9.99157e-03 0.00000e+00
3.580000 5.57516e-04 9.29496e-03 0.00000e+00
3.590000 6.23583e-04 8.56111e-03 0.00000e+00
3.600000 6.92250e-04 7.74954e-03 0.00000e+00
3.610000 7.84772e-04 6.93075e-03 0.00000e+00
3.620000 8.49998e-04 6.09454e-03 0.00000e+00
3.630000 9.09416e-04 5.19938e-03 0.00000e+00
3.640000 9.67637e-04 4.30648e-03 0.00000e+00
3.650000 9.90348e-04 3.46137e-03 0.00000e+00
3.660000 9.93645e-04 2.66398e-03 0.00000e+00
3.670000 1.01735e-03 1.88068e-03 0.00000e+00
3.680000 1.04902e-03 1.26111e-03 0.00000e+00
3.690000 1.07586e-03 7.01651e-04 0.00000e+00
3.700000 1.06794e-03 2.07382e-05 0.00000e+00
3.710000 1.05252e-03 -6.13272e-04 0.00000e+00
3.720000 1.01927e-03 -1.03584e-03 0.00000e+00
3.730000 9.94167e-04 -1.44840e-03 0.00000e+00
3.740000 9.67036e-04 -1.82972e-03 0.00000e+00
3.750000 9.61723e-04 -2.06977e-03 0.00000e+00
3.760000 9.30416e-04 -2.39113e-03 0.00000e+00
3.770000 9.04106e-04 -2.68153e-03 0.00000e+00
3.780000 8.83944e-04 -2.75761e-03 0.00000e+00
3.790000 8.53191e-04 -2.76539e-03 0.00000e+00
3.800000 8.22081e-04 -2.80014e-03 0.00000e+00
3.810000 8.19607e-04 -2.71103e-03 0.00000e+00
3.820000 7.90412e-04 -2.59738e-03 0.00000e+00
3.830000 7.83934e-04 -2.55046e-03 0.00000e+00
3.840000 7.60895e-04 -2.46906e-03 0.00000e+00
3.850000 7.33705e-04 -2.20742e-03 0.00000e+00
3.860000 6.76438e-04 -1.80919e-03 0.00000e+00
3.870000 6.53344e-04 -1.44823e-03 0.00000e+00
3.880000 6.58990e-04 -1.13832e-03 0.00000e+00
3.890000 6.44773e-04 -8.87601e-04 0.00000e+00
3.900000 6.05976e-04 -6.52300e-04 0.00000e+00
3.910000 6.25101e-04 -4.26528e-04 0.00000e+00
3.920000 6.01605e-04 -9.11482e-05 0.00000e+00
3.930000 6.11163e-04 3.11567e-04 0.00000e+00
3.940000 6.27051e-04 6.21873e-04 0.00000e+00
3.950000 6.36299e-04 9.12520e-04 0.00000e+00
3.960000 6.25752e-04 1.12766e-03 0.00000e+00
3.970000 6.50633e-04 1.32435e-03 0.00000e+00
3.980000 6.74382e-04 1.62972e-03 0.00000e+00
3.990000 6.88760e-04 1.90045e-03 0.00000e+00
4.000000 7.11754e-04 2.10658e-03 0.00000e+00
4.010000 7.38783e-04 2.25527e-03 0.00000e+00
4.020000 7.79791e-04 2.23314e-03 0.00000e+00
4.030000 7.88169e-04 2.02174e-03 0.00000e+00
4.040000 8.03815e-04 1.70069e-03 0.00000e+00
4.050000 8.17042e-04 1.44855e-03 0.00000e+00
4.060000 8.29715e-04 1.12316e-03 0.00000e+00
4.070000 8.50963e-04 5.59347e-04 0.00000e+00
4.080000 8.61587e-04 2.87057e-05 0.00000e+00
4.090000 8.93049e-04 -5.97255e-04 0.00000e+00
4.100000 8.71426e-04 -1.34112e-03 0.00000e+00
4.110000 8.56614e-04 -1.97200e-03 0.00000e+00
4.120000 8.35792e-04 -2.69450e-03 0.00000e+00
4.130000 8.18213e-04 -3.54205e-03 0.00000e+00
4.140000 8.06625e-04 -4.36594e-03 0.00000e+00
4.150000 7.60010e-04 -5.18031e-03 0.00000e+00
4.160000 6.89691e-04 -6.06041e-03 0.00000e+00
4.170000 6.18071e-04 -6.89896e-03 0.00000e+00
4.180000 5.25457e-04 -7.61353e-03 0.00000e+00
4.190000 4.34929e-04 -8.19396e-03 0.00000e+00
4.200000 3.47501e-04 -8.78624e-03 0.00000e+00
4.210000 2.51383e-04 -9.36664e-03 0.00000e+00
4.220000 1.55107e-04 -9.84203e-03 0.00000e+00
4.230000 3.26616e-05 -1.03395e-02 0.00000e+00
4.240000 -6.92479e-05 -1.07229e-02 0.00000e+00
4.250000 -1.74033e-04 -1.09544e-02 0.00000e+00
4.260000 -3.07232e-04 -1.10128e-02 0.00000e+00
4.270000 -3.93178e-04 -1.10030e-02 0.00000e+00
4.280000 -5.13077e-04 -1.10252e-02 0.00000e+00
4.290000 -6.40267e-04 -1.09177e-02 0.00000e+00
4.300000 -7.39308e-04 -1.06408e-02 0.00000e+00
4.310000 -8.50807e-04 -1.01565e-02 0.00000e+00
4.320000 -9.57999e-04 -9.66471e-03 0.00000e+00
4.330000 -1.03827e-03 -9.18018e-03 0.00000e+00
4.340000 -1.10710e-03 -8.58849e-03 0.00000e+00
4.350000 -1.18113e-03 -7.93929e-03 0.00000e+00
4.360000 -1.26510e-03 -7.22626e-03 0.00000e+00
4.370000 -1.34951e-03 -6.46557e-03 0.00000e+00
4.380000 -1.40690e-03 -5.63221e-03 0.00000e+00
4.390000 -1.48022e-03 -4.74283e-03 0.00000e+00
4.400000 -1.53835e-03 -3.84745e-03 0.00000e+00
4.410000 -1.54986e-03 -2.89782e-03 0.00000e+00
4.420000 -1.58364e-03 -1.91057e-03 0.00000e+00
4.430000 -1.59243e-03 -1.02004e-03 0.00000e+00
4.440000 -1.61698e-03 -4.56751e-06 0.00000e+00
4.450000 -1.60863e-03 1.08711e-03 0.00000e+00
4.460000 -1.58508e-03 1.95518e-03 0.00000e+00
4.470000 -1.55395e-03 2.80156e-03 0.00000e+00
4.480000 -1.52769e-03 3.70774e-03 0.00000e+00
4.490000 -1.50018e-03 4.56677e-03 0.00000e+00
4.500000 -1.42032e-03 5.39514e-03 0.00000e+00
4.510000 -1.36583e-03 6.24038e-03 0.00000e+00
4.520000 -1.29109e-03 7.10570e-03 0.00000e+00
4.530000 -1.22643e-03 7.80195e-03 0.00000e+00
4.540000 -1.15021e-03 8.24732e-03 0.00000e+00
4.550000 -1.05517e-03 8.60647e-03 0.00000e+00
4.560000 -9.71226e-04 8.78646e-03 0.00000e+00
4.570000 -8.69991e-04 8.78472e-03 0.00000e+00
4.580000 -7.84154e-04 8.83522e-03 0.00000e+00
4.590000 -6.95300e-04 8.77615e-03 0.00000e+00
4.600000 -5.95386e-04 8.46397e-03 0.00000e+00
4.610000 -4.82099e-04 8.04298e-03 0.00000e+00
4.620000 -4.21449e-04 7.59767e-03 0.00000e+00
4.630000 -3.42709e-04 7.09149e-03 0.00000e+00
4.640000 -2.41030e-04 6.51592e-03 0.00000e+00
4.650000 -1.55701e-04 5.86923e-03 0.00000e+00
4.660000 -9.70153e-05 5.17265e-03 0.00000e+00
4.670000 -4.44754e-05 4.59811e-03 0.00000e+00
4.680000 5.13500e-06 4.02636e-03 0.00000e+00
4.690000 3.43081e-05 3.33759e-03 0.00000e+00
4.700000 1.67269e-05 2.65027e-03 0.00000e+00
4.710000 2.91403e-05 1.99703e-03 0.00000e+00
4.720000 3.18233e-05 1.43276e-03 0.00000e+00
4.730000 2.46810e-05 8.80707e-04 0.00000e+00
4.740000 3.70436e-05 3.02905e-04 0.00000e+00
4.750000 2.95468e-05 -2.12169e-04 0.00000e+00
4.760000 -4.37320e-06 -6.55446e-04 0.00000e+00
4.770000 -1.61022e-05 -9.58599e-04 0.00000e+00
4.780000 1.07750e-06 -1.09397e-03 0.00000e+00
4.790000 -1.18313e-05 -1.21001e-03 0.00000e+00
4.800000 -2.89181e-05 -1.30030e-03 0.00000e+00
4.810000 -2.05710e-05 -1.15576e-03 0.00000e+00
4.820000 -2.17674e-05 -8.66173e-04 0.00000e+00
4.830000 -9.58867e-06 -6.12551e-04 0.00000e+00
4.840000 -2.37868e-05 -2.95497e-04 0.00000e+00
4.850000 -4.56600e-05 2.25569e-04 0.00000e+00
4.860000 -5.58069e-05 8.46416e-04 0.00000e+00
4.870000 -3.82843e-05 1.30108e-03 0.00000e+00
4.880000 -3.89412e-05 1.64778e-03 0.00000e+00
4.890000 -3.22580e-05 2.11274e-03 0.00000e+00
4.900000 -3.54371e-05 2.59776e-03 0.00000e+00
4.910000 -7.63463e-06 3.10406e-03 0.00000e+00
4.920000 4.12509e-05 3.68117e-03 0.00000e+00
4.930000 8.90118e-05 4.18486e-03 0.00000e+00
4.940000 1.42913e-04 4.64847e-03 0.00000e+00
4.950000 1.92989e-04 5.23595e-03 0.00000e+00
4.960000 2.55107e-04 5.81885e-03 0.00000e+00
4.970000 3.21434e-04 6.26531e-03 0.00000e+00
4.980000 3.95849e-04 6.72189e-03 0.00000e+00
4.990000 4.54883e-04 7.19376e-03 0.00000e+00
5.000000 5.36666e-04 7.66878e-03 0.00000e+00
5.010000 6.40223e-04 8.02714e-03 0.00000e+00
5.020000 7.26207e-04 8.18560e-03 0.00000e+00
5.030000 7.78726e-04 8.23912e-03 0.00000e+00
5.040000 8.30273e-04 8.29168e-03 0.00000e+00
5.050000 9.13876e-04 8.25016e-03 0.00000e+00
5.060000 1.01794e-03 7.97939e-03 0.00000e+00
5.070000 1.08948e-03 7.55366e-03 0.00000e+00
5.080000 1.18113e-03 6.99259e-03 0.00000e+00
5.090000 1.26474e-03 6.51230e-03 0.00000e+00
5.100000 1.33238e-03 6.06623e-03 0.00000e+00
5.110000 1.39780e-03 5.46526e-03 0.00000e+00
5.120000 1.46057e-03 4.73854e-03 0.00000e+00
5.130000 1.50003e-03 3.95547e-03 0.00000e+00
5.140000 1.54303e-03 3.10071e-03 0.00000e+00
5.150000 1.58140e-03 2.09021e-03 0.00000e+00
5.160000 1.60431e-03 9.75628e-04 0.00000e+00
5.170000 1.61174e-03 -2.95390e-05 0.00000e+00
5.180000 1.58876e-03 -8.45805e-04 0.00000e+00
5.190000 1.57911e-03 -1.76612e-03 0.00000e+00
5.200000 1.54654e-03 -2.89775e-03 0.00000e+00
5.210000 1.51244e-03 -4.08685e-03 0.00000e+00
5.220000 1.44027e-03 -5.20297e-03 0.00000e+00
5.230000 1.37909e-03 -6.11729e-03 0.00000e+00
5.240000 1.32273e-03 -7.06483e-03 0.00000e+00
5.250000 1.25233e-03 -7.99475e-03 0.00000e+00
5.260000 1.20620e-03 -8.68900e-03 0.00000e+00
5.270000 1.08369e-03 -9.42337e-03 0.00000e+00
5.280000 9.72473e-04 -1.01628e-02 0.00000e+00
5.290000 8.58312e-04 -1.07526e-02 0.00000e+00
5.300000 7.46742e-04 -1.12334e-02 0.00000e+00
5.310000 6.09531e-04 -1.16175e-02 0.00000e+00
5.320000 4.95810e-04 -1.18626e-02 0.00000e+00
5.330000 4.08398e-04 -1.19582e-02 0.00000e+00
5.340000 3.17571e-04 -1.19650e-02 0.00000e+00
5.350000 1.68446e-04 -1.19498e-02 0.00000e+00
5.360000 1.16895e-05 -1.18261e-02 0.00000e+00
5.370000 -9.67730e-05 -1.16130e-02 0.00000e+00
5.380000 -2.05052e-04 -1.13701e-02 0.00000e+00
5.390000 -3.20071e-04 -1.10704e-02 0.00000e+00
5.400000 -4.25439e-04 -1.06486e-02 0.00000e+00
5.410000 -5.60525e-04 -1.00041e-02 0.00000e+00
5.420000 -6.26262e-04 -9.22166e-03 0.00000e+00
5.430000 -7.33358e-04 -8.25115e-03 0.00000e+00
5.440000 -8.44626e-04 -7.33336e-03 0.00000e+00
5.450000 -9.00119e-04 -6.58177e-03 0.00000e+00
5.460000 -9.55807e-04 -5.78299e-03 0.00000e+00
5.470000 -1.00435e-03 -4.93633e-03 0.00000e+00
5.480000 -1.05428e-03 -4.12380e-03 0.00000e+00
5.490000 -1.08499e-03 -3.32381e-03 0.00000e+00
5.500000 -1.11262e-03 -2.35295e-03 0.00000e+00
5.510000 -1.14232e-03 -1.28066e-03 0.00000e+00
5.520000 -1.15471e-03 -3.87069e-04 0.00000e+00
5.530000 -1.15683e-03 2.45112e-04 0.00000e+00
5.540000 -1.15613e-03 8.94560e-04 0.00000e+00
5.550000 -1.12669e-03 1.59256e-03 0.00000e+00
5.560000 -1.07624e-03 2.17874e-03 0.00000e+00
5.570000 -1.02609e-03 2.67395e-03 0.00000e+00
5.580000 -9.83707e-04 2.98957e-03 0.00000e+00
5.590000 -9.54804e-04 3.32600e-03 0.00000e+00
5.600000 -9.26520e-04 3.60604e-03 0.00000e+00
5.610000 -9.24147e-04 3.57564e-03 0.00000e+00
5.620000 -8.83638e-04 3.54532e-03 0.00000e+00
5.630000 -8.42331e-04 3.49781e-03 0.00000e+00
5.640000 -7.94891e-04 3.34029e-03 0.00000e+00
5.650000 -7.59489e-04 3.14949e-03 0.00000e+00
5.660000 -7.11839e-04 2.91166e-03 0.00000e+00
5.670000 -6.73910e-04 2.57487e-03 0.00000e+00
5.680000 -6.59782e-04 2.12680e-03 0.00000e+00
5.690000 -6.53127e-04 1.61776e-03 0.00000e+00
5.700000 -6.38313e-04 1.08375e-03 0.00000e+00
5.710000 -6.17138e-04 5.05274e-04 0.00000e+00
5.720000 -6.19766e-04 -1.63141e-05 0.00000e+00
5.730000 -6.20187e-04 -4.09445e-04 0.00000e+00
5.740000 -6.26285e-04 -7.41749e-04 0.00000e+00
5.750000 -6.36251e-04 -1.03987e-03 0.00000e+00
5.760000 -6.40747e-04 -1.32455e-03 0.00000e+00
5.770000 -6.88146e-04 -1.62229e-03 0.00000e+00
5.780000 -7.06021e-04 -1.99644e-03 0.00000e+00
5.790000 -7.24799e-04 -2.37368e-03 0.00000e+00
5.800000 -7.61318e-04 -2.61156e-03 0.00000e+00
5.810000 -7.75315e-04 -2.70746e-03 0.00000e+00
5.820000 -8.02862e-04 -2.79083e-03 0.00000e+00
5.830000 -8.46785e-04 -2.80044e-03 0.00000e+00
5.840000 -8.89283e-04 -2.70970e-03 0.00000e+00
5.850000 -9.13129e-04 -2.61878e-03 0.00000e+00
5.860000 -9.43044e-04 -2.51524e-03 0.00000e+00
5.870000 -9.58074e-04 -2.32192e-03 0.00000e+00
5.880000 -9.74144e-04 -1.96902e-03 0.00000e+00
5.890000 -9.70040e-04 -1.53464e-03 0.00000e+00
5.900000 -9.86208e-04 -1.00489e-03 0.00000e+00
5.910000 -9.85386e-04 -3.68214e-04 0.00000e+00
5.920000 -9.89795e-04 2.75425e-04 0.00000e+00
5.930000 -9.88399e-04 1.00235e-03 0.00000e+00
5.940000 -9.99271e-04 1.76880e-03 0.00000e+00
5.950000 -9.88190e-04 2.54501e-03 0.00000e+00
5.960000 -9.72125e-04 3.38706e-03 0.00000e+00
5.970000 -9.21862e-04 4.30271e-03 0.00000e+00
5.980000 -8.91327e-04 5.34718e-03 0.00000e+00
5.990000 -8.52895e-04 6.45132e-03 0.00000e+00
6.000000 -7.82687e-04 7.43459e-03 0.00000e+00
6.010000 -7.18774e-04 8.30430e-03 0.00000e+00
6.020000 -6.26797e-04 9.20124e-03 0.00000e+00
6.030000 -5.28339e-04 1.00701e-02 0.00000e+00
6.040000 -4.07828e-04 1.09278e-02 0.00000e+00
6.050000 -2.84567e-04 1.17476e-02 0.00000e+00
6.060000 -1.54263e-04 1.24944e-02 0.00000e+00
6.070000 -1.76926e-05 1.31008e-02 0.00000e+00
6.080000 1.06834e-04 1.36006e-02 0.00000e+00
6.090000 2.41443e-04 1.40392e-02 0.00000e+00
6.100000 4.03024e-04 1.42827e-02 0.00000e+00
6.110000 5.51554e-04 1.42780e-02 0.00000e+00
6.120000 6.97697e-04 1.40637e-02 0.00000e+00
6.130000 8.54783e-04 1.36887e-02 0.00000e+00
6.140000 1.02657e-03 1.32471e-02 0.00000e+00
6.150000 1.15324e-03 1.25883e-02 0.00000e+00
6.160000 1.27304e-03 1.16669e-02 0.00000e+00
6.170000 1.36935e-03 1.07116e-02 0.00000e+00
6.180000 1.49245e-03 9.57007e-03 0.00000e+00
6.190000 1.59372e-03 8.32197e-03 0.00000e+00
6.200000 1.68326e-03 7.09193e-03 0.00000e+00
6.210000 1.76149e-03 5.82162e-03 0.00000e+00
6.220000 1.80615e-03 4.49528e-03 0.00000e+00
6.230000 1.84552e-03 3.09845e-03 0.00000e+00
6.240000 1.86686e-03 1.69431e-03 0.00000e+00
6.250000 1.89088e-03 3.12900e-04 0.00000e+00
6.260000 1.86817e-03 -1.07052e-03 0.00000e+00
6.270000 1.82770e-03 -2.36518e-03 0.00000e+00
6.280000 1.78151e-03 -3.59341e-03 0.00000e+00
6.290000 1.73075e-03 -4.79426e-03 0.00000e+00
6.300000 1.67120e-03 -5.81509e-03 0.00000e+00
6.310000 1.60439e-03 -6.58875e-03 0.00000e+00
6.320000 1.50092e-03 -7.33286e-03 0.00000e+00
6.330000 1.44144e-03 -8.11909e-03 0.00000e+00
6.340000 1.34657e-03 -8.82979e-03 0.00000e+00
6.350000 1.24411e-03 -9.33688e-03 0.00000e+00
6.360000 1.17421e-03 -9.64124e-03 0.00000e+00
6.370000 1.07132e-03 -9.86905e-03 0.00000e+00
6.380000 9.64058e-04 -9.99451e-03 0.00000e+00
6.390000 8.53921e-04 -1.00839e-02 0.00000e+00
6.400000 7.58278e-04 -1.00268e-02 0.00000e+00
6.410000 6.68163e-04 -9.83666e-03 0.00000e+00
6.420000 5.81328e-04 -9.49674e-03 0.00000e+00
6.430000 4.74139e-04 -9.03400e-03 0.00000e+00
6.440000 3.89708e-04 -8.65070e-03 0.00000e+00
6.450000 2.96569e-04 -8.16593e-03 0.00000e+00
6.460000 2.33358e-04 -7.56544e-03 0.00000e+00
6.470000 1.63894e-04 -6.97411e-03 0.00000e+00
6.480000 8.47669e-05 -6.31260e-03 0.00000e+00
6.490000 -7.98128e-06 -5.66236e-03 0.00000e+00
6.500000 -5.73345e-05 -4.91191e-03 0.00000e+00
6.510000 -1.02223e-04 -4.14471e-03 0.00000e+00
6.520000 -1.33325e-04 -3.47518e-03 0.00000e+00
6.530000 -1.82740e-04 -2.62198e-03 0.00000e+00
6.540000 -2.10402e-04 -1.76911e-03 0.00000e+00
6.550000 -2.31106e-04 -1.10010e-03 0.00000e+00
6.560000 -2.27026e-04 -5.35739e-04 0.00000e+00
6.570000 -2.02908e-04 4.90202e-05 0.00000e+00
6.580000 -2.03824e-04 6.57488e-04 0.00000e+00
6.590000 -1.70190e-04 1.25678e-03 0.00000e+00
6.600000 -1.63974e-04 1.68782e-03 0.00000e+00
6.610000 -1.49522e-04 1.92413e-03 0.00000e+00
6.620000 -1.01882e-04 2.17248e-03 0.00000e+00
6.630000 -9.90376e-05 2.43450e-03 0.00000e+00
6.640000 -6.73879e-05 2.56299e-03 0.00000e+00
6.650000 -2.84056e-05 2.45049e-03 0.00000e+00
6.660000 -2.89507e-06 2.12120e-03 0.00000e+00
6.670000 2.58009e-05 1.68368e-03 0.00000e+00
6.680000 2.69154e-05 1.25071e-03 0.00000e+00
6.690000 6.86339e-05 7.43974e-04 0.00000e+00
6.700000 7.92422e-05 5.46387e-05 0.00000e+00
6.710000 5.33052e-05 -8.02228e-04 0.00000e+00
6.720000 4.46103e-05 -1.65663e-03 0.00000e+00
6.730000 4.00613e-05 -2.41162e-03 0.00000e+00
6.740000 4.10908e-05 -3.09752e-03 0.00000e+00
6.750000 6.75082e-07 -3.95606e-03 0.00000e+00
6.760000 -3.59447e-05 -4.81933e-03 0.00000e+00
6.770000 -1.19096e-04 -5.63121e-03 0.00000e+00
6.780000 -1.59413e-04 -6.55384e-03 0.00000e+00
6.790000 -2.14246e-04 -7.30232e-03 0.00000e+00
6.800000 -3.13970e-04 -8.08824e-03 0.00000e+00
6.810000 -4.34998e-04 -8.87944e-03 0.00000e+00
6.820000 -5.31921e-04 -9.42441e-03 0.00000e+00
6.830000 -6.34477e-04 -9.93011e-03 0.00000e+00
6.840000 -7.33988e-04 -1.04014e-02 0.00000e+00
6.850000 -8.35070e-04 -1.07725e-02 0.00000e+00
6.860000 -9.58417e-04 -1.08806e-02 0.00000e+00
6.870000 -1.07007e-03 -1.08658e-02 0.00000e+00
6.880000 -1.17003e-03 -1.09186e-02 0.00000e+00
6.890000 -1.24710e-03 -1.08060e-02 0.00000e+00
6.900000 -1.35605e-03 -1.04095e-02 0.00000e+00
6.910000 -1.48124e-03 -9.69704e-03 0.00000e+00
6.920000 -1.60584e-03 -8.88428e-03 0.00000e+00
6.930000 -1.66764e-03 -8.02588e-03 0.00000e+00
6.940000 -1.77682e-03 -7.14093e-03 0.00000e+00
6.950000 -1.84453e-03 -6.17222e-03 0.00000e+00
6.960000 -1.90266e-03 -4.89838e-03 0.00000e+00
6.970000 -1.97901e-03 -3.58046e-03 0.00000e+00
6.980000 -1.98762e-03 -2.38457e-03 0.00000e+00
6.990000 -2.02253e-03 -1.11878e-03 0.00000e+00
7.000000 -2.04608e-03 2.60169e-04 0.00000e+00
7.010000 -2.03106e-03 1.67820e-03 0.00000e+00
7.020000 -1.99172e-03 3.08510e-03 0.00000e+00
7.030000 -1.95060e-03 4.43286e-03 0.00000e+00
7.040000 -1.92369e-03 5.77554e-03 0.00000e+00
7.050000 -1.82425e-03 7.15837e-03 0.00000e+00
7.060000 -1.71796e-03 8.67699e-03 0.00000e+00
7.070000 -1.60074e-03 1.01476e-02 0.00000e+00
7.080000 -1.49190e-03 1.13426e-02 0.00000e+00
7.090000 -1.40145e-03 1.23106e-02 0.00000e+00
7.100000 -1.27329e-03 1.33086e-02 0.00000e+00
7.110000 -1.14675e-03 1.41671e-02 0.00000e+00
7.120000 -9.85761e-04 1.47419e-02 0.00000e+00
7.130000 -8.16276e-04 1.52423e-02 0.00000e+00
7.140000 -6.84770e-04 1.55004e-02 0.00000e+00
7.150000 -5.28589e-04 1.56873e-02 0.00000e+00
7.160000 -3.62274e-04 1.57417e-02 0.00000e+00
7.170000 -2.03670e-04 1.54238e-02 0.00000e+00
7.180000 -4.59588e-05 1.49683e-02 0.00000e+00
7.190000 1.09472e-04 1.45491e-02 0.00000e+00
7.200000 2.84845e-04 1.40365e-02 0.00000e+00
7.210000 4.46422e-04 1.32493e-02 0.00000e+00
7.220000 5.99934e-04 1.24432e-02 0.00000e+00
7.230000 7.39291e-04 1.16569e-02 0.00000e+00
7.240000 8.24729e-04 1.07672e-02 0.00000e+00
7.250000 9.18448e-04 9.77186e-03 0.00000e+00
7.260000 1.00399e-03 8.54493e-03 0.00000e+00
7.270000 1.09092e-03 7.22283e-03 0.00000e+00
7.280000 1.12095e-03 5.87806e-03 0.00000e+00
7.290000 1.17680e-03 4.55202e-03 0.00000e+00
7.300000 1.21506e-03 3.33831e-03 0.00000e+00
7.310000 1.23774e-03 2.07860e-03 0.00000e+00
7.320000 1.25624e-03 7.35212e-04 0.00000e+00
7.330000 1.23165e-03 -4.93811e-04 0.00000e+00
7.340000 1.22436e-03 -1.63352e-03 0.00000e+00
7.350000 1.23337e-03 -2.69949e-03 0.00000e+00
7.360000 1.22435e-03 -3.67799e-03 0.00000e+00
7.370000 1.17086e-03 -4.41223e-03 0.00000e+00
7.380000 1.12279e-03 -4.85748e-03 0.00000e+00
7.390000 1.07585e-03 -5.20740e-03 0.00000e+00
7.400000 9.91648e-04 -5.40500e-03 0.00000e+00
7.410000 9.27951e-04 -5.59040e-03 0.00000e+00
7.420000 8.38972e-04 -5.79152e-03 0.00000e+00
7.430000 7.62805e-04 -5.89029e-03 0.00000e+00
7.440000 6.94435e-04 -5.80097e-03 0.00000e+00
7.450000 6.31090e-04 -5.68435e-03 0.00000e+00
7.460000 5.76056e-04 -5.46778e-03 0.00000e+00
7.470000 5.22794e-04 -5.01386e-03 0.00000e+00
7.480000 4.62527e-04 -4.52556e-03 0.00000e+00
7.490000 4.13952e-04 -3.92241e-03 0.00000e+00
7.500000 3.99772e-04 -3.27390e-03 0.00000e+00
7.510000 3.71997e-04 -2.60568e-03 0.00000e+00
7.520000 3.74345e-04 -1.70066e-03 0.00000e+00
7.530000 3.69733e-04 -6.15450e-04 0.00000e+00
7.540000 4.05927e-04 3.47852e-04 0.00000e+00
7.550000 3.93803e-04 1.20846e-03 0.00000e+00
7.560000 3.92187e-04 2.09371e-03 0.00000e+00
7.570000 4.05606e-04 2.88688e-03 0.00000e+00
7.580000 4.05264e-04 3.65012e-03 0.00000e+00
7.590000 4.32875e-04 4.39031e-03 0.00000e+00
7.600000 4.77544e-04 4.99029e-03 0.00000e+00
7.610000 5.49170e-04 5.52806e-03 0.00000e+00
7.620000 5.98239e-04 6.02177e-03 0.00000e+00
7.630000 6.96336e-04 6.41906e-03 0.00000e+00
7.640000 7.55008e-04 6.70123e-03 0.00000e+00
7.650000 8.32436e-04 6.87234e-03 0.00000e+00
7.660000 9.19936e-04 6.83860e-03 0.00000e+00
7.670000 9.97210e-04 6.76054e-03 0.00000e+00
7.680000 1.07649e-03 6.63831e-03 0.00000e+00
7.690000 1.16650e-03 6.39168e-03 0.00000e+00
7.700000 1.21232e-03 6.00974e-03 0.00000e+00
7.710000 1.24989e-03 5.53477e-03 0.00000e+00
7.720000 1.30581e-03 4.87758e-03 0.00000e+00
7.730000 1.35403e-03 3.90247e-03 0.00000e+00
7.740000 1.39931e-03 2.82867e-03 0.00000e+00
7.750000 1.43809e-03 1.54544e-03 0.00000e+00
7.760000 1.44703e-03 1.05448e-04 0.00000e+00
7.770000 1.44040e-03 -1.33772e-03 0.00000e+00
7.780000 1.43732e-03 -2.79067e-03 0.00000e+00
7.790000 1.40958e-03 -4.31166e-03 0.00000e+00
7.800000 1.36291e-03 -5.78381e-03 0.00000e+00
7.810000 1.30923e-03 -7.25806e-03 0.00000e+00
7.820000 1.23786e-03 -8.79119e-03 0.00000e+00
7.830000 1.13236e-03 -1.02555e-02 0.00000e+00
7.840000 1.05529e-03 -1.16622e-02 0.00000e+00
7.850000 9.13657e-04 -1.30182e-02 0.00000e+00
7.860000 7.72949e-04 -1.41858e-02 0.00000e+00
7.870000 5.95628e-04 -1.52284e-02 0.00000e+00
7.880000 4.33153e-04 -1.63354e-02 0.00000e+00
7.890000 2.32331e-04 -1.72878e-02 0.00000e+00
7.900000 5.03224e-05 -1.79536e-02 0.00000e+00
7.910000 -1.38419e-04 -1.84140e-02 0.00000e+00
7.920000 -3.44041e-04 -1.86257e-02 0.00000e+00
7.930000 -5.20629e-04 -1.86249e-02 0.00000e+00
7.940000 -7.13386e-04 -1.84731e-02 0.00000e+00
7.950000 -9.02458e-04 -1.80497e-02 0.00000e+00
7.960000 -1.08609e-03 -1.74592e-02 0.00000e+00
7.970000 -1.26046e-03 -1.67489e-02 0.00000e+00
7.980000 -1.44769e-03 -1.58373e-02 0.00000e+00
7.990000 -1.60340e-03 -1.47322e-02 0.00000e+00
8.000000 -1.76280e-03 -1.35376e-02 0.00000e+00
8.010000 -1.88278e-03 -1.21291e-02 0.00000e+00
8.020000 -2.00919e-03 -1.05569e-02 0.00000e+00
8.030000 -2.08448e-03 -8.95378e-03 0.00000e+00
8.040000 -2.19374e-03 -7.33932e-03 0.00000e+00
8.050000 -2.26259e-03 -5.67368e-03 0.00000e+00
8.060000 -2.29150e-03 -3.91285e-03 0.00000e+00
8.070000 -2.30213e-03 -2.12893e-03 0.00000e+00
8.080000 -2.31829e-03 -3.23478e-04 0.00000e+00
8.090000 -2.29037e-03 1.40373e-03 0.00000e+00
8.100000 -2.27895e-03 3.10936e-03 0.00000e+00
8.110000 -2.23294e-03 4.80734e-03 0.00000e+00
8.120000 -2.18849e-03 6.41293e-03 0.00000e+00
8.130000 -2.13590e-03 7.92981e-03 0.00000e+00
8.140000 -2.04435e-03 9.32817e-03 0.00000e+00
8.150000 -1.94378e-03 1.05033e-02 0.00000e+00
8.160000 -1.82833e-03 1.15550e-02 0.00000e+00
8.170000 -1.70466e-03 1.24911e-02 0.00000e+00
8.180000 -1.55355e-03 1.33232e-02 0.00000e+00
8.190000 -1.41385e-03 1.39627e-02 0.00000e+00
8.200000 -1.26562e-03 1.44107e-02 0.00000e+00
8.210000 -1.11641e-03 1.46937e-02 0.00000e+00
8.220000 -9.39737e-04 1.46939e-02 0.00000e+00
8.230000 -7.79651e-04 1.46515e-02 0.00000e+00
8.240000 -6.34589e-04 1.45999e-02 0.00000e+00
8.250000 -4.92854e-04 1.42775e-02 0.00000e+00
8.260000 -3.48453e-04 1.37251e-02 0.00000e+00
8.270000 -2.09715e-04 1.30088e-02 0.00000e+00
8.280000 -7.29168e-05 1.21694e-02 0.00000e+00
8.290000 4.06981e-05 1.11643e-02 0.00000e+00
8.300000 1.48544e-04 9.87532e-03 0.00000e+00
8.310000 2.34831e-04 8.51854e-03 0.00000e+00
8.320000 3.22105e-04 7.10796e-03 0.00000e+00
8.330000 4.07906e-04 5.56475e-03 0.00000e+00
8.340000 4.59047e-04 3.99124e-03 0.00000e+00
8.350000 5.01788e-04 2.52690e-03 0.00000e+00
8.360000 5.01359e-04 1.17684e-03 0.00000e+00
8.370000 5.25339e-04 -2.21092e-04 0.00000e+00
8.380000 5.20690e-04 -1.63935e-03 0.00000e+00
8.390000 4.98812e-04 -2.80235e-03 0.00000e+00
8.400000 4.84972e-04 -3.77419e-03 0.00000e+00
8.410000 4.19195e-04 -4.79942e-03 0.00000e+00
8.420000 3.25632e-04 -5.75758e-03 0.00000e+00
8.430000 2.55936e-04 -6.51010e-03 0.00000e+00
8.440000 1.76319e-04 -7.11209e-03 0.00000e+00
8.450000 9.07138e-05 -7.48192e-03 0.00000e+00
8.460000 -3.17265e-05 -7.70896e-03 0.00000e+00
8.470000 -1.20426e-04 -7.79419e-03 0.00000e+00
8.480000 -2.01805e-04 -7.63267e-03 0.00000e+00
8.490000 -2.91196e-04 -7.28735e-03 0.00000e+00
8.500000 -3.58328e-04 -6.65304e-03 0.00000e+00
8.510000 -3.95776e-04 -5.83832e-03 0.00000e+00
8.520000 -4.36022e-04 -4.92377e-03 0.00000e+00
8.530000 -4.82549e-04 -3.90471e-03 0.00000e+00
8.540000 -5.45114e-04 -2.69995e-03 0.00000e+00
8.550000 -5.46159e-04 -1.22505e-03 0.00000e+00
8.560000 -5.40819e-04 2.96491e-04 0.00000e+00
8.570000 -5.66248e-04 1.92714e-03 0.00000e+00
8.580000 -5.66196e-04 3.62337e-03 0.00000e+00
8.590000 -5.12818e-04 5.17871e-03 0.00000e+00
8.600000 -4.60891e-04 6.74290e-03 0.00000e+00
8.610000 -3.92301e-04 8.40475e-03 0.00000e+00
8.620000 -2.90587e-04 9.96038e-03 0.00000e+00
8.630000 -2.04740e-04 1.12939e-02 0.00000e+00
8.640000 -5.60068e-05 1.25690e-02 0.00000e+00
8.650000 7.98504e-05 1.38238e-02 0.00000e+00
8.660000 2.29911e-04 1.49286e-02 0.00000e+00
8.670000 3.99711e-04 1.58745e-02 0.00000e+00
8.680000 5.55343e-04 1.67962e-02 0.00000e+00
8.690000 7.40659e-04 1.75975e-02 0.00000e+00
8.700000 9.35354e-04 1.80980e-02 0.00000e+00
8.710000 1.13914e-03 1.82406e-02 0.00000e+00
8.720000 1.33446e-03 1.82290e-02 0.00000e+00
8.730000 1.49954e-03 1.80509e-02 0.00000e+00
8.740000 1.70064e-03 1.74538e-02 0.00000e+00
8.750000 1.86588e-03 1.65304e-02 0.00000e+00
8.760000 2.03382e-03 1.54450e-02 0.00000e+00
8.770000 2.19623e-03 1.41710e-02 0.00000e+00
8.780000 2.34485e-03 1.26300e-02 0.00000e+00
8.790000 2.44712e-03 1.09241e-02 0.00000e+00
8.800000 2.58297e-03 9.00326e-03 0.00000e+00
8.810000 2.68203e-03 6.95903e-03 0.00000e+00
8.820000 2.75560e-03 4.85653e-03 0.00000e+00
8.830000 2.80162e-03 2.58538e-03 0.00000e+00
8.840000 2.82714e-03 2.21907e-04 0.00000e+00
8.850000 2.82900e-03 -2.27118e-03 0.00000e+00
8.860000 2.77454e-03 -4.85222e-03 0.00000e+00
8.870000 2.70465e-03 -7.36409e-03 0.00000e+00
8.880000 2.61392e-03 -9.77203e-03 0.00000e+00
8.890000 2.50730e-03 -1.21198e-02 0.00000e+00
8.900000 2.34233e-03 -1.44636e-02 0.00000e+00
8.910000 2.19231e-03 -1.66664e-02 0.00000e+00
8.920000 2.01154e-03 -1.86570e-02 0.00000e+00
8.930000 1.81370e-03 -2.04130e-02 0.00000e+00
8.940000 1.59740e-03 -2.18860e-02 0.00000e+00
8.950000 1.36587e-03 -2.31691e-02 0.00000e+00
8.960000 1.12575e-03 -2.42477e-02 0.00000e+00
8.970000 8.69772e-04 -2.49057e-02 0.00000e+00
8.980000 6.09918e-04 -2.52024e-02 0.00000e+00
8.990000 3.36902e-04 -2.52996e-02 0.00000e+00
9.000000 5.33370e-05 -2.51310e-02 0.00000e+00
9.010000 -2.24001e-04 -2.46887e-02 0.00000e+00
9.020000 -4.94595e-04 -2.39891e-02 0.00000e+00
9.030000 -7.44636e-04 -2.30632e-02 0.00000e+00
9.040000 -9.70255e-04 -2.18869e-02 0.00000e+00
9.050000 -1.19323e-03 -2.04361e-02 0.00000e+00
9.060000 -1.40035e-03 -1.87406e-02 0.00000e+00
9.070000 -1.57704e-03 -1.69714e-02 0.00000e+00
9.080000 -1.72948e-03 -1.49722e-02 0.00000e+00
9.090000 -1.84795e-03 -1.27520e-02 0.00000e+00
9.100000 -1.95470e-03 -1.04754e-02 0.00000e+00
9.110000 -2.05759e-03 -8.01724e-03 0.00000e+00
9.120000 -2.13002e-03 -5.51923e-03 0.00000e+00
9.130000 -2.15028e-03 -3.05404e-03 0.00000e+00
9.140000 -2.17367e-03 -6.50370e-04 0.00000e+00
9.150000 -2.19659e-03 1.67342e-03 0.00000e+00
9.160000 -2.17755e-03 3.97337e-03 0.00000e+00
9.170000 -2.13196e-03 6.06581e-03 0.00000e+00
9.180000 -2.06368e-03 7.90564e-03 0.00000e+00
9.190000 -1.96768e-03 9.58003e-03 0.00000e+00
9.200000 -1.83585e-03 1.10567e-02 0.00000e+00
9.210000 -1.70479e-03 1.23604e-02 0.00000e+00
9.220000 -1.56064e-03 1.34859e-02 0.00000e+00
9.230000 -1.41044e-03 1.43732e-02 0.00000e+00
9.240000 -1.24581e-03 1.50359e-02 0.00000e+00
9.250000 -1.04806e-03 1.55009e-02 0.00000e+00
9.260000 -8.99959e-04 1.57410e-02 0.00000e+00
9.270000 -7.09419e-04 1.57540e-02 0.00000e+00
9.280000 -5.42763e-04 1.54466e-02 0.00000e+00
9.290000 -4.08398e-04 1.47734e-02 0.00000e+00
9.300000 -2.62995e-04 1.39885e-02 0.00000e+00
9.310000 -1.29484e-04 1.30386e-02 0.00000e+00
9.320000 7.29733e-06 1.16775e-02 0.00000e+00
9.330000 1.22896e-04 1.00871e-02 0.00000e+00
9.340000 1.88106e-04 8.37201e-03 0.00000e+00
9.350000 2.79454e-04 6.43646e-03 0.00000e+00
9.360000 3.41164e-04 4.38005e-03 0.00000e+00
9.370000 3.88889e-04 2.44379e-03 0.00000e+00
9.380000 4.20858e-04 5.22721e-04 0.00000e+00
9.390000 4.36847e-04 -1.58021e-03 0.00000e+00
9.400000 4.10544e-04 -3.71064e-03 0.00000e+00
9.410000 3.70548e-04 -5.74763e-03 0.00000e+00
9.420000 2.98618e-04 -7.60802e-03 0.00000e+00
9.430000 2.04700e-04 -9.43021e-03 0.00000e+00
9.440000 9.54865e-05 -1.11172e-02 0.00000e+00
9.450000 -4.56245e-05 -1.26145e-02 0.00000e+00
9.460000 -1.91842e-04 -1.41032e-02 0.00000e+00
9.470000 -3.26030e-04 -1.54109e-02 0.00000e+00
9.480000 -5.22489e-04 -1.64190e-02 0.00000e+00
9.490000 -7.07688e-04 -1.70410e-02 0.00000e+00
9.500000 -8.85418e-04 -1.73584e-02 0.00000e+00
9.510000 -1.07858e-03 -1.75369e-02 0.00000e+00
9.520000 -1.26768e-03 -1.74018e-02 0.00000e+00
9.530000 -1.41879e-03 -1.69125e-02 0.00000e+00
9.540000 -1.57915e-03 -1.61594e-02 0.00000e+00
9.550000 -1.77884e-03 -1.50239e-02 0.00000e+00
9.560000 -1.95298e-03 -1.34481e-02 0.00000e+00
9.570000 -2.07129e-03 -1.16212e-02 0.00000e+00
9.580000 -2.19646e-03 -9.63150e-03 0.00000e+00
9.590000 -2.29649e-03 -7.43014e-03 0.00000e+00
9.600000 -2.38914e-03 -5.07277e-03 0.00000e+00
9.610000 -2.43025e-03 -2.46601e-03 0.00000e+00
9.620000 -2.48075e-03 2.69407e-04 0.00000e+00
9.630000 -2.45514e-03 3.03878e-03 0.00000e+00
9.640000 -2.40515e-03 6.00614e-03 0.00000e+00
9.650000 -2.30668e-03 8.96286e-03 0.00000e+00
9.660000 -2.20101e-03 1.17640e-02 0.00000e+00
9.670000 -2.08427e-03 1.45641e-02 0.00000e+00
9.680000 -1.92470e-03 1.72055e-02 0.00000e+00
9.690000 -1.72455e-03 1.96743e-02 0.00000e+00
9.700000 -1.51230e-03 2.22060e-02 0.00000e+00
9.710000 -1.24924e-03 2.46675e-02 0.00000e+00
9.720000 -9.65081e-04 2.66747e-02 0.00000e+00
9.730000 -6.74577e-04 2.82316e-02 0.00000e+00
9.740000 -4.06973e-04 2.96572e-02 0.00000e+00
9.750000 -9.18881e-05 3.07877e-02 0.00000e+00
9.760000 2.28483e-04 3.14346e-02 0.00000e+00
9.770000 5.69472e-04 3.16570e-02 0.00000e+00
9.780000 9.13538e-04 3.15451e-02 0.00000e+00
9.790000 1.22385e-03 3.10504e-02 0.00000e+00
9.800000 1.55042e-03 3.01980e-02 0.00000e+00
9.810000 1.86966e-03 2.91018e-02 0.00000e+00
9.820000 2.14817e-03 2.77405e-02 0.00000e+00
9.830000 2.42553e-03 2.60038e-02 0.00000e+00
9.840000 2.69201e-03 2.37905e-02 0.00000e+00
9.850000 2.92842e-03 2.12733e-02 0.00000e+00
9.860000 3.17972e-03 1.85588e-02 0.00000e+00
9.870000 3.37992e-03 1.56247e-02 0.00000e+00
9.880000 3.50757e-03 1.25449e-02 0.00000e+00
9.890000 3.59848e-03 9.39734e-03 0.00000e+00
9.900000 3.68441e-03 6.12835e-03 0.00000e+00
9.910000 3.73770e-03 2.63503e-03 0.00000e+00
9.920000 3.71384e-03 -9.48696e-04 0.00000e+00
9.930000 3.68704e-03 -4.49396e-03 0.00000e+00
9.940000 3.62997e-03 -7.95456e-03 0.00000e+00
9.950000 3.54940e-03 -1.12051e-02 0.00000e+00
9.960000 3.41693e-03 -1.43392e-02 0.00000e+00
9.970000 3.26092e-03 -1.72755e-02 0.00000e+00
9.980000 3.06483e-03 -1.99610e-02 0.00000e+00
9.990000 2.83592e-03 -2.25145e-02 0.00000e+00
10.000000 2.56029e-03 -2.47602e-02 0.00000e+00
10.010000 2.29863e-03 -2.65895e-02 0.00000e+00
10.020000 2.01662e-03 -2.81175e-02 0.00000e+00
10.030000 1.72134e-03 -2.91475e-02 0.00000e+00
10.040000 1.41041e-03 -2.96760e-02 0.00000e+00
10.050000 1.09362e-03 -2.99972e-02 0.00000e+00
10.060000 7.64934e-04 -3.01397e-02 0.00000e+00
10.070000 4.36600e-04 -2.98469e-02 0.00000e+00
10.080000 1.08873e-04 -2.90371e-02 0.00000e+00
10.090000 -1.88827e-04 -2.79779e-02 0.00000e+00
10.100000 -4.76323e-04 -2.66429e-02 0.00000e+00
10.110000 -7.22203e-04 -2.49230e-02 0.00000e+00
10.120000 -9.61771e-04 -2.28093e-02 0.00000e+00
10.130000 -1.18412e-03 -2.04488e-02 0.00000e+00
10.140000 -1.38474e-03 -1.78728e-02 0.00000e+00
10.150000 -1.57124e-03 -1.50048e-02 0.00000e+00
10.160000 -1.70396e-03 -1.20748e-02 0.00000e+00
10.170000 -1.79064e-03 -9.12557e-03 0.00000e+00
10.180000 -1.87753e-03 -6.01994e-03 0.00000e+00
10.190000 -1.92211e-03 -2.81308e-03 0.00000e+00
10.200000 -1.92054e-03 3.38102e-04 0.00000e+00
10.210000 -1.92240e-03 3.44064e-03 0.00000e+00
10.220000 -1.88964e-03 6.48049e-03 0.00000e+00
10.230000 -1.81161e-03 9.34457e-03 0.00000e+00
10.240000 -1.67491e-03 1.19829e-02 0.00000e+00
10.250000 -1.54309e-03 1.43446e-02 0.00000e+00
10.260000 -1.38893e-03 1.64707e-02 0.00000e+00
10.270000 -1.20084e-03 1.83505e-02 0.00000e+00
10.280000 -9.88769e-04 1.99951e-02 0.00000e+00
10.290000 -7.55105e-04 2.13826e-02 0.00000e+00
10.300000 -5.35520e-04 2.23623e-02 0.00000e+00
10.310000 -2.70468e-04 2.29027e-02 0.00000e+00
10.320000 -3.03571e-05 2.29786e-02 0.00000e+00
10.330000 1.96448e-04 2.27020e-02 0.00000e+00
10.340000 4.60699e-04 2.21756e-02 0.00000e+00
10.350000 6.92477e-04 2.11774e-02 0.00000e+00
10.360000 9.06268e-04 1.96522e-02 0.00000e+00
10.370000 1.10627e-03 1.78349e-02 0.00000e+00
10.380000 1.30590e-03 1.57000e-02 0.00000e+00
10.390000 1.45988e-03 1.31329e-02 0.00000e+00
10.400000 1.58790e-03 1.02513e-02 0.00000e+00
10.410000 1.68820e-03 7.31292e-03 0.00000e+00
10.420000 1.75756e-03 4.20256e-03 0.00000e+00
10.430000 1.80436e-03 8.50796e-04 0.00000e+00
10.440000 1.80556e-03 -2.55403e-03 0.00000e+00
10.450000 1.77755e-03 -6.00755e-03 0.00000e+00
10.460000 1.69135e-03 -9.44338e-03 0.00000e+00
10.470000 1.56285e-03 -1.29512e-02 0.00000e+00
10.480000 1.40240e-03 -1.62906e-02 0.00000e+00
10.490000 1.21722e-03 -1.94075e-02 0.00000e+00
10.500000 1.00204e-03 -2.25315e-02 0.00000e+00
10.510000 7.38516e-04 -2.53218e-02 0.00000e+00
10.520000 4.31521e-04 -2.78446e-02 0.00000e+00
10.530000 1.33471e-04 -3.01561e-02 0.00000e+00
10.540000 -1.71364e-04 -3.20301e-02 0.00000e+00
10.550000 -5.08657e-04 -3.34245e-02 0.00000e+00
10.560000 -8.72224e-04 -3.43728e-02 0.00000e+00
10.570000 -1.21385e-03 -3.49402e-02 0.00000e+00
10.580000 -1.55748e-03 -3.50870e-02 0.00000e+00
10.590000 -1.93807e-03 -3.47672e-02 0.00000e+00
10.600000 -2.28600e-03 -3.39268e-02 0.00000e+00
10.610000 -2.64649e-03 -3.26293e-02 0.00000e+00
10.620000 -2.99299e-03 -3.08372e-02 0.00000e+00
10.630000 -3.31323e-03 -2.85192e-02 0.00000e+00
10.640000 -3.61898e-03 -2.58137e-02 0.00000e+00
10.650000 -3.85188e-03 -2.27949e-02 0.00000e+00
10.660000 -4.11792e-03 -1.93957e-02 0.00000e+00
10.670000 -4.31268e-03 -1.55597e-02 0.00000e+00
10.680000 -4.45707e-03 -1.14556e-02 0.00000e+00
10.690000 -4.58819e-03 -7.21757e-03 0.00000e+00
10.700000 -4.61512e-03 -2.80679e-03 0.00000e+00
10.710000 -4.61923e-03 1.84364e-03 0.00000e+00
10.720000 -4.58199e-03 6.63644e-03 0.00000e+00
10.730000 -4.50326e-03 1.13627e-02 0.00000e+00
10.740000 -4.37930e-03 1.60561e-02 0.00000e+00
10.750000 -4.19648e-03 2.07826e-02 0.00000e+00
10.760000 -3.95570e-03 2.52779e-02 0.00000e+00
10.770000 -3.67017e-03 2.94876e-02 0.00000e+00
10.780000 -3.34119e-03 3.34123e-02 0.00000e+00
10.790000 -2.95061e-03 3.68624e-02 0.00000e+00
10.800000 -2.54622e-03 3.98832e-02 0.00000e+00
10.810000 -2.12917e-03 4.25089e-02 0.00000e+00
10.820000 -1.67904e-03 4.48168e-02 0.00000e+00
10.830000 -1.17986e-03 4.64762e-02 0.00000e+00
10.840000 -6.81259e-04 4.74221e-02 0.00000e+00
10.850000 -1.89675e-04 4.79148e-02 0.00000e+00
10.860000 3.14001e-04 4.77941e-02 0.00000e+00
10.870000 8.12858e-04 4.72773e-02 0.00000e+00
10.880000 1.32137e-03 4.62638e-02 0.00000e+00
10.890000 1.79742e-03 4.45142e-02 0.00000e+00
10.900000 2.24359e-03 4.22722e-02 0.00000e+00
10.910000 2.68074e-03 3.95212e-02 0.00000e+00
10.920000 3.07997e-03 3.62142e-02 0.00000e+00
10.930000 3.42063e-03 3.24533e-02 0.00000e+00
10.940000 3.73523e-03 2.82964e-02 0.00000e+00
10.950000 3.99974e-03 2.38930e-02 0.00000e+00
10.960000 4.21885e-03 1.93863e-02 0.00000e+00
10.970000 4.41774e-03 1.46897e-02 0.00000e+00
10.980000 4.55593e-03 9.67210e-03 0.00000e+00
10.990000 4.62358e-03 4.44896e-03 0.00000e+00
11.000000 4.60518e-03 -6.46578e-04 0.00000e+00
11.010000 4.59712e-03 -5.57549e-03 0.00000e+00
11.020000 4.51515e-03 -1.05260e-02 0.00000e+00
11.030000 4.39874e-03 -1.53571e-02 0.00000e+00
11.040000 4.21946e-03 -1.99562e-02 0.00000e+00
11.050000 3.94924e-03 -2.42243e-02 0.00000e+00
11.060000 3.67678e-03 -2.81361e-02 0.00000e+00
11.070000 3.37967e-03 -3.17551e-02 0.00000e+00
11.080000 2.99747e-03 -3.49414e-02 0.00000e+00
11.090000 2.61092e-03 -3.75958e-02 0.00000e+00
11.100000 2.20524e-03 -3.97913e-02 0.00000e+00
11.110000 1.80466e-03 -4.14664e-02 0.00000e+00
11.120000 1.39222e-03 -4.25055e-02 0.00000e+00
11.130000 9.42068e-04 -4.29985e-02 0.00000e+00
11.140000 4.66003e-04 -4.28158e-02 0.00000e+00
11.150000 4.39174e-06 -4.19225e-02 0.00000e+00
11.160000 -4.23533e-04 -4.05679e-02 0.00000e+00
11.170000 -8.16505e-04 -3.87596e-02 0.00000e+00
11.180000 -1.23724e-03 -3.62368e-02 0.00000e+00
11.190000 -1.62589e-03 -3.31060e-02 0.00000e+00
11.200000 -1.96369e-03 -2.95240e-02 0.00000e+00
11.210000 -2.27105e-03 -2.54768e-02 0.00000e+00
11.220000 -2.52579e-03 -2.12110e-02 0.00000e+00
11.230000 -2.74718e-03 -1.66300e-02 0.00000e+00
11.240000 -2.90811e-03 -1.16911e-02 0.00000e+00
11.250000 -3.00477e-03 -6.71341e-03 0.00000e+00
11.260000 -3.04214e-03 -1.71056e-03 0.00000e+00
11.270000 -3.03219e-03 3.36091e-03 0.00000e+00
11.280000 -2.95336e-03 8.53402e-03 0.00000e+00
11.290000 -2.82575e-03 1.37359e-02 0.00000e+00
11.300000 -2.66086e-03 1.86876e-02 0.00000e+00
11.310000 -2.41582e-03 2.32059e-02 0.00000e+00
11.320000 -2.15492e-03 2.73722e-02 0.00000e+00
11.330000 -1.84470e-03 3.12909e-02 0.00000e+00
11.340000 -1.46070e-03 3.49263e-02 0.00000e+00
11.350000 -1.06898e-03 3.80029e-02 0.00000e+00
11.360000 -6.75244e-04 4.03829e-02 0.00000e+00
11.370000 -2.37354e-04 4.22166e-02 0.00000e+00
11.380000 2.04341e-04 4.34052e-02 0.00000e+00
11.390000 6.56879e-04 4.39430e-02 0.00000e+00
11.400000 1.12118e-03 4.38084e-02 0.00000e+00
11.410000 1.55542e-03 4.29929e-02 0.00000e+00
11.420000 2.00256e-03 4.15858e-02 0.00000e+00
11.430000 2.43931e-03 3.95915e-02 0.00000e+00
11.440000 2.85827e-03 3.70025e-02 0.00000e+00
11.450000 3.26145e-03 3.38710e-02 0.00000e+00
11.460000 3.59209e-03 3.02425e-02 0.00000e+00
11.470000 3.89291e-03 2.60773e-02 0.00000e+00
11.480000 4.15109e-03 2.15032e-02 0.00000e+00
11.490000 4.39235e-03 1.65459e-02 0.00000e+00
11.500000 4.54859e-03 1.12323e-02 0.00000e+00
11.510000 4.64811e-03 5.81989e-03 0.00000e+00
11.520000 4.65637e-03 2.30425e-04 0.00000e+00
11.530000 4.63099e-03 -5.63879e-03 0.00000e+00
11.540000 4.53065e-03 -1.15835e-02 0.00000e+00
11.550000 4.37284e-03 -1.74069e-02 0.00000e+00
11.560000 4.16584e-03 -2.30857e-02 0.00000e+00
11.570000 3.89317e-03 -2.86289e-02 0.00000e+00
11.580000 3.57462e-03 -3.40472e-02 0.00000e+00
11.590000 3.19921e-03 -3.91035e-02 0.00000e+00
11.600000 2.77386e-03 -4.37380e-02 0.00000e+00
11.610000 2.30390e-03 -4.79955e-02 0.00000e+00
11.620000 1.78951e-03 -5.15978e-02 0.00000e+00
11.630000 1.23908e-03 -5.46955e-02 0.00000e+00
11.640000 6.55299e-04 -5.72394e-02 0.00000e+00
11.650000 5.62102e-05 -5.91045e-02 0.00000e+00
11.660000 -5.63038e-04 -6.01679e-02 0.00000e+00
11.670000 -1.18207e-03 -6.05165e-02 0.00000e+00
11.680000 -1.81852e-03 -6.02733e-02 0.00000e+00
11.690000 -2.46603e-03 -5.94029e-02 0.00000e+00
11.700000 -3.07538e-03 -5.78315e-02 0.00000e+00
11.710000 -3.66140e-03 -5.54893e-02 0.00000e+00
11.720000 -4.20988e-03 -5.25790e-02 0.00000e+00
11.730000 -4.76602e-03 -4.89909e-02 0.00000e+00
11.740000 -5.27830e-03 -4.47940e-02 0.00000e+00
11.750000 -5.72871e-03 -4.00159e-02 0.00000e+00
11.760000 -6.10577e-03 -3.46510e-02 0.00000e+00
11.770000 -6.47595e-03 -2.88483e-02 0.00000e+00
11.780000 -6.72717e-03 -2.26627e-02 0.00000e+00
11.790000 -6.91704e-03 -1.62206e-02 0.00000e+00
11.800000 -7.07042e-03 -9.53785e-03 0.00000e+00
11.810000 -7.11053e-03 -2.65804e-03 0.00000e+00
11.820000 -7.12162e-03 4.31505e-03 0.00000e+00
11.830000 -7.02082e-03 1.12733e-02 0.00000e+00
11.840000 -6.90859e-03 1.81796e-02 0.00000e+00
11.850000 -6.66745e-03 2.49589e-02 0.00000e+00
11.860000 -6.38791e-03 3.13624e-02 0.00000e+00
11.870000 -6.00342e-03 3.74840e-02 0.00000e+00
11.880000 -5.60176e-03 4.33563e-02 0.00000e+00
11.890000 -5.12721e-03 4.88545e-02 0.00000e+00
11.900000 -4.58291e-03 5.37230e-02 0.00000e+00
11.910000 -4.01148e-03 5.77916e-02 0.00000e+00
11.920000 -3.37519e-03 6.11447e-02 0.00000e+00
11.930000 -2.73206e-03 6.39280e-02 0.00000e+00
11.940000 -2.06401e-03 6.59765e-02 0.00000e+00
11.950000 -1.37559e-03 6.72897e-02 0.00000e+00
11.960000 -6.77608e-04 6.79667e-02 0.00000e+00
11.970000 5.16944e-05 6.77058e-02 0.00000e+00
11.980000 7.48851e-04 6.67018e-02 0.00000e+00
11.990000 1.44151e-03 6.48830e-02 0.00000e+00
12.000000 2.10266e-03 6.23267e-02 0.00000e+00
12.010000 2.75911e-03 5.90420e-02 0.00000e+00
12.020000 3.35296e-03 5.50245e-02 0.00000e+00
12.030000 3.91026e-03 5.03826e-02 0.00000e+00
12.040000 4.43994e-03 4.51438e-02 0.00000e+00
12.050000 4.88086e-03 3.93912e-02 0.00000e+00
12.060000 5.25053e-03 3.31239e-02 0.00000e+00
12.070000 5.52741e-03 2.66476e-02 0.00000e+00
12.080000 5.76167e-03 1.98453e-02 0.00000e+00
12.090000 5.93784e-03 1.28270e-02 0.00000e+00
12.100000 6.06911e-03 5.73652e-03 0.00000e+00
12.110000 6.07970e-03 -1.47292e-03 0.00000e+00
12.120000 6.03280e-03 -8.66683e-03 0.00000e+00
12.130000 5.88028e-03 -1.57428e-02 0.00000e+00
12.140000 5.66901e-03 -2.24793e-02 0.00000e+00
12.150000 5.40893e-03 -2.89168e-02 0.00000e+00
12.160000 5.05328e-03 -3.50131e-02 0.00000e+00
12.170000 4.68738e-03 -4.06132e-02 0.00000e+00
12.180000 4.20719e-03 -4.56121e-02 0.00000e+00
12.190000 3.71143e-03 -5.00183e-02 0.00000e+00
12.200000 3.14689e-03 -5.38453e-02 0.00000e+00
12.210000 2.58949e-03 -5.67887e-02 0.00000e+00
12.220000 1.98271e-03 -5.89796e-02 0.00000e+00
12.230000 1.37808e-03 -6.04796e-02 0.00000e+00
12.240000 7.44566e-04 -6.12114e-02 0.00000e+00
12.250000 7.92235e-05 -6.11885e-02 0.00000e+00
12.260000 -5.41692e-04 -6.02734e-02 0.00000e+00
12.270000 -1.17850e-03 -5.83406e-02 0.00000e+00
12.280000 -1.78894e-03 -5.56046e-02 0.00000e+00
12.290000 -2.36808e-03 -5.22647e-02 0.00000e+00
12.300000 -2.89838e-03 -4.82159e-02 0.00000e+00
12.310000 -3.38483e-03 -4.34605e-02 0.00000e+00
12.320000 -3.84124e-03 -3.80595e-02 0.00000e+00
12.330000 -4.20459e-03 -3.21821e-02 0.00000e+00
12.340000 -4.52521e-03 -2.57392e-02 0.00000e+00
12.350000 -4.76351e-03 -1.89474e-02 0.00000e+00
12.360000 -4.95023e-03 -1.20053e-02 0.00000e+00
12.370000 -5.02610e-03 -4.85960e-03 0.00000e+00
12.380000 -5.02524e-03 2.45936e-03 0.00000e+00
12.390000 -4.97872e-03 9.89724e-03 0.00000e+00
12.400000 -4.81526e-03 1.73108e-02 0.00000e+00
12.410000 -4.60127e-03 2.45509e-02 0.00000e+00
12.420000 -4.30679e-03 3.13630e-02 0.00000e+00
12.430000 -3.92459e-03 3.78903e-02 0.00000e+00
12.440000 -3.48228e-03 4.40594e-02 0.00000e+00
12.450000 -3.01510e-03 4.95778e-02 0.00000e+00
12.460000 -2.47289e-03 5.44479e-02 0.00000e+00
12.470000 -1.85319e-03 5.86951e-02 0.00000e+00
12.480000 -1.22624e-03 6.22568e-02 0.00000e+00
12.490000 -5.75617e-04 6.49824e-02 0.00000e+00
12.500000 1.15500e-04 6.69135e-02 0.00000e+00
12.510000 8.23847e-04 6.80021e-02 0.00000e+00
12.520000 1.50903e-03 6.81175e-02 0.00000e+00
12.530000 2.22633e-03 6.73630e-02 0.00000e+00
12.540000 2.93963e-03 6.58854e-02 0.00000e+00
12.550000 3.63762e-03 6.36526e-02 0.00000e+00
12.560000 4.29698e-03 6.05025e-02 0.00000e+00
12.570000 4.91097e-03 5.66640e-02 0.00000e+00
12.580000 5.46893e-03 5.21468e-02 0.00000e+00
12.590000 5.99496e-03 4.68304e-02 0.00000e+00
12.600000 6.47496e-03 4.09628e-02 0.00000e+00
12.610000 6.85385e-03 3.45854e-02 0.00000e+00
12.620000 7.16225e-03 2.75524e-02 0.00000e+00
12.630000 7.41908e-03 2.00642e-02 0.00000e+00
12.640000 7.59572e-03 1.24290e-02 0.00000e+00
12.650000 7.68156e-03 4.57258e-03 0.00000e+00
12.660000 7.68175e-03 -3.56444e-03 0.00000e+00
12.670000 7.59869e-03 -1.17936e-02 0.00000e+00
12.680000 7.42522e-03 -1.99457e-02 0.00000e+00
12.690000 7.18392e-03 -2.80276e-02 0.00000e+00
12.700000 6.89587e-03 -3.58733e-02 0.00000e+00
12.710000 6.49896e-03 -4.33221e-02 0.00000e+00
12.720000 6.01178e-03 -5.03792e-02 0.00000e+00
12.730000 5.46616e-03 -5.69546e-02 0.00000e+00
12.740000 4.86197e-03 -6.29803e-02 0.00000e+00
12.750000 4.15386e-03 -6.84579e-02 0.00000e+00
12.760000 3.41725e-03 -7.32408e-02 0.00000e+00
12.770000 2.63933e-03 -7.72300e-02 0.00000e+00
12.780000 1.80726e-03 -8.04586e-02 0.00000e+00
12.790000 9.51744e-04 -8.29303e-02 0.00000e+00
12.800000 1.07994e-04 -8.44917e-02 0.00000e+00
12.810000 -7.73729e-04 -8.50291e-02 0.00000e+00
12.820000 -1.66377e-03 -8.46767e-02 0.00000e+00
12.830000 -2.55125e-03 -8.34914e-02 0.00000e+00
12.840000 -3.40312e-03 -8.14817e-02 0.00000e+00
12.850000 -4.22985e-03 -7.86295e-02 0.00000e+00
12.860000 -5.02227e-03 -7.48243e-02 0.00000e+00
12.870000 -5.77456e-03 -6.99502e-02 0.00000e+00
12.880000 -6.48391e-03 -6.42736e-02 0.00000e+00
12.890000 -7.12967e-03 -5.80766e-02 0.00000e+00
12.900000 -7.69538e-03 -5.12593e-02 0.00000e+00
12.910000 -8.20128e-03 -4.37264e-02 0.00000e+00
12.920000 -8.62940e-03 -3.57677e-02 0.00000e+00
12.930000 -8.96040e-03 -2.75707e-02 0.00000e+00
12.940000 -9.21396e-03 -1.90429e-02 0.00000e+00
12.950000 -9.35020e-03 -1.03437e-02 0.00000e+00
12.960000 -9.41799e-03 -1.61411e-03 0.00000e+00
12.970000 -9.36619e-03 7.23354e-03 0.00000e+00
12.980000 -9.24401e-03 1.60430e-02 0.00000e+00
12.990000 -9.04650e-03 2.46050e-02 0.00000e+00
13.000000 -8.75172e-03 3.28061e-02 0.00000e+00
13.010000 -8.36196e-03 4.05772e-02 0.00000e+00
13.020000 -7.86637e-03 4.79608e-02 0.00000e+00
13.030000 -7.29973e-03 5.48078e-02 0.00000e+00
13.040000 -6.69026e-03 6.09673e-02 0.00000e+00
13.050000 -6.05892e-03 6.63487e-02 0.00000e+00
13.060000 -5.34571e-03 7.09200e-02 0.00000e+00
13.070000 -4.57199e-03 7.47243e-02 0.00000e+00
13.080000 -3.76692e-03 7.77126e-02 0.00000e+00
13.090000 -2.97882e-03 7.97926e-02 0.00000e+00
13.100000 -2.14954e-03 8.09993e-02 0.00000e+00
13.110000 -1.29728e-03 8.12979e-02 0.00000e+00
13.120000 -4.52365e-04 8.08138e-02 0.00000e+00
13.130000 3.88725e-04 7.95059e-02 0.00000e+00
13.140000 1.22456e-03 7.73594e-02 0.00000e+00
13.150000 2.00455e-03 7.44643e-02 0.00000e+00
13.160000 2.75737e-03 7.06443e-02 0.00000e+00
13.170000 3.44259e-03 6.60491e-02 0.00000e+00
13.180000 4.10829e-03 6.08953e-02 0.00000e+00
13.190000 4.71205e-03 5.53405e-02 0.00000e+00
13.200000 5.23225e-03 4.94104e-02 0.00000e+00
13.210000 5.68791e-03 4.29249e-02 0.00000e+00
13.220000 6.08294e-03 3.58866e-02 0.00000e+00
13.230000 6.41166e-03 2.84905e-02 0.00000e+00
13.240000 6.67221e-03 2.10273e-02 0.00000e+00
13.250000 6.84662e-03 1.36031e-02 0.00000e+00
13.260000 6.93945e-03 5.97395e-03 0.00000e+00
13.270000 6.95843e-03 -1.74440e-03 0.00000e+00
13.280000 6.90081e-03 -9.23704e-03 0.00000e+00
13.290000 6.78220e-03 -1.65501e-02 0.00000e+00
13.300000 6.55070e-03 -2.36105e-02 0.00000e+00
13.310000 6.27462e-03 -3.02778e-02 0.00000e+00
13.320000 5.91172e-03 -3.64821e-02 0.00000e+00
13.330000 5.48889e-03 -4.21921e-02 0.00000e+00
13.340000 5.04788e-03 -4.74501e-02 0.00000e+00
13.350000 4.54684e-03 -5.21325e-02 0.00000e+00
13.360000 3.99536e-03 -5.61099e-02 0.00000e+00
13.370000 3.37012e-03 -5.94485e-02 0.00000e+00
13.380000 2.71327e-03 -6.22008e-02 0.00000e+00
13.390000 2.06404e-03 -6.41626e-02 0.00000e+00
13.400000 1.39305e-03 -6.52825e-02 0.00000e+00
13.410000 7.41790e-04 -6.56027e-02 0.00000e+00
13.420000 4.75102e-05 -6.51381e-02 0.00000e+00
13.430000 -6.58367e-04 -6.39604e-02 0.00000e+00
13.440000 -1.31013e-03 -6.20581e-02 0.00000e+00
13.450000 -1.94803e-03 -5.94710e-02 0.00000e+00
13.460000 -2.56295e-03 -5.60826e-02 0.00000e+00
13.470000 -3.11468e-03 -5.20341e-02 0.00000e+00
13.480000 -3.63059e-03 -4.74498e-02 0.00000e+00
13.490000 -4.07502e-03 -4.23239e-02 0.00000e+00
13.500000 -4.50813e-03 -3.67551e-02 0.00000e+00
13.510000 -4.86137e-03 -3.06329e-02 0.00000e+00
13.520000 -5.14951e-03 -2.40661e-02 0.00000e+00
13.530000 -5.35823e-03 -1.72890e-02 0.00000e+00
13.540000 -5.51021e-03 -1.04353e-02 0.00000e+00
13.550000 -5.58321e-03 -3.55094e-03 0.00000e+00
13.560000 -5.55230e-03 3.42394e-03 0.00000e+00
13.570000 -5.49136e-03 1.03627e-02 0.00000e+00
13.580000 -5.33918e-03 1.72780e-02 0.00000e+00
13.590000 -5.13657e-03 2.40135e-02 0.00000e+00
13.600000 -4.85417e-03 3.02637e-02 0.00000e+00
13.610000 -4.50953e-03 3.62136e-02 0.00000e+00
13.620000 -4.09017e-03 4.18008e-02 0.00000e+00
13.630000 -3.59899e-03 4.67903e-02 0.00000e+00
13.640000 -3.09809e-03 5.13571e-02 0.00000e+00
13.650000 -2.53820e-03 5.54163e-02 0.00000e+00
13.660000 -1.94129e-03 5.89560e-02 0.00000e+00
13.670000 -1.30563e-03 6.18078e-02 0.00000e+00
13.680000 -6.54110e-04 6.38439e-02 0.00000e+00
13.690000 -1.76342e-06 6.52799e-02 0.00000e+00
13.700000 6.63505e-04 6.60419e-02 0.00000e+00
13.710000 1.34900e-03 6.60580e-02 0.00000e+00
13.720000 2.03007e-03 6.53380e-02 0.00000e+00
13.730000 2.69716e-03 6.40500e-02 0.00000e+00
13.740000 3.34502e-03 6.21017e-02 0.00000e+00
13.750000 3.99176e-03 5.94256e-02 0.00000e+00
13.760000 4.56761e-03 5.61424e-02 0.00000e+00
13.770000 5.12562e-03 5.23417e-02 0.00000e+00
13.780000 5.65181e-03 4.79891e-02 0.00000e+00
13.790000 6.10810e-03 4.31722e-02 0.00000e+00
13.800000 6.53617e-03 3.80742e-02 0.00000e+00
13.810000 6.92846e-03 3.25277e-02 0.00000e+00
13.820000 7.21558e-03 2.65573e-02 0.00000e+00
13.830000 7.47669e-03 2.02946e-02 0.00000e+00
13.840000 7.60879e-03 1.38177e-02 0.00000e+00
13.850000 7.73175e-03 7.27148e-03 0.00000e+00
13.860000 7.76596e-03 5.68784e-04 0.00000e+00
13.870000 7.72626e-03 -6.26585e-03 0.00000e+00
13.880000 7.61913e-03 -1.29629e-02 0.00000e+00
13.890000 7.46022e-03 -1.95291e-02 0.00000e+00
13.900000 7.23181e-03 -2.59840e-02 0.00000e+00
13.910000 6.93158e-03 -3.22032e-02 0.00000e+00
13.920000 6.56949e-03 -3.81352e-02 0.00000e+00
13.930000 6.16953e-03 -4.38085e-02 0.00000e+00
13.940000 5.69529e-03 -4.91283e-02 0.00000e+00
13.950000 5.15268e-03 -5.39167e-02 0.00000e+00
13.960000 4.59438e-03 -5.82900e-02 0.00000e+00
13.970000 3.96565e-03 -6.21942e-02 0.00000e+00
13.980000 3.28892e-03 -6.53785e-02 0.00000e+00
13.990000 2.59686e-03 -6.80422e-02 0.00000e+00
14.000000 1.87719e-03 -7.01746e-02 0.00000e+00
14.010000 1.16285e-03 -7.18109e-02 0.00000e+00
14.020000 4.25391e-04 -7.29200e-02 0.00000e+00
14.030000 -3.43120e-04 -7.33342e-02 0.00000e+00
14.040000 -1.08510e-03 -7.32464e-02 0.00000e+00
14.050000 -1.81797e-03 -7.26714e-02 0.00000e+00
14.060000 -2.57465e-03 -7.14697e-02 0.00000e+00
14.070000 -3.28176e-03 -6.95720e-02 0.00000e+00
14.080000 -3.98032e-03 -6.71131e-02 0.00000e+00
14.090000 -4.65085e-03 -6.41361e-02 0.00000e+00
14.100000 -5.27148e-03 -6.05437e-02 0.00000e+00
14.110000 -5.84949e-03 -5.64900e-02 0.00000e+00
14.120000 -6.39829e-03 -5.21743e-02 0.00000e+00
14.130000 -6.91126e-03 -4.74333e-02 0.00000e+00
14.140000 -7.35591e-03 -4.23564e-02 0.00000e+00
14.150000 -7.75138e-03 -3.70946e-02 0.00000e+00
14.160000 -8.12950e-03 -3.16064e-02 0.00000e+00
14.170000 -8.42221e-03 -2.58610e-02 0.00000e+00
14.180000 -8.67752e-03 -1.98236e-02 0.00000e+00
14.190000 -8.84211e-03 -1.35293e-02 0.00000e+00
14.200000 -8.95713e-03 -7.23702e-03 0.00000e+00
14.210000 -9.00749e-03 -9.52231e-04 0.00000e+00
14.220000 -8.97893e-03 5.43369e-03 0.00000e+00
14.230000 -8.85532e-03 1.16098e-02 0.00000e+00
14.240000 -8.69352e-03 1.75633e-02 0.00000e+00
14.250000 -8.48248e-03 2.33536e-02 0.00000e+00
14.260000 -8.21295e-03 2.89270e-02 0.00000e+00
14.270000 -7.89091e-03 3.44040e-02 0.00000e+00
14.280000 -7.54902e-03 3.97078e-02 0.00000e+00
14.290000 -7.12401e-03 4.45509e-02 0.00000e+00
14.300000 -6.64635e-03 4.88940e-02 0.00000e+00
14.310000 -6.13438e-03 5.28846e-02 0.00000e+00
14.320000 -5.56285e-03 5.64854e-02 0.00000e+00
14.330000 -4.95899e-03 5.94997e-02 0.00000e+00
14.340000 -4.30030e-03 6.19375e-02 0.00000e+00
14.350000 -3.64079e-03 6.38526e-02 0.00000e+00
14.360000 -2.96526e-03 6.52724e-02 0.00000e+00
14.370000 -2.31811e-03 6.62429e-02 0.00000e+00
14.380000 -1.62627e-03 6.66675e-02 0.00000e+00
14.390000 -9.60183e-04 6.65764e-02 0.00000e+00
14.400000 -3.04092e-04 6.61808e-02 0.00000e+00
14.410000 3.74018e-04 6.54499e-02 0.00000e+00
14.420000 1.04848e-03 6.41558e-02 0.00000e+00
14.430000 1.71730e-03 6.24027e-02 0.00000e+00
14.440000 2.34696e-03 6.02125e-02 0.00000e+00
14.450000 2.90770e-03 5.74372e-02 0.00000e+00
14.460000 3.43312e-03 5.42467e-02 0.00000e+00
14.470000 3.97008e-03 5.07633e-02 0.00000e+00
14.480000 4.45844e-03 4.69965e-02 0.00000e+00
14.490000 4.90040e-03 4.30346e-02 0.00000e+00
14.500000 5.29904e-03 3.88875e-02 0.00000e+00
14.510000 5.66695e-03 3.46410e-02 0.00000e+00
14.520000 6.00267e-03 3.02168e-02 0.00000e+00
14.530000 6.29247e-03 2.55981e-02 0.00000e+00
14.540000 6.53501e-03 2.07106e-02 0.00000e+00
14.550000 6.71658e-03 1.56384e-02 0.00000e+00
14.560000 6.86557e-03 1.04902e-02 0.00000e+00
14.570000 6.97381e-03 5.20817e-03 0.00000e+00
14.580000 6.99404e-03 -1.32327e-05 0.00000e+00
14.590000 6.95129e-03 -4.99614e-03 0.00000e+00
14.600000 6.88247e-03 -9.74677e-03 0.00000e+00
14.610000 6.73010e-03 -1.44596e-02 0.00000e+00
14.620000 6.55688e-03 -1.92742e-02 0.00000e+00
14.630000 6.34807e-03 -2.41405e-02 0.00000e+00
14.640000 6.09259e-03 -2.86548e-02 0.00000e+00
14.650000 5.80940e-03 -3.28159e-02 0.00000e+00
14.660000 5.45702e-03 -3.68541e-02 0.00000e+00
14.670000 5.06599e-03 -4.07078e-02 0.00000e+00
14.680000 4.62777e-03 -4.42425e-02 0.00000e+00
14.690000 4.13830e-03 -4.72714e-02 0.00000e+00
14.700000 3.63958e-03 -4.98102e-02 0.00000e+00
14.710000 3.08921e-03 -5.19675e-02 0.00000e+00
14.720000 2.56131e-03 -5.37605e-02 0.00000e+00
14.730000 2.00621e-03 -5.50988e-02 0.00000e+00
14.740000 1.46823e-03 -5.58846e-02 0.00000e+00
14.750000 9.10667e-04 -5.62694e-02 0.00000e+00
14.760000 3.62114e-04 -5.62869e-02 0.00000e+00
14.770000 -2.46862e-04 -5.58011e-02 0.00000e+00
14.780000 -8.43714e-04 -5.48618e-02 0.00000e+00
14.790000 -1.41415e-03 -5.34902e-02 0.00000e+00
14.800000 -1.93672e-03 -5.15697e-02 0.00000e+00
14.810000 -2.42283e-03 -4.90462e-02 0.00000e+00
14.820000 -2.93868e-03 -4.59274e-02 0.00000e+00
14.830000 -3.40290e-03 -4.24206e-02 0.00000e+00
14.840000 -3.81683e-03 -3.86671e-02 0.00000e+00
14.850000 -4.16877e-03 -3.45815e-02 0.00000e+00
14.860000 -4.48424e-03 -3.02510e-02 0.00000e+00
14.870000 -4.78845e-03 -2.56549e-02 0.00000e+00
14.880000 -5.04792e-03 -2.07924e-02 0.00000e+00
14.890000 -5.24238e-03 -1.56399e-02 0.00000e+00
14.900000 -5.37867e-03 -1.03001e-02 0.00000e+00
14.910000 -5.45998e-03 -4.74204e-03 0.00000e+00
14.920000 -5.49206e-03 1.06757e-03 0.00000e+00
14.930000 -5.44395e-03 6.93418e-03 0.00000e+00
14.940000 -5.35576e-03 1.25909e-02 0.00000e+00
14.950000 -5.19135e-03 1.79388e-02 0.00000e+00
14.960000 -4.98534e-03 2.31869e-02 0.00000e+00
14.970000 -4.69320e-03 2.83453e-02 0.00000e+00
14.980000 -4.36636e-03 3.34227e-02 0.00000e+00
14.990000 -4.01458e-03 3.81313e-02 0.00000e+00
15.000000 -3.64258e-03 4.23642e-02 0.00000e+00
15.010000 -3.19743e-03 4.62750e-02 0.00000e+00
15.020000 -2.69896e-03 4.98859e-02 0.00000e+00
15.030000 -2.17001e-03 5.31863e-02 0.00000e+00
15.040000 -1.59326e-03 5.59362e-02 0.00000e+00
15.050000 -9.91888e-04 5.80138e-02 0.00000e+00
15.060000 -3.80690e-04 5.95363e-02 0.00000e+00
15.070000 2.32947e-04 6.04929e-02 0.00000e+00
15.080000 8.95176e-04 6.08905e-02 0.00000e+00
15.090000 1.50665e-03 6.07181e-02 0.00000e+00
15.100000 2.11007e-03 6.00105e-02 0.00000e+00
15.110000 2.69283e-03 5.87926e-02 0.00000e+00
15.120000 3.30072e-03 5.70130e-02 0.00000e+00
15.130000 3.88545e-03 5.46624e-02 0.00000e+00
15.140000 4.43740e-03 5.19242e-02 0.00000e+00
15.150000 4.95886e-03 4.88375e-02 0.00000e+00
15.160000 5.41889e-03 4.51156e-02 0.00000e+00
15.170000 5.86017e-03 4.07314e-02 0.00000e+00
15.180000 6.25751e-03 3.58863e-02 0.00000e+00
15.190000 6.61177e-03 3.07355e-02 0.00000e+00
15.200000 6.89799e-03 2.52319e-02 0.00000e+00
15.210000 7.10228e-03 1.94455e-02 0.00000e+00
15.220000 7.26138e-03 1.34832e-02 0.00000e+00
15.230000 7.37043e-03 7.25188e-03 0.00000e+00
15.240000 7.41377e-03 8.13444e-04 0.00000e+00
15.250000 7.41737e-03 -5.54856e-03 0.00000e+00
15.260000 7.33685e-03 -1.20190e-02 0.00000e+00
15.270000 7.20444e-03 -1.86663e-02 0.00000e+00
15.280000 6.99401e-03 -2.52692e-02 0.00000e+00
15.290000 6.71278e-03 -3.17035e-02 0.00000e+00
15.300000 6.37836e-03 -3.78840e-02 0.00000e+00
15.310000 5.99406e-03 -4.38940e-02 0.00000e+00
15.320000 5.49634e-03 -4.96000e-02 0.00000e+00
15.330000 4.93282e-03 -5.49931e-02 0.00000e+00
15.340000 4.34153e-03 -6.00118e-02 0.00000e+00
15.350000 3.70331e-03 -6.44897e-02 0.00000e+00
15.360000 3.02003e-03 -6.84601e-02 0.00000e+00
15.370000 2.29111e-03 -7.18740e-02 0.00000e+00
15.380000 1.54222e-03 -7.48252e-02 0.00000e+00
15.390000 7.55993e-04 -7.73446e-02 0.00000e+00
15.400000 -5.86552e-05 -7.92530e-02 0.00000e+00
15.410000 -8.56169e-04 -8.05609e-02 0.00000e+00
15.420000 -1.68383e-03 -8.11405e-02 0.00000e+00
15.430000 -2.54202e-03 -8.10422e-02 0.00000e+00
15.440000 -3.34852e-03 -8.03338e-02 0.00000e+00
15.450000 -4.16216e-03 -7.89282e-02 0.00000e+00
15.460000 -4.95439e-03 -7.69306e-02 0.00000e+00
15.470000 -5.72853e-03 -7.42079e-02 0.00000e+00
15.480000 -6.46378e-03 -7.07554e-02 0.00000e+00
15.490000 -7.14236e-03 -6.68706e-02 0.00000e+00
15.500000 -7.80245e-03 -6.25691e-02 0.00000e+00
15.510000 -8.39910e-03 -5.77062e-02 0.00000e+00
15.520000 -8.95588e-03 -5.23693e-02 0.00000e+00
15.530000 -9.46898e-03 -4.66473e-02 0.00000e+00
15.540000 -9.91367e-03 -4.05347e-02 0.00000e+00
15.550000 -1.03325e-02 -3.40489e-02 0.00000e+00
15.560000 -1.06611e-02 -2.72537e-02 0.00000e+00
15.570000 -1.09047e-02 -2.02772e-02 0.00000e+00
15.580000 -1.10785e-02 -1.30218e-02 0.00000e+00
15.590000 -1.11562e-02 -5.55202e-03 0.00000e+00
15.600000 -1.11951e-02 1.81608e-03 0.00000e+00
15.610000 -1.11224e-02 9.33422e-03 0.00000e+00
15.620000 -1.09837e-02 1.69584e-02 0.00000e+00
15.630000 -1.07666e-02 2.43933e-02 0.00000e+00
15.640000 -1.04604e-02 3.16751e-02 0.00000e+00
15.650000 -1.01275e-02 3.87830e-02 0.00000e+00
15.660000 -9.70659e-03 4.57432e-02 0.00000e+00
15.670000 -9.20284e-03 5.23505e-02 0.00000e+00
15.680000 -8.65552e-03 5.85721e-02 0.00000e+00
15.690000 -8.04692e-03 6.44808e-02 0.00000e+00
15.700000 -7.36244e-03 6.98614e-02 0.00000e+00
15.710000 -6.61888e-03 7.46944e-02 0.00000e+00
15.720000 -5.83840e-03 7.88464e-02 0.00000e+00
15.730000 -5.01004e-03 8.23242e-02 0.00000e+00
15.740000 -4.15131e-03 8.53036e-02 0.00000e+00
15.750000 -3.24089e-03 8.76740e-02 0.00000e+00
15.760000 -2.33870e-03 8.94685e-02 0.00000e+00
15.770000 -1.40654e-03 9.05692e-02 0.00000e+00
15.780000 -4.38082e-04 9.10308e-02 0.00000e+00
15.790000 4.67375e-04 9.09269e-02 0.00000e+00
15.800000 1.39514e-03 9.01843e-02 0.00000e+00
15.810000 2.31488e-03 8.89616e-02 0.00000e+00
15.820000 3.21496e-03 8.70994e-02 0.00000e+00
15.830000 4.08133e-03 8.45660e-02 0.00000e+00
15.840000 4.90450e-03 8.16132e-02 0.00000e+00
15.850000 5.72481e-03 7.81383e-02 0.00000e+00
15.860000 6.48185e-03 7.40725e-02 0.00000e+00
15.870000 7.17680e-03 6.96191e-02 0.00000e+00
15.880000 7.84162e-03 6.48446e-02 0.00000e+00
15.890000 8.44390e-03 5.96825e-02 0.00000e+00
15.900000 9.02867e-03 5.41517e-02 0.00000e+00
15.910000 9.54221e-03 4.83916e-02 0.00000e+00
15.920000 9.99615e-03 4.25520e-02 0.00000e+00
15.930000 1.03971e-02 3.65494e-02 0.00000e+00
15.940000 1.07249e-02 3.02878e-02 0.00000e+00
15.950000 1.10169e-02 2.40748e-02 0.00000e+00
15.960000 1.12216e-02 1.78042e-02 0.00000e+00
15.970000 1.13870e-02 1.13670e-02 0.00000e+00
15.980000 1.14744e-02 4.95415e-03 0.00000e+00
15.990000 1.14789e-02 -1.43997e-03 0.00000e+00
16.000000 1.14326e-02 -7.79092e-03 0.00000e+00
16.010000 1.13260e-02 -1.40855e-02 0.00000e+00
16.020000 1.11261e-02 -2.01597e-02 0.00000e+00
16.030000 1.08910e-02 -2.59912e-02 0.00000e+00
16.040000 1.05985e-02 -3.17687e-02 0.00000e+00
16.050000 1.02401e-02 -3.74391e-02 0.00000e+00
16.060000 9.82685e-03 -4.28810e-02 0.00000e+00
16.070000 9.37808e-03 -4.79578e-02 0.00000e+00
16.080000 8.89651e-03 -5.26617e-02 0.00000e+00
16.090000 8.34893e-03 -5.70870e-02 0.00000e+00
16.100000 7.73748e-03 -6.11591e-02 0.00000e+00
16.110000 7.09328e-03 -6.48811e-02 0.00000e+00
16.120000 6.44850e-03 -6.81290e-02 0.00000e+00
16.130000 5.71971e-03 -7.09606e-02 0.00000e+00
16.140000 4.97972e-03 -7.32931e-02 0.00000e+00
16.150000 4.21887e-03 -7.49884e-02 0.00000e+00
16.160000 3.45597e-03 -7.63087e-02 0.00000e+00
16.170000 2.68036e-03 -7.72501e-02 0.00000e+00
16.180000 1.90486e-03 -7.76505e-02 0.00000e+00
16.190000 1.11914e-03 -7.76416e-02 0.00000e+00
16.200000 3.18890e-04 -7.72848e-02 0.00000e+00
16.210000 -4.92748e-04 -7.64684e-02 0.00000e+00
16.220000 -1.26600e-03 -7.52191e-02 0.00000e+00
16.230000 -2.01024e-03 -7.36128e-02 0.00000e+00
16.240000 -2.73599e-03 -7.15423e-02 0.00000e+00
16.250000 -3.45270e-03 -6.89131e-02 0.00000e+00
16.260000 -4.13437e-03 -6.59097e-02 0.00000e+00
16.270000 -4.77961e-03 -6.26870e-02 0.00000e+00
16.280000 -5.38211e-03 -5.92792e-02 0.00000e+00
16.290000 -5.93564e-03 -5.54213e-02 0.00000e+00
16.300000 -6.46623e-03 -5.12446e-02 0.00000e+00
16.310000 -6.91566e-03 -4.69999e-02 0.00000e+00
16.320000 -7.36956e-03 -4.25657e-02 0.00000e+00
16.330000 -7.79688e-03 -3.79527e-02 0.00000e+00
16.340000 -8.15556e-03 -3.31246e-02 0.00000e+00
16.350000 -8.45853e-03 -2.80626e-02 0.00000e+00
16.360000 -8.74154e-03 -2.28817e-02 0.00000e+00
16.370000 -8.95805e-03 -1.76898e-02 0.00000e+00
16.380000 -9.10655e-03 -1.25315e-02 0.00000e+00
16.390000 -9.20037e-03 -7.36863e-03 0.00000e+00
16.400000 -9.24814e-03 -2.10048e-03 0.00000e+00
16.410000 -9.21387e-03 3.20603e-03 0.00000e+00
16.420000 -9.16292e-03 8.42614e-03 0.00000e+00
16.430000 -9.06682e-03 1.35493e-02 0.00000e+00
16.440000 -8.91754e-03 1.86183e-02 0.00000e+00
16.450000 -8.70531e-03 2.36209e-02 0.00000e+00
16.460000 -8.41040e-03 2.85599e-02 0.00000e+00
16.470000 -8.12847e-03 3.33433e-02 0.00000e+00
16.480000 -7.78453e-03 3.80446e-02 0.00000e+00
16.490000 -7.38199e-03 4.25160e-02 0.00000e+00
16.500000 -6.93253e-03 4.64606e-02 0.00000e+00
16.510000 -6.42673e-03 5.00661e-02 0.00000e+00
16.520000 -5.90303e-03 5.34907e-02 0.00000e+00
16.530000 -5.35915e-03 5.65774e-02 0.00000e+00
16.540000 -4.77321e-03 5.92028e-02 0.00000e+00
16.550000 -4.16199e-03 6.15120e-02 0.00000e+00
16.560000 -3.52488e-03 6.35070e-02 0.00000e+00
16.570000 -2.85835e-03 6.50487e-02 0.00000e+00
16.580000 -2.19396e-03 6.61955e-02 0.00000e+00
16.590000 -1.51309e-03 6.69254e-02 0.00000e+00
16.600000 -8.26440e-04 6.71180e-02 0.00000e+00
16.610000 -1.32310e-04 6.68029e-02 0.00000e+00
16.620000 5.47361e-04 6.60702e-02 0.00000e+00
16.630000 1.22160e-03 6.51133e-02 0.00000e+00
16.640000 1.86693e-03 6.36796e-02 0.00000e+00
16.650000 2.50219e-03 6.16727e-02 0.00000e+00
16.660000 3.07788e-03 5.93369e-02 0.00000e+00
16.670000 3.65679e-03 5.66156e-02 0.00000e+00
16.680000 4.23127e-03 5.35915e-02 0.00000e+00
16.690000 4.77356e-03 5.01822e-02 0.00000e+00
16.700000 5.24817e-03 4.62836e-02 0.00000e+00
16.710000 5.68677e-03 4.20589e-02 0.00000e+00
16.720000 6.10104e-03 3.75925e-02 0.00000e+00
16.730000 6.44797e-03 3.28505e-02 0.00000e+00
16.740000 6.74662e-03 2.78990e-02 0.00000e+00
16.750000 7.00938e-03 2.27346e-02 0.00000e+00
16.760000 7.22081e-03 1.73387e-02 0.00000e+00
16.770000 7.37345e-03 1.18514e-02 0.00000e+00
16.780000 7.48164e-03 6.32645e-03 0.00000e+00
16.790000 7.54769e-03 7.27100e-04 0.00000e+00
16.800000 7.54962e-03 -4.91083e-03 0.00000e+00
16.810000 7.45329e-03 -1.05612e-02 0.00000e+00
16.820000 7.33371e-03 -1.62285e-02 0.00000e+00
16.830000 7.13830e-03 -2.18920e-02 0.00000e+00
16.840000 6.88436e-03 -2.73796e-02 0.00000e+00
16.850000 6.58303e-03 -3.24435e-02 0.00000e+00
16.860000 6.20223e-03 -3.71382e-02 0.00000e+00
16.870000 5.80292e-03 -4.17070e-02 0.00000e+00
16.880000 5.35859e-03 -4.61300e-02 0.00000e+00
16.890000 4.86766e-03 -5.01354e-02 0.00000e+00
16.900000 4.32234e-03 -5.37627e-02 0.00000e+00
16.910000 3.75826e-03 -5.70731e-02 0.00000e+00
16.920000 3.14705e-03 -5.99352e-02 0.00000e+00
16.930000 2.52503e-03 -6.22578e-02 0.00000e+00
16.940000 1.88709e-03 -6.41458e-02 0.00000e+00
16.950000 1.21855e-03 -6.55404e-02 0.00000e+00
16.960000 5.35675e-04 -6.62973e-02 0.00000e+00
16.970000 -1.43668e-04 -6.65367e-02 0.00000e+00
16.980000 -8.27939e-04 -6.64588e-02 0.00000e+00
16.990000 -1.49759e-03 -6.58922e-02 0.00000e+00
17.000000 -2.13347e-03 -6.47830e-02 0.00000e+00
17.010000 -2.75466e-03 -6.33789e-02 0.00000e+00
17.020000 -3.37751e-03 -6.15107e-02 0.00000e+00
17.030000 -4.01486e-03 -5.91941e-02 0.00000e+00
17.040000 -4.63170e-03 -5.64463e-02 0.00000e+00
17.050000 -5.18121e-03 -5.32161e-02 0.00000e+00
17.060000 -5.68860e-03 -4.96550e-02 0.00000e+00
17.070000 -6.17851e-03 -4.58286e-02 0.00000e+00
17.080000 -6.61175e-03 -4.16468e-02 0.00000e+00
17.090000 -7.00038e-03 -3.71402e-02 0.00000e+00
17.100000 -7.33838e-03 -3.23491e-02 0.00000e+00
17.110000 -7.65683e-03 -2.72385e-02 0.00000e+00
17.120000 -7.88286e-03 -2.19412e-02 0.00000e+00
17.130000 -8.09409e-03 -1.65185e-02 0.00000e+00
17.140000 -8.25400e-03 -1.09967e-02 0.00000e+00
17.150000 -8.35698e-03 -5.33850e-03 0.00000e+00
17.160000 -8.36838e-03 4.89923e-04 0.00000e+00
17.170000 -8.36507e-03 6.50131e-03 0.00000e+00
17.180000 -8.27847e-03 1.26422e-02 0.00000e+00
17.190000 -8.09846e-03 1.86942e-02 0.00000e+00
17.200000 -7.88808e-03 2.44849e-02 0.00000e+00
17.210000 -7.61578e-03 2.99979e-02 0.00000e+00
17.220000 -7.29885e-03 3.54091e-02 0.00000e+00
17.230000 -6.92484e-03 4.07012e-02 0.00000e+00
17.240000 -6.47829e-03 4.57521e-02 0.00000e+00
17.250000 -5.97233e-03 5.05555e-02 0.00000e+00
17.260000 -5.43289e-03 5.50458e-02 0.00000e+00
17.270000 -4.84209e-03 5.91612e-02 0.00000e+00
17.280000 -4.22279e-03 6.28364e-02 0.00000e+00
17.290000 -3.56857e-03 6.61953e-02 0.00000e+00
17.300000 -2.87631e-03 6.91684e-02 0.00000e+00
17.310000 -2.15548e-03 7.15556e-02 0.00000e+00
17.320000 -1.38211e-03 7.33575e-02 0.00000e+00
17.330000 -6.18536e-04 7.48132e-02 0.00000e+00
17.340000 1.52814e-04 7.58143e-02 0.00000e+00
17.350000 9.06866e-04 7.61718e-02 0.00000e+00
17.360000 1.65691e-03 7.61974e-02 0.00000e+00
17.370000 2.41699e-03 7.57746e-02 0.00000e+00
17.380000 3.18138e-03 7.47947e-02 0.00000e+00
17.390000 3.94087e-03 7.33369e-02 0.00000e+00
17.400000 4.66790e-03 7.14509e-02 0.00000e+00
17.410000 5.39460e-03 6.92475e-02 0.00000e+00
17.420000 6.06624e-03 6.67320e-02 0.00000e+00
17.430000 6.71627e-03 6.38251e-02 0.00000e+00
17.440000 7.33945e-03 6.05460e-02 0.00000e+00
17.450000 7.94416e-03 5.69411e-02 0.00000e+00
17.460000 8.50345e-03 5.29892e-02 0.00000e+00
17.470000 9.00061e-03 4.87755e-02 0.00000e+00
17.480000 9.45467e-03 4.43455e-02 0.00000e+00
17.490000 9.87420e-03 3.98205e-02 0.00000e+00
17.500000 1.02791e-02 3.51568e-02 0.00000e+00
17.510000 1.05730e-02 3.02307e-02 0.00000e+00
17.520000 1.08467e-02 2.50852e-02 0.00000e+00
17.530000 1.10811e-02 1.97163e-02 0.00000e+00
17.540000 1.12369e-02 1.42115e-02 0.00000e+00
17.550000 1.13629e-02 8.70233e-03 0.00000e+00
17.560000 1.14341e-02 3.23955e-03 0.00000e+00
17.570000 1.14599e-02 -2.28160e-03 0.00000e+00
17.580000 1.14089e-02 -7.74246e-03 0.00000e+00
17.590000 1.12968e-02 -1.32093e-02 0.00000e+00
17.600000 1.11239e-02 -1.88116e-02 0.00000e+00
17.610000 1.09073e-02 -2.43052e-02 0.00000e+00
17.620000 1.06323e-02 -2.96107e-02 0.00000e+00
17.630000 1.03070e-02 -3.47716e-02 0.00000e+00
17.640000 9.93756e-03 -3.98953e-02 0.00000e+00
17.650000 9.51149e-03 -4.50150e-02 0.00000e+00
17.660000 9.03970e-03 -5.00470e-02 0.00000e+00
17.670000 8.49699e-03 -5.47224e-02 0.00000e+00
17.680000 7.91679e-03 -5.92223e-02 0.00000e+00
17.690000 7.30146e-03 -6.36389e-02 0.00000e+00
17.700000 6.64238e-03 -6.76331e-02 0.00000e+00
17.710000 5.95843e-03 -7.13470e-02 0.00000e+00
17.720000 5.24396e-03 -7.47885e-02 0.00000e+00
17.730000 4.48352e-03 -7.78676e-02 0.00000e+00
17.740000 3.68143e-03 -8.05766e-02 0.00000e+00
17.750000 2.87019e-03 -8.29958e-02 0.00000e+00
17.760000 1.98884e-03 -8.51828e-02 0.00000e+00
17.770000 1.12646e-03 -8.70876e-02 0.00000e+00
17.780000 2.59734e-04 -8.86001e-02 0.00000e+00
17.790000 -6.45064e-04 -8.96372e-02 0.00000e+00
17.800000 -1.56526e-03 -9.03091e-02 0.00000e+00
17.810000 -2.49975e-03 -9.05612e-02 0.00000e+00
17.820000 -3.42359e-03 -9.03981e-02 0.00000e+00
17.830000 -4.32244e-03 -8.98571e-02 0.00000e+00
17.840000 -5.18959e-03 -8.89438e-02 0.00000e+00
17.850000 -6.09584e-03 -8.76782e-02 0.00000e+00
17.860000 -6.94411e-03 -8.60005e-02 0.00000e+00
17.870000 -7.77804e-03 -8.39153e-02 0.00000e+00
17.880000 -8.61820e-03 -8.13881e-02 0.00000e+00
17.890000 -9.42100e-03 -7.84320e-02 0.00000e+00
17.900000 -1.02034e-02 -7.51309e-02 0.00000e+00
17.910000 -1.09466e-02 -7.14302e-02 0.00000e+00
17.920000 -1.16702e-02 -6.72435e-02 0.00000e+00
17.930000 -1.23244e-02 -6.28238e-02 0.00000e+00
17.940000 -1.29345e-02 -5.81120e-02 0.00000e+00
17.950000 -1.34680e-02 -5.29133e-02 0.00000e+00
17.960000 -1.39775e-02 -4.74497e-02 0.00000e+00
17.970000 -1.44412e-02 -4.17498e-02 0.00000e+00
17.980000 -1.48319e-02 -3.58085e-02 0.00000e+00
17.990000 -1.51790e-02 -2.96674e-02 0.00000e+00
18.000000 -1.54509e-02 -2.32791e-02 0.00000e+00
18.010000 -1.56586e-02 -1.65268e-02 0.00000e+00
18.020000 -1.58026e-02 -9.63554e-03 0.00000e+00
18.030000 -1.58695e-02 -2.62219e-03 0.00000e+00
18.040000 -1.58640e-02 4.64553e-03 0.00000e+00
18.050000 -1.57831e-02 1.18659e-02 0.00000e+00
18.060000 -1.56378e-02 1.91336e-02 0.00000e+00
18.070000 -1.53985e-02 2.64157e-02 0.00000e+00
18.080000 -1.50772e-02 3.36056e-02 0.00000e+00
18.090000 -1.47118e-02 4.07579e-02 0.00000e+00
18.100000 -1.42919e-02 4.78115e-02 0.00000e+00
18.110000 -1.37587e-02 5.47329e-02 0.00000e+00
18.120000 -1.31863e-02 6.15483e-02 0.00000e+00
18.130000 -1.25386e-02 6.81470e-02 0.00000e+00
18.140000 -1.18208e-02 7.42847e-02 0.00000e+00
18.150000 -1.10524e-02 8.01253e-02 0.00000e+00
18.160000 -1.02253e-02 8.56700e-02 0.00000e+00
18.170000 -9.32940e-03 9.07418e-02 0.00000e+00
18.180000 -8.37496e-03 9.54153e-02 0.00000e+00
18.190000 -7.40225e-03 9.96740e-02 0.00000e+00
18.200000 -6.36056e-03 1.03441e-01 0.00000e+00
18.210000 -5.30179e-03 1.06703e-01 0.00000e+00
18.220000 -4.21252e-03 1.09446e-01 0.00000e+00
18.230000 -3.06162e-03 1.11598e-01 0.00000e+00
18.240000 -1.94158e-03 1.13327e-01 0.00000e+00
18.250000 -7.60361e-04 1.14727e-01 0.00000e+00
18.260000 4.05660e-04 1.15445e-01 0.00000e+00
18.270000 1.56400e-03 1.15450e-01 0.00000e+00
18.280000 2.72027e-03 1.15066e-01 0.00000e+00
18.290000 3.87596e-03 1.14125e-01 0.00000e+00
18.300000 4.99413e-03 1.12611e-01 0.00000e+00
18.310000 6.10713e-03 1.10704e-01 0.00000e+00
18.320000 7.23072e-03 1.08242e-01 0.00000e+00
18.330000 8.29022e-03 1.05173e-01 0.00000e+00
18.340000 9.32073e-03 1.01684e-01 0.00000e+00
18.350000 1.03398e-02 9.78417e-02 0.00000e+00
18.360000 1.12926e-02 9.35415e-02 0.00000e+00
18.370000 1.22014e-02 8.88813e-02 0.00000e+00
18.380000 1.30666e-02 8.38721e-02 0.00000e+00
18.390000 1.38864e-02 7.84624e-02 0.00000e+00
18.400000 1.46554e-02 7.28331e-02 0.00000e+00
18.410000 1.53956e-02 6.68348e-02 0.00000e+00
18.420000 1.60144e-02 6.05439e-02 0.00000e+00
18.430000 1.65614e-02 5.40741e-02 0.00000e+00
18.440000 1.70947e-02 4.72533e-02 0.00000e+00
18.450000 1.75413e-02 4.02421e-02 0.00000e+00
18.460000 1.78880e-02 3.30810e-02 0.00000e+00
18.470000 1.82146e-02 2.57427e-02 0.00000e+00
18.480000 1.84183e-02 1.82118e-02 0.00000e+00
18.490000 1.85497e-02 1.07653e-02 0.00000e+00
18.500000 1.86163e-02 3.33815e-03 0.00000e+00
18.510000 1.86414e-02 -4.26003e-03 0.00000e+00
18.520000 1.85546e-02 -1.17473e-02 0.00000e+00
18.530000 1.84162e-02 -1.91946e-02 0.00000e+00
18.540000 1.81818e-02 -2.66929e-02 0.00000e+00
18.550000 1.78769e-02 -3.40675e-02 0.00000e+00
18.560000 1.74907e-02 -4.12745e-02 0.00000e+00
18.570000 1.70418e-02 -4.82625e-02 0.00000e+00
18.580000 1.64976e-02 -5.48939e-02 0.00000e+00
18.590000 1.59292e-02 -6.13046e-02 0.00000e+00
18.600000 1.52582e-02 -6.76110e-02 0.00000e+00
18.610000 1.45576e-02 -7.34189e-02 0.00000e+00
18.620000 1.37976e-02 -7.87864e-02 0.00000e+00
18.630000 1.29733e-02 -8.39959e-02 0.00000e+00
18.640000 1.21067e-02 -8.87035e-02 0.00000e+00
18.650000 1.11831e-02 -9.30057e-02 0.00000e+00
18.660000 1.02509e-02 -9.71344e-02 0.00000e+00
18.670000 9.21761e-03 -1.00828e-01 0.00000e+00
18.680000 8.17751e-03 -1.03912e-01 0.00000e+00
18.690000 7.11341e-03 -1.06598e-01 0.00000e+00
18.700000 5.99882e-03 -1.08915e-01 0.00000e+00
18.710000 4.89097e-03 -1.10783e-01 0.00000e+00
18.720000 3.77745e-03 -1.12266e-01 0.00000e+00
18.730000 2.64787e-03 -1.13344e-01 0.00000e+00
18.740000 1.52683e-03 -1.13989e-01 0.00000e+00
18.750000 3.94741e-04 -1.14238e-01 0.00000e+00
18.760000 -7.40667e-04 -1.14034e-01 0.00000e+00
18.770000 -1.86740e-03 -1.13435e-01 0.00000e+00
18.780000 -2.97143e-03 -1.12399e-01 0.00000e+00
18.790000 -4.12526e-03 -1.10820e-01 0.00000e+00
18.800000 -5.21898e-03 -1.08963e-01 0.00000e+00
18.810000 -6.29376e-03 -1.06752e-01 0.00000e+00
18.820000 -7.38493e-03 -1.04142e-01 0.00000e+00
18.830000 -8.42076e-03 -1.01051e-01 0.00000e+00
18.840000 -9.40140e-03 -9.76717e-02 0.00000e+00
18.850000 -1.03742e-02 -9.42093e-02 0.00000e+00
18.860000 -1.13283e-02 -9.03686e-02 0.00000e+00
18.870000 -1.22122e-02 -8.62325e-02 0.00000e+00
18.880000 -1.30622e-02 -8.18262e-02 0.00000e+00
18.890000 -1.38552e-02 -7.70252e-02 0.00000e+00
18.900000 -1.46001e-02 -7.19757e-02 0.00000e+00
18.910000 -1.52803e-02 -6.66451e-02 0.00000e+00
18.920000 -1.59160e-02 -6.10642e-02 0.00000e+00
18.930000 -1.64882e-02 -5.52569e-02 0.00000e+00
18.940000 -1.70081e-02 -4.91754e-02 0.00000e+00
18.950000 -1.74448e-02 -4.28368e-02 0.00000e+00
18.960000 -1.78608e-02 -3.63882e-02 0.00000e+00
18.970000 -1.82128e-02 -2.98559e-02 0.00000e+00
18.980000 -1.84624e-02 -2.31180e-02 0.00000e+00
18.990000 -1.86697e-02 -1.64184e-02 0.00000e+00
19.000000 -1.88008e-02 -9.72649e-03 0.00000e+00
19.010000 -1.89096e-02 -2.82309e-03 0.00000e+00
19.020000 -1.89165e-02 4.08821e-03 0.00000e+00
19.030000 -1.88186e-02 1.08040e-02 0.00000e+00
19.040000 -1.86837e-02 1.75418e-02 0.00000e+00
19.050000 -1.84647e-02 2.43655e-02 0.00000e+00
19.060000 -1.81867e-02 3.10804e-02 0.00000e+00
19.070000 -1.78507e-02 3.77225e-02 0.00000e+00
19.080000 -1.74217e-02 4.43271e-02 0.00000e+00
19.090000 -1.69476e-02 5.07988e-02 0.00000e+00
19.100000 -1.63736e-02 5.71105e-02 0.00000e+00
19.110000 -1.57727e-02 6.32091e-02 0.00000e+00
19.120000 -1.50995e-02 6.91594e-02 0.00000e+00
19.130000 -1.43877e-02 7.48907e-02 0.00000e+00
19.140000 -1.36234e-02 8.02313e-02 0.00000e+00
19.150000 -1.28060e-02 8.53746e-02 0.00000e+00
19.160000 -1.19446e-02 9.02507e-02 0.00000e+00
19.170000 -1.10146e-02 9.47237e-02 0.00000e+00
19.180000 -1.00456e-02 9.87173e-02 0.00000e+00
19.190000 -9.05862e-03 1.02216e-01 0.00000e+00
19.200000 -8.00566e-03 1.05526e-01 0.00000e+00
19.210000 -6.90066e-03 1.08438e-01 0.00000e+00
19.220000 -5.79325e-03 1.10839e-01 0.00000e+00
19.230000 -4.67733e-03 1.12805e-01 0.00000e+00
19.240000 -3.50838e-03 1.14215e-01 0.00000e+00
19.250000 -2.35522e-03 1.15230e-01 0.00000e+00
19.260000 -1.18379e-03 1.15808e-01 0.00000e+00
19.270000 -1.43083e-05 1.15958e-01 0.00000e+00
19.280000 1.15873e-03 1.15665e-01 0.00000e+00
19.290000 2.33806e-03 1.14921e-01 0.00000e+00
19.300000 3.48867e-03 1.13785e-01 0.00000e+00
19.310000 4.61675e-03 1.12060e-01 0.00000e+00
19.320000 5.74141e-03 1.09813e-01 0.00000e+00
19.330000 6.81025e-03 1.07118e-01 0.00000e+00
19.340000 7.86714e-03 1.03971e-01 0.00000e+00
19.350000 8.88301e-03 1.00448e-01 0.00000e+00
19.360000 9.87768e-03 9.65228e-02 0.00000e+00
19.370000 1.08433e-02 9.22599e-02 0.00000e+00
19.380000 1.17171e-02 8.78684e-02 0.00000e+00
19.390000 1.25847e-02 8.31811e-02 0.00000e+00
19.400000 1.33793e-02 7.80290e-02 0.00000e+00
19.410000 1.41451e-02 7.27257e-02 0.00000e+00
19.420000 1.48616e-02 6.72163e-02 0.00000e+00
19.430000 1.55048e-02 6.14069e-02 0.00000e+00
19.440000 1.61014e-02 5.54079e-02 0.00000e+00
19.450000 1.66299e-02 4.91928e-02 0.00000e+00
19.460000 1.71030e-02 4.28297e-02 0.00000e+00
19.470000 1.74812e-02 3.64261e-02 0.00000e+00
19.480000 1.77784e-02 2.99122e-02 0.00000e+00
19.490000 1.80518e-02 2.33088e-02 0.00000e+00
19.500000 1.82403e-02 1.66293e-02 0.00000e+00
19.510000 1.83746e-02 9.85851e-03 0.00000e+00
19.520000 1.84580e-02 3.05411e-03 0.00000e+00
19.530000 1.84721e-02 -3.74837e-03 0.00000e+00
19.540000 1.84119e-02 -1.04298e-02 0.00000e+00
19.550000 1.82923e-02 -1.71232e-02 0.00000e+00
19.560000 1.80569e-02 -2.37437e-02 0.00000e+00
19.570000 1.77962e-02 -3.02196e-02 0.00000e+00
19.580000 1.74756e-02 -3.65628e-02 0.00000e+00
19.590000 1.70562e-02 -4.26056e-02 0.00000e+00
19.600000 1.65995e-02 -4.84661e-02 0.00000e+00
19.610000 1.60761e-02 -5.40820e-02 0.00000e+00
19.620000 1.55031e-02 -5.93319e-02 0.00000e+00
19.630000 1.48902e-02 -6.42301e-02 0.00000e+00
19.640000 1.42395e-02 -6.89120e-02 0.00000e+00
19.650000 1.34940e-02 -7.34839e-02 0.00000e+00
19.660000 1.27291e-02 -7.76464e-02 0.00000e+00
19.670000 1.19089e-02 -8.13895e-02 0.00000e+00
19.680000 1.10570e-02 -8.48391e-02 0.00000e+00
19.690000 1.01715e-02 -8.78798e-02 0.00000e+00
19.700000 9.27181e-03 -9.04610e-02 0.00000e+00
19.710000 8.34666e-03 -9.26821e-02 0.00000e+00
19.720000 7.39790e-03 -9.45316e-02 0.00000e+00
19.730000 6.44127e-03 -9.60977e-02 0.00000e+00
19.740000 5.46594e-03 -9.73616e-02 0.00000e+00
19.750000 4.49746e-03 -9.81632e-02 0.00000e+00
19.760000 3.52463e-03 -9.87088e-02 0.00000e+00
19.770000 2.53314e-03 -9.89786e-02 0.00000e+00
19.780000 1.57359e-03 -9.88792e-02 0.00000e+00
19.790000 5.91832e-04 -9.84965e-02 0.00000e+00
19.800000 -3.92771e-04 -9.77603e-02 0.00000e+00
19.810000 -1.39141e-03 -9.65403e-02 0.00000e+00
19.820000 -2.34557e-03 -9.51498e-02 0.00000e+00
19.830000 -3.27707e-03 -9.35871e-02 0.00000e+00
19.840000 -4.21856e-03 -9.17007e-02 0.00000e+00
19.850000 -5.13206e-03 -8.96309e-02 0.00000e+00
19.860000 -6.01439e-03 -8.73338e-02 0.00000e+00
19.870000 -6.87214e-03 -8.47999e-02 0.00000e+00
19.880000 -7.72549e-03 -8.20494e-02 0.00000e+00
19.890000 -8.52764e-03 -7.91656e-02 0.00000e+00
19.900000 -9.31700e-03 -7.60414e-02 0.00000e+00
19.910000 -1.00594e-02 -7.26453e-02 0.00000e+00
19.920000 -1.07696e-02 -6.90477e-02 0.00000e+00
19.930000 -1.14471e-02 -6.52127e-02 0.00000e+00
19.940000 -1.20705e-02 -6.12405e-02 0.00000e+00
19.950000 -1.26552e-02 -5.70444e-02 0.00000e+00
19.960000 -1.32014e-02 -5.26821e-02 0.00000e+00
19.970000 -1.36849e-02 -4.83287e-02 0.00000e+00
19.980000 -1.41383e-02 -4.39200e-02 0.00000e+00
19.990000 -1.45873e-02 -3.92752e-02 0.00000e+00
20.000000 -1.49315e-02 -3.43989e-02 0.00000e+00
20.010000 -1.52667e-02 -2.95011e-02 0.00000e+00
20.020000 -1.55422e-02 -2.45291e-02 0.00000e+00
20.030000 -1.57699e-02 -1.94417e-02 0.00000e+00
20.040000 -1.59480e-02 -1.42594e-02 0.00000e+00
20.050000 -1.60746e-02 -9.09548e-03 0.00000e+00
20.060000 -1.61403e-02 -3.92322e-03 0.00000e+00
20.070000 -1.61289e-02 1.30045e-03 0.00000e+00
20.080000 -1.60960e-02 6.50960e-03 0.00000e+00
20.090000 -1.60111e-02 1.16762e-02 0.00000e+00
20.100000 -1.58703e-02 1.68502e-02 0.00000e+00
20.110000 -1.56873e-02 2.20640e-02 0.00000e+00
20.120000 -1.54376e-02 2.72839e-02 0.00000e+00
20.130000 -1.51611e-02 3.24875e-02 0.00000e+00
20.140000 -1.48031e-02 3.76621e-02 0.00000e+00
20.150000 -1.43797e-02 4.27224e-02 0.00000e+00
20.160000 -1.39103e-02 4.75364e-02 0.00000e+00
20.170000 -1.34333e-02 5.23086e-02 0.00000e+00
20.180000 -1.28858e-02 5.69444e-02 0.00000e+00
20.190000 -1.22969e-02 6.12749e-02 0.00000e+00
20.200000 -1.16747e-02 6.53745e-02 0.00000e+00
20.210000 -1.10058e-02 6.91917e-02 0.00000e+00
20.220000 -1.03094e-02 7.27017e-02 0.00000e+00
20.230000 -9.55654e-03 7.59493e-02 0.00000e+00
20.240000 -8.77771e-03 7.90696e-02 0.00000e+00
20.250000 -7.96897e-03 8.18855e-02 0.00000e+00
20.260000 -7.12481e-03 8.42480e-02 0.00000e+00
20.270000 -6.22867e-03 8.62588e-02 0.00000e+00
20.280000 -5.34842e-03 8.78714e-02 0.00000e+00
20.290000 -4.43091e-03 8.91663e-02 0.00000e+00
20.300000 -3.52578e-03 9.01337e-02 0.00000e+00
20.310000 -2.61064e-03 9.07642e-02 0.00000e+00
20.320000 -1.70005e-03 9.11454e-02 0.00000e+00
20.330000 -7.63480e-04 9.12785e-02 0.00000e+00
20.340000 1.47299e-04 9.09456e-02 0.00000e+00
20.350000 1.03272e-03 9.02297e-02 0.00000e+00
20.360000 1.91965e-03 8.92622e-02 0.00000e+00
20.370000 2.79563e-03 8.78403e-02 0.00000e+00
20.380000 3.65937e-03 8.60353e-02 0.00000e+00
20.390000 4.51201e-03 8.38614e-02 0.00000e+00
20.400000 5.35493e-03 8.14476e-02 0.00000e+00
20.410000 6.16649e-03 7.88537e-02 0.00000e+00
20.420000 6.91805e-03 7.59227e-02 0.00000e+00
20.430000 7.66632e-03 7.27704e-02 0.00000e+00
20.440000 8.38557e-03 6.96362e-02 0.00000e+00
20.450000 9.08055e-03 6.63044e-02 0.00000e+00
20.460000 9.75432e-03 6.27365e-02 0.00000e+00
20.470000 1.03723e-02 5.90179e-02 0.00000e+00
20.480000 1.09481e-02 5.50539e-02 0.00000e+00
20.490000 1.14788e-02 5.09117e-02 0.00000e+00
20.500000 1.19695e-02 4.67304e-02 0.00000e+00
20.510000 1.23831e-02 4.24290e-02 0.00000e+00
20.520000 1.27954e-02 3.78219e-02 0.00000e+00
20.530000 1.31122e-02 3.30727e-02 0.00000e+00
20.540000 1.34012e-02 2.82975e-02 0.00000e+00
20.550000 1.36610e-02 2.35449e-02 0.00000e+00
20.560000 1.38801e-02 1.88165e-02 0.00000e+00
20.570000 1.40732e-02 1.41107e-02 0.00000e+00
20.580000 1.41895e-02 9.34642e-03 0.00000e+00
20.590000 1.42610e-02 4.49504e-03 0.00000e+00
20.600000 1.43173e-02 -3.60219e-04 0.00000e+00
20.610000 1.43054e-02 -5.12587e-03 0.00000e+00
20.620000 1.42029e-02 -9.72167e-03 0.00000e+00
20.630000 1.40916e-02 -1.41589e-02 0.00000e+00
20.640000 1.39078e-02 -1.85151e-02 0.00000e+00
20.650000 1.36934e-02 -2.28257e-02 0.00000e+00
20.660000 1.34375e-02 -2.70523e-02 0.00000e+00
20.670000 1.31441e-02 -3.11132e-02 0.00000e+00
20.680000 1.27757e-02 -3.51274e-02 0.00000e+00
20.690000 1.24026e-02 -3.89414e-02 0.00000e+00
20.700000 1.20091e-02 -4.25569e-02 0.00000e+00
20.710000 1.15821e-02 -4.61462e-02 0.00000e+00
20.720000 1.11147e-02 -4.95229e-02 0.00000e+00
20.730000 1.05920e-02 -5.25972e-02 0.00000e+00
20.740000 1.00400e-02 -5.52606e-02 0.00000e+00
20.750000 9.45402e-03 -5.77350e-02 0.00000e+00
20.760000 8.88142e-03 -6.01090e-02 0.00000e+00
20.770000 8.25610e-03 -6.21025e-02 0.00000e+00
20.780000 7.64558e-03 -6.38053e-02 0.00000e+00
20.790000 6.99145e-03 -6.55085e-02 0.00000e+00
20.800000 6.31238e-03 -6.69661e-02 0.00000e+00
20.810000 5.61782e-03 -6.81013e-02 0.00000e+00
20.820000 4.92158e-03 -6.90961e-02 0.00000e+00
20.830000 4.22078e-03 -6.98990e-02 0.00000e+00
20.840000 3.52636e-03 -7.04692e-02 0.00000e+00
20.850000 2.80516e-03 -7.08871e-02 0.00000e+00
20.860000 2.12307e-03 -7.11001e-02 0.00000e+00
20.870000 1.39195e-03 -7.09363e-02 0.00000e+00
20.880000 6.89550e-04 -7.04507e-02 0.00000e+00
20.890000 -2.04834e-06 -6.97445e-02 0.00000e+00
20.900000 -6.67131e-04 -6.89716e-02 0.00000e+00
20.910000 -1.35762e-03 -6.81464e-02 0.00000e+00
20.920000 -2.06376e-03 -6.72388e-02 0.00000e+00
20.930000 -2.72517e-03 -6.60202e-02 0.00000e+00
20.940000 -3.37220e-03 -6.45407e-02 0.00000e+00
20.950000 -4.03582e-03 -6.28991e-02 0.00000e+00
20.960000 -4.66136e-03 -6.11386e-02 0.00000e+00
20.970000 -5.24191e-03 -5.93535e-02 0.00000e+00
20.980000 -5.84243e-03 -5.73938e-02 0.00000e+00
20.990000 -6.42176e-03 -5.53265e-02 0.00000e+00
21.000000 -6.96149e-03 -5.31832e-02 0.00000e+00
21.010000 -7.46698e-03 -5.09336e-02 0.00000e+00
21.020000 -7.95284e-03 -4.85624e-02 0.00000e+00
21.030000 -8.40540e-03 -4.60078e-02 0.00000e+00
21.040000 -8.83751e-03 -4.33951e-02 0.00000e+00
21.050000 -9.26238e-03 -4.07388e-02 0.00000e+00
21.060000 -9.67287e-03 -3.78721e-02 0.00000e+00
21.070000 -1.00585e-02 -3.47655e-02 0.00000e+00
21.080000 -1.03893e-02 -3.15995e-02 0.00000e+00
21.090000 -1.06830e-02 -2.85717e-02 0.00000e+00
21.100000 -1.09157e-02 -2.54693e-02 0.00000e+00
21.110000 -1.11780e-02 -2.21850e-02 0.00000e+00
21.120000 -1.13863e-02 -1.88927e-02 0.00000e+00
21.130000 -1.15876e-02 -1.56165e-02 0.00000e+00
21.140000 -1.17075e-02 -1.21137e-02 0.00000e+00
21.150000 -1.18206e-02 -8.52719e-03 0.00000e+00
21.160000 -1.19100e-02 -5.03971e-03 0.00000e+00
21.170000 -1.19511e-02 -1.50071e-03 0.00000e+00
21.180000 -1.19425e-02 2.11493e-03 0.00000e+00
21.190000 -1.18866e-02 5.84403e-03 0.00000e+00
21.200000 -1.18139e-02 9.65606e-03 0.00000e+00
21.210000 -1.16983e-02 1.34605e-02 0.00000e+00
21.220000 -1.15341e-02 1.72270e-02 0.00000e+00
21.230000 -1.13381e-02 2.09265e-02 0.00000e+00
21.240000 -1.11180e-02 2.45436e-02 0.00000e+00
21.250000 -1.08877e-02 2.81454e-02 0.00000e+00
21.260000 -1.05944e-02 3.17406e-02 0.00000e+00
21.270000 -1.02513e-02 3.53486e-02 0.00000e+00
21.280000 -9.88151e-03 3.87783e-02 0.00000e+00
21.290000 -9.48426e-03 4.19799e-02 0.00000e+00
21.300000 -9.04990e-03 4.50175e-02 0.00000e+00
21.310000 -8.56341e-03 4.79078e-02 0.00000e+00
21.320000 -8.09392e-03 5.06431e-02 0.00000e+00
21.330000 -7.57427e-03 5.30100e-02 0.00000e+00
21.340000 -7.02652e-03 5.51408e-02 0.00000e+00
21.350000 -6.44674e-03 5.71322e-02 0.00000e+00
21.360000 -5.83751e-03 5.89342e-02 0.00000e+00
21.370000 -5.24018e-03 6.04222e-02 0.00000e+00
21.380000 -4.61614e-03 6.16586e-02 0.00000e+00
21.390000 -3.97254e-03 6.27344e-02 0.00000e+00
21.400000 -3.32808e-03 6.35236e-02 0.00000e+00
21.410000 -2.68119e-03 6.39565e-02 0.00000e+00
21.420000 -2.03373e-03 6.39865e-02 0.00000e+00
21.430000 -1.39179e-03 6.37575e-02 0.00000e+00
21.440000 -7.50732e-04 6.33792e-02 0.00000e+00
21.450000 -1.25425e-04 6.27632e-02 0.00000e+00
21.460000 5.06335e-04 6.18792e-02 0.00000e+00
21.470000 1.11424e-03 6.07562e-02 0.00000e+00
21.480000 1.71253e-03 5.95441e-02 0.00000e+00
21.490000 2.29293e-03 5.81403e-02 0.00000e+00
21.500000 2.85949e-03 5.64466e-02 0.00000e+00
21.510000 3.43901e-03 5.46208e-02 0.00000e+00
21.520000 3.97282e-03 5.27245e-02 0.00000e+00
21.530000 4.49150e-03 5.08263e-02 0.00000e+00
21.540000 4.98189e-03 4.87491e-02 0.00000e+00
21.550000 5.48051e-03 4.65352e-02 0.00000e+00
21.560000 5.90957e-03 4.43503e-02 0.00000e+00
21.570000 6.32544e-03 4.21156e-02 0.00000e+00
21.580000 6.71713e-03 3.97999e-02 0.00000e+00
21.590000 7.10658e-03 3.74100e-02 0.00000e+00
21.600000 7.47114e-03 3.49345e-02 0.00000e+00
21.610000 7.80418e-03 3.23294e-02 0.00000e+00
21.620000 8.10794e-03 2.97274e-02 0.00000e+00
21.630000 8.39691e-03 2.72088e-02 0.00000e+00
21.640000 8.65618e-03 2.45970e-02 0.00000e+00
21.650000 8.90633e-03 2.18732e-02 0.00000e+00
21.660000 9.09329e-03 1.91487e-02 0.00000e+00
21.670000 9.26925e-03 1.63703e-02 0.00000e+00
21.680000 9.43067e-03 1.35920e-02 0.00000e+00
21.690000 9.57087e-03 1.08221e-02 0.00000e+00
21.700000 9.66775e-03 7.99271e-03 0.00000e+00
21.710000 9.72350e-03 5.18308e-03 0.00000e+00
21.720000 9.78516e-03 2.48999e-03 0.00000e+00
21.730000 9.79386e-03 -2.54017e-04 0.00000e+00
21.740000 9.77217e-03 -3.13325e-03 0.00000e+00
21.750000 9.71754e-03 -6.04666e-03 0.00000e+00
21.760000 9.63811e-03 -8.84925e-03 0.00000e+00
21.770000 9.53072e-03 -1.14721e-02 0.00000e+00
21.780000 9.40562e-03 -1.40867e-02 0.00000e+00
21.790000 9.28643e-03 -1.67160e-02 0.00000e+00
21.800000 9.08715e-03 -1.92634e-02 0.00000e+00
21.810000 8.86020e-03 -2.16998e-02 0.00000e+00
21.820000 8.63070e-03 -2.40400e-02 0.00000e+00
21.830000 8.37867e-03 -2.63042e-02 0.00000e+00
21.840000 8.08445e-03 -2.85477e-02 0.00000e+00
21.850000 7.79296e-03 -3.06289e-02 0.00000e+00
21.860000 7.48038e-03 -3.25189e-02 0.00000e+00
21.870000 7.15048e-03 -3.43232e-02 0.00000e+00
21.880000 6.80827e-03 -3.60591e-02 0.00000e+00
21.890000 6.43193e-03 -3.76069e-02 0.00000e+00
21.900000 6.02507e-03 -3.90363e-02 0.00000e+00
21.910000 5.62499e-03 -4.04507e-02 0.00000e+00
21.920000 5.21602e-03 -4.17716e-02 0.00000e+00
21.930000 4.82290e-03 -4.30012e-02 0.00000e+00
21.940000 4.37768e-03 -4.40973e-02 0.00000e+00
21.950000 3.92004e-03 -4.50577e-02 0.00000e+00
21.960000 3.46489e-03 -4.57599e-02 0.00000e+00
21.970000 3.01230e-03 -4.63954e-02 0.00000e+00
21.980000 2.54321e-03 -4.70682e-02 0.00000e+00
21.990000 2.06981e-03 -4.75702e-02 0.00000e+00
22.000000 1.60210e-03 -4.79511e-02 0.00000e+00
22.010000 1.11142e-03 -4.82171e-02 0.00000e+00
22.020000 6.50461e-04 -4.83646e-02 0.00000e+00
22.030000 1.57492e-04 -4.82747e-02 0.00000e+00
22.040000 -3.19746e-04 -4.79802e-02 0.00000e+00
22.050000 -8.03488e-04 -4.75793e-02 0.00000e+00
22.060000 -1.28441e-03 -4.71097e-02 0.00000e+00
22.070000 -1.77885e-03 -4.66444e-02 0.00000e+00
22.080000 -2.24320e-03 -4.60582e-02 0.00000e+00
22.090000 -2.70416e-03 -4.52930e-02 0.00000e+00
22.100000 -3.14995e-03 -4.42680e-02 0.00000e+00
22.110000 -3.58296e-03 -4.31325e-02 0.00000e+00
22.120000 -4.01259e-03 -4.19953e-02 0.00000e+00
22.130000 -4.42058e-03 -4.07232e-02 0.00000e+00
22.140000 -4.84153e-03 -3.93161e-02 0.00000e+00
22.150000 -5.21056e-03 -3.77341e-02 0.00000e+00
22.160000 -5.58391e-03 -3.60167e-02 0.00000e+00
22.170000 -5.92828e-03 -3.41272e-02 0.00000e+00
22.180000 -6.24024e-03 -3.21654e-02 0.00000e+00
22.190000 -6.55726e-03 -3.01383e-02 0.00000e+00
22.200000 -6.82105e-03 -2.80302e-02 0.00000e+00
22.210000 -7.12320e-03 -2.58163e-02 0.00000e+00
22.220000 -7.38294e-03 -2.34393e-02 0.00000e+00
22.230000 -7.62927e-03 -2.10772e-02 0.00000e+00
22.240000 -7.82973e-03 -1.87089e-02 0.00000e+00
22.250000 -8.00253e-03 -1.62195e-02 0.00000e+00
22.260000 -8.14732e-03 -1.36913e-02 0.00000e+00
22.270000 -8.26572e-03 -1.11358e-02 0.00000e+00
22.280000 -8.38060e-03 -8.45338e-03 0.00000e+00
22.290000 -8.44470e-03 -5.74724e-03 0.00000e+00
22.300000 -8.49069e-03 -3.02660e-03 0.00000e+00
22.310000 -8.49857e-03 -3.45621e-04 0.00000e+00
22.320000 -8.46948e-03 2.36058e-03 0.00000e+00
22.330000 -8.44009e-03 5.09374e-03 0.00000e+00
22.340000 -8.37234e-03 7.75060e-03 0.00000e+00
22.350000 -8.30838e-03 1.04841e-02 0.00000e+00
22.360000 -8.18549e-03 1.31705e-02 0.00000e+00
22.370000 -8.03972e-03 1.57916e-02 0.00000e+00
22.380000 -7.84925e-03 1.83136e-02 0.00000e+00
22.390000 -7.67074e-03 2.06530e-02 0.00000e+00
22.400000 -7.46440e-03 2.28734e-02 0.00000e+00
22.410000 -7.20834e-03 2.49501e-02 0.00000e+00
22.420000 -6.94768e-03 2.69521e-02 0.00000e+00
22.430000 -6.67686e-03 2.88824e-02 0.00000e+00
22.440000 -6.35234e-03 3.07721e-02 0.00000e+00
22.450000 -6.02778e-03 3.25233e-02 0.00000e+00
22.460000 -5.69639e-03 3.40914e-02 0.00000e+00
22.470000 -5.34241e-03 3.55091e-02 0.00000e+00
22.480000 -4.97907e-03 3.68391e-02 0.00000e+00
22.490000 -4.59626e-03 3.81604e-02 0.00000e+00
22.500000 -4.21616e-03 3.92477e-02 0.00000e+00
22.510000 -3.81696e-03 4.00359e-02 0.00000e+00
22.520000 -3.40292e-03 4.05431e-02 0.00000e+00
22.530000 -3.01299e-03 4.09011e-02 0.00000e+00
22.540000 -2.59712e-03 4.12449e-02 0.00000e+00
22.550000 -2.18535e-03 4.15175e-02 0.00000e+00
22.560000 -1.77718e-03 4.15662e-02 0.00000e+00
22.570000 -1.36631e-03 4.12931e-02 0.00000e+00
22.580000 -9.49665e-04 4.09891e-02 0.00000e+00
22.590000 -5.16196e-04 4.05985e-02 0.00000e+00
22.600000 -9.27240e-05 3.99477e-02 0.00000e+00
22.610000 3.25556e-04 3.92747e-02 0.00000e+00
22.620000 7.06805e-04 3.85495e-02 0.00000e+00
22.630000 1.08703e-03 3.76502e-02 0.00000e+00
22.640000 1.46517e-03 3.66486e-02 0.00000e+00
22.650000 1.84330e-03 3.55458e-02 0.00000e+00
22.660000 2.17440e-03 3.43933e-02 0.00000e+00
22.670000 2.47655e-03 3.31958e-02 0.00000e+00
22.680000 2.79095e-03 3.18990e-02 0.00000e+00
22.690000 3.10971e-03 3.06258e-02 0.00000e+00
22.700000 3.43363e-03 2.93094e-02 0.00000e+00
22.710000 3.72312e-03 2.78695e-02 0.00000e+00
22.720000 3.98093e-03 2.65126e-02 0.00000e+00
22.730000 4.21607e-03 2.51875e-02 0.00000e+00
22.740000 4.45695e-03 2.37494e-02 0.00000e+00
22.750000 4.70873e-03 2.23340e-02 0.00000e+00
22.760000 4.90007e-03 2.11136e-02 0.00000e+00
22.770000 5.11119e-03 2.00092e-02 0.00000e+00
22.780000 5.30953e-03 1.88708e-02 0.00000e+00
22.790000 5.47411e-03 1.76398e-02 0.00000e+00
22.800000 5.63876e-03 1.63234e-02 0.00000e+00
22.810000 5.78573e-03 1.50945e-02 0.00000e+00
22.820000 5.92707e-03 1.39818e-02 0.00000e+00
22.830000 6.06293e-03 1.26990e-02 0.00000e+00
22.840000 6.17661e-03 1.11912e-02 0.00000e+00
22.850000 6.27583e-03 9.63626e-03 0.00000e+00
22.860000 6.38565e-03 8.11933e-03 0.00000e+00
22.870000 6.45296e-03 6.69114e-03 0.00000e+00
22.880000 6.52206e-03 5.21849e-03 0.00000e+00
22.890000 6.60290e-03 3.61707e-03 0.00000e+00
22.900000 6.61819e-03 1.90621e-03 0.00000e+00
22.910000 6.63686e-03 1.22812e-04 0.00000e+00
22.920000 6.66887e-03 -1.60563e-03 0.00000e+00
22.930000 6.66326e-03 -3.41289e-03 0.00000e+00
22.940000 6.60679e-03 -5.27995e-03 0.00000e+00
22.950000 6.52979e-03 -7.10989e-03 0.00000e+00
22.960000 6.45086e-03 -8.98904e-03 0.00000e+00
22.970000 6.35354e-03 -1.08947e-02 0.00000e+00
22.980000 6.25361e-03 -1.27932e-02 0.00000e+00
22.990000 6.08716e-03 -1.46539e-02 0.00000e+00
23.000000 5.89939e-03 -1.65163e-02 0.00000e+00
23.010000 5.73099e-03 -1.83927e-02 0.00000e+00
23.020000 5.53632e-03 -2.01669e-02 0.00000e+00
23.030000 5.33538e-03 -2.17646e-02 0.00000e+00
23.040000 5.10938e-03 -2.33875e-02 0.00000e+00
23.050000 4.85554e-03 -2.49821e-02 0.00000e+00
23.060000 4.60371e-03 -2.63156e-02 0.00000e+00
23.070000 4.32343e-03 -2.75984e-02 0.00000e+00
23.080000 4.04016e-03 -2.89137e-02 0.00000e+00
23.090000 3.74993e-03 -2.99796e-02 0.00000e+00
23.100000 3.44357e-03 -3.08604e-02 0.00000e+00
23.110000 3.13282e-03 -3.18233e-02 0.00000e+00
23.120000 2.80436e-03 -3.27909e-02 0.00000e+00
23.130000 2.48158e-03 -3.35707e-02 0.00000e+00
23.140000 2.13483e-03 -3.42392e-02 0.00000e+00
23.150000 1.79667e-03 -3.46892e-02 0.00000e+00
23.160000 1.44076e-03 -3.50277e-02 0.00000e+00
23.170000 1.07941e-03 -3.54815e-02 0.00000e+00
23.180000 7.41596e-04 -3.57622e-02 0.00000e+00
23.190000 4.03719e-04 -3.58523e-02 0.00000e+00
23.200000 3.08192e-05 -3.58155e-02 0.00000e+00
23.210000 -3.44788e-04 -3.56494e-02 0.00000e+00
23.220000 -6.79635e-04 -3.54158e-02 0.00000e+00
23.230000 -1.03898e-03 -3.51085e-02 0.00000e+00
23.240000 -1.40326e-03 -3.46790e-02 0.00000e+00
23.250000 -1.75690e-03 -3.40781e-02 0.00000e+00
23.260000 -2.08226e-03 -3.33130e-02 0.00000e+00
23.270000 -2.43829e-03 -3.24104e-02 0.00000e+00
23.280000 -2.76723e-03 -3.13943e-02 0.00000e+00
23.290000 -3.06396e-03 -3.02922e-02 0.00000e+00
23.300000 -3.35161e-03 -2.90568e-02 0.00000e+00
23.310000 -3.64716e-03 -2.77448e-02 0.00000e+00
23.320000 -3.88855e-03 -2.63038e-02 0.00000e+00
23.330000 -4.18111e-03 -2.47459e-02 0.00000e+00
23.340000 -4.42538e-03 -2.32160e-02 0.00000e+00
23.350000 -4.64221e-03 -2.15086e-02 0.00000e+00
23.360000 -4.85399e-03 -1.95762e-02 0.00000e+00
23.370000 -5.04279e-03 -1.77013e-02 0.00000e+00
23.380000 -5.21860e-03 -1.59377e-02 0.00000e+00
23.390000 -5.37066e-03 -1.40468e-02 0.00000e+00
23.400000 -5.50511e-03 -1.21031e-02 0.00000e+00
23.410000 -5.59065e-03 -1.01763e-02 0.00000e+00
23.420000 -5.67742e-03 -8.21396e-03 0.00000e+00
23.430000 -5.74827e-03 -6.21518e-03 0.00000e+00
23.440000 -5.80114e-03 -4.29486e-03 0.00000e+00
23.450000 -5.84173e-03 -2.51207e-03 0.00000e+00
23.460000 -5.85517e-03 -6.74448e-04 0.00000e+00
23.470000 -5.84792e-03 1.18885e-03 0.00000e+00
23.480000 -5.82908e-03 2.92174e-03 0.00000e+00
23.490000 -5.77344e-03 4.72654e-03 0.00000e+00
23.500000 -5.73476e-03 6.45952e-03 0.00000e+00
23.510000 -5.65771e-03 7.96865e-03 0.00000e+00
23.520000 -5.54944e-03 9.48818e-03 0.00000e+00
23.530000 -5.46037e-03 1.09287e-02 0.00000e+00
23.540000 -5.36554e-03 1.22285e-02 0.00000e+00
23.550000 -5.22844e-03 1.34236e-02 0.00000e+00
23.560000 -5.07362e-03 1.45500e-02 0.00000e+00
23.570000 -4.91672e-03 1.56032e-02 0.00000e+00
23.580000 -4.73109e-03 1.66912e-02 0.00000e+00
23.590000 -4.57068e-03 1.77237e-02 0.00000e+00
23.600000 -4.39181e-03 1.85790e-02 0.00000e+00
23.610000 -4.21485e-03 1.93482e-02 0.00000e+00
23.620000 -4.01363e-03 2.00255e-02 0.00000e+00
23.630000 -3.79751e-03 2.06285e-02 0.00000e+00
23.640000 -3.58630e-03 2.11565e-02 0.00000e+00
23.650000 -3.36537e-03 2.15908e-02 0.00000e+00
23.660000 -3.12252e-03 2.20553e-02 0.00000e+00
23.670000 -2.92808e-03 2.24898e-02 0.00000e+00
23.680000 -2.70363e-03 2.28463e-02 0.00000e+00
23.690000 -2.47655e-03 2.32481e-02 0.00000e+00
23.700000 -2.25006e-03 2.35704e-02 0.00000e+00
23.710000 -2.02182e-03 2.37208e-02 0.00000e+00
23.720000 -1.77230e-03 2.38363e-02 0.00000e+00
23.730000 -1.52975e-03 2.40524e-02 0.00000e+00
23.740000 -1.28374e-03 2.43355e-02 0.00000e+00
23.750000 -1.04065e-03 2.46060e-02 0.00000e+00
23.760000 -8.19672e-04 2.47925e-02 0.00000e+00
23.770000 -5.77170e-04 2.48837e-02 0.00000e+00
23.780000 -3.31485e-04 2.49136e-02 0.00000e+00
23.790000 -8.69893e-05 2.49027e-02 0.00000e+00
23.800000 1.59207e-04 2.49310e-02 0.00000e+00
23.810000 4.06072e-04 2.49416e-02 0.00000e+00
23.820000 6.69736e-04 2.48564e-02 0.00000e+00
23.830000 9.35239e-04 2.48312e-02 0.00000e+00
23.840000 1.17953e-03 2.47103e-02 0.00000e+00
23.850000 1.42148e-03 2.44001e-02 0.00000e+00
23.860000 1.66157e-03 2.40652e-02 0.00000e+00
23.870000 1.89575e-03 2.36662e-02 0.00000e+00
23.880000 2.13368e-03 2.31848e-02 0.00000e+00
23.890000 2.37975e-03 2.26766e-02 0.00000e+00
23.900000 2.63132e-03 2.21384e-02 0.00000e+00
23.910000 2.84926e-03 2.15544e-02 0.00000e+00
23.920000 3.04449e-03 2.09263e-02 0.00000e+00
23.930000 3.24967e-03 2.01666e-02 0.00000e+00
23.940000 3.43921e-03 1.93317e-02 0.00000e+00
23.950000 3.62944e-03 1.84135e-02 0.00000e+00
23.960000 3.80882e-03 1.74396e-02 0.00000e+00
23.970000 3.98736e-03 1.64705e-02 0.00000e+00
23.980000 4.13824e-03 1.54341e-02 0.00000e+00
23.990000 4.28528e-03 1.44029e-02 0.00000e+00
24.000000 4.43527e-03 1.34052e-02 0.00000e+00
24.010000 4.53688e-03 1.22973e-02 0.00000e+00
24.020000 4.64760e-03 1.10030e-02 0.00000e+00
24.030000 4.75356e-03 9.65037e-03 0.00000e+00
24.040000 4.84700e-03 8.30074e-03 0.00000e+00
24.050000 4.92612e-03 6.90254e-03 0.00000e+00
24.060000 4.99849e-03 5.52345e-03 0.00000e+00
24.070000 5.05476e-03 4.20903e-03 0.00000e+00
24.080000 5.10109e-03 2.77399e-03 0.00000e+00
24.090000 5.11959e-03 1.22326e-03 0.00000e+00
24.100000 5.12700e-03 -2.38124e-04 0.00000e+00
24.110000 5.11578e-03 -1.72509e-03 0.00000e+00
24.120000 5.08632e-03 -3.29877e-03 0.00000e+00
24.130000 5.07343e-03 -4.93858e-03 0.00000e+00
24.140000 5.01476e-03 -6.57016e-03 0.00000e+00
24.150000 4.93975e-03 -8.20270e-03 0.00000e+00
24.160000 4.85173e-03 -9.81475e-03 0.00000e+00
24.170000 4.73179e-03 -1.13006e-02 0.00000e+00
24.180000 4.58967e-03 -1.28844e-02 0.00000e+00
24.190000 4.44580e-03 -1.45181e-02 0.00000e+00
24.200000 4.31598e-03 -1.59797e-02 0.00000e+00
24.210000 4.15175e-03 -1.73237e-02 0.00000e+00
24.220000 3.97030e-03 -1.86232e-02 0.00000e+00
24.230000 3.78557e-03 -1.99034e-02 0.00000e+00
24.240000 3.57418e-03 -2.10539e-02 0.00000e+00
24.250000 3.34792e-03 -2.20695e-02 0.00000e+00
24.260000 3.14785e-03 -2.30134e-02 0.00000e+00
24.270000 2.90409e-03 -2.38444e-02 0.00000e+00
24.280000 2.62566e-03 -2.45981e-02 0.00000e+00
24.290000 2.36224e-03 -2.52834e-02 0.00000e+00
24.300000 2.09416e-03 -2.57494e-02 0.00000e+00
24.310000 1.85208e-03 -2.61371e-02 0.00000e+00
24.320000 1.58355e-03 -2.65617e-02 0.00000e+00
24.330000 1.33602e-03 -2.67746e-02 0.00000e+00
24.340000 1.05122e-03 -2.68518e-02 0.00000e+00
24.350000 7.71035e-04 -2.68923e-02 0.00000e+00
24.360000 5.20465e-04 -2.68533e-02 0.00000e+00
24.370000 2.67865e-04 -2.66002e-02 0.00000e+00
24.380000 -7.20394e-06 -2.61779e-02 0.00000e+00
24.390000 -2.76170e-04 -2.57429e-02 0.00000e+00
24.400000 -5.38044e-04 -2.52094e-02 0.00000e+00
24.410000 -7.63714e-04 -2.45975e-02 0.00000e+00
24.420000 -1.02476e-03 -2.39608e-02 0.00000e+00
24.430000 -1.25224e-03 -2.31706e-02 0.00000e+00
24.440000 -1.49474e-03 -2.22944e-02 0.00000e+00
24.450000 -1.72364e-03 -2.15334e-02 0.00000e+00
24.460000 -1.94006e-03 -2.07153e-02 0.00000e+00
24.470000 -2.14045e-03 -1.98124e-02 0.00000e+00
24.480000 -2.35852e-03 -1.87515e-02 0.00000e+00
24.490000 -2.51517e-03 -1.75566e-02 0.00000e+00
24.500000 -2.66057e-03 -1.63923e-02 0.00000e+00
24.510000 -2.82838e-03 -1.52718e-02 0.00000e+00
24.520000 -2.97532e-03 -1.42299e-02 0.00000e+00
24.530000 -3.11672e-03 -1.30776e-02 0.00000e+00
24.540000 -3.22896e-03 -1.18441e-02 0.00000e+00
24.550000 -3.35710e-03 -1.07712e-02 0.00000e+00
24.560000 -3.46736e-03 -9.83865e-03 0.00000e+00
24.570000 -3.55801e-03 -8.93060e-03 0.00000e+00
24.580000 -3.64294e-03 -7.92699e-03 0.00000e+00
24.590000 -3.71210e-03 -6.98345e-03 0.00000e+00
24.600000 -3.76932e-03 -6.10676e-03 0.00000e+00
24.610000 -3.82041e-03 -5.24888e-03 0.00000e+00
24.620000 -3.85780e-03 -4.57004e-03 0.00000e+00
24.630000 -3.86738e-03 -3.93158e-03 0.00000e+00
24.640000 -3.89938e-03 -3.22162e-03 0.00000e+00
24.650000 -3.89277e-03 -2.51951e-03 0.00000e+00
24.660000 -3.93415e-03 -1.77928e-03 0.00000e+00
24.670000 -3.95815e-03 -8.37551e-04 0.00000e+00
24.680000 -3.96659e-03 1.84303e-06 0.00000e+00
24.690000 -3.96505e-03 7.40809e-04 0.00000e+00
24.700000 -3.95784e-03 1.53721e-03 0.00000e+00
24.710000 -3.97008e-03 2.29725e-03 0.00000e+00
24.720000 -3.97290e-03 3.07562e-03 0.00000e+00
24.730000 -3.93756e-03 3.84705e-03 0.00000e+00
24.740000 -3.89575e-03 4.61336e-03 0.00000e+00
24.750000 -3.84139e-03 5.38727e-03 0.00000e+00
24.760000 -3.80644e-03 6.15889e-03 0.00000e+00
24.770000 -3.73036e-03 6.95989e-03 0.00000e+00
24.780000 -3.67741e-03 7.79335e-03 0.00000e+00
24.790000 -3.58846e-03 8.68190e-03 0.00000e+00
24.800000 -3.46394e-03 9.71187e-03 0.00000e+00
24.810000 -3.33136e-03 1.06900e-02 0.00000e+00
24.820000 -3.21054e-03 1.16978e-02 0.00000e+00
24.830000 -3.08345e-03 1.26899e-02 0.00000e+00
24.840000 -2.94749e-03 1.34973e-02 0.00000e+00
24.850000 -2.84748e-03 1.43464e-02 0.00000e+00
24.860000 -2.68134e-03 1.52102e-02 0.00000e+00
24.870000 -2.54403e-03 1.60404e-02 0.00000e+00
24.880000 -2.38840e-03 1.67487e-02 0.00000e+00
24.890000 -2.20572e-03 1.73568e-02 0.00000e+00
24.900000 -2.04744e-03 1.80090e-02 0.00000e+00
24.910000 -1.86922e-03 1.86578e-02 0.00000e+00
24.920000 -1.68081e-03 1.92485e-02 0.00000e+00
24.930000 -1.48387e-03 1.97357e-02 0.00000e+00
24.940000 -1.27252e-03 2.01838e-02 0.00000e+00
24.950000 -1.05738e-03 2.05709e-02 0.00000e+00
24.960000 -8.37595e-04 2.08218e-02 0.00000e+00
24.970000 -6.25388e-04 2.12044e-02 0.00000e+00
24.980000 -4.30492e-04 2.17183e-02 0.00000e+00
24.990000 -1.90108e-04 2.21066e-02 0.00000e+00
25.000000 5.49857e-06 2.23020e-02 0.00000e+00
25.010000 2.33899e-04 2.25019e-02 0.00000e+00
25.020000 4.64597e-04 2.25313e-02 0.00000e+00
25.030000 6.82160e-04 2.24930e-02 0.00000e+00
25.040000 9.04949e-04 2.24673e-02 0.00000e+00
25.050000 1.12491e-03 2.21836e-02 0.00000e+00
25.060000 1.35618e-03 2.19316e-02 0.00000e+00
25.070000 1.56764e-03 2.15689e-02 0.00000e+00
25.080000 1.77445e-03 2.09708e-02 0.00000e+00
25.090000 1.98342e-03 2.02884e-02 0.00000e+00
25.100000 2.19072e-03 1.94860e-02 0.00000e+00
25.110000 2.39069e-03 1.86508e-02 0.00000e+00
25.120000 2.58099e-03 1.78081e-02 0.00000e+00
25.130000 2.76704e-03 1.68912e-02 0.00000e+00
25.140000 2.97393e-03 1.59034e-02 0.00000e+00
25.150000 3.11513e-03 1.47725e-02 0.00000e+00
25.160000 3.24646e-03 1.36299e-02 0.00000e+00
25.170000 3.37690e-03 1.23726e-02 0.00000e+00
25.180000 3.52638e-03 1.09985e-02 0.00000e+00
25.190000 3.59952e-03 9.72240e-03 0.00000e+00
25.200000 3.71681e-03 8.45070e-03 0.00000e+00
25.210000 3.75963e-03 7.11789e-03 0.00000e+00
25.220000 3.81475e-03 5.71680e-03 0.00000e+00
25.230000 3.87338e-03 4.33868e-03 0.00000e+00
25.240000 3.86760e-03 2.94423e-03 0.00000e+00
25.250000 3.88554e-03 1.53749e-03 0.00000e+00
25.260000 3.89047e-03 1.68066e-04 0.00000e+00
25.270000 3.89161e-03 -1.18530e-03 0.00000e+00
25.280000 3.89518e-03 -2.50036e-03 0.00000e+00
25.290000 3.86642e-03 -3.81210e-03 0.00000e+00
25.300000 3.82602e-03 -5.08384e-03 0.00000e+00
25.310000 3.77719e-03 -6.10754e-03 0.00000e+00
25.320000 3.70576e-03 -7.02572e-03 0.00000e+00
25.330000 3.63497e-03 -7.98734e-03 0.00000e+00
25.340000 3.53610e-03 -8.94284e-03 0.00000e+00
25.350000 3.46858e-03 -9.70301e-03 0.00000e+00
25.360000 3.37002e-03 -1.04225e-02 0.00000e+00
25.370000 3.25682e-03 -1.11025e-02 0.00000e+00
25.380000 3.11117e-03 -1.16804e-02 0.00000e+00
25.390000 2.98430e-03 -1.23056e-02 0.00000e+00
25.400000 2.84892e-03 -1.27713e-02 0.00000e+00
25.410000 2.70874e-03 -1.32874e-02 0.00000e+00
25.420000 2.57082e-03 -1.38703e-02 0.00000e+00
25.430000 2.41465e-03 -1.43510e-02 0.00000e+00
25.440000 2.26331e-03 -1.47387e-02 0.00000e+00
25.450000 2.11759e-03 -1.49855e-02 0.00000e+00
25.460000 1.96918e-03 -1.52156e-02 0.00000e+00
25.470000 1.84591e-03 -1.55007e-02 0.00000e+00
25.480000 1.71860e-03 -1.56744e-02 0.00000e+00
25.490000 1.55905e-03 -1.58675e-02 0.00000e+00
25.500000 1.39688e-03 -1.60636e-02 0.00000e+00
25.510000 1.22824e-03 -1.62075e-02 0.00000e+00
25.520000 1.09991e-03 -1.62213e-02 0.00000e+00
25.530000 9.19724e-04 -1.61013e-02 0.00000e+00
25.540000 7.76175e-04 -1.60711e-02 0.00000e+00
25.550000 6.01128e-04 -1.61565e-02 0.00000e+00
25.560000 4.32108e-04 -1.62795e-02 0.00000e+00
25.570000 2.60895e-04 -1.63053e-02 0.00000e+00
25.580000 7.68842e-05 -1.62106e-02 0.00000e+00
25.590000 -8.90168e-05 -1.60821e-02 0.00000e+00
25.600000 -2.42848e-04 -1.60339e-02 0.00000e+00
25.610000 -3.98404e-04 -1.59660e-02 0.00000e+00
25.620000 -5.60315e-04 -1.58308e-02 0.00000e+00
25.630000 -7.31442e-04 -1.56465e-02 0.00000e+00
25.640000 -8.78997e-04 -1.53025e-02 0.00000e+00
25.650000 -1.01545e-03 -1.47752e-02 0.00000e+00
25.660000 -1.18536e-03 -1.42710e-02 0.00000e+00
25.670000 -1.29805e-03 -1.38953e-02 0.00000e+00
25.680000 -1.44038e-03 -1.35974e-02 0.00000e+00
25.690000 -1.55855e-03 -1.32105e-02 0.00000e+00
25.700000 -1.71668e-03 -1.27947e-02 0.00000e+00
25.710000 -1.85860e-03 -1.23807e-02 0.00000e+00
25.720000 -1.98640e-03 -1.19116e-02 0.00000e+00
25.730000 -2.08994e-03 -1.15264e-02 0.00000e+00
25.740000 -2.18026e-03 -1.12097e-02 0.00000e+00
25.750000 -2.28083e-03 -1.09762e-02 0.00000e+00
25.760000 -2.40914e-03 -1.08084e-02 0.00000e+00
25.770000 -2.50438e-03 -1.04974e-02 0.00000e+00
25.780000 -2.58394e-03 -1.00893e-02 0.00000e+00
25.790000 -2.67227e-03 -9.71508e-03 0.00000e+00
25.800000 -2.74361e-03 -9.36346e-03 0.00000e+00
25.810000 -2.82040e-03 -9.01521e-03 0.00000e+00
25.820000 -2.91181e-03 -8.54010e-03 0.00000e+00
25.830000 -3.02442e-03 -7.99196e-03 0.00000e+00
25.840000 -3.12239e-03 -7.28123e-03 0.00000e+00
25.850000 -3.19845e-03 -6.50922e-03 0.00000e+00
25.860000 -3.25512e-03 -5.73128e-03 0.00000e+00
25.870000 -3.31585e-03 -4.94212e-03 0.00000e+00
25.880000 -3.37234e-03 -4.21780e-03 0.00000e+00
25.890000 -3.42850e-03 -3.39966e-03 0.00000e+00
25.900000 -3.49160e-03 -2.43722e-03 0.00000e+00
25.910000 -3.52434e-03 -1.31453e-03 0.00000e+00
25.920000 -3.53877e-03 -1.12398e-04 0.00000e+00
25.930000 -3.52809e-03 1.00839e-03 0.00000e+00
25.940000 -3.47874e-03 2.14612e-03 0.00000e+00
25.950000 -3.46872e-03 3.48488e-03 0.00000e+00
25.960000 -3.41900e-03 4.85365e-03 0.00000e+00
25.970000 -3.36589e-03 6.21440e-03 0.00000e+00
25.980000 -3.28551e-03 7.58488e-03 0.00000e+00
25.990000 -3.17609e-03 8.92916e-03 0.00000e+00
26.000000 -3.06883e-03 1.01646e-02 0.00000e+00
26.010000 -2.96851e-03 1.12808e-02 0.00000e+00
26.020000 -2.87742e-03 1.23267e-02 0.00000e+00
26.030000 -2.73999e-03 1.33227e-02 0.00000e+00
26.040000 -2.61364e-03 1.43870e-02 0.00000e+00
26.050000 -2.45761e-03 1.53880e-02 0.00000e+00
26.060000 -2.29189e-03 1.61865e-02 0.00000e+00
26.070000 -2.11667e-03 1.67854e-02 0.00000e+00
26.080000 -1.94341e-03 1.72649e-02 0.00000e+00
26.090000 -1.76624e-03 1.76836e-02 0.00000e+00
26.100000 -1.59063e-03 1.79868e-02 0.00000e+00
26.110000 -1.38740e-03 1.83720e-02 0.00000e+00
26.120000 -1.19656e-03 1.86502e-02 0.00000e+00
26.130000 -1.02449e-03 1.87258e-02 0.00000e+00
26.140000 -8.32593e-04 1.87018e-02 0.00000e+00
26.150000 -6.44652e-04 1.86004e-02 0.00000e+00
26.160000 -4.44275e-04 1.85900e-02 0.00000e+00
26.170000 -2.74046e-04 1.84885e-02 0.00000e+00
26.180000 -9.04981e-05 1.81775e-02 0.00000e+00
26.190000 7.94077e-05 1.77423e-02 0.00000e+00
26.200000 2.80708e-04 1.73206e-02 0.00000e+00
26.210000 4.71382e-04 1.67873e-02 0.00000e+00
26.220000 6.05658e-04 1.61635e-02 0.00000e+00
26.230000 7.54686e-04 1.55872e-02 0.00000e+00
26.240000 9.06965e-04 1.49784e-02 0.00000e+00
26.250000 1.05708e-03 1.43034e-02 0.00000e+00
26.260000 1.19741e-03 1.36044e-02 0.00000e+00
26.270000 1.33407e-03 1.28663e-02 0.00000e+00
26.280000 1.48899e-03 1.21264e-02 0.00000e+00
26.290000 1.57444e-03 1.14105e-02 0.00000e+00
26.300000 1.69503e-03 1.06219e-02 0.00000e+00
26.310000 1.78475e-03 9.84884e-03 0.00000e+00
26.320000 1.90964e-03 9.15757e-03 0.00000e+00
26.330000 1.98867e-03 8.50714e-03 0.00000e+00
26.340000 2.05142e-03 7.86317e-03 0.00000e+00
26.350000 2.12644e-03 7.21236e-03 0.00000e+00
26.360000 2.21019e-03 6.56372e-03 0.00000e+00
26.370000 2.25561e-03 6.04780e-03 0.00000e+00
26.380000 2.29246e-03 5.70238e-03 0.00000e+00
26.390000 2.35554e-03 5.22006e-03 0.00000e+00
26.400000 2.39708e-03 4.60330e-03 0.00000e+00
26.410000 2.42919e-03 4.05540e-03 0.00000e+00
26.420000 2.46350e-03 3.57322e-03 0.00000e+00
26.430000 2.50020e-03 3.11539e-03 0.00000e+00
26.440000 2.51820e-03 2.66801e-03 0.00000e+00
26.450000 2.54809e-03 2.32594e-03 0.00000e+00
26.460000 2.57507e-03 1.94335e-03 0.00000e+00
26.470000 2.60323e-03 1.52821e-03 0.00000e+00
26.480000 2.62985e-03 1.10390e-03 0.00000e+00
26.490000 2.64826e-03 7.69738e-04 0.00000e+00
26.500000 2.65232e-03 4.87063e-04 0.00000e+00
26.510000 2.66495e-03 2.50521e-05 0.00000e+00
26.520000 2.65485e-03 -3.79636e-04 0.00000e+00
26.530000 2.65808e-03 -6.91624e-04 0.00000e+00
26.540000 2.65382e-03 -1.12230e-03 0.00000e+00
26.550000 2.62507e-03 -1.68242e-03 0.00000e+00
26.560000 2.57540e-03 -2.18124e-03 0.00000e+00
26.570000 2.55096e-03 -2.68194e-03 0.00000e+00
26.580000 2.52482e-03 -3.29683e-03 0.00000e+00
26.590000 2.49396e-03 -3.94706e-03 0.00000e+00
26.600000 2.45120e-03 -4.59220e-03 0.00000e+00
26.610000 2.41066e-03 -5.29957e-03 0.00000e+00
26.620000 2.36362e-03 -6.01669e-03 0.00000e+00
26.630000 2.30598e-03 -6.73269e-03 0.00000e+00
26.640000 2.23959e-03 -7.41411e-03 0.00000e+00
26.650000 2.16429e-03 -8.03099e-03 0.00000e+00
26.660000 2.10839e-03 -8.73267e-03 0.00000e+00
26.670000 2.00138e-03 -9.43839e-03 0.00000e+00
26.680000 1.91272e-03 -1.00169e-02 0.00000e+00
26.690000 1.82218e-03 -1.06274e-02 0.00000e+00
26.700000 1.69063e-03 -1.12888e-02 0.00000e+00
26.710000 1.56267e-03 -1.19453e-02 0.00000e+00
26.720000 1.44289e-03 -1.26370e-02 0.00000e+00
26.730000 1.31070e-03 -1.32917e-02 0.00000e+00
26.740000 1.15908e-03 -1.38904e-02 0.00000e+00
26.750000 1.01445e-03 -1.44060e-02 0.00000e+00
26.760000 8.68555e-04 -1.48372e-02 0.00000e+00
26.770000 7.17240e-04 -1.52583e-02 0.00000e+00
26.780000 5.60838e-04 -1.56278e-02 0.00000e+00
26.790000 4.12733e-04 -1.59101e-02 0.00000e+00
26.800000 2.46343e-04 -1.60997e-02 0.00000e+00
26.810000 1.04691e-04 -1.62536e-02 0.00000e+00
26.820000 -7.55263e-05 -1.64680e-02 0.00000e+00
26.830000 -2.43367e-04 -1.64991e-02 0.00000e+00
26.840000 -3.82860e-04 -1.64314e-02 0.00000e+00
26.850000 -5.53676e-04 -1.63925e-02 0.00000e+00
26.860000 -7.46753e-04 -1.61643e-02 0.00000e+00
26.870000 -9.08975e-04 -1.59252e-02 0.00000e+00
26.880000 -1.07183e-03 -1.56576e-02 0.00000e+00
26.890000 -1.20083e-03 -1.52227e-02 0.00000e+00
26.900000 -1.34068e-03 -1.47728e-02 0.00000e+00
26.910000 -1.50207e-03 -1.43112e-02 0.00000e+00
26.920000 -1.63991e-03 -1.37582e-02 0.00000e+00
26.930000 -1.78197e-03 -1.31064e-02 0.00000e+00
26.940000 -1.92242e-03 -1.24156e-02 0.00000e+00
26.950000 -2.03939e-03 -1.17001e-02 0.00000e+00
26.960000 -2.16162e-03 -1.08958e-02 0.00000e+00
26.970000 -2.26659e-03 -1.00826e-02 0.00000e+00
26.980000 -2.39166e-03 -9.16731e-03 0.00000e+00
26.990000 -2.47589e-03 -8.19252e-03 0.00000e+00
27.000000 -2.52405e-03 -7.35297e-03 0.00000e+00
27.010000 -2.60599e-03 -6.33901e-03 0.00000e+00
27.020000 -2.65815e-03 -5.26544e-03 0.00000e+00
27.030000 -2.68912e-03 -4.37510e-03 0.00000e+00
27.040000 -2.73842e-03 -3.46455e-03 0.00000e+00
27.050000 -2.74494e-03 -2.51774e-03 0.00000e+00
27.060000 -2.78113e-03 -1.51193e-03 0.00000e+00
27.070000 -2.79610e-03 -3.89957e-04 0.00000e+00
27.080000 -2.78258e-03 6.06929e-04 0.00000e+00
27.090000 -2.77244e-03 1.45515e-03 0.00000e+00
27.100000 -2.75903e-03 2.29374e-03 0.00000e+00
27.110000 -2.73901e-03 3.12240e-03 0.00000e+00
27.120000 -2.70098e-03 3.97724e-03 0.00000e+00
27.130000 -2.65450e-03 4.74585e-03 0.00000e+00
27.140000 -2.60841e-03 5.41947e-03 0.00000e+00
27.150000 -2.53219e-03 5.99587e-03 0.00000e+00
27.160000 -2.48648e-03 6.50149e-03 0.00000e+00
27.170000 -2.42072e-03 7.11749e-03 0.00000e+00
27.180000 -2.31316e-03 7.65307e-03 0.00000e+00
27.190000 -2.26158e-03 8.03384e-03 0.00000e+00
27.200000 -2.16448e-03 8.47231e-03 0.00000e+00
27.210000 -2.07287e-03 8.85546e-03 0.00000e+00
27.220000 -1.97766e-03 9.22457e-03 0.00000e+00
27.230000 -1.87586e-03 9.52542e-03 0.00000e+00
27.240000 -1.77523e-03 9.64479e-03 0.00000e+00
27.250000 -1.70902e-03 9.84123e-03 0.00000e+00
27.260000 -1.59998e-03 1.00847e-02 0.00000e+00
27.270000 -1.48379e-03 1.01991e-02 0.00000e+00
27.280000 -1.36944e-03 1.02693e-02 0.00000e+00
27.290000 -1.27851e-03 1.03668e-02 0.00000e+00
27.300000 -1.19049e-03 1.04438e-02 0.00000e+00
27.310000 -1.08305e-03 1.05045e-02 0.00000e+00
27.320000 -9.78800e-04 1.06238e-02 0.00000e+00
27.330000 -8.72642e-04 1.06557e-02 0.00000e+00
27.340000 -7.62240e-04 1.06135e-02 0.00000e+00
27.350000 -6.72064e-04 1.07736e-02 0.00000e+00
27.360000 -5.60158e-04 1.08750e-02 0.00000e+00
27.370000 -4.41738e-04 1.08586e-02 0.00000e+00
27.380000 -3.41923e-04 1.09280e-02 0.00000e+00
27.390000 -2.31510e-04 1.09470e-02 0.00000e+00
27.400000 -1.40423e-04 1.09727e-02 0.00000e+00
27.410000 -2.42435e-05 1.10982e-02 0.00000e+00
27.420000 1.06513e-04 1.11082e-02 0.00000e+00
27.430000 2.04987e-04 1.10616e-02 0.00000e+00
27.440000 3.07733e-04 1.11608e-02 0.00000e+00
27.450000 4.35326e-04 1.12803e-02 0.00000e+00
27.460000 5.40389e-04 1.12509e-02 0.00000e+00
27.470000 6.51647e-04 1.10743e-02 0.00000e+00
27.480000 7.68305e-04 1.08464e-02 0.00000e+00
27.490000 8.74318e-04 1.06506e-02 0.00000e+00
27.500000 9.72614e-04 1.04874e-02 0.00000e+00
27.510000 1.10125e-03 1.03060e-02 0.00000e+00
27.520000 1.20689e-03 1.00726e-02 0.00000e+00
27.530000 1.28663e-03 9.79711e-03 0.00000e+00
27.540000 1.38707e-03 9.56021e-03 0.00000e+00
27.550000 1.49167e-03 9.30620e-03 0.00000e+00
27.560000 1.57800e-03 8.95803e-03 0.00000e+00
27.570000 1.69469e-03 8.54801e-03 0.00000e+00
27.580000 1.78148e-03 8.20908e-03 0.00000e+00
27.590000 1.84544e-03 7.99274e-03 0.00000e+00
27.600000 1.92641e-03 7.74813e-03 0.00000e+00
27.610000 1.99802e-03 7.36897e-03 0.00000e+00
27.620000 2.03852e-03 7.09138e-03 0.00000e+00
27.630000 2.08315e-03 6.84759e-03 0.00000e+00
27.640000 2.14294e-03 6.46235e-03 0.00000e+00
27.650000 2.20435e-03 6.04242e-03 0.00000e+00
27.660000 2.28420e-03 5.55403e-03 0.00000e+00
27.670000 2.33346e-03 4.99918e-03 0.00000e+00
27.680000 2.38048e-03 4.51275e-03 0.00000e+00
27.690000 2.42503e-03 4.00048e-03 0.00000e+00
27.700000 2.45899e-03 3.27673e-03 0.00000e+00
27.710000 2.50105e-03 2.46997e-03 0.00000e+00
27.720000 2.52672e-03 1.74193e-03 0.00000e+00
27.730000 2.54650e-03 9.95027e-04 0.00000e+00
27.740000 2.58878e-03 2.67068e-04 0.00000e+00
27.750000 2.61244e-03 -4.89360e-04 0.00000e+00
27.760000 2.60713e-03 -1.43526e-03 0.00000e+00
27.770000 2.59025e-03 -2.39334e-03 0.00000e+00
27.780000 2.55424e-03 -3.35262e-03 0.00000e+00
27.790000 2.53959e-03 -4.47022e-03 0.00000e+00
27.800000 2.45068e-03 -5.63295e-03 0.00000e+00
27.810000 2.38245e-03 -6.69104e-03 0.00000e+00
27.820000 2.30010e-03 -7.70458e-03 0.00000e+00
27.830000 2.22170e-03 -8.59744e-03 0.00000e+00
27.840000 2.13282e-03 -9.44089e-03 0.00000e+00
27.850000 2.03283e-03 -1.03138e-02 0.00000e+00
27.860000 1.89835e-03 -1.11778e-02 0.00000e+00
27.870000 1.78441e-03 -1.20099e-02 0.00000e+00
27.880000 1.66822e-03 -1.26569e-02 0.00000e+00
27.890000 1.55915e-03 -1.31759e-02 0.00000e+00
27.900000 1.40816e-03 -1.36377e-02 0.00000e+00
27.910000 1.27056e-03 -1.38357e-02 0.00000e+00
27.920000 1.10047e-03 -1.38106e-02 0.00000e+00
27.930000 9.61247e-04 -1.37978e-02 0.00000e+00
27.940000 8.14904e-04 -1.37773e-02 0.00000e+00
27.950000 6.64862e-04 -1.37603e-02 0.00000e+00
27.960000 5.22558e-04 -1.36123e-02 0.00000e+00
27.970000 4.09568e-04 -1.34617e-02 0.00000e+00
27.980000 2.67047e-04 -1.34155e-02 0.00000e+00
27.990000 1.32059e-04 -1.33115e-02 0.00000e+00
28.000000 2.94326e-06 -1.31129e-02 0.00000e+00
28.010000 -1.38036e-04 -1.28020e-02 0.00000e+00
28.020000 -2.65111e-04 -1.24926e-02 0.00000e+00
28.030000 -3.84860e-04 -1.22330e-02 0.00000e+00
28.040000 -4.71352e-04 -1.19814e-02 0.00000e+00
28.050000 -5.56465e-04 -1.15849e-02 0.00000e+00
28.060000 -6.65026e-04 -1.10356e-02 0.00000e+00
28.070000 -7.52192e-04 -1.05332e-02 0.00000e+00
28.080000 -8.41651e-04 -1.01281e-02 0.00000e+00
28.090000 -9.66212e-04 -9.75010e-03 0.00000e+00
28.100000 -1.08976e-03 -9.32282e-03 0.00000e+00
28.110000 -1.19400e-03 -8.81936e-03 0.00000e+00
28.120000 -1.30298e-03 -8.35221e-03 0.00000e+00
28.130000 -1.37848e-03 -7.91687e-03 0.00000e+00
28.140000 -1.48565e-03 -7.34930e-03 0.00000e+00
28.150000 -1.55957e-03 -6.77446e-03 0.00000e+00
28.160000 -1.62392e-03 -6.35294e-03 0.00000e+00
28.170000 -1.66638e-03 -5.89940e-03 0.00000e+00
28.180000 -1.72967e-03 -5.36837e-03 0.00000e+00
28.190000 -1.77974e-03 -4.85948e-03 0.00000e+00
28.200000 -1.81503e-03 -4.40693e-03 0.00000e+00
28.210000 -1.84288e-03 -3.87783e-03 0.00000e+00
28.220000 -1.84733e-03 -3.19835e-03 0.00000e+00
28.230000 -1.88240e-03 -2.52725e-03 0.00000e+00
28.240000 -1.91617e-03 -1.85774e-03 0.00000e+00
28.250000 -1.93667e-03 -1.22155e-03 0.00000e+00
28.260000 -1.93096e-03 -8.02097e-04 0.00000e+00
28.270000 -1.93883e-03 -5.35301e-04 0.00000e+00
28.280000 -1.94636e-03 -2.26857e-04 0.00000e+00
28.290000 -1.95871e-03 1.17526e-04 0.00000e+00
28.300000 -1.95469e-03 4.46572e-04 0.00000e+00
28.310000 -1.94335e-03 6.93634e-04 0.00000e+00
28.320000 -1.95684e-03 8.60952e-04 0.00000e+00
28.330000 -1.94352e-03 1.03670e-03 0.00000e+00
28.340000 -1.90162e-03 1.26168e-03 0.00000e+00
28.350000 -1.88103e-03 1.44308e-03 0.00000e+00
28.360000 -1.88154e-03 1.53162e-03 0.00000e+00
28.370000 -1.86045e-03 1.65398e-03 0.00000e+00
28.380000 -1.82108e-03 1.78680e-03 0.00000e+00
28.390000 -1.79160e-03 2.03603e-03 0.00000e+00
28.400000 -1.78060e-03 2.29680e-03 0.00000e+00
28.410000 -1.77125e-03 2.46056e-03 0.00000e+00
28.420000 -1.77543e-03 2.61964e-03 0.00000e+00
28.430000 -1.74550e-03 2.92316e-03 0.00000e+00
28.440000 -1.69604e-03 3.33682e-03 0.00000e+00
28.450000 -1.64280e-03 3.69513e-03 0.00000e+00
28.460000 -1.61265e-03 4.03993e-03 0.00000e+00
28.470000 -1.58887e-03 4.40544e-03 0.00000e+00
28.480000 -1.55164e-03 4.84006e-03 0.00000e+00
28.490000 -1.51343e-03 5.26305e-03 0.00000e+00
28.500000 -1.46279e-03 5.68030e-03 0.00000e+00
28.510000 -1.40400e-03 6.26305e-03 0.00000e+00
28.520000 -1.35359e-03 6.94114e-03 0.00000e+00
28.530000 -1.27917e-03 7.52576e-03 0.00000e+00
28.540000 -1.19693e-03 8.08575e-03 0.00000e+00
28.550000 -1.10870e-03 8.71449e-03 0.00000e+00
28.560000 -9.98729e-04 9.42610e-03 0.00000e+00
28.570000 -9.16837e-04 1.01593e-02 0.00000e+00
28.580000 -8.03437e-04 1.07768e-02 0.00000e+00
28.590000 -6.94675e-04 1.13177e-02 0.00000e+00
28.600000 -5.52102e-04 1.19320e-02 0.00000e+00
28.610000 -4.52740e-04 1.26266e-02 0.00000e+00
28.620000 -3.31715e-04 1.33092e-02 0.00000e+00
28.630000 -2.06230e-04 1.37659e-02 0.00000e+00
28.640000 -7.06780e-05 1.40000e-02 0.00000e+00
28.650000 7.02256e-05 1.41680e-02 0.00000e+00
28.660000 2.14783e-04 1.42742e-02 0.00000e+00
28.670000 3.59137e-04 1.42701e-02 0.00000e+00
28.680000 5.19738e-04 1.41797e-02 0.00000e+00
28.690000 6.59027e-04 1.40090e-02 0.00000e+00
28.700000 8.00421e-04 1.37347e-02 0.00000e+00
28.710000 9.48145e-04 1.33833e-02 0.00000e+00
28.720000 1.10159e-03 1.28791e-02 0.00000e+00
28.730000 1.26227e-03 1.23251e-02 0.00000e+00
28.740000 1.39181e-03 1.17425e-02 0.00000e+00
28.750000 1.50337e-03 1.11145e-02 0.00000e+00
28.760000 1.63942e-03 1.04459e-02 0.00000e+00
28.770000 1.73411e-03 9.78292e-03 0.00000e+00
28.780000 1.80507e-03 8.97835e-03 0.00000e+00
28.790000 1.85760e-03 7.98162e-03 0.00000e+00
28.800000 1.89873e-03 7.01753e-03 0.00000e+00
28.810000 1.97814e-03 6.05186e-03 0.00000e+00
28.820000 2.03271e-03 5.07277e-03 0.00000e+00
28.830000 2.08284e-03 4.08710e-03 0.00000e+00
28.840000 2.10754e-03 3.09530e-03 0.00000e+00
28.850000 2.14735e-03 2.15320e-03 0.00000e+00
28.860000 2.15996e-03 1.26437e-03 0.00000e+00
28.870000 2.16055e-03 3.06677e-04 0.00000e+00
28.880000 2.15634e-03 -6.39594e-04 0.00000e+00
28.890000 2.14949e-03 -1.38389e-03 0.00000e+00
28.900000 2.16592e-03 -1.88078e-03 0.00000e+00
28.910000 2.15720e-03 -2.28075e-03 0.00000e+00
28.920000 2.12699e-03 -2.79458e-03 0.00000e+00
28.930000 2.08067e-03 -3.21940e-03 0.00000e+00
28.940000 2.03517e-03 -3.56836e-03 0.00000e+00
28.950000 1.96159e-03 -4.08279e-03 0.00000e+00
28.960000 1.92448e-03 -4.61155e-03 0.00000e+00
28.970000 1.87676e-03 -5.10586e-03 0.00000e+00
28.980000 1.81490e-03 -5.44314e-03 0.00000e+00
28.990000 1.75265e-03 -5.64145e-03 0.00000e+00
29.000000 1.69114e-03 -5.80829e-03 0.00000e+00
29.010000 1.62981e-03 -6.00505e-03 0.00000e+00
29.020000 1.57260e-03 -6.20502e-03 0.00000e+00
29.030000 1.51249e-03 -6.36577e-03 0.00000e+00
29.040000 1.44020e-03 -6.59252e-03 0.00000e+00
29.050000 1.41360e-03 -6.82385e-03 0.00000e+00
29.060000 1.38021e-03 -7.02762e-03 0.00000e+00
29.070000 1.31682e-03 -7.07192e-03 0.00000e+00
29.080000 1.22267e-03 -7.02996e-03 0.00000e+00
29.090000 1.12372e-03 -7.10973e-03 0.00000e+00
29.100000 1.06364e-03 -7.25365e-03 0.00000e+00
29.110000 9.65936e-04 -7.37896e-03 0.00000e+00
29.120000 8.93306e-04 -7.55091e-03 0.00000e+00
29.130000 8.46935e-04 -7.60708e-03 0.00000e+00
29.140000 7.75426e-04 -7.54162e-03 0.00000e+00
29.150000 7.11252e-04 -7.58453e-03 0.00000e+00
29.160000 6.19861e-04 -7.71568e-03 0.00000e+00
29.170000 5.35206e-04 -7.85860e-03 0.00000e+00
29.180000 4.27991e-04 -7.99874e-03 0.00000e+00
29.190000 3.50521e-04 -8.13281e-03 0.00000e+00
29.200000 2.59515e-04 -8.23269e-03 0.00000e+00
29.210000 1.79346e-04 -8.35097e-03 0.00000e+00
29.220000 1.05643e-04 -8.31013e-03 0.00000e+00
29.230000 3.53629e-05 -8.07957e-03 0.00000e+00
29.240000 -3.29493e-05 -7.94701e-03 0.00000e+00
29.250000 -1.29896e-04 -8.05752e-03 0.00000e+00
29.260000 -2.14029e-04 -8.24338e-03 0.00000e+00
29.270000 -2.76456e-04 -8.24033e-03 0.00000e+00
29.280000 -3.47093e-04 -8.25109e-03 0.00000e+00
29.290000 -4.17886e-04 -8.30746e-03 0.00000e+00
29.300000 -4.84513e-04 -8.15941e-03 0.00000e+00
29.310000 -5.98841e-04 -7.99081e-03 0.00000e+00
29.320000 -6.99210e-04 -7.87642e-03 0.00000e+00
29.330000 -7.90712e-04 -7.82856e-03 0.00000e+00
29.340000 -8.64584e-04 -7.82320e-03 0.00000e+00
29.350000 -9.46303e-04 -7.87773e-03 0.00000e+00
29.360000 -1.01352e-03 -7.92168e-03 0.00000e+00
29.370000 -1.08286e-03 -7.82842e-03 0.00000e+00
29.380000 -1.15108e-03 -7.72588e-03 0.00000e+00
29.390000 -1.21432e-03 -7.61812e-03 0.00000e+00
29.400000 -1.31053e-03 -7.48674e-03 0.00000e+00
29.410000 -1.40808e-03 -7.32653e-03 0.00000e+00
29.420000 -1.48010e-03 -7.18930e-03 0.00000e+00
29.430000 -1.50988e-03 -6.97897e-03 0.00000e+00
29.440000 -1.56982e-03 -6.58394e-03 0.00000e+00
29.450000 -1.64715e-03 -6.15869e-03 0.00000e+00
29.460000 -1.69383e-03 -5.73631e-03 0.00000e+00
29.470000 -1.75494e-03 -5.19594e-03 0.00000e+00
29.480000 -1.83522e-03 -4.75250e-03 0.00000e+00
29.490000 -1.89128e-03 -4.41238e-03 0.00000e+00
29.500000 -1.94897e-03 -4.01371e-03 0.00000e+00
29.510000 -1.97738e-03 -3.54917e-03 0.00000e+00
29.520000 -2.01994e-03 -3.01917e-03 0.00000e+00
29.530000 -2.02138e-03 -2.41140e-03 0.00000e+00
29.540000 -2.04348e-03 -1.71944e-03 0.00000e+00
29.550000 -2.07466e-03 -1.01657e-03 0.00000e+00
29.560000 -2.08930e-03 -2.85375e-04 0.00000e+00
29.570000 -2.08502e-03 3.90534e-04 0.00000e+00
29.580000 -2.06921e-03 9.61060e-04 0.00000e+00
29.590000 -2.03302e-03 1.58021e-03 0.00000e+00
29.600000 -1.99129e-03 2.45597e-03 0.00000e+00
29.610000 -1.97141e-03 3.38311e-03 0.00000e+00
29.620000 -1.95443e-03 4.14491e-03 0.00000e+00
29.630000 -1.90419e-03 4.95652e-03 0.00000e+00
29.640000 -1.85737e-03 5.76781e-03 0.00000e+00
29.650000 -1.82340e-03 6.45145e-03 0.00000e+00
29.660000 -1.74838e-03 7.06219e-03 0.00000e+00
29.670000 -1.68031e-03 7.65799e-03 0.00000e+00
29.680000 -1.58988e-03 8.37762e-03 0.00000e+00
29.690000 -1.49942e-03 9.01464e-03 0.00000e+00
29.700000 -1.39897e-03 9.66431e-03 0.00000e+00
29.710000 -1.30932e-03 1.03717e-02 0.00000e+00
29.720000 -1.21000e-03 1.08044e-02 0.00000e+00
29.730000 -1.10219e-03 1.11496e-02 0.00000e+00
29.740000 -9.85490e-04 1.15231e-02 0.00000e+00
29.750000 -8.59524e-04 1.18442e-02 0.00000e+00
29.760000 -7.16940e-04 1.21391e-02 0.00000e+00
29.770000 -5.81847e-04 1.23986e-02 0.00000e+00
29.780000 -4.81777e-04 1.24793e-02 0.00000e+00
29.790000 -3.50599e-04 1.24055e-02 0.00000e+00
29.800000 -2.20279e-04 1.23184e-02 0.00000e+00
29.810000 -1.07262e-04 1.22163e-02 0.00000e+00
29.820000 2.73083e-05 1.19856e-02 0.00000e+00
29.830000 1.46987e-04 1.16854e-02 0.00000e+00
29.840000 2.93733e-04 1.13564e-02 0.00000e+00
29.850000 4.15740e-04 1.09707e-02 0.00000e+00
29.860000 4.97694e-04 1.05198e-02 0.00000e+00
29.870000 6.31816e-04 1.00158e-02 0.00000e+00
29.880000 6.93850e-04 9.50109e-03 0.00000e+00
29.890000 7.72865e-04 8.93131e-03 0.00000e+00
29.900000 8.77672e-04 8.33084e-03 0.00000e+00
29.910000 9.47845e-04 7.71958e-03 0.00000e+00
29.920000 1.01398e-03 7.10142e-03 0.00000e+00
29.930000 1.07851e-03 6.52994e-03 0.00000e+00
29.940000 1.13292e-03 5.99346e-03 0.00000e+00
29.950000 1.18812e-03 5.36657e-03 0.00000e+00
29.960000 1.25933e-03 4.72810e-03 0.00000e+00
29.970000 1.30578e-03 4.16920e-03 0.00000e+00
29.980000 1.35289e-03 3.64574e-03 0.00000e+00
29.990000 1.37702e-03 3.16256e-03 0.00000e+00
30.000000 1.40473e-03 2.74500e-03 0.00000e+00
30.010000 1.42543e-03 2.52269e-03 0.00000e+00
30.020000 1.44500e-03 2.34089e-03 0.00000e+00
30.030000 1.45832e-03 2.04311e-03 0.00000e+00
30.040000 1.48939e-03 1.94536e-03 0.00000e+00
30.050000 1.50499e-03 1.83597e-03 0.00000e+00
30.060000 1.50793e-03 1.54489e-03 0.00000e+00
30.070000 1.51253e-03 1.39138e-03 0.00000e+00
30.080000 1.51642e-03 1.31604e-03 0.00000e+00
30.090000 1.52028e-03 1.18944e-03 0.00000e+00
30.100000 1.53200e-03 1.07002e-03 0.00000e+00
30.110000 1.53798e-03 9.58995e-04 0.00000e+00
30.120000 1.54983e-03 8.30192e-04 0.00000e+00
30.130000 1.56287e-03 7.57604e-04 0.00000e+00
30.140000 1.58284e-03 7.29097e-04 0.00000e+00
30.150000 1.60546e-03 7.46368e-04 0.00000e+00
30.160000 1.61173e-03 6.66947e-04 0.00000e+00
30.170000 1.64136e-03 4.86839e-04 0.00000e+00
30.180000 1.65192e-03 3.11723e-04 0.00000e+00
30.190000 1.63093e-03 7.81400e-05 0.00000e+00
30.200000 1.65375e-03 -2.42980e-04 0.00000e+00
30.210000 1.64999e-03 -5.04622e-04 0.00000e+00
30.220000 1.60965e-03 -6.88582e-04 0.00000e+00
30.230000 1.60230e-03 -1.01144e-03 0.00000e+00
30.240000 1.60011e-03 -1.41499e-03 0.00000e+00
30.250000 1.58620e-03 -1.84509e-03 0.00000e+00
30.260000 1.55655e-03 -2.34105e-03 0.00000e+00
30.270000 1.53742e-03 -2.88280e-03 0.00000e+00
30.280000 1.50395e-03 -3.48150e-03 0.00000e+00
30.290000 1.47258e-03 -4.08061e-03 0.00000e+00
30.300000 1.43972e-03 -4.64559e-03 0.00000e+00
30.310000 1.40424e-03 -5.20856e-03 0.00000e+00
30.320000 1.34767e-03 -5.76347e-03 0.00000e+00
30.330000 1.26035e-03 -6.35844e-03 0.00000e+00
30.340000 1.21053e-03 -6.84203e-03 0.00000e+00
30.350000 1.13476e-03 -7.26636e-03 0.00000e+00
30.360000 1.06151e-03 -7.84045e-03 0.00000e+00
30.370000 9.85120e-04 -8.30629e-03 0.00000e+00
30.380000 9.28614e-04 -8.69980e-03 0.00000e+00
30.390000 8.21031e-04 -9.26783e-03 0.00000e+00
30.400000 7.08671e-04 -9.82341e-03 0.00000e+00
30.410000 6.08894e-04 -1.02404e-02 0.00000e+00
30.420000 4.93367e-04 -1.05390e-02 0.00000e+00
30.430000 3.76645e-04 -1.08446e-02 0.00000e+00
30.440000 2.62408e-04 -1.11362e-02 0.00000e+00
30.450000 1.52244e-04 -1.13710e-02 0.00000e+00
30.460000 5.23010e-05 -1.16138e-02 0.00000e+00
30.470000 -6.69606e-05 -1.17522e-02 0.00000e+00
30.480000 -1.83917e-04 -1.16896e-02 0.00000e+00
30.490000 -2.99786e-04 -1.15367e-02 0.00000e+00
30.500000 -4.05812e-04 -1.14489e-02 0.00000e+00
30.510000 -5.04007e-04 -1.11852e-02 0.00000e+00
30.520000 -6.40739e-04 -1.07978e-02 0.00000e+00
30.530000 -7.47857e-04 -1.04473e-02 0.00000e+00
30.540000 -8.50023e-04 -1.00512e-02 0.00000e+00
30.550000 -9.79601e-04 -9.56571e-03 0.00000e+00
30.560000 -1.07721e-03 -9.04246e-03 0.00000e+00
30.570000 -1.16417e-03 -8.52711e-03 0.00000e+00
30.580000 -1.24486e-03 -7.92394e-03 0.00000e+00
30.590000 -1.32076e-03 -7.39553e-03 0.00000e+00
30.600000 -1.41985e-03 -6.91147e-03 0.00000e+00
30.610000 -1.47963e-03 -6.38377e-03 0.00000e+00
30.620000 -1.54586e-03 -5.85947e-03 0.00000e+00
30.630000 -1.58343e-03 -5.21330e-03 0.00000e+00
30.640000 -1.59659e-03 -4.54730e-03 0.00000e+00
30.650000 -1.61140e-03 -3.95479e-03 0.00000e+00
30.660000 -1.65314e-03 -3.41688e-03 0.00000e+00
30.670000 -1.67394e-03 -2.82015e-03 0.00000e+00
30.680000 -1.68569e-03 -2.10344e-03 0.00000e+00
30.690000 -1.73784e-03 -1.52431e-03 0.00000e+00
30.700000 -1.75593e-03 -1.04395e-03 0.00000e+00
30.710000 -1.77378e-03 -5.44139e-04 0.00000e+00
30.720000 -1.77010e-03 -2.05119e-04 0.00000e+00
30.730000 -1.76228e-03 7.85033e-05 0.00000e+00
30.740000 -1.75761e-03 4.44755e-04 0.00000e+00
30.750000 -1.77034e-03 8.54665e-04 0.00000e+00
30.760000 -1.78245e-03 1.30356e-03 0.00000e+00
30.770000 -1.74535e-03 1.65520e-03 0.00000e+00
30.780000 -1.73148e-03 1.94901e-03 0.00000e+00
30.790000 -1.69398e-03 2.20984e-03 0.00000e+00
30.800000 -1.65208e-03 2.53683e-03 0.00000e+00
30.810000 -1.63813e-03 3.09755e-03 0.00000e+00
30.820000 -1.60399e-03 3.74482e-03 0.00000e+00
30.830000 -1.56863e-03 4.30420e-03 0.00000e+00
30.840000 -1.50043e-03 4.77838e-03 0.00000e+00
30.850000 -1.47613e-03 5.25272e-03 0.00000e+00
30.860000 -1.44901e-03 5.56017e-03 0.00000e+00
30.870000 -1.40385e-03 5.71816e-03 0.00000e+00
30.880000 -1.35686e-03 5.88027e-03 0.00000e+00
30.890000 -1.30046e-03 6.07545e-03 0.00000e+00
30.900000 -1.21165e-03 6.38319e-03 0.00000e+00
30.910000 -1.13505e-03 6.68952e-03 0.00000e+00
30.920000 -1.04907e-03 6.84656e-03 0.00000e+00
30.930000 -9.81870e-04 6.86279e-03 0.00000e+00
30.940000 -9.14150e-04 6.98118e-03 0.00000e+00
30.950000 -8.38835e-04 7.08130e-03 0.00000e+00
30.960000 -7.47752e-04 7.06968e-03 0.00000e+00
30.970000 -6.33258e-04 7.19529e-03 0.00000e+00
30.980000 -5.53085e-04 7.30165e-03 0.00000e+00
30.990000 -5.00717e-04 7.29370e-03 0.00000e+00
31.000000 -4.50099e-04 7.25848e-03 0.00000e+00
31.010000 -4.06249e-04 7.32352e-03 0.00000e+00
31.020000 -3.50679e-04 7.32770e-03 0.00000e+00
31.030000 -3.03427e-04 7.08153e-03 0.00000e+00
31.040000 -2.27513e-04 6.83027e-03 0.00000e+00
31.050000 -1.43198e-04 6.67449e-03 0.00000e+00
31.060000 -5.31374e-05 6.57446e-03 0.00000e+00
31.070000 2.50624e-05 6.62654e-03 0.00000e+00
31.080000 7.30463e-05 6.75326e-03 0.00000e+00
31.090000 1.30200e-04 6.85795e-03 0.00000e+00
31.100000 1.99841e-04 6.91701e-03 0.00000e+00
31.110000 2.76928e-04 6.88234e-03 0.00000e+00
31.120000 3.21861e-04 6.84555e-03 0.00000e+00
31.130000 4.13964e-04 6.89767e-03 0.00000e+00
31.140000 5.02269e-04 7.12538e-03 0.00000e+00
31.150000 5.52229e-04 7.34095e-03 0.00000e+00
31.160000 6.08359e-04 7.35008e-03 0.00000e+00
31.170000 6.79043e-04 7.26630e-03 0.00000e+00
31.180000 7.50579e-04 7.13595e-03 0.00000e+00
31.190000 7.95531e-04 6.95868e-03 0.00000e+00
31.200000 8.70695e-04 6.71517e-03 0.00000e+00
31.210000 9.78572e-04 6.53529e-03 0.00000e+00
31.220000 1.07155e-03 6.51831e-03 0.00000e+00
31.230000 1.15203e-03 6.56306e-03 0.00000e+00
31.240000 1.22352e-03 6.51257e-03 0.00000e+00
31.250000 1.26692e-03 6.34239e-03 0.00000e+00
31.260000 1.31650e-03 6.17644e-03 0.00000e+00
31.270000 1.36029e-03 5.97879e-03 0.00000e+00
31.280000 1.41474e-03 5.75735e-03 0.00000e+00
31.290000 1.47710e-03 5.40021e-03 0.00000e+00
31.300000 1.53625e-03 5.06016e-03 0.00000e+00
31.310000 1.57915e-03 4.89468e-03 0.00000e+00
31.320000 1.59564e-03 4.58244e-03 0.00000e+00
31.330000 1.63210e-03 4.03679e-03 0.00000e+00
31.340000 1.67575e-03 3.50533e-03 0.00000e+00
31.350000 1.71086e-03 3.02728e-03 0.00000e+00
31.360000 1.74638e-03 2.41726e-03 0.00000e+00
31.370000 1.78642e-03 1.70816e-03 0.00000e+00
31.380000 1.83897e-03 1.19995e-03 0.00000e+00
31.390000 1.85547e-03 8.09042e-04 0.00000e+00
31.400000 1.85315e-03 2.76215e-04 0.00000e+00
31.410000 1.83574e-03 -3.27635e-04 0.00000e+00
31.420000 1.85433e-03 -1.02787e-03 0.00000e+00
31.430000 1.83122e-03 -1.79595e-03 0.00000e+00
31.440000 1.79189e-03 -2.54944e-03 0.00000e+00
31.450000 1.76410e-03 -3.30198e-03 0.00000e+00
31.460000 1.72283e-03 -4.03910e-03 0.00000e+00
31.470000 1.70409e-03 -4.77272e-03 0.00000e+00
31.480000 1.64058e-03 -5.56439e-03 0.00000e+00
31.490000 1.55415e-03 -6.44670e-03 0.00000e+00
31.500000 1.48065e-03 -7.33302e-03 0.00000e+00
31.510000 1.43264e-03 -8.16431e-03 0.00000e+00
31.520000 1.34078e-03 -8.91909e-03 0.00000e+00
31.530000 1.25199e-03 -9.52463e-03 0.00000e+00
31.540000 1.16231e-03 -9.98485e-03 0.00000e+00
31.550000 1.09483e-03 -1.02563e-02 0.00000e+00
31.560000 9.57062e-04 -1.04886e-02 0.00000e+00
31.570000 8.38801e-04 -1.08053e-02 0.00000e+00
31.580000 7.27667e-04 -1.10992e-02 0.00000e+00
31.590000 6.13022e-04 -1.11788e-02 0.00000e+00
31.600000 4.99662e-04 -1.11957e-02 0.00000e+00
31.610000 3.81058e-04 -1.12942e-02 0.00000e+00
31.620000 2.46528e-04 -1.12336e-02 0.00000e+00
31.630000 1.19748e-04 -1.10581e-02 0.00000e+00
31.640000 -6.80532e-06 -1.07354e-02 0.00000e+00
31.650000 -1.21832e-04 -1.03356e-02 0.00000e+00
31.660000 -2.23252e-04 -1.00163e-02 0.00000e+00
31.670000 -3.18547e-04 -9.67917e-03 0.00000e+00
31.680000 -4.01503e-04 -9.14989e-03 0.00000e+00
31.690000 -4.57108e-04 -8.57513e-03 0.00000e+00
31.700000 -5.23600e-04 -8.14693e-03 0.00000e+00
31.710000 -6.02201e-04 -7.65533e-03 0.00000e+00
31.720000 -6.78422e-04 -6.93490e-03 0.00000e+00
31.730000 -7.71313e-04 -6.29025e-03 0.00000e+00
31.740000 -8.29257e-04 -5.79567e-03 0.00000e+00
31.750000 -8.76466e-04 -5.18354e-03 0.00000e+00
31.760000 -9.19467e-04 -4.60084e-03 0.00000e+00
31.770000 -9.87043e-04 -4.04598e-03 0.00000e+00
31.780000 -1.00172e-03 -3.46084e-03 0.00000e+00
31.790000 -1.02366e-03 -3.01282e-03 0.00000e+00
31.800000 -1.05629e-03 -2.69174e-03 0.00000e+00
31.810000 -1.07639e-03 -2.43380e-03 0.00000e+00
31.820000 -1.11035e-03 -2.23434e-03 0.00000e+00
31.830000 -1.13311e-03 -2.04187e-03 0.00000e+00
31.840000 -1.15402e-03 -1.86723e-03 0.00000e+00
31.850000 -1.16004e-03 -1.76305e-03 0.00000e+00
31.860000 -1.19410e-03 -1.53705e-03 0.00000e+00
31.870000 -1.20291e-03 -1.20096e-03 0.00000e+00
31.880000 -1.17482e-03 -1.01720e-03 0.00000e+00
31.890000 -1.17428e-03 -9.99129e-04 0.00000e+00
31.900000 -1.20074e-03 -1.09779e-03 0.00000e+00
31.910000 -1.19629e-03 -1.14935e-03 0.00000e+00
31.920000 -1.20045e-03 -1.06690e-03 0.00000e+00
31.930000 -1.22933e-03 -9.72776e-04 0.00000e+00
31.940000 -1.22408e-03 -1.01106e-03 0.00000e+00
31.950000 -1.25171e-03 -9.29235e-04 0.00000e+00
31.960000 -1.28309e-03 -6.81762e-04 0.00000e+00
31.970000 -1.29667e-03 -5.64951e-04 0.00000e+00
31.980000 -1.30850e-03 -5.19353e-04 0.00000e+00
31.990000 -1.31614e-03 -4.59915e-04 0.00000e+00
32.000000 -1.31934e-03 -3.91191e-04 0.00000e+00
32.010000 -1.32593e-03 -3.32711e-04 0.00000e+00
32.020000 -1.32466e-03 -2.45339e-04 0.00000e+00
32.030000 -1.29567e-03 -1.92016e-04 0.00000e+00
32.040000 -1.32034e-03 -1.92219e-04 0.00000e+00
32.050000 -1.34005e-03 7.32130e-05 0.00000e+00
32.060000 -1.33650e-03 4.71763e-04 0.00000e+00
32.070000 -1.30383e-03 7.29359e-04 0.00000e+00
32.080000 -1.26989e-03 1.02191e-03 0.00000e+00
32.090000 -1.25098e-03 1.40144e-03 0.00000e+00
32.100000 -1.24357e-03 1.74119e-03 0.00000e+00
32.110000 -1.22226e-03 2.17108e-03 0.00000e+00
32.120000 -1.17820e-03 2.62757e-03 0.00000e+00
32.130000 -1.18962e-03 2.98742e-03 0.00000e+00
32.140000 -1.18345e-03 3.41851e-03 0.00000e+00
32.150000 -1.15557e-03 3.84139e-03 0.00000e+00
32.160000 -1.11042e-03 4.26465e-03 0.00000e+00
32.170000 -1.08252e-03 4.76223e-03 0.00000e+00
32.180000 -1.03950e-03 5.25351e-03 0.00000e+00
32.190000 -9.86293e-04 5.68130e-03 0.00000e+00
32.200000 -9.24112e-04 6.27781e-03 0.00000e+00
32.210000 -8.48362e-04 6.85319e-03 0.00000e+00
32.220000 -7.39595e-04 7.23470e-03 0.00000e+00
32.230000 -6.92804e-04 7.67099e-03 0.00000e+00
32.240000 -6.03379e-04 8.18862e-03 0.00000e+00
32.250000 -5.18472e-04 8.82298e-03 0.00000e+00
32.260000 -4.17249e-04 9.38543e-03 0.00000e+00
32.270000 -3.22857e-04 9.77937e-03 0.00000e+00
32.280000 -2.10978e-04 1.01538e-02 0.00000e+00
32.290000 -1.31196e-04 1.06043e-02 0.00000e+00
32.300000 -1.63046e-05 1.08100e-02 0.00000e+00
32.310000 7.98610e-05 1.07604e-02 0.00000e+00
32.320000 1.76203e-04 1.07477e-02 0.00000e+00
32.330000 2.98022e-04 1.07304e-02 0.00000e+00
32.340000 4.07626e-04 1.05964e-02 0.00000e+00
32.350000 5.08020e-04 1.02763e-02 0.00000e+00
32.360000 6.21167e-04 9.92408e-03 0.00000e+00
32.370000 7.57814e-04 9.56818e-03 0.00000e+00
32.380000 8.32014e-04 9.13537e-03 0.00000e+00
32.390000 9.45697e-04 8.80314e-03 0.00000e+00
32.400000 1.04016e-03 8.38160e-03 0.00000e+00
32.410000 1.12813e-03 7.73442e-03 0.00000e+00
32.420000 1.21179e-03 7.12690e-03 0.00000e+00
32.430000 1.25182e-03 6.55927e-03 0.00000e+00
32.440000 1.32362e-03 5.92267e-03 0.00000e+00
32.450000 1.37732e-03 5.29570e-03 0.00000e+00
32.460000 1.41477e-03 4.66357e-03 0.00000e+00
32.470000 1.41636e-03 3.98895e-03 0.00000e+00
32.480000 1.47782e-03 3.32588e-03 0.00000e+00
32.490000 1.49876e-03 2.60721e-03 0.00000e+00
32.500000 1.51694e-03 1.90845e-03 0.00000e+00
32.510000 1.51506e-03 1.28370e-03 0.00000e+00
32.520000 1.52552e-03 6.62379e-04 0.00000e+00
32.530000 1.54916e-03 2.37201e-05 0.00000e+00
32.540000 1.54705e-03 -4.29134e-04 0.00000e+00
32.550000 1.54019e-03 -8.75123e-04 0.00000e+00
32.560000 1.55021e-03 -1.37038e-03 0.00000e+00
32.570000 1.50577e-03 -1.74960e-03 0.00000e+00
32.580000 1.48721e-03 -2.12740e-03 0.00000e+00
32.590000 1.48563e-03 -2.45196e-03 0.00000e+00
32.600000 1.45405e-03 -2.81840e-03 0.00000e+00
32.610000 1.41652e-03 -3.11973e-03 0.00000e+00
32.620000 1.40147e-03 -3.33390e-03 0.00000e+00
32.630000 1.35296e-03 -3.69332e-03 0.00000e+00
32.640000 1.30626e-03 -4.11373e-03 0.00000e+00
32.650000 1.25982e-03 -4.30775e-03 0.00000e+00
32.660000 1.21096e-03 -4.42353e-03 0.00000e+00
32.670000 1.16259e-03 -4.65722e-03 0.00000e+00
32.680000 1.12862e-03 -4.88553e-03 0.00000e+00
32.690000 1.06858e-03 -5.08910e-03 0.00000e+00
32.700000 1.02152e-03 -5.18612e-03 0.00000e+00
32.710000 9.87418e-04 -5.24177e-03 0.00000e+00
32.720000 9.15583e-04 -5.34095e-03 0.00000e+00
32.730000 8.63677e-04 -5.32774e-03 0.00000e+00
32.740000 8.13132e-04 -5.32781e-03 0.00000e+00
32.750000 7.55826e-04 -5.41913e-03 0.00000e+00
32.760000 7.11417e-04 -5.36779e-03 0.00000e+00
32.770000 6.51028e-04 -5.28401e-03 0.00000e+00
32.780000 6.06051e-04 -5.25741e-03 0.00000e+00
32.790000 5.23670e-04 -5.12489e-03 0.00000e+00
32.800000 4.72090e-04 -5.01517e-03 0.00000e+00
32.810000 4.51834e-04 -5.03681e-03 0.00000e+00
32.820000 4.05567e-04 -5.00407e-03 0.00000e+00
32.830000 3.23394e-04 -4.97509e-03 0.00000e+00
32.840000 2.80015e-04 -5.01868e-03 0.00000e+00
32.850000 2.34487e-04 -4.95765e-03 0.00000e+00
32.860000 1.88683e-04 -4.91360e-03 0.00000e+00
32.870000 1.44075e-04 -4.99708e-03 0.00000e+00
32.880000 9.89212e-05 -4.98709e-03 0.00000e+00
32.890000 5.04296e-05 -4.98792e-03 0.00000e+00
32.900000 2.00609e-05 -5.05987e-03 0.00000e+00
32.910000 -4.48990e-05 -5.05003e-03 0.00000e+00
32.920000 -8.96840e-05 -5.06331e-03 0.00000e+00
32.930000 -1.30810e-04 -5.13963e-03 0.00000e+00
32.940000 -1.83996e-04 -5.24453e-03 0.00000e+00
32.950000 -2.35634e-04 -5.36942e-03 0.00000e+00
32.960000 -2.87944e-04 -5.49385e-03 0.00000e+00
32.970000 -3.67795e-04 -5.58027e-03 0.00000e+00
32.980000 -4.17860e-04 -5.51495e-03 0.00000e+00
32.990000 -4.66052e-04 -5.45782e-03 0.00000e+00
33.000000 -5.39730e-04 -5.56512e-03 0.00000e+00
33.010000 -5.92384e-04 -5.66029e-03 0.00000e+00
33.020000 -6.34684e-04 -5.68916e-03 0.00000e+00
33.030000 -7.19479e-04 -5.72283e-03 0.00000e+00
33.040000 -7.68527e-04 -5.73199e-03 0.00000e+00
33.050000 -8.07651e-04 -5.72309e-03 0.00000e+00
33.060000 -8.67887e-04 -5.69561e-03 0.00000e+00
33.070000 -9.24212e-04 -5.56296e-03 0.00000e+00
33.080000 -9.73541e-04 -5.43902e-03 0.00000e+00
33.090000 -1.05204e-03 -5.36618e-03 0.00000e+00
33.100000 -1.10229e-03 -5.19531e-03 0.00000e+00
33.110000 -1.14650e-03 -4.93209e-03 0.00000e+00
33.120000 -1.18007e-03 -4.68434e-03 0.00000e+00
33.130000 -1.20490e-03 -4.45177e-03 0.00000e+00
33.140000 -1.25331e-03 -4.22596e-03 0.00000e+00
33.150000 -1.30596e-03 -3.97877e-03 0.00000e+00
33.160000 -1.36410e-03 -3.69652e-03 0.00000e+00
33.170000 -1.39771e-03 -3.39964e-03 0.00000e+00
33.180000 -1.43349e-03 -3.01598e-03 0.00000e+00
33.190000 -1.46794e-03 -2.53357e-03 0.00000e+00
33.200000 -1.48921e-03 -2.09167e-03 0.00000e+00
33.210000 -1.50649e-03 -1.62863e-03 0.00000e+00
33.220000 -1.51806e-03 -9.89946e-04 0.00000e+00
33.230000 -1.52015e-03 -3.42070e-04 0.00000e+00
33.240000 -1.51905e-03 2.61575e-04 0.00000e+00
33.250000 -1.52919e-03 8.85926e-04 0.00000e+00
33.260000 -1.51538e-03 1.46152e-03 0.00000e+00
33.270000 -1.49033e-03 2.04806e-03 0.00000e+00
33.280000 -1.46679e-03 2.70492e-03 0.00000e+00
33.290000 -1.46329e-03 3.42372e-03 0.00000e+00
33.300000 -1.41818e-03 4.30453e-03 0.00000e+00
33.310000 -1.37732e-03 5.13194e-03 0.00000e+00
33.320000 -1.32906e-03 5.78077e-03 0.00000e+00
33.330000 -1.27218e-03 6.36879e-03 0.00000e+00
33.340000 -1.17450e-03 6.94743e-03 0.00000e+00
33.350000 -1.10869e-03 7.48380e-03 0.00000e+00
33.360000 -1.02579e-03 7.92430e-03 0.00000e+00
33.370000 -9.45100e-04 8.32228e-03 0.00000e+00
33.380000 -8.46297e-04 8.68256e-03 0.00000e+00
33.390000 -7.60344e-04 8.92471e-03 0.00000e+00
33.400000 -6.76387e-04 9.18532e-03 0.00000e+00
33.410000 -5.85840e-04 9.45278e-03 0.00000e+00
33.420000 -4.83842e-04 9.53572e-03 0.00000e+00
33.430000 -3.78443e-04 9.50746e-03 0.00000e+00
33.440000 -2.65542e-04 9.50750e-03 0.00000e+00
33.450000 -1.63456e-04 9.46149e-03 0.00000e+00
33.460000 -4.69474e-05 9.18135e-03 0.00000e+00
33.470000 4.64544e-05 8.86233e-03 0.00000e+00
33.480000 1.01099e-04 8.61262e-03 0.00000e+00
33.490000 1.85307e-04 8.31907e-03 0.00000e+00
33.500000 2.69035e-04 7.97426e-03 0.00000e+00
33.510000 3.38180e-04 7.67724e-03 0.00000e+00
33.520000 4.04196e-04 7.33269e-03 0.00000e+00
33.530000 4.73949e-04 6.92192e-03 0.00000e+00
33.540000 5.42319e-04 6.56267e-03 0.00000e+00
33.550000 6.02638e-04 6.22948e-03 0.00000e+00
33.560000 6.60712e-04 5.85630e-03 0.00000e+00
33.570000 7.43488e-04 5.37969e-03 0.00000e+00
33.580000 7.65060e-04 4.87431e-03 0.00000e+00
33.590000 8.04951e-04 4.36346e-03 0.00000e+00
33.600000 8.48127e-04 3.91822e-03 0.00000e+00
33.610000 9.00436e-04 3.53407e-03 0.00000e+00
33.620000 9.17285e-04 3.17211e-03 0.00000e+00
33.630000 9.51843e-04 2.92864e-03 0.00000e+00
33.640000 1.00805e-03 2.74611e-03 0.00000e+00
33.650000 1.03876e-03 2.38672e-03 0.00000e+00
33.660000 1.05888e-03 2.01139e-03 0.00000e+00
33.670000 1.07011e-03 1.76701e-03 0.00000e+00
33.680000 1.08758e-03 1.52873e-03 0.00000e+00
33.690000 1.09305e-03 1.26831e-03 0.00000e+00
33.700000 1.11923e-03 1.01984e-03 0.00000e+00
33.710000 1.12028e-03 8.27186e-04 0.00000e+00
33.720000 1.11397e-03 6.60027e-04 0.00000e+00
33.730000 1.09497e-03 4.54268e-04 0.00000e+00
33.740000 1.09257e-03 4.10711e-04 0.00000e+00
33.750000 1.09189e-03 4.17134e-04 0.00000e+00
33.760000 1.09785e-03 2.48950e-04 0.00000e+00
33.770000 1.11835e-03 1.63920e-04 0.00000e+00
33.780000 1.11904e-03 2.52007e-04 0.00000e+00
33.790000 1.13816e-03 2.60247e-04 0.00000e+00
33.800000 1.14642e-03 1.88483e-04 0.00000e+00
33.810000 1.13535e-03 3.52840e-04 0.00000e+00
33.820000 1.12349e-03 6.15814e-04 0.00000e+00
33.830000 1.14465e-03 7.13183e-04 0.00000e+00
33.840000 1.14114e-03 6.89685e-04 0.00000e+00
33.850000 1.14438e-03 6.54898e-04 0.00000e+00
33.860000 1.13841e-03 6.46407e-04 0.00000e+00
33.870000 1.14804e-03 6.77938e-04 0.00000e+00
33.880000 1.15320e-03 6.19849e-04 0.00000e+00
33.890000 1.15880e-03 3.80254e-04 0.00000e+00
33.900000 1.16245e-03 -3.60459e-05 0.00000e+00
33.910000 1.19860e-03 -4.99045e-04 0.00000e+00
33.920000 1.17627e-03 -8.95813e-04 0.00000e+00
33.930000 1.16973e-03 -1.29398e-03 0.00000e+00
33.940000 1.19367e-03 -1.65448e-03 0.00000e+00
33.950000 1.18214e-03 -2.07400e-03 0.00000e+00
33.960000 1.14716e-03 -2.54165e-03 0.00000e+00
33.970000 1.14890e-03 -2.95680e-03 0.00000e+00
33.980000 1.13630e-03 -3.46458e-03 0.00000e+00
33.990000 1.06860e-03 -4.07403e-03 0.00000e+00
34.000000 9.96481e-04 -4.57480e-03 0.00000e+00
34.010000 9.52212e-04 -5.11276e-03 0.00000e+00
34.020000 9.00472e-04 -5.71579e-03 0.00000e+00
34.030000 8.42567e-04 -6.26756e-03 0.00000e+00
34.040000 7.49991e-04 -6.80806e-03 0.00000e+00
34.050000 6.50957e-04 -7.32034e-03 0.00000e+00
34.060000 5.63212e-04 -7.87601e-03 0.00000e+00
34.070000 4.85382e-04 -8.35706e-03 0.00000e+00
34.080000 4.32116e-04 -8.58171e-03 0.00000e+00
34.090000 3.57321e-04 -8.83649e-03 0.00000e+00
34.100000 2.69659e-04 -9.17220e-03 0.00000e+00
34.110000 1.81380e-04 -9.21510e-03 0.00000e+00
34.120000 7.79577e-05 -9.19948e-03 0.00000e+00
34.130000 -3.19906e-06 -9.32297e-03 0.00000e+00
34.140000 -9.56946e-05 -9.29230e-03 0.00000e+00
34.150000 -2.01462e-04 -9.06912e-03 0.00000e+00
34.160000 -2.91906e-04 -8.95489e-03 0.00000e+00
34.170000 -3.83022e-04 -8.96821e-03 0.00000e+00
34.180000 -5.01388e-04 -8.88939e-03 0.00000e+00
34.190000 -5.67957e-04 -8.69355e-03 0.00000e+00
34.200000 -6.66981e-04 -8.43644e-03 0.00000e+00
34.210000 -7.52787e-04 -8.23584e-03 0.00000e+00
34.220000 -8.41421e-04 -8.11176e-03 0.00000e+00
34.230000 -9.10740e-04 -7.87601e-03 0.00000e+00
34.240000 -9.52016e-04 -7.47441e-03 0.00000e+00
34.250000 -1.01763e-03 -6.88358e-03 0.00000e+00
34.260000 -1.10767e-03 -6.20434e-03 0.00000e+00
34.270000 -1.14506e-03 -5.59995e-03 0.00000e+00
34.280000 -1.19827e-03 -5.04480e-03 0.00000e+00
34.290000 -1.28282e-03 -4.53431e-03 0.00000e+00
34.300000 -1.32240e-03 -3.93858e-03 0.00000e+00
34.310000 -1.35303e-03 -3.25093e-03 0.00000e+00
34.320000 -1.40202e-03 -2.61462e-03 0.00000e+00
34.330000 -1.44847e-03 -1.98381e-03 0.00000e+00
34.340000 -1.46911e-03 -1.34708e-03 0.00000e+00
34.350000 -1.47780e-03 -8.36860e-04 0.00000e+00
34.360000 -1.47810e-03 -2.15500e-04 0.00000e+00
34.370000 -1.47146e-03 4.71010e-04 0.00000e+00
34.380000 -1.46174e-03 9.64531e-04 0.00000e+00
34.390000 -1.42135e-03 1.42736e-03 0.00000e+00
34.400000 -1.37359e-03 1.89880e-03 0.00000e+00
34.410000 -1.34185e-03 2.45539e-03 0.00000e+00
34.420000 -1.31648e-03 2.95873e-03 0.00000e+00
34.430000 -1.30668e-03 3.22939e-03 0.00000e+00
34.440000 -1.28971e-03 3.51852e-03 0.00000e+00
34.450000 -1.25477e-03 3.83699e-03 0.00000e+00
34.460000 -1.20575e-03 3.91127e-03 0.00000e+00
34.470000 -1.14304e-03 3.96866e-03 0.00000e+00
34.480000 -1.10764e-03 4.13065e-03 0.00000e+00
34.490000 -1.06460e-03 4.15338e-03 0.00000e+00
34.500000 -1.02655e-03 4.06622e-03 0.00000e+00
34.510000 -9.82673e-04 3.98516e-03 0.00000e+00
34.520000 -9.37479e-04 3.92799e-03 0.00000e+00
34.530000 -8.69584e-04 3.93109e-03 0.00000e+00
34.540000 -8.66154e-04 3.92894e-03 0.00000e+00
34.550000 -8.32695e-04 3.80474e-03 0.00000e+00
34.560000 -7.84616e-04 3.79132e-03 0.00000e+00
34.570000 -7.51254e-04 4.00743e-03 0.00000e+00
34.580000 -7.17799e-04 4.18444e-03 0.00000e+00
34.590000 -7.02893e-04 4.22437e-03 0.00000e+00
34.600000 -6.64783e-04 4.11636e-03 0.00000e+00
34.610000 -6.18500e-04 3.97672e-03 0.00000e+00
34.620000 -5.92341e-04 3.92473e-03 0.00000e+00
34.630000 -5.50813e-04 3.92775e-03 0.00000e+00
34.640000 -4.86009e-04 4.05429e-03 0.00000e+00
34.650000 -4.54993e-04 4.12656e-03 0.00000e+00
34.660000 -4.15737e-04 4.14168e-03 0.00000e+00
34.670000 -3.56270e-04 4.20821e-03 0.00000e+00
34.680000 -3.10016e-04 4.27887e-03 0.00000e+00
34.690000 -2.54036e-04 4.41563e-03 0.00000e+00
34.700000 -2.03330e-04 4.69322e-03 0.00000e+00
34.710000 -1.74304e-04 4.86321e-03 0.00000e+00
34.720000 -1.25738e-04 4.90910e-03 0.00000e+00
34.730000 -3.98860e-05 5.06818e-03 0.00000e+00
34.740000 -8.58622e-06 5.21258e-03 0.00000e+00
34.750000 5.80754e-06 5.27892e-03 0.00000e+00
34.760000 3.81683e-05 5.27815e-03 0.00000e+00
34.770000 8.63056e-05 5.30287e-03 0.00000e+00
34.780000 1.62174e-04 5.34261e-03 0.00000e+00
34.790000 2.14573e-04 5.34050e-03 0.00000e+00
34.800000 2.71701e-04 5.36508e-03 0.00000e+00
34.810000 3.33188e-04 5.52146e-03 0.00000e+00
34.820000 3.69728e-04 5.62685e-03 0.00000e+00
34.830000 4.54084e-04 5.55328e-03 0.00000e+00
34.840000 5.09636e-04 5.57840e-03 0.00000e+00
34.850000 5.82756e-04 5.66510e-03 0.00000e+00
34.860000 6.46412e-04 5.68519e-03 0.00000e+00
34.870000 7.04539e-04 5.68969e-03 0.00000e+00
34.880000 7.32116e-04 5.54137e-03 0.00000e+00
34.890000 7.97147e-04 5.35976e-03 0.00000e+00
34.900000 8.38334e-04 5.41133e-03 0.00000e+00
34.910000 8.86022e-04 5.42298e-03 0.00000e+00
34.920000 9.28190e-04 5.11834e-03 0.00000e+00
34.930000 9.91855e-04 4.75083e-03 0.00000e+00
34.940000 1.03869e-03 4.45918e-03 0.00000e+00
34.950000 1.08210e-03 4.28743e-03 0.00000e+00
34.960000 1.14402e-03 4.03883e-03 0.00000e+00
34.970000 1.19051e-03 3.65485e-03 0.00000e+00
34.980000 1.22448e-03 3.33680e-03 0.00000e+00
34.990000 1.23303e-03 2.89041e-03 0.00000e+00
35.000000 1.26367e-03 2.51679e-03 0.00000e+00
35.010000 1.31441e-03 2.28663e-03 0.00000e+00
35.020000 1.31463e-03 1.97526e-03 0.00000e+00
35.030000 1.32666e-03 1.60563e-03 0.00000e+00
35.040000 1.33462e-03 1.22946e-03 0.00000e+00
35.050000 1.34042e-03 7.79538e-04 0.00000e+00
35.060000 1.37555e-03 2.53493e-04 0.00000e+00
35.070000 1.37786e-03 -2.84938e-04 0.00000e+00
35.080000 1.34312e-03 -8.37794e-04 0.00000e+00
35.090000 1.32312e-03 -1.46108e-03 0.00000e+00
35.100000 1.33318e-03 -2.07720e-03 0.00000e+00
35.110000 1.30999e-03 -2.58153e-03 0.00000e+00
35.120000 1.28597e-03 -3.11717e-03 0.00000e+00
35.130000 1.22024e-03 -3.64454e-03 0.00000e+00
35.140000 1.21196e-03 -4.08292e-03 0.00000e+00
35.150000 1.17337e-03 -4.54314e-03 0.00000e+00
35.160000 1.12641e-03 -5.12769e-03 0.00000e+00
35.170000 1.10853e-03 -5.72950e-03 0.00000e+00
35.180000 1.03474e-03 -6.13331e-03 0.00000e+00
35.190000 9.49451e-04 -6.55186e-03 0.00000e+00
35.200000 8.78836e-04 -7.11843e-03 0.00000e+00
35.210000 8.12815e-04 -7.58431e-03 0.00000e+00
35.220000 7.17058e-04 -7.96414e-03 0.00000e+00
35.230000 6.26147e-04 -8.09428e-03 0.00000e+00
35.240000 5.48964e-04 -8.09603e-03 0.00000e+00
35.250000 4.64546e-04 -8.24036e-03 0.00000e+00
35.260000 3.65479e-04 -8.37816e-03 0.00000e+00
35.270000 3.05949e-04 -8.32360e-03 0.00000e+00
35.280000 2.23151e-04 -8.21026e-03 0.00000e+00
35.290000 1.23767e-04 -8.18247e-03 0.00000e+00
35.300000 3.90200e-05 -8.18084e-03 0.00000e+00
35.310000 -3.87856e-05 -8.01898e-03 0.00000e+00
35.320000 -1.44253e-04 -7.76698e-03 0.00000e+00
35.330000 -2.24608e-04 -7.54503e-03 0.00000e+00
35.340000 -2.95704e-04 -7.08493e-03 0.00000e+00
35.350000 -3.50889e-04 -6.64349e-03 0.00000e+00
35.360000 -4.41982e-04 -6.37209e-03 0.00000e+00
35.370000 -4.87385e-04 -6.03406e-03 0.00000e+00
35.380000 -5.11107e-04 -5.62409e-03 0.00000e+00
35.390000 -5.50446e-04 -5.27789e-03 0.00000e+00
35.400000 -5.72664e-04 -4.99567e-03 0.00000e+00
35.410000 -6.54470e-04 -4.58782e-03 0.00000e+00
35.420000 -6.96832e-04 -4.15939e-03 0.00000e+00
35.430000 -7.45736e-04 -3.85632e-03 0.00000e+00
35.440000 -7.83475e-04 -3.44349e-03 0.00000e+00
35.450000 -8.43921e-04 -2.92516e-03 0.00000e+00
35.460000 -8.72333e-04 -2.56026e-03 0.00000e+00
35.470000 -8.83222e-04 -2.30212e-03 0.00000e+00
35.480000 -9.00427e-04 -2.00473e-03 0.00000e+00
35.490000 -9.34631e-04 -1.79454e-03 0.00000e+00
35.500000 -9.25081e-04 -1.68307e-03 0.00000e+00
35.510000 -9.37871e-04 -1.55416e-03 0.00000e+00
35.520000 -9.79847e-04 -1.39930e-03 0.00000e+00
35.530000 -9.79292e-04 -1.34147e-03 0.00000e+00
35.540000 -9.85672e-04 -1.28955e-03 0.00000e+00
35.550000 -9.96701e-04 -1.07071e-03 0.00000e+00
35.560000 -1.00152e-03 -8.35383e-04 0.00000e+00
35.570000 -9.92270e-04 -5.48546e-04 0.00000e+00
35.580000 -9.81120e-04 -4.06085e-04 0.00000e+00
35.590000 -1.00722e-03 -4.25355e-04 0.00000e+00
35.600000 -9.99284e-04 -3.91278e-04 0.00000e+00
35.610000 -9.89261e-04 -4.06638e-04 0.00000e+00
35.620000 -1.00889e-03 -4.74321e-04 0.00000e+00
35.630000 -1.03933e-03 -5.12535e-04 0.00000e+00
35.640000 -1.04419e-03 -4.49719e-04 0.00000e+00
35.650000 -1.04566e-03 -3.72761e-04 0.00000e+00
35.660000 -1.06344e-03 -3.78829e-04 0.00000e+00
35.670000 -1.06575e-03 -2.94453e-04 0.00000e+00
35.680000 -1.06420e-03 -1.26488e-04 0.00000e+00
35.690000 -1.05865e-03 -5.09391e-05 0.00000e+00
35.700000 -1.05508e-03 6.30651e-05 0.00000e+00
35.710000 -1.03484e-03 2.69999e-04 0.00000e+00
35.720000 -1.03108e-03 4.69150e-04 0.00000e+00
35.730000 -1.02697e-03 6.69838e-04 0.00000e+00
35.740000 -1.02427e-03 9.58369e-04 0.00000e+00
35.750000 -1.04584e-03 1.33193e-03 0.00000e+00
35.760000 -1.03050e-03 1.59240e-03 0.00000e+00
35.770000 -1.01209e-03 1.90187e-03 0.00000e+00
35.780000 -9.98610e-04 2.38270e-03 0.00000e+00
35.790000 -9.56287e-04 2.81639e-03 0.00000e+00
35.800000 -9.32097e-04 3.16602e-03 0.00000e+00
35.810000 -8.98811e-04 3.51290e-03 0.00000e+00
35.820000 -8.71383e-04 3.87717e-03 0.00000e+00
35.830000 -8.23432e-04 4.25817e-03 0.00000e+00
35.840000 -7.68257e-04 4.70218e-03 0.00000e+00
35.850000 -7.20953e-04 5.15721e-03 0.00000e+00
35.860000 -6.63593e-04 5.58185e-03 0.00000e+00
35.870000 -6.10472e-04 5.96078e-03 0.00000e+00
35.880000 -5.49817e-04 6.38098e-03 0.00000e+00
35.890000 -4.90594e-04 6.80965e-03 0.00000e+00
35.900000 -4.20873e-04 7.19357e-03 0.00000e+00
35.910000 -3.43711e-04 7.54811e-03 0.00000e+00
35.920000 -2.74325e-04 7.74383e-03 0.00000e+00
35.930000 -1.97804e-04 7.81892e-03 0.00000e+00
35.940000 -8.77641e-05 7.96692e-03 0.00000e+00
35.950000 -1.73377e-05 8.09064e-03 0.00000e+00
35.960000 6.61117e-05 8.24749e-03 0.00000e+00
35.970000 1.43640e-04 8.41429e-03 0.00000e+00
35.980000 2.26929e-04 8.41805e-03 0.00000e+00
35.990000 3.16510e-04 8.38245e-03 0.00000e+00
36.000000 4.24817e-04 8.34991e-03 0.00000e+00
36.010000 4.98042e-04 8.32701e-03 0.00000e+00
36.020000 5.67594e-04 8.25370e-03 0.00000e+00
36.030000 6.40765e-04 8.06639e-03 0.00000e+00
36.040000 7.21015e-04 7.75373e-03 0.00000e+00
36.050000 8.08743e-04 7.44082e-03 0.00000e+00
36.060000 8.75973e-04 7.10853e-03 0.00000e+00
36.070000 9.47149e-04 6.66869e-03 0.00000e+00
36.080000 9.97218e-04 6.18451e-03 0.00000e+00
36.090000 1.04983e-03 5.59686e-03 0.00000e+00
36.100000 1.11007e-03 4.96547e-03 0.00000e+00
36.110000 1.19562e-03 4.51281e-03 0.00000e+00
36.120000 1.23302e-03 4.02687e-03 0.00000e+00
36.130000 1.29646e-03 3.40850e-03 0.00000e+00
36.140000 1.30583e-03 2.77383e-03 0.00000e+00
36.150000 1.33448e-03 2.07722e-03 0.00000e+00
36.160000 1.36865e-03 1.39919e-03 0.00000e+00
36.170000 1.37686e-03 8.33927e-04 0.00000e+00
36.180000 1.37755e-03 2.25948e-04 0.00000e+00
36.190000 1.36116e-03 -5.00307e-04 0.00000e+00
36.200000 1.33516e-03 -1.20834e-03 0.00000e+00
36.210000 1.32383e-03 -1.84045e-03 0.00000e+00
36.220000 1.31895e-03 -2.29863e-03 0.00000e+00
36.230000 1.26920e-03 -2.68997e-03 0.00000e+00
36.240000 1.23151e-03 -3.13614e-03 0.00000e+00
36.250000 1.19556e-03 -3.57784e-03 0.00000e+00
36.260000 1.16077e-03 -3.96503e-03 0.00000e+00
36.270000 1.14633e-03 -4.25211e-03 0.00000e+00
36.280000 1.11115e-03 -4.31614e-03 0.00000e+00
36.290000 1.03461e-03 -4.32535e-03 0.00000e+00
36.300000 9.88030e-04 -4.30701e-03 0.00000e+00
36.310000 9.26261e-04 -4.32807e-03 0.00000e+00
36.320000 8.77682e-04 -4.37619e-03 0.00000e+00
36.330000 8.35711e-04 -4.19965e-03 0.00000e+00
36.340000 7.91007e-04 -4.06363e-03 0.00000e+00
36.350000 7.29555e-04 -3.99240e-03 0.00000e+00
36.360000 7.01768e-04 -3.91095e-03 0.00000e+00
36.370000 6.73494e-04 -3.89591e-03 0.00000e+00
36.380000 6.58678e-04 -3.78789e-03 0.00000e+00
36.390000 6.34362e-04 -3.53271e-03 0.00000e+00
36.400000 5.84256e-04 -3.35114e-03 0.00000e+00
36.410000 5.43443e-04 -3.25210e-03 0.00000e+00
36.420000 5.32658e-04 -3.13881e-03 0.00000e+00
36.430000 5.09504e-04 -3.02837e-03 0.00000e+00
36.440000 4.90611e-04 -2.86241e-03 0.00000e+00
36.450000 4.66907e-04 -2.76375e-03 0.00000e+00
36.460000 4.17573e-04 -2.89120e-03 0.00000e+00
36.470000 3.84923e-04 -3.06831e-03 0.00000e+00
36.480000 3.35647e-04 -3.18712e-03 0.00000e+00
36.490000 3.27466e-04 -3.34597e-03 0.00000e+00
36.500000 2.88280e-04 -3.50558e-03 0.00000e+00
36.510000 2.27155e-04 -3.69703e-03 0.00000e+00
36.520000 2.11616e-04 -3.96993e-03 0.00000e+00
36.530000 1.73199e-04 -4.19908e-03 0.00000e+00
36.540000 1.49343e-04 -4.36091e-03 0.00000e+00
36.550000 1.31135e-04 -4.46114e-03 0.00000e+00
36.560000 8.16113e-05 -4.56460e-03 0.00000e+00
36.570000 2.36284e-05 -4.82256e-03 0.00000e+00
36.580000 -3.02746e-05 -5.14715e-03 0.00000e+00
36.590000 -9.34566e-05 -5.30649e-03 0.00000e+00
36.600000 -1.54770e-04 -5.38071e-03 0.00000e+00
36.610000 -2.27540e-04 -5.50224e-03 0.00000e+00
36.620000 -3.06185e-04 -5.69759e-03 0.00000e+00
36.630000 -3.55872e-04 -5.96626e-03 0.00000e+00
36.640000 -3.98873e-04 -6.22784e-03 0.00000e+00
36.650000 -4.49755e-04 -6.47022e-03 0.00000e+00
36.660000 -5.22101e-04 -6.54945e-03 0.00000e+00
36.670000 -5.76122e-04 -6.52220e-03 0.00000e+00
36.680000 -6.45192e-04 -6.59917e-03 0.00000e+00
36.690000 -6.92102e-04 -6.57897e-03 0.00000e+00
36.700000 -7.54191e-04 -6.49260e-03 0.00000e+00
36.710000 -8.17308e-04 -6.42386e-03 0.00000e+00
36.720000 -8.85745e-04 -6.19713e-03 0.00000e+00
36.730000 -9.68717e-04 -5.92919e-03 0.00000e+00
36.740000 -1.03425e-03 -5.70056e-03 0.00000e+00
36.750000 -1.08061e-03 -5.47673e-03 0.00000e+00
36.760000 -1.13077e-03 -5.30767e-03 0.00000e+00
36.770000 -1.21283e-03 -5.14900e-03 0.00000e+00
36.780000 -1.28157e-03 -5.00380e-03 0.00000e+00
36.790000 -1.34314e-03 -4.80456e-03 0.00000e+00
36.800000 -1.36125e-03 -4.37172e-03 0.00000e+00
36.810000 -1.39496e-03 -3.76548e-03 0.00000e+00
36.820000 -1.40125e-03 -3.12552e-03 0.00000e+00
36.830000 -1.41752e-03 -2.63037e-03 0.00000e+00
36.840000 -1.44685e-03 -2.09766e-03 0.00000e+00
36.850000 -1.47449e-03 -1.47371e-03 0.00000e+00
36.860000 -1.48567e-03 -8.18724e-04 0.00000e+00
36.870000 -1.51454e-03 -9.35948e-05 0.00000e+00
36.880000 -1.50474e-03 6.35641e-04 0.00000e+00
36.890000 -1.49491e-03 1.34123e-03 0.00000e+00
36.900000 -1.49467e-03 1.91815e-03 0.00000e+00
36.910000 -1.48991e-03 2.56939e-03 0.00000e+00
36.920000 -1.48166e-03 3.38178e-03 0.00000e+00
36.930000 -1.45319e-03 4.17383e-03 0.00000e+00
36.940000 -1.39175e-03 4.76694e-03 0.00000e+00
36.950000 -1.32502e-03 5.19247e-03 0.00000e+00
36.960000 -1.22111e-03 5.57237e-03 0.00000e+00
36.970000 -1.15351e-03 6.11044e-03 0.00000e+00
36.980000 -1.10339e-03 6.71212e-03 0.00000e+00
36.990000 -1.05521e-03 7.27166e-03 0.00000e+00
37.000000 -9.96428e-04 7.81963e-03 0.00000e+00
37.010000 -8.82065e-04 8.21954e-03 0.00000e+00
37.020000 -8.14010e-04 8.41664e-03 0.00000e+00
37.030000 -7.14613e-04 8.51372e-03 0.00000e+00
37.040000 -6.33319e-04 8.53293e-03 0.00000e+00
37.050000 -5.40824e-04 8.47669e-03 0.00000e+00
37.060000 -4.67004e-04 8.41936e-03 0.00000e+00
37.070000 -3.67253e-04 8.24138e-03 0.00000e+00
37.080000 -2.52970e-04 7.93512e-03 0.00000e+00
37.090000 -1.92070e-04 7.47708e-03 0.00000e+00
37.100000 -1.36654e-04 6.99535e-03 0.00000e+00
37.110000 -7.66873e-05 6.58035e-03 0.00000e+00
37.120000 6.95610e-06 6.17451e-03 0.00000e+00
37.130000 9.33314e-05 5.93610e-03 0.00000e+00
37.140000 1.86093e-04 5.76211e-03 0.00000e+00
37.150000 2.15707e-04 5.43306e-03 0.00000e+00
37.160000 2.66563e-04 4.95565e-03 0.00000e+00
37.170000 2.82821e-04 4.38718e-03 0.00000e+00
37.180000 3.08770e-04 4.03206e-03 0.00000e+00
37.190000 3.16156e-04 3.74432e-03 0.00000e+00
37.200000 3.66252e-04 3.39663e-03 0.00000e+00
37.210000 3.83687e-04 3.07366e-03 0.00000e+00
37.220000 4.13407e-04 2.68601e-03 0.00000e+00
37.230000 4.29924e-04 2.27729e-03 0.00000e+00
37.240000 4.47613e-04 1.95032e-03 0.00000e+00
37.250000 4.60917e-04 1.81994e-03 0.00000e+00
37.260000 4.80853e-04 1.56587e-03 0.00000e+00
37.270000 5.25031e-04 1.12141e-03 0.00000e+00
37.280000 5.39551e-04 7.74626e-04 0.00000e+00
37.290000 5.74411e-04 5.97810e-04 0.00000e+00
37.300000 6.06125e-04 5.25172e-04 0.00000e+00
37.310000 5.97922e-04 5.79017e-04 0.00000e+00
37.320000 5.89349e-04 5.70622e-04 0.00000e+00
37.330000 5.77031e-04 4.47175e-04 0.00000e+00
37.340000 5.89900e-04 2.94710e-04 0.00000e+00
37.350000 6.08036e-04 7.21009e-05 0.00000e+00
37.360000 5.78092e-04 -1.69309e-04 0.00000e+00
37.370000 5.67643e-04 -3.01069e-04 0.00000e+00
37.380000 5.43371e-04 -3.97099e-04 0.00000e+00
37.390000 5.31208e-04 -5.41094e-04 0.00000e+00
37.400000 5.34586e-04 -6.70745e-04 0.00000e+00
37.410000 5.36100e-04 -8.68559e-04 0.00000e+00
37.420000 5.22405e-04 -1.07000e-03 0.00000e+00
37.430000 4.89364e-04 -1.21409e-03 0.00000e+00
37.440000 5.15221e-04 -1.14732e-03 0.00000e+00
37.450000 5.34762e-04 -9.57789e-04 0.00000e+00
37.460000 5.34155e-04 -7.08204e-04 0.00000e+00
37.470000 5.19801e-04 -3.64371e-04 0.00000e+00
37.480000 5.19500e-04 -1.04911e-04 0.00000e+00
37.490000 4.82748e-04 1.13001e-05 0.00000e+00
37.500000 4.73859e-04 2.59471e-05 0.00000e+00
37.510000 4.58316e-04 5.70832e-05 0.00000e+00
37.520000 4.57355e-04 2.09737e-04 0.00000e+00
37.530000 4.56335e-04 2.47537e-04 0.00000e+00
37.540000 4.60939e-04 8.98585e-05 0.00000e+00
37.550000 4.39604e-04 -8.12233e-05 0.00000e+00
37.560000 4.47684e-04 -2.26625e-04 0.00000e+00
37.570000 4.40487e-04 -3.20975e-04 0.00000e+00
37.580000 4.53802e-04 -4.36468e-04 0.00000e+00
37.590000 4.83754e-04 -6.29741e-04 0.00000e+00
37.600000 5.19287e-04 -9.34772e-04 0.00000e+00
37.610000 5.51473e-04 -1.16163e-03 0.00000e+00
37.620000 5.45356e-04 -1.16076e-03 0.00000e+00
37.630000 5.32258e-04 -1.23684e-03 0.00000e+00
37.640000 4.94171e-04 -1.46630e-03 0.00000e+00
37.650000 4.54171e-04 -1.61521e-03 0.00000e+00
37.660000 4.04854e-04 -1.82098e-03 0.00000e+00
37.670000 3.73233e-04 -2.16043e-03 0.00000e+00
37.680000 3.48605e-04 -2.49483e-03 0.00000e+00
37.690000 3.19487e-04 -2.77070e-03 0.00000e+00
37.700000 2.61654e-04 -2.98723e-03 0.00000e+00
37.710000 2.30646e-04 -3.18541e-03 0.00000e+00
37.720000 2.20011e-04 -3.40672e-03 0.00000e+00
37.730000 1.89762e-04 -3.60582e-03 0.00000e+00
37.740000 1.51212e-04 -3.76063e-03 0.00000e+00
37.750000 1.09246e-04 -3.84141e-03 0.00000e+00
37.760000 8.59680e-05 -3.72137e-03 0.00000e+00
37.770000 5.98177e-05 -3.46944e-03 0.00000e+00
37.780000 4.77006e-05 -3.07459e-03 0.00000e+00
37.790000 2.09841e-05 -2.61421e-03 0.00000e+00
37.800000 -4.15268e-05 -2.27068e-03 0.00000e+00
37.810000 -5.62118e-05 -2.07804e-03 0.00000e+00
37.820000 -7.83090e-05 -1.88650e-03 0.00000e+00
37.830000 -1.30686e-04 -1.69303e-03 0.00000e+00
37.840000 -1.57824e-04 -1.55453e-03 0.00000e+00
37.850000 -1.63692e-04 -1.35665e-03 0.00000e+00
37.860000 -1.67178e-04 -1.03085e-03 0.00000e+00
37.870000 -1.81342e-04 -7.26774e-04 0.00000e+00
37.880000 -1.84896e-04 -4.56888e-04 0.00000e+00
37.890000 -1.83833e-04 -5.66975e-05 0.00000e+00
37.900000 -1.77243e-04 2.95507e-04 0.00000e+00
37.910000 -1.62651e-04 4.87055e-04 0.00000e+00
37.920000 -1.35259e-04 5.63816e-04 0.00000e+00
37.930000 -1.16976e-04 7.08194e-04 0.00000e+00
37.940000 -1.09599e-04 8.67608e-04 0.00000e+00
37.950000 -8.80055e-05 1.02484e-03 0.00000e+00
37.960000 -1.00730e-04 1.27453e-03 0.00000e+00
37.970000 -1.20705e-04 1.34188e-03 0.00000e+00
37.980000 -1.07907e-04 1.35680e-03 0.00000e+00
37.990000 -7.30350e-05 1.38422e-03 0.00000e+00
38.000000 -7.37662e-05 1.25533e-03 0.00000e+00
38.010000 -4.87062e-05 1.05273e-03 0.00000e+00
38.020000 -1.15706e-05 8.81503e-04 0.00000e+00
38.030000 2.39826e-05 7.87032e-04 0.00000e+00
38.040000 1.43166e-05 7.03081e-04 0.00000e+00
38.050000 2.00734e-05 6.01246e-04 0.00000e+00
38.060000 6.57958e-06 4.87369e-04 0.00000e+00
38.070000 -1.83224e-05 3.55831e-04 0.00000e+00
38.080000 -2.26838e-05 2.18308e-04 0.00000e+00
38.090000 -1.27778e-05 1.21863e-04 0.00000e+00
38.100000 1.53617e-05 5.82116e-06 0.00000e+00
38.110000 -7.56233e-08 -1.35676e-04 0.00000e+00
38.120000 2.70019e-05 -1.68892e-04 0.00000e+00
38.130000 1.73308e-05 -2.84513e-04 0.00000e+00
38.140000 -1.19548e-05 -5.30762e-04 0.00000e+00
38.150000 -1.49216e-05 -6.85231e-04 0.00000e+00
38.160000 -4.00368e-05 -6.60956e-04 0.00000e+00
38.170000 -3.16403e-05 -6.85568e-04 0.00000e+00
38.180000 -4.15277e-05 -7.20295e-04 0.00000e+00
38.190000 -2.78127e-05 -5.72646e-04 0.00000e+00
38.200000 -2.19460e-05 -3.30248e-04 0.00000e+00
38.210000 -2.77512e-05 -1.64640e-04 0.00000e+00
38.220000 -4.70129e-05 -1.05081e-04 0.00000e+00
38.230000 -6.26004e-05 -9.29492e-05 0.00000e+00
38.240000 -7.73742e-05 -1.66599e-04 0.00000e+00
38.250000 -8.51458e-05 -2.22332e-04 0.00000e+00
38.260000 -8.73744e-05 -2.14868e-04 0.00000e+00
38.270000 -8.90789e-05 -7.35174e-05 0.00000e+00
38.280000 -6.55074e-05 -2.48201e-05 0.00000e+00
38.290000 -5.95888e-05 8.02263e-05 0.00000e+00
38.300000 -7.36788e-05 2.53073e-04 0.00000e+00
38.310000 -4.43840e-05 2.11492e-04 0.00000e+00
38.320000 -3.66959e-05 1.85225e-04 0.00000e+00
38.330000 -2.41808e-05 1.70249e-04 0.00000e+00
38.340000 -3.87736e-05 2.31273e-04 0.00000e+00
38.350000 -5.01699e-06 2.90871e-04 0.00000e+00
38.360000 -1.14995e-05 3.47252e-04 0.00000e+00
38.370000 -1.06360e-05 5.25872e-04 0.00000e+00
38.380000 -3.62433e-05 6.55554e-04 0.00000e+00
38.390000 -3.92453e-05 6.44333e-04 0.00000e+00
38.400000 -4.60491e-05 5.13358e-04 0.00000e+00
38.410000 -3.08355e-05 3.98177e-04 0.00000e+00
38.420000 -2.99896e-05 2.94881e-04 0.00000e+00
38.430000 -1.87578e-05 2.10708e-04 0.00000e+00
38.440000 -1.12163e-05 1.64441e-04 0.00000e+00
38.450000 -2.09991e-05 1.94581e-04 0.00000e+00
38.460000 1.53197e-05 2.25231e-04 0.00000e+00
38.470000 -1.28799e-05 1.49095e-04 0.00000e+00
38.480000 1.54518e-06 1.94019e-04 0.00000e+00
38.490000 1.62610e-05 2.32148e-04 0.00000e+00
38.500000 2.78604e-05 1.60996e-04 0.00000e+00
38.510000 3.87246e-05 1.30865e-04 0.00000e+00
38.520000 2.02805e-05 2.62185e-04 0.00000e+00
38.530000 4.16609e-05 4.04453e-04 0.00000e+00
38.540000 2.99537e-05 4.78512e-04 0.00000e+00
38.550000 8.15682e-06 5.05529e-04 0.00000e+00
38.560000 -9.41278e-06 4.34160e-04 0.00000e+00
38.570000 -2.58250e-06 3.50056e-04 0.00000e+00
38.580000 1.83847e-05 2.78006e-04 0.00000e+00
38.590000 1.79552e-05 2.36255e-04 0.00000e+00
38.600000 3.63206e-05 1.73074e-04 0.00000e+00
38.610000 3.66419e-05 8.41553e-05 0.00000e+00
38.620000 4.08624e-05 -2.82263e-05 0.00000e+00
38.630000 2.96981e-05 6.27368e-05 0.00000e+00
38.640000 4.44756e-05 1.51043e-04 0.00000e+00
38.650000 4.79849e-05 1.17638e-04 0.00000e+00
38.660000 2.76414e-05 1.92764e-04 0.00000e+00
38.670000 5.96059e-05 2.56211e-04 0.00000e+00
38.680000 8.88082e-05 2.71033e-04 0.00000e+00
38.690000 9.19777e-05 1.89324e-04 0.00000e+00
38.700000 6.77707e-05 1.06265e-04 0.00000e+00
38.710000 7.13549e-05 7.38538e-05 0.00000e+00
38.720000 3.94140e-05 -8.21239e-05 0.00000e+00
38.730000 2.91395e-05 -2.41973e-04 0.00000e+00
38.740000 2.07607e-05 -2.79012e-04 0.00000e+00
38.750000 2.43534e-05 -2.10625e-04 0.00000e+00
38.760000 2.64174e-05 -1.82001e-04 0.00000e+00
38.770000 2.60914e-05 -1.73932e-04 0.00000e+00
38.780000 3.81689e-05 -1.76606e-04 0.00000e+00
38.790000 6.64030e-05 -2.96010e-04 0.00000e+00
38.800000 8.01960e-05 -4.25378e-04 0.00000e+00
38.810000 4.68238e-05 -4.40792e-04 0.00000e+00
38.820000 3.73219e-05 -3.89004e-04 0.00000e+00
38.830000 2.74071e-05 -4.79954e-04 0.00000e+00
38.840000 4.04083e-06 -4.29195e-04 0.00000e+00
38.850000 -4.96495e-06 -1.37014e-04 0.00000e+00
38.860000 -8.37677e-06 3.69920e-05 0.00000e+00
38.870000 -4.53477e-07 -6.26938e-06 0.00000e+00
38.880000 1.11329e-05 -1.12669e-05 0.00000e+00
38.890000 9.10725e-06 -5.75388e-06 0.00000e+00
38.900000 3.72280e-05 -7.71798e-05 0.00000e+00
38.910000 2.68748e-05 -1.18494e-04 0.00000e+00
38.920000 1.84476e-05 -1.75870e-04 0.00000e+00
38.930000 -8.35151e-06 -1.96727e-04 0.00000e+00
38.940000 -7.34382e-06 -2.00611e-04 0.00000e+00
38.950000 -2.72712e-05 -1.75016e-04 0.00000e+00
38.960000 -1.81101e-05 1.84810e-06 0.00000e+00
38.970000 1.09820e-05 2.45531e-04 0.00000e+00
38.980000 2.60135e-05 2.70800e-04 0.00000e+00
38.990000 2.06330e-05 1.44518e-04 0.00000e+00
39.000000 2.38574e-05 1.17739e-04 0.00000e+00
39.010000 5.49898e-05 3.79386e-05 0.00000e+00
39.020000 2.53833e-05 -7.97203e-05 0.00000e+00
39.030000 -3.29705e-06 -1.32231e-04 0.00000e+00
39.040000 -4.12953e-06 -1.94874e-04 0.00000e+00
39.050000 1.78248e-05 -1.36564e-04 0.00000e+00
39.060000 -3.08003e-07 -5.69843e-05 0.00000e+00
39.070000 2.41250e-06 2.74276e-05 0.00000e+00
39.080000 -5.10625e-06 1.09907e-04 0.00000e+00
39.090000 -1.49457e-06 4.06267e-05 0.00000e+00
39.100000 1.17090e-05 -8.55989e-05 0.00000e+00
39.110000 1.41678e-05 -1.52766e-04 0.00000e+00
39.120000 2.05330e-05 -2.45223e-04 0.00000e+00
39.130000 2.42556e-05 -3.33116e-04 0.00000e+00
39.140000 -5.36840e-06 -2.97139e-04 0.00000e+00
39.150000 -2.90168e-05 -1.95671e-04 0.00000e+00
39.160000 -2.31128e-05 -1.57994e-04 0.00000e+00
39.170000 -4.98064e-06 -2.17208e-04 0.00000e+00
39.180000 -2.56522e-05 -1.19244e-04 0.00000e+00
39.190000 -2.84089e-06 -1.07967e-04 0.00000e+00
39.200000 -1.10607e-05 -2.82584e-04 0.00000e+00
39.210000 -2.48167e-06 -3.50398e-04 0.00000e+00
39.220000 1.33132e-05 -2.83544e-04 0.00000e+00
39.230000 -1.42014e-05 -2.47254e-04 0.00000e+00
39.240000 -2.03291e-05 -2.85380e-04 0.00000e+00
39.250000 -3.53806e-05 -3.19075e-04 0.00000e+00
39.260000 -4.79912e-05 -4.23454e-04 0.00000e+00
39.270000 -3.03037e-05 -4.38132e-04 0.00000e+00
39.280000 -3.62847e-05 -3.56438e-04 0.00000e+00
39.290000 -4.42452e-05 -3.13036e-04 0.00000e+00
39.300000 -3.93722e-05 -2.89412e-04 0.00000e+00
39.310000 -4.53053e-05 -3.50934e-04 0.00000e+00
39.320000 -4.51798e-05 -4.67427e-04 0.00000e+00
39.330000 -6.63017e-05 -4.88062e-04 0.00000e+00
39.340000 -6.71768e-05 -3.94130e-04 0.00000e+00
39.350000 -5.24189e-05 -4.03553e-04 0.00000e+00
39.360000 -8.24958e-05 -3.40183e-04 0.00000e+00
39.370000 -5.43168e-05 -1.97479e-04 0.00000e+00
39.380000 -5.97353e-05 -1.16664e-04 0.00000e+00
39.390000 -6.00708e-05 5.38115e-05 0.00000e+00
39.400000 -8.02977e-05 1.53307e-04 0.00000e+00
39.410000 -8.40720e-05 1.93493e-04 0.00000e+00
39.420000 -9.29975e-05 2.53165e-04 0.00000e+00
39.430000 -9.09551e-05 2.90830e-04 0.00000e+00
39.440000 -6.09925e-05 4.16065e-04 0.00000e+00
39.450000 -6.76958e-05 5.40943e-04 0.00000e+00
39.460000 -7.53555e-05 5.12307e-04 0.00000e+00
39.470000 -6.68715e-05 4.59907e-04 0.00000e+00
39.480000 -5.56287e-05 4.63298e-04 0.00000e+00
39.490000 -3.60682e-05 5.62734e-04 0.00000e+00
39.500000 -2.78875e-05 5.90963e-04 0.00000e+00
39.510000 -2.06494e-05 4.90183e-04 0.00000e+00
39.520000 -1.94977e-05 5.22896e-04 0.00000e+00
39.530000 1.91010e-05 5.29816e-04 0.00000e+00
39.540000 -1.03462e-06 5.36413e-04 0.00000e+00
39.550000 1.72817e-05 6.06598e-04 0.00000e+00
39.560000 1.52539e-05 6.19610e-04 0.00000e+00
39.570000 2.18098e-05 6.02418e-04 0.00000e+00
39.580000 1.91076e-05 4.51858e-04 0.00000e+00
39.590000 2.50780e-05 2.84594e-04 0.00000e+00
39.600000 1.68979e-05 1.76940e-04 0.00000e+00
39.610000 1.65090e-05 2.12297e-04 0.00000e+00
39.620000 -9.55251e-06 1.83769e-04 0.00000e+00
39.630000 -9.62027e-06 1.41162e-05 0.00000e+00
39.640000 7.32435e-06 -8.42291e-05 0.00000e+00
39.650000 3.40221e-05 -1.47870e-04 0.00000e+00
39.660000 3.46367e-05 -1.51975e-04 0.00000e+00
39.670000 8.98652e-06 -2.11554e-04 0.00000e+00
39.680000 1.50378e-05 -2.89169e-04 0.00000e+00
39.690000 4.16446e-05 -3.16044e-04 0.00000e+00
39.700000 2.33695e-05 -2.59638e-04 0.00000e+00
39.710000 2.88791e-05 -2.04892e-04 0.00000e+00
39.720000 1.57951e-05 -1.93826e-04 0.00000e+00
39.730000 1.32480e-05 -1.47773e-04 0.00000e+00
39.740000 -7.29859e-06 -1.15562e-04 0.00000e+00
39.750000 -2.52077e-05 -8.22636e-05 0.00000e+00
39.760000 2.57512e-08 -6.27929e-05 0.00000e+00
39.770000 -1.98552e-06 -6.95426e-05 0.00000e+00
39.780000 -1.00136e-06 -9.52229e-05 0.00000e+00
39.790000 -3.44511e-05 -2.30399e-04 0.00000e+00
39.800000 -1.29991e-05 -3.61136e-04 0.00000e+00
39.810000 -1.81980e-05 -3.60359e-04 0.00000e+00
39.820000 -1.64934e-05 -2.20791e-04 0.00000e+00
39.830000 -1.81724e-05 -6.07056e-05 0.00000e+00
39.840000 -2.89613e-05 -1.06031e-04 0.00000e+00
39.850000 4.48967e-07 -1.46844e-04 0.00000e+00
39.860000 -2.32001e-06 -1.96941e-05 0.00000e+00
39.870000 3.40974e-06 3.79369e-05 0.00000e+00
39.880000 4.39991e-07 7.50737e-07 0.00000e+00
39.890000 -7.26876e-06 -5.08726e-05 0.00000e+00
39.900000 -1.06223e-05 -9.09682e-05 0.00000e+00
39.910000 -1.67233e-05 -1.74250e-04 0.00000e+00
39.920000 -2.48668e-05 -3.13357e-04 0.00000e+00
39.930000 -3.41831e-05 -2.93097e-04 0.00000e+00
39.940000 -3.82613e-05 -2.09437e-04 0.00000e+00
39.950000 -4.18704e-05 -1.77620e-04 0.00000e+00
39.960000 -4.51685e-05 -2.80346e-04 0.00000e+00
39.970000 -1.63521e-05 -2.95900e-04 0.00000e+00
39.980000 -2.06293e-05 -2.37774e-04 0.00000e+00
39.990000 -5.70560e-06 -2.84726e-04 0.00000e+00
40.000000 -3.96582e-05 -3.13273e-04 0.00000e+00
40.010000 -4.77472e-05 -4.32063e-04 0.00000e+00
40.020000 -4.24882e-05 -4.01393e-04 0.00000e+00
40.030000 -5.24733e-05 -2.59513e-04 0.00000e+00
40.040000 -7.40766e-05 -2.23949e-04 0.00000e+00
40.050000 -7.51144e-05 -1.58525e-04 0.00000e+00
40.060000 -7.43315e-05 -1.11457e-04 0.00000e+00
40.070000 -6.11632e-05 -7.63456e-05 0.00000e+00
40.080000 -7.18017e-05 -5.39115e-05 0.00000e+00
40.090000 -4.65406e-05 -4.78125e-05 0.00000e+00
40.100000 -4.79643e-05 -4.25268e-05 0.00000e+00
40.110000 -5.14122e-05 -1.06279e-04 0.00000e+00
40.120000 -6.36603e-05 -1.10216e-04 0.00000e+00
40.130000 -6.67843e-05 -5.53255e-05 0.00000e+00
40.140000 -5.13149e-05 5.53869e-05 0.00000e+00
40.150000 -7.93275e-05 1.91938e-04 0.00000e+00
40.160000 -7.25581e-05 3.50420e-04 0.00000e+00
40.170000 -6.95330e-05 4.19646e-04 0.00000e+00
40.180000 -6.38861e-05 2.94858e-04 0.00000e+00
40.190000 -2.40487e-05 2.97696e-04 0.00000e+00
40.200000 -4.59389e-05 3.29042e-04 0.00000e+00
40.210000 -4.25243e-05 2.71167e-04 0.00000e+00
40.220000 -3.42313e-05 2.32674e-04 0.00000e+00
40.230000 -4.08599e-05 2.06357e-04 0.00000e+00
40.240000 -3.75933e-05 2.71682e-04 0.00000e+00
40.250000 -4.15782e-05 2.70044e-04 0.00000e+00
40.260000 -3.20746e-05 2.97736e-04 0.00000e+00
40.270000 -3.40503e-05 3.96296e-04 0.00000e+00
40.280000 -3.01504e-05 4.14784e-04 0.00000e+00
40.290000 5.48660e-06 3.87989e-04 0.00000e+00
40.300000 -7.52996e-06 3.07377e-04 0.00000e+00
40.310000 8.73822e-07 3.02665e-04 0.00000e+00
40.320000 -4.43131e-06 1.71908e-04 0.00000e+00
40.330000 -2.88644e-06 1.62172e-05 0.00000e+00
40.340000 -3.21970e-05 -8.21755e-06 0.00000e+00
40.350000 -2.75109e-05 -3.36571e-05 0.00000e+00
40.360000 3.02902e-06 8.32308e-05 0.00000e+00
40.370000 -1.23931e-05 9.92529e-05 0.00000e+00
40.380000 2.78144e-06 -1.31079e-05 0.00000e+00
40.390000 -3.52906e-06 3.85123e-07 0.00000e+00
40.400000 3.18526e-06 2.52192e-05 0.00000e+00
40.410000 9.92142e-06 -2.07182e-05 0.00000e+00
40.420000 -1.26030e-05 -1.01360e-04 0.00000e+00
40.430000 1.19338e-05 -1.22541e-04 0.00000e+00
40.440000 -1.13157e-05 -1.26381e-04 0.00000e+00
40.450000 -9.72911e-06 -1.20855e-04 0.00000e+00
40.460000 -2.86679e-05 1.30323e-05 0.00000e+00
40.470000 -2.55802e-05 1.30841e-04 0.00000e+00
40.480000 -2.66568e-05 1.70834e-04 0.00000e+00
40.490000 -3.35291e-05 2.27733e-04 0.00000e+00
40.500000 6.28738e-07 2.71724e-04 0.00000e+00
40.510000 -1.33820e-06 1.80303e-04 0.00000e+00
40.520000 4.08631e-06 9.41874e-05 0.00000e+00
40.530000 2.81610e-06 2.12109e-04 0.00000e+00
40.540000 -1.79501e-05 2.93211e-04 0.00000e+00
40.550000 4.93398e-06 3.58901e-04 0.00000e+00
40.560000 1.05178e-05 4.13873e-04 0.00000e+00
40.570000 7.02410e-06 3.91104e-04 0.00000e+00
40.580000 -4.09643e-06 4.06105e-04 0.00000e+00
40.590000 1.81350e-05 3.61971e-04 0.00000e+00
40.600000 3.00767e-05 3.45961e-04 0.00000e+00
40.610000 3.72043e-05 3.23366e-04 0.00000e+00
40.620000 4.79443e-05 2.27466e-04 0.00000e+00
40.630000 4.81088e-05 1.41492e-04 0.00000e+00
40.640000 4.08836e-05 2.62490e-05 0.00000e+00
40.650000 3.58117e-05 -1.15596e-04 0.00000e+00
40.660000 3.62454e-05 -2.61825e-04 0.00000e+00
40.670000 2.77619e-05 -2.31161e-04 0.00000e+00
40.680000 2.31074e-05 -1.93479e-04 0.00000e+00
40.690000 4.90255e-05 -2.73023e-04 0.00000e+00
40.700000 4.15052e-05 -3.95920e-04 0.00000e+00
40.710000 3.21062e-05 -5.56934e-04 0.00000e+00
40.720000 2.18900e-05 -5.51896e-04 0.00000e+00
40.730000 -2.34151e-06 -4.89846e-04 0.00000e+00
40.740000 -6.69484e-06 -5.66332e-04 0.00000e+00
40.750000 -6.62185e-06 -6.47072e-04 0.00000e+00
40.760000 -1.50240e-05 -5.80033e-04 0.00000e+00
40.770000 -1.96163e-05 -4.39829e-04 0.00000e+00
40.780000 -2.84278e-05 -3.52541e-04 0.00000e+00
40.790000 -3.33105e-05 -2.49624e-04 0.00000e+00
40.800000 -3.60559e-05 -1.38210e-04 0.00000e+00
40.810000 -4.93483e-05 -6.03988e-05 0.00000e+00
40.820000 -4.44782e-05 2.38557e-06 0.00000e+00
40.830000 -2.69298e-05 3.82986e-05 0.00000e+00
40.840000 -2.44952e-05 3.96266e-05 0.00000e+00
40.850000 -5.16604e-05 4.92876e-05 0.00000e+00
40.860000 -4.48152e-05 2.41262e-04 0.00000e+00
40.870000 -4.12355e-05 4.53111e-04 0.00000e+00
40.880000 -3.78776e-06 5.33437e-04 0.00000e+00
40.890000 1.44704e-06 5.93806e-04 0.00000e+00
40.900000 -1.19437e-05 5.87773e-04 0.00000e+00
40.910000 -4.43708e-06 5.66788e-04 0.00000e+00
40.920000 2.98913e-05 5.99448e-04 0.00000e+00
40.930000 3.18613e-05 5.63823e-04 0.00000e+00
40.940000 2.67746e-05 4.90415e-04 0.00000e+00
40.950000 2.17776e-05 4.57886e-04 0.00000e+00
40.960000 3.31108e-05 3.79281e-04 0.00000e+00
40.970000 2.67356e-05 2.73525e-04 0.00000e+00
40.980000 3.22582e-05 1.57800e-04 0.00000e+00
40.990000 2.41280e-05 6.48964e-05 0.00000e+00
41.000000 2.82001e-05 7.04845e-05 0.00000e+00
41.010000 3.98071e-05 1.08059e-05 0.00000e+00
41.020000 6.17347e-05 -1.55331e-04 0.00000e+00
41.030000 6.98066e-05 -2.31404e-04 0.00000e+00
41.040000 4.32248e-05 -2.68809e-04 0.00000e+00
41.050000 3.68954e-05 -1.82409e-04 0.00000e+00
41.060000 2.96456e-05 -1.00891e-04 0.00000e+00
41.070000 2.05208e-05 -1.72790e-04 0.00000e+00
41.080000 1.74957e-05 -1.92060e-04 0.00000e+00
41.090000 8.45115e-06 -5.29954e-05 0.00000e+00
41.100000 -5.29746e-06 7.45094e-05 0.00000e+00
41.110000 7.82806e-06 5.11594e-05 0.00000e+00
41.120000 4.82940e-06 1.30022e-05 0.00000e+00
41.130000 -6.49386e-06 1.11672e-05 0.00000e+00
41.140000 4.91503e-06 2.52350e-05 0.00000e+00
41.150000 1.06689e-05 -1.68979e-05 0.00000e+00
41.160000 1.78108e-05 -4.29446e-05 0.00000e+00
41.170000 1.81924e-05 -6.30477e-05 0.00000e+00
41.180000 1.04954e-05 -4.84502e-05 0.00000e+00
41.190000 4.59611e-05 1.28395e-04 0.00000e+00
41.200000 4.99573e-05 2.82751e-04 0.00000e+00
41.210000 4.43222e-05 2.28937e-04 0.00000e+00
41.220000 5.74978e-05 1.71196e-04 0.00000e+00
41.230000 2.82015e-05 2.48683e-04 0.00000e+00
41.240000 5.19940e-05 2.70285e-04 0.00000e+00
41.250000 4.85504e-05 1.82793e-04 0.00000e+00
41.260000 4.89078e-05 1.21426e-04 0.00000e+00
41.270000 1.84353e-05 8.81564e-05 0.00000e+00
41.280000 2.07496e-05 5.90296e-05 0.00000e+00
41.290000 2.23225e-05 5.39771e-05 0.00000e+00
41.300000 2.39005e-05 -1.84256e-05 0.00000e+00
41.310000 2.54831e-05 -3.04317e-05 0.00000e+00
41.320000 1.98971e-05 4.91417e-05 0.00000e+00
41.330000 4.46585e-05 5.74849e-05 0.00000e+00
41.340000 3.40235e-05 4.32195e-05 0.00000e+00
41.350000 5.70420e-05 -5.90174e-05 0.00000e+00
41.360000 5.59879e-05 -1.32969e-05 0.00000e+00
41.370000 2.68578e-05 1.31356e-04 0.00000e+00
41.380000 3.46956e-05 5.65198e-05 0.00000e+00
41.390000 5.75154e-05 3.00884e-05 0.00000e+00
41.400000 5.27180e-05 1.40578e-05 0.00000e+00
41.410000 2.28052e-05 4.61582e-05 0.00000e+00
41.420000 2.82653e-05 8.47887e-05 0.00000e+00
41.430000 4.92944e-05 -4.67777e-05 0.00000e+00
41.440000 4.47680e-05 -2.07475e-04 0.00000e+00
41.450000 3.65376e-05 -3.09379e-04 0.00000e+00
41.460000 4.60313e-05 -3.91974e-04 0.00000e+00
41.470000 3.78200e-05 -4.71208e-04 0.00000e+00
41.480000 5.35358e-05 -5.69092e-04 0.00000e+00
41.490000 2.78970e-05 -6.84484e-04 0.00000e+00
41.500000 1.21025e-05 -6.32648e-04 0.00000e+00
41.510000 1.07104e-05 -6.00376e-04 0.00000e+00
41.520000 -1.35245e-06 -6.09982e-04 0.00000e+00
41.530000 2.35050e-05 -5.79369e-04 0.00000e+00
41.540000 -1.97410e-05 -6.77169e-04 0.00000e+00
41.550000 -2.85905e-05 -7.40345e-04 0.00000e+00
41.560000 -9.58190e-06 -6.23132e-04 0.00000e+00
41.570000 -2.69956e-05 -5.78615e-04 0.00000e+00
41.580000 -3.94536e-05 -6.93373e-04 0.00000e+00
41.590000 -8.10643e-05 -7.48009e-04 0.00000e+00
41.600000 -7.85679e-05 -6.35779e-04 0.00000e+00
41.610000 -6.08376e-05 -5.54576e-04 0.00000e+00
41.620000 -6.84428e-05 -6.35469e-04 0.00000e+00
41.630000 -8.27328e-05 -5.64916e-04 0.00000e+00
41.640000 -7.10742e-05 -4.17314e-04 0.00000e+00
41.650000 -8.40133e-05 -2.56202e-04 0.00000e+00
41.660000 -5.78456e-05 -1.67271e-04 0.00000e+00
41.670000 -6.18226e-05 -2.15736e-04 0.00000e+00
41.680000 -8.58730e-05 -1.42332e-04 0.00000e+00
41.690000 -8.49300e-05 -8.10767e-05 0.00000e+00
41.700000 -8.69556e-05 8.53161e-05 0.00000e+00
41.710000 -8.62324e-05 1.68604e-04 0.00000e+00
41.720000 -7.61324e-05 1.02618e-04 0.00000e+00
41.730000 -8.40251e-05 2.32921e-04 0.00000e+00
41.740000 -1.04218e-04 2.97755e-04 0.00000e+00
41.750000 -8.35445e-05 2.66244e-04 0.00000e+00
41.760000 -7.62294e-05 1.85067e-04 0.00000e+00
41.770000 -7.21105e-05 1.34470e-04 0.00000e+00
41.780000 -8.75463e-05 2.50708e-04 0.00000e+00
41.790000 -7.04596e-05 3.42142e-04 0.00000e+00
41.800000 -2.65982e-05 3.32541e-04 0.00000e+00
41.810000 -5.32116e-05 3.79242e-04 0.00000e+00
41.820000 -4.16883e-05 4.09286e-04 0.00000e+00
41.830000 -6.84986e-05 4.54382e-04 0.00000e+00
41.840000 -3.99930e-05 5.48224e-04 0.00000e+00
41.850000 -3.37508e-05 4.72099e-04 0.00000e+00
41.860000 -3.87822e-05 3.46998e-04 0.00000e+00
41.870000 -2.45059e-05 2.98822e-04 0.00000e+00
41.880000 -5.13375e-05 2.76807e-04 0.00000e+00
41.890000 -3.18025e-05 2.62193e-04 0.00000e+00
41.900000 -2.98340e-05 2.01724e-04 0.00000e+00
41.910000 -4.32125e-05 2.07503e-05 0.00000e+00
41.920000 -1.70743e-05 -3.98887e-05 0.00000e+00
41.930000 -1.51565e-05 4.86445e-06 0.00000e+00
41.940000 4.31393e-06 -2.08272e-05 0.00000e+00
41.950000 -3.26616e-06 -1.08783e-04 0.00000e+00
41.960000 -6.87474e-06 -1.26930e-04 0.00000e+00
41.970000 -1.39737e-05 8.64630e-05 0.00000e+00
41.980000 -7.94481e-06 1.86085e-04 0.00000e+00
41.990000 -2.98342e-05 1.49939e-04 0.00000e+00
42.000000 -2.13455e-05 1.11684e-04 0.00000e+00
42.010000 -3.88727e-05 1.79797e-04 0.00000e+00
42.020000 -4.49115e-05 3.27574e-04 0.00000e+00
42.030000 -3.87249e-05 2.86308e-04 0.00000e+00
42.040000 -2.22402e-05 2.92144e-04 0.00000e+00
42.050000 -3.04613e-05 3.11711e-04 0.00000e+00
42.060000 -2.82626e-05 2.98681e-04 0.00000e+00
42.070000 -2.89277e-05 3.65373e-04 0.00000e+00
42.080000 -1.13545e-05 3.78260e-04 0.00000e+00
42.090000 1.67338e-05 4.97491e-04 0.00000e+00
42.100000 9.56954e-06 6.54618e-04 0.00000e+00
42.110000 2.04556e-05 7.42388e-04 0.00000e+00
42.120000 3.61759e-05 7.90038e-04 0.00000e+00
42.130000 5.90932e-05 7.57379e-04 0.00000e+00
42.140000 5.86387e-05 7.19400e-04 0.00000e+00
42.150000 3.83415e-05 6.67507e-04 0.00000e+00
42.160000 5.07396e-05 5.53778e-04 0.00000e+00
42.170000 6.05445e-05 3.95810e-04 0.00000e+00
42.180000 7.22703e-05 2.80378e-04 0.00000e+00
42.190000 4.47591e-05 1.70854e-04 0.00000e+00
42.200000 4.85659e-05 4.64039e-05 0.00000e+00
42.210000 7.89021e-05 -4.93988e-05 0.00000e+00
42.220000 7.59205e-05 -1.24232e-04 0.00000e+00
42.230000 7.78220e-05 -2.38179e-04 0.00000e+00
42.240000 9.05632e-05 -3.58559e-04 0.00000e+00
42.250000 8.54642e-05 -4.54432e-04 0.00000e+00
42.260000 8.85744e-05 -4.24517e-04 0.00000e+00
42.270000 4.91540e-05 -4.20557e-04 0.00000e+00
42.280000 4.06260e-05 -5.39182e-04 0.00000e+00
42.290000 2.08483e-05 -5.34496e-04 0.00000e+00
42.300000 1.76602e-05 -4.26940e-04 0.00000e+00
42.310000 6.10686e-06 -3.64459e-04 0.00000e+00
42.320000 -2.80591e-06 -4.16697e-04 0.00000e+00
42.330000 -4.80967e-06 -4.46943e-04 0.00000e+00
42.340000 -4.29344e-06 -3.77037e-04 0.00000e+00
42.350000 1.45560e-05 -3.26923e-04 0.00000e+00
42.360000 -1.25807e-06 -3.79781e-04 0.00000e+00
42.370000 -8.32113e-06 -4.36551e-04 0.00000e+00
42.380000 -1.30635e-06 -3.11303e-04 0.00000e+00
42.390000 4.79296e-06 -2.10246e-04 0.00000e+00
42.400000 -8.05010e-06 -2.24416e-04 0.00000e+00
42.410000 -2.98897e-07 -1.09148e-04 0.00000e+00
42.420000 -4.24902e-06 -3.21737e-05 0.00000e+00
42.430000 1.15208e-05 2.73191e-05 0.00000e+00
42.440000 -1.33988e-05 5.95773e-05 0.00000e+00
42.450000 -4.32142e-06 -1.50865e-05 0.00000e+00
42.460000 1.65184e-05 -9.09612e-05 0.00000e+00
42.470000 1.01526e-06 -2.04777e-04 0.00000e+00
42.480000 -6.30556e-06 -2.35605e-04 0.00000e+00
42.490000 -1.18765e-05 -2.26007e-04 0.00000e+00
42.500000 -9.08791e-06 -2.90998e-04 0.00000e+00
42.510000 -1.49796e-05 -3.11929e-04 0.00000e+00
42.520000 -2.76557e-05 -1.65020e-04 0.00000e+00
42.530000 -1.96429e-05 -7.22942e-05 0.00000e+00
42.540000 -1.74395e-05 -1.03399e-04 0.00000e+00
42.550000 -1.67867e-05 -7.09758e-05 0.00000e+00
42.560000 -4.02709e-05 2.04595e-05 0.00000e+00
42.570000 -2.83599e-05 -5.50423e-06 0.00000e+00
42.580000 -1.80652e-05 -1.45726e-05 0.00000e+00
42.590000 -4.42706e-05 4.64039e-05 0.00000e+00
42.600000 -1.86842e-05 1.56011e-04 0.00000e+00
42.610000 -4.14261e-05 1.84721e-04 0.00000e+00
42.620000 -4.21231e-05 1.73497e-04 0.00000e+00
42.630000 -3.82794e-05 3.60258e-04 0.00000e+00
42.640000 -2.37958e-05 4.13214e-04 0.00000e+00
42.650000 6.66274e-06 4.03846e-04 0.00000e+00
42.660000 -4.34484e-06 4.56650e-04 0.00000e+00
42.670000 -1.35445e-06 5.03038e-04 0.00000e+00
42.680000 3.13298e-05 5.06839e-04 0.00000e+00
42.690000 3.05942e-05 3.87193e-04 0.00000e+00
42.700000 9.23032e-06 3.46344e-04 0.00000e+00
42.710000 1.45224e-05 3.86977e-04 0.00000e+00
42.720000 2.09554e-05 3.73241e-04 0.00000e+00
42.730000 1.78149e-05 2.64261e-04 0.00000e+00
42.740000 1.00893e-05 1.81102e-04 0.00000e+00
42.750000 4.41385e-05 1.85851e-04 0.00000e+00
42.760000 3.48966e-05 5.74429e-05 0.00000e+00
42.770000 4.78707e-05 -1.85872e-05 0.00000e+00
42.780000 2.39076e-05 -6.92311e-05 0.00000e+00
42.790000 5.16673e-05 -2.29866e-04 0.00000e+00
42.800000 3.70992e-05 -3.78269e-04 0.00000e+00
42.810000 1.60607e-05 -4.75495e-04 0.00000e+00
42.820000 3.83021e-05 -4.06253e-04 0.00000e+00
42.830000 1.48689e-05 -3.75268e-04 0.00000e+00
42.840000 7.72017e-06 -4.62181e-04 0.00000e+00
42.850000 -1.39721e-05 -4.38489e-04 0.00000e+00
42.860000 -9.32822e-06 -3.71317e-04 0.00000e+00
42.870000 8.30516e-06 -4.30374e-04 0.00000e+00
42.880000 -1.06140e-05 -5.33671e-04 0.00000e+00
42.890000 -1.99599e-05 -5.28959e-04 0.00000e+00
42.900000 -2.54466e-05 -5.22551e-04 0.00000e+00
42.910000 -2.13600e-05 -5.25174e-04 0.00000e+00
42.920000 -3.40151e-05 -3.71683e-04 0.00000e+00
42.930000 -3.93141e-05 -2.02427e-04 0.00000e+00
42.940000 -2.89512e-05 -4.98335e-05 0.00000e+00
42.950000 -4.56351e-05 2.76700e-05 0.00000e+00
42.960000 -4.64386e-05 1.79251e-04 0.00000e+00
42.970000 -4.30160e-05 3.58695e-04 0.00000e+00
42.980000 -2.18107e-05 3.69713e-04 0.00000e+00
42.990000 -1.68802e-05 4.94519e-04 0.00000e+00
43.000000 -3.57685e-05 5.71612e-04 0.00000e+00
43.010000 -3.31923e-05 5.63146e-04 0.00000e+00
43.020000 -2.26474e-05 5.02786e-04 0.00000e+00
43.030000 -1.89373e-05 4.55806e-04 0.00000e+00
43.040000 -1.89101e-05 6.09165e-04 0.00000e+00
43.050000 -5.33382e-06 6.90483e-04 0.00000e+00
43.060000 2.49880e-05 6.10267e-04 0.00000e+00
43.070000 2.65940e-05 4.82597e-04 0.00000e+00
43.080000 5.89370e-05 3.90555e-04 0.00000e+00
43.090000 5.80226e-05 3.16033e-04 0.00000e+00
43.100000 6.07730e-05 1.85319e-04 0.00000e+00
43.110000 5.74435e-05 5.15437e-05 0.00000e+00
43.120000 4.84128e-05 -8.11997e-05 0.00000e+00
43.130000 6.27032e-05 -2.20932e-04 0.00000e+00
43.140000 3.07439e-05 -3.55460e-04 0.00000e+00
43.150000 3.75719e-05 -4.33340e-04 0.00000e+00
43.160000 2.79508e-05 -4.75554e-04 0.00000e+00
43.170000 9.42958e-06 -6.07900e-04 0.00000e+00
43.180000 1.37577e-05 -7.85358e-04 0.00000e+00
43.190000 -2.25985e-06 -8.94462e-04 0.00000e+00
43.200000 1.85871e-05 -9.11998e-04 0.00000e+00
43.210000 2.66474e-06 -9.15305e-04 0.00000e+00
43.220000 -3.70900e-05 -9.57859e-04 0.00000e+00
43.230000 -5.59504e-05 -8.26360e-04 0.00000e+00
43.240000 -6.26001e-05 -6.41047e-04 0.00000e+00
43.250000 -5.41280e-05 -4.53984e-04 0.00000e+00
43.260000 -6.50788e-05 -2.39891e-04 0.00000e+00
43.270000 -7.55189e-05 -1.03695e-04 0.00000e+00
43.280000 -7.69610e-05 4.49394e-05 0.00000e+00
43.290000 -6.34925e-05 1.49978e-04 0.00000e+00
43.300000 -7.36180e-05 2.67412e-04 0.00000e+00
43.310000 -7.10488e-05 3.43681e-04 0.00000e+00
43.320000 -6.45158e-05 3.65050e-04 0.00000e+00
43.330000 -5.84517e-05 4.53093e-04 0.00000e+00
43.340000 -5.57168e-05 5.54299e-04 0.00000e+00
43.350000 -4.13929e-05 6.78336e-04 0.00000e+00
43.360000 -1.55810e-05 7.40850e-04 0.00000e+00
43.370000 8.71791e-06 7.98571e-04 0.00000e+00
43.380000 6.66083e-06 8.94382e-04 0.00000e+00
43.390000 2.02960e-05 8.43795e-04 0.00000e+00
43.400000 5.64009e-05 6.74899e-04 0.00000e+00
43.410000 3.55380e-05 5.40006e-04 0.00000e+00
43.420000 4.49009e-05 5.42403e-04 0.00000e+00
43.430000 3.20087e-05 5.12249e-04 0.00000e+00
43.440000 3.36765e-05 3.75240e-04 0.00000e+00
43.450000 3.10825e-05 2.43431e-04 0.00000e+00
43.460000 2.41489e-05 1.92742e-04 0.00000e+00
43.470000 2.72352e-05 1.03481e-04 0.00000e+00
43.480000 3.27334e-05 -1.06043e-04 0.00000e+00
43.490000 3.30607e-05 -2.53946e-04 0.00000e+00
43.500000 5.48445e-05 -3.34393e-04 0.00000e+00
43.510000 4.75654e-05 -4.36819e-04 0.00000e+00
43.520000 3.16792e-05 -5.20100e-04 0.00000e+00
43.530000 1.28547e-05 -5.14699e-04 0.00000e+00
43.540000 1.68860e-05 -4.62712e-04 0.00000e+00
43.550000 1.35190e-05 -5.04973e-04 0.00000e+00
43.560000 -1.32192e-06 -5.44401e-04 0.00000e+00
43.570000 -1.06129e-05 -3.65227e-04 0.00000e+00
43.580000 7.59330e-06 -2.56900e-04 0.00000e+00
43.590000 5.85489e-06 -3.00362e-04 0.00000e+00
43.600000 -1.91234e-05 -3.42247e-04 0.00000e+00
43.610000 -1.92351e-05 -3.49866e-04 0.00000e+00
43.620000 -2.24053e-05 -2.44332e-04 0.00000e+00
43.630000 -2.27137e-05 -1.70318e-04 0.00000e+00
43.640000 -4.49472e-05 -1.91688e-04 0.00000e+00
43.650000 -4.08682e-05 -1.26127e-04 0.00000e+00
43.660000 -1.86018e-05 -1.42515e-05 0.00000e+00
43.670000 -2.09789e-05 1.04819e-04 0.00000e+00
43.680000 -2.26665e-05 2.38154e-04 0.00000e+00
43.690000 -1.69149e-05 2.84347e-04 0.00000e+00
43.700000 -1.50855e-05 2.58657e-04 0.00000e+00
43.710000 -1.95254e-05 2.01499e-04 0.00000e+00
43.720000 -1.75382e-05 2.63536e-04 0.00000e+00
43.730000 8.13802e-06 3.33864e-04 0.00000e+00
43.740000 1.14084e-05 2.98341e-04 0.00000e+00
43.750000 -1.64865e-05 3.13305e-04 0.00000e+00
43.760000 -1.10478e-05 3.69388e-04 0.00000e+00
43.770000 7.22618e-06 3.18766e-04 0.00000e+00
43.780000 2.80700e-05 2.31462e-04 0.00000e+00
43.790000 3.01931e-05 1.94212e-04 0.00000e+00
43.800000 7.72540e-06 1.01771e-04 0.00000e+00
43.810000 8.86186e-06 -4.25616e-05 0.00000e+00
43.820000 3.59293e-05 -1.81485e-04 0.00000e+00
43.830000 1.49086e-05 -1.56769e-04 0.00000e+00
43.840000 1.83347e-05 -9.13222e-05 0.00000e+00
43.850000 1.18305e-05 -1.68392e-04 0.00000e+00
43.860000 4.83438e-06 -2.02135e-04 0.00000e+00
43.870000 -2.84798e-06 -1.95918e-04 0.00000e+00
43.880000 2.49060e-06 -2.46467e-04 0.00000e+00
43.890000 2.68765e-05 -3.41357e-04 0.00000e+00
43.900000 -6.56470e-06 -3.43054e-04 0.00000e+00
43.910000 -1.43694e-05 -2.73619e-04 0.00000e+00
43.920000 -1.76601e-05 -3.78631e-04 0.00000e+00
43.930000 -2.00023e-05 -4.85482e-04 0.00000e+00
43.940000 -3.36797e-05 -4.15022e-04 0.00000e+00
43.950000 -3.45236e-05 -2.50911e-04 0.00000e+00
43.960000 -3.88695e-05 -1.43988e-04 0.00000e+00
43.970000 -4.70579e-05 -2.20015e-04 0.00000e+00
43.980000 -2.62887e-05 -3.03674e-04 0.00000e+00
43.990000 -2.83077e-05 -1.83381e-04 0.00000e+00
44.000000 -6.12004e-06 -1.13931e-04 0.00000e+00
44.010000 -3.74926e-05 -2.14868e-04 0.00000e+00
44.020000 -4.04911e-05 -1.85562e-04 0.00000e+00
44.030000 -3.09298e-05 -1.39388e-04 0.00000e+00
44.040000 -4.51301e-05 -1.72805e-04 0.00000e+00
44.050000 -5.19475e-05 -1.85145e-04 0.00000e+00
44.060000 -5.23080e-05 -6.72440e-05 0.00000e+00
44.070000 -3.69150e-05 -3.00660e-05 0.00000e+00
44.080000 -4.23057e-05 -1.76716e-04 0.00000e+00
44.090000 -4.97799e-05 -2.26969e-04 0.00000e+00
44.100000 -2.49243e-05 -1.65262e-04 0.00000e+00
44.110000 -2.96004e-05 -1.58733e-04 0.00000e+00
44.120000 -3.91918e-05 -1.92778e-04 0.00000e+00
44.130000 -6.95284e-05 -1.65788e-04 0.00000e+00
44.140000 -6.73071e-05 -1.89683e-04 0.00000e+00
44.150000 -5.46048e-05 -1.72724e-04 0.00000e+00
44.160000 -4.83482e-05 -1.11983e-04 0.00000e+00
44.170000 -7.82652e-05 3.21317e-05 0.00000e+00
44.180000 -6.93225e-05 1.12812e-04 0.00000e+00
44.190000 -3.99682e-05 -1.04525e-05 0.00000e+00
44.200000 -7.24139e-05 3.36788e-05 0.00000e+00
44.210000 -6.53823e-05 1.12775e-04 0.00000e+00
44.220000 -6.64235e-05 7.48326e-05 0.00000e+00
44.230000 -5.46872e-05 4.55972e-06 0.00000e+00
44.240000 -7.82525e-05 2.94148e-05 0.00000e+00
44.250000 -6.55871e-05 1.73565e-04 0.00000e+00
44.260000 -3.63266e-05 1.97529e-04 0.00000e+00
44.270000 -3.37728e-05 2.92708e-04 0.00000e+00
44.280000 -5.00629e-05 3.92122e-04 0.00000e+00
44.290000 -3.71105e-05 3.77787e-04 0.00000e+00
44.300000 -3.52942e-05 2.90855e-04 0.00000e+00
44.310000 -4.26894e-05 2.05188e-04 0.00000e+00
44.320000 -2.66774e-05 3.02594e-04 0.00000e+00
44.330000 -2.42897e-05 3.58761e-04 0.00000e+00
44.340000 -1.38430e-05 2.83747e-04 0.00000e+00
44.350000 -4.43970e-05 2.53894e-04 0.00000e+00
44.360000 -3.83337e-05 3.95039e-04 0.00000e+00
44.370000 -2.79643e-06 4.09186e-04 0.00000e+00
44.380000 -3.08585e-05 2.62545e-04 0.00000e+00
44.390000 -2.51644e-05 2.03910e-04 0.00000e+00
44.400000 -2.12125e-05 1.72598e-04 0.00000e+00
44.410000 1.56242e-05 9.57253e-05 0.00000e+00
44.420000 7.08966e-06 8.94424e-06 0.00000e+00
44.430000 -1.48981e-05 1.08684e-04 0.00000e+00
44.440000 2.81851e-06 2.24276e-04 0.00000e+00
44.450000 -2.45199e-05 1.48589e-04 0.00000e+00
44.460000 -3.79515e-06 1.05842e-04 0.00000e+00
44.470000 -1.16202e-05 1.01348e-04 0.00000e+00
44.480000 1.26470e-05 -5.77303e-07 0.00000e+00
44.490000 1.00043e-05 -9.84492e-05 0.00000e+00
44.500000 -1.23796e-05 -1.67546e-04 0.00000e+00
44.510000 6.98937e-06 -1.92190e-04 0.00000e+00
44.520000 2.08077e-06 -2.87209e-04 0.00000e+00
44.530000 -4.96105e-06 -4.31970e-04 0.00000e+00
44.540000 -3.68749e-05 -4.03811e-04 0.00000e+00
44.550000 -3.19926e-05 -4.18082e-04 0.00000e+00
44.560000 -1.76771e-05 -4.92073e-04 0.00000e+00
44.570000 -2.21975e-05 -5.51482e-04 0.00000e+00
44.580000 -1.28703e-05 -4.53495e-04 0.00000e+00
44.590000 -1.92879e-05 -3.20569e-04 0.00000e+00
44.600000 -8.24231e-06 -3.87430e-04 0.00000e+00
44.610000 -4.92506e-05 -3.74776e-04 0.00000e+00
44.620000 -5.70983e-05 -4.13483e-04 0.00000e+00
44.630000 -6.05045e-05 -4.06204e-04 0.00000e+00
44.640000 -7.99248e-05 -3.32466e-04 0.00000e+00
44.650000 -8.75271e-05 -2.25895e-04 0.00000e+00
44.660000 -8.37280e-05 -7.91066e-05 0.00000e+00
44.670000 -7.59598e-05 -1.22367e-04 0.00000e+00
44.680000 -6.62615e-05 -8.41168e-05 0.00000e+00
44.690000 -7.62736e-05 5.78703e-05 0.00000e+00
44.700000 -6.63342e-05 1.30544e-04 0.00000e+00
44.710000 -6.04339e-05 1.10228e-04 0.00000e+00
44.720000 -5.78357e-05 8.54931e-05 0.00000e+00
44.730000 -5.64106e-05 1.98974e-04 0.00000e+00
44.740000 -5.59859e-05 3.22919e-04 0.00000e+00
44.750000 -2.55370e-05 4.56834e-04 0.00000e+00
44.760000 -5.44812e-05 5.87650e-04 0.00000e+00
44.770000 -4.40814e-05 7.07774e-04 0.00000e+00
44.780000 -3.80151e-05 7.20053e-04 0.00000e+00
44.790000 -3.88197e-05 6.19082e-04 0.00000e+00
44.800000 -1.06091e-05 6.05477e-04 0.00000e+00
44.810000 -2.58027e-05 5.22243e-04 0.00000e+00
44.820000 -5.19498e-06 3.81555e-04 0.00000e+00
44.830000 -2.70235e-05 2.88546e-04 0.00000e+00
44.840000 -1.55421e-05 2.40563e-04 0.00000e+00
44.850000 8.03658e-06 2.80371e-04 0.00000e+00
44.860000 8.26592e-06 2.56280e-04 0.00000e+00
44.870000 5.61806e-06 1.29077e-04 0.00000e+00
44.880000 1.19834e-05 7.33574e-05 0.00000e+00
44.890000 2.04387e-05 7.67691e-05 0.00000e+00
44.900000 3.56592e-05 8.71029e-05 0.00000e+00
44.910000 2.76079e-05 8.45850e-05 0.00000e+00
44.920000 3.12631e-05 1.75737e-04 0.00000e+00
44.930000 1.11097e-05 1.48250e-04 0.00000e+00
44.940000 8.56976e-06 5.29927e-05 0.00000e+00
44.950000 -1.10658e-05 4.03906e-05 0.00000e+00
44.960000 -7.75919e-06 1.35029e-06 0.00000e+00
44.970000 -7.51829e-06 9.66111e-05 0.00000e+00
44.980000 -1.80294e-05 1.45898e-04 0.00000e+00
44.990000 -4.50333e-06 1.22675e-04 0.00000e+00
45.000000 1.60018e-06 9.24248e-05 0.00000e+00
45.010000 1.47485e-05 7.48537e-05 0.00000e+00
45.020000 1.85887e-05 1.74055e-04 0.00000e+00
45.030000 -1.97079e-06 2.91860e-04 0.00000e+00
45.040000 9.91450e-06 3.01592e-04 0.00000e+00
45.050000 3.94846e-05 2.27419e-04 0.00000e+00
45.060000 4.40641e-05 2.12826e-04 0.00000e+00
45.070000 4.45390e-05 2.78418e-04 0.00000e+00
45.080000 3.99989e-05 3.39830e-04 0.00000e+00
45.090000 4.07358e-05 3.48574e-04 0.00000e+00
45.100000 1.99912e-05 2.79321e-04 0.00000e+00
45.110000 4.65478e-05 1.36216e-04 0.00000e+00
45.120000 3.53263e-05 1.65169e-05 0.00000e+00
45.130000 5.94168e-05 -5.05456e-05 0.00000e+00
45.140000 5.39165e-05 -1.05826e-04 0.00000e+00
45.150000 3.93280e-05 -1.90263e-04 0.00000e+00
45.160000 3.91997e-05 -2.42248e-04 0.00000e+00
45.170000 5.08727e-05 -3.03696e-04 0.00000e+00
45.180000 4.90302e-05 -3.34546e-04 0.00000e+00
45.190000 4.20620e-05 -3.03286e-04 0.00000e+00
45.200000 2.87870e-05 -3.74859e-04 0.00000e+00
45.210000 2.26045e-07 -4.36352e-04 0.00000e+00
45.220000 4.13021e-06 -3.35640e-04 0.00000e+00
45.230000 2.02197e-05 -2.30599e-04 0.00000e+00
45.240000 1.44892e-05 -1.69232e-04 0.00000e+00
45.250000 7.40504e-06 -1.25469e-04 0.00000e+00
45.260000 -1.38003e-05 -1.30944e-04 0.00000e+00
45.270000 -1.35446e-05 -1.78178e-04 0.00000e+00
45.280000 -1.55453e-05 -1.25710e-04 0.00000e+00
45.290000 1.16188e-05 -4.69534e-05 0.00000e+00
45.300000 -1.05680e-06 6.04051e-05 0.00000e+00
45.310000 2.69496e-06 1.98637e-04 0.00000e+00
45.320000 1.36873e-06 1.85770e-04 0.00000e+00
45.330000 4.06892e-06 1.79487e-04 0.00000e+00
45.340000 -6.14601e-07 2.81075e-04 0.00000e+00
45.350000 2.91627e-05 3.41326e-04 0.00000e+00
45.360000 2.16934e-05 3.30594e-04 0.00000e+00
45.370000 2.80646e-05 3.45162e-04 0.00000e+00
45.380000 3.61584e-05 2.97617e-04 0.00000e+00
45.390000 4.61528e-05 2.72871e-04 0.00000e+00
45.400000 3.51801e-05 3.80621e-04 0.00000e+00
45.410000 4.59225e-05 4.17536e-04 0.00000e+00
45.420000 3.10654e-05 3.89463e-04 0.00000e+00
45.430000 3.96957e-05 3.47489e-04 0.00000e+00
45.440000 4.86053e-05 2.32337e-04 0.00000e+00
45.450000 6.26024e-05 2.01498e-04 0.00000e+00
45.460000 5.20967e-05 3.55568e-04 0.00000e+00
45.470000 6.67595e-05 4.68635e-04 0.00000e+00
45.480000 4.32974e-05 4.79657e-04 0.00000e+00
45.490000 4.99780e-05 4.83793e-04 0.00000e+00
45.500000 5.75265e-05 3.88773e-04 0.00000e+00
45.510000 6.55945e-05 3.01091e-04 0.00000e+00
45.520000 4.93577e-05 3.88989e-04 0.00000e+00
45.530000 7.80949e-05 4.68265e-04 0.00000e+00
45.540000 8.22195e-05 4.33025e-04 0.00000e+00
45.550000 8.87444e-05 3.97842e-04 0.00000e+00
45.560000 9.25591e-05 3.05026e-04 0.00000e+00
45.570000 9.63311e-05 1.67560e-04 0.00000e+00
45.580000 7.89500e-05 1.14893e-04 0.00000e+00
45.590000 1.07373e-04 1.06497e-04 0.00000e+00
45.600000 9.84254e-05 5.67478e-05 0.00000e+00
45.610000 1.12470e-04 2.24918e-05 0.00000e+00
45.620000 1.40978e-04 -3.34956e-06 0.00000e+00
45.630000 1.36941e-04 -8.13930e-05 0.00000e+00
45.640000 1.03220e-04 -1.79079e-04 0.00000e+00
45.650000 9.82974e-05 -3.01132e-04 0.00000e+00
45.660000 7.68428e-05 -4.32176e-04 0.00000e+00
45.670000 7.57609e-05 -5.15758e-04 0.00000e+00
45.680000 9.69306e-05 -5.93327e-04 0.00000e+00
45.690000 9.13649e-05 -7.09132e-04 0.00000e+00
45.700000 5.48596e-05 -7.26146e-04 0.00000e+00
45.710000 4.23815e-05 -7.09202e-04 0.00000e+00
45.720000 2.67835e-05 -7.66543e-04 0.00000e+00
45.730000 2.49586e-05 -8.32219e-04 0.00000e+00
45.740000 4.45390e-05 -9.29267e-04 0.00000e+00
45.750000 5.35427e-05 -1.00163e-03 0.00000e+00
45.760000 3.71956e-05 -8.87524e-04 0.00000e+00
45.770000 1.44469e-05 -7.46439e-04 0.00000e+00
45.780000 3.75979e-06 -6.52338e-04 0.00000e+00
45.790000 -7.85541e-06 -3.79992e-04 0.00000e+00
45.800000 -1.57659e-05 -1.84080e-04 0.00000e+00
45.810000 -2.13898e-05 -2.01606e-04 0.00000e+00
45.820000 -1.82679e-05 -1.81975e-04 0.00000e+00
45.830000 -2.44438e-05 -1.21222e-04 0.00000e+00
45.840000 -2.81337e-05 -7.67519e-05 0.00000e+00
45.850000 -2.46996e-05 9.93897e-05 0.00000e+00
45.860000 -2.21190e-05 2.24815e-04 0.00000e+00
45.870000 -1.93342e-05 1.60519e-04 0.00000e+00
45.880000 -4.05071e-05 1.31444e-04 0.00000e+00
45.890000 -2.73390e-05 1.69520e-04 0.00000e+00
45.900000 -2.54441e-05 2.21499e-04 0.00000e+00
45.910000 4.56908e-06 3.94858e-04 0.00000e+00
45.920000 3.75582e-05 6.25257e-04 0.00000e+00
45.930000 5.22043e-05 6.93240e-04 0.00000e+00
45.940000 3.02993e-05 5.75011e-04 0.00000e+00
45.950000 4.48357e-05 4.94329e-04 0.00000e+00
45.960000 3.56259e-05 4.20654e-04 0.00000e+00
45.970000 9.77950e-06 3.29410e-04 0.00000e+00
45.980000 2.41624e-05 2.97667e-04 0.00000e+00
45.990000 3.95611e-05 2.76781e-04 0.00000e+00
46.000000 3.34137e-05 1.97107e-04 0.00000e+00
46.010000 3.56482e-05 7.44965e-05 0.00000e+00
46.020000 3.53706e-05 -2.09325e-05 0.00000e+00
46.030000 1.80331e-05 -1.25456e-04 0.00000e+00
46.040000 4.22302e-05 -2.41577e-04 0.00000e+00
46.050000 6.03423e-05 -4.27233e-04 0.00000e+00
46.060000 5.72370e-05 -5.76669e-04 0.00000e+00
46.070000 5.53060e-05 -7.15939e-04 0.00000e+00
46.080000 4.70865e-05 -7.49000e-04 0.00000e+00
46.090000 1.64008e-05 -6.04469e-04 0.00000e+00
46.100000 -1.50751e-05 -4.80801e-04 0.00000e+00
46.110000 -1.52552e-05 -4.59007e-04 0.00000e+00
46.120000 8.36374e-07 -4.28390e-04 0.00000e+00
46.130000 -1.85011e-05 -3.88357e-04 0.00000e+00
46.140000 -2.84468e-06 -4.62373e-04 0.00000e+00
46.150000 -1.72907e-05 -4.42587e-04 0.00000e+00
46.160000 -3.18996e-05 -3.07095e-04 0.00000e+00
46.170000 -5.14021e-05 -2.71074e-04 0.00000e+00
46.180000 -4.63343e-05 -3.23867e-04 0.00000e+00
46.190000 -5.64921e-05 -3.05006e-04 0.00000e+00
46.200000 -5.73013e-05 -2.81808e-04 0.00000e+00
46.210000 -5.67684e-05 -1.38206e-04 0.00000e+00
46.220000 -4.90083e-05 1.64286e-04 0.00000e+00
46.230000 -3.68372e-05 3.57192e-04 0.00000e+00
46.240000 -3.37917e-05 4.42809e-04 0.00000e+00
46.250000 6.05009e-06 4.84456e-04 0.00000e+00
46.260000 -7.05206e-06 4.50220e-04 0.00000e+00
46.270000 -2.57370e-06 3.53705e-04 0.00000e+00
46.280000 -5.87595e-06 3.13877e-04 0.00000e+00
46.290000 -1.47824e-06 4.24720e-04 0.00000e+00
46.300000 -1.00279e-05 4.59445e-04 0.00000e+00
46.310000 4.01433e-06 4.99823e-04 0.00000e+00
46.320000 8.46057e-06 5.69789e-04 0.00000e+00
46.330000 -1.56708e-06 4.62404e-04 0.00000e+00
46.340000 -9.77534e-06 3.04790e-04 0.00000e+00
46.350000 1.17833e-05 2.55386e-04 0.00000e+00
46.360000 4.28057e-05 2.73294e-04 0.00000e+00
46.370000 4.99209e-05 2.84688e-04 0.00000e+00
46.380000 6.54214e-05 2.55881e-04 0.00000e+00
46.390000 4.06401e-05 2.28593e-04 0.00000e+00
46.400000 1.59353e-05 2.68397e-04 0.00000e+00
46.410000 1.24257e-05 2.79520e-04 0.00000e+00
46.420000 1.62380e-05 4.12391e-04 0.00000e+00
46.430000 2.96646e-05 4.68534e-04 0.00000e+00
46.440000 3.95563e-05 4.66751e-04 0.00000e+00
46.450000 5.03484e-05 4.97141e-04 0.00000e+00
46.460000 5.48440e-05 4.31507e-04 0.00000e+00
46.470000 3.96777e-05 4.08667e-04 0.00000e+00
46.480000 5.94124e-05 4.55558e-04 0.00000e+00
46.490000 3.88435e-05 4.81280e-04 0.00000e+00
46.500000 4.53639e-05 4.14959e-04 0.00000e+00
46.510000 7.39633e-05 3.02065e-04 0.00000e+00
46.520000 9.96721e-05 2.03548e-04 0.00000e+00
46.530000 9.79099e-05 2.58569e-04 0.00000e+00
46.540000 9.72992e-05 3.30886e-04 0.00000e+00
46.550000 8.31085e-05 3.46301e-04 0.00000e+00
46.560000 1.04311e-04 2.66444e-04 0.00000e+00
46.570000 9.72331e-05 2.46577e-05 0.00000e+00
46.580000 9.93391e-05 -2.39531e-04 0.00000e+00
46.590000 1.01069e-04 -4.88815e-04 0.00000e+00
46.600000 7.55049e-05 -6.84099e-04 0.00000e+00
46.610000 9.95813e-05 -7.73102e-04 0.00000e+00
46.620000 6.32238e-05 -8.07860e-04 0.00000e+00
46.630000 7.27937e-05 -8.60097e-04 0.00000e+00
46.640000 7.69172e-05 -9.82258e-04 0.00000e+00
46.650000 5.83360e-05 -1.08426e-03 0.00000e+00
46.660000 2.87273e-05 -1.22855e-03 0.00000e+00
46.670000 2.29581e-05 -1.36250e-03 0.00000e+00
46.680000 4.62576e-06 -1.31481e-03 0.00000e+00
46.690000 -3.09214e-06 -1.11371e-03 0.00000e+00
46.700000 -2.04874e-06 -9.03883e-04 0.00000e+00
46.710000 -3.80320e-05 -8.16735e-04 0.00000e+00
46.720000 -5.79115e-05 -8.20167e-04 0.00000e+00
46.730000 -8.61600e-05 -7.26580e-04 0.00000e+00
46.740000 -1.00642e-04 -5.94099e-04 0.00000e+00
46.750000 -1.06740e-04 -5.44553e-04 0.00000e+00
46.760000 -9.90361e-05 -4.51124e-04 0.00000e+00
46.770000 -7.95915e-05 -4.10764e-04 0.00000e+00
46.780000 -6.54515e-05 -2.63924e-04 0.00000e+00
46.790000 -7.47985e-05 -1.83907e-04 0.00000e+00
46.800000 -8.01512e-05 -1.03846e-04 0.00000e+00
46.810000 -8.06312e-05 1.53171e-04 0.00000e+00
46.820000 -7.46442e-05 2.68781e-04 0.00000e+00
46.830000 -6.26925e-05 3.08370e-04 0.00000e+00
46.840000 -2.91426e-05 4.29786e-04 0.00000e+00
46.850000 -2.19609e-05 5.29747e-04 0.00000e+00
46.860000 -9.55076e-06 5.87842e-04 0.00000e+00
46.870000 -3.86031e-05 7.46588e-04 0.00000e+00
46.880000 -5.46472e-05 7.72672e-04 0.00000e+00
46.890000 -5.40463e-05 6.40382e-04 0.00000e+00
46.900000 -3.79124e-05 5.32533e-04 0.00000e+00
46.910000 -5.48189e-05 4.30689e-04 0.00000e+00
46.920000 -4.28272e-05 3.37508e-04 0.00000e+00
46.930000 -3.16906e-05 2.91985e-04 0.00000e+00
46.940000 -2.04987e-05 3.17404e-04 0.00000e+00
46.950000 -4.11125e-06 3.78541e-04 0.00000e+00
46.960000 -1.55700e-05 3.39188e-04 0.00000e+00
46.970000 2.73326e-05 2.42554e-04 0.00000e+00
46.980000 5.74753e-06 1.84086e-04 0.00000e+00
46.990000 7.20196e-06 1.15074e-04 0.00000e+00
47.000000 2.48930e-05 7.05574e-05 0.00000e+00
47.010000 2.59627e-05 1.27370e-04 0.00000e+00
47.020000 7.49091e-06 1.89937e-04 0.00000e+00
47.030000 1.80026e-05 2.61878e-04 0.00000e+00
47.040000 8.94030e-06 2.51789e-04 0.00000e+00
47.050000 -1.76950e-05 8.39886e-05 0.00000e+00
47.060000 -6.78391e-06 -6.61778e-05 0.00000e+00
47.070000 7.09101e-06 -1.70146e-04 0.00000e+00
47.080000 2.98994e-06 -2.49465e-04 0.00000e+00
47.090000 5.17853e-06 -2.94624e-04 0.00000e+00
47.100000 7.40718e-06 -2.81702e-04 0.00000e+00
47.110000 3.89618e-06 -2.90608e-04 0.00000e+00
47.120000 -2.14995e-06 -3.33939e-04 0.00000e+00
47.130000 -1.39504e-05 -3.75625e-04 0.00000e+00
47.140000 -1.33374e-06 -2.15229e-04 0.00000e+00
47.150000 -8.68726e-06 -9.79413e-05 0.00000e+00
47.160000 -1.07309e-05 -5.87866e-05 0.00000e+00
47.170000 -5.02231e-06 1.28843e-04 0.00000e+00
47.180000 -3.33383e-06 2.74992e-04 0.00000e+00
47.190000 -9.64785e-06 3.31413e-04 0.00000e+00
47.200000 -5.36075e-06 3.81128e-04 0.00000e+00
47.210000 -3.27345e-05 4.30997e-04 0.00000e+00
47.220000 -3.34626e-05 3.11029e-04 0.00000e+00
47.230000 -2.81112e-05 2.76792e-04 0.00000e+00
47.240000 -1.28871e-05 4.15184e-04 0.00000e+00
47.250000 1.07988e-05 4.27203e-04 0.00000e+00
47.260000 6.15303e-06 3.63259e-04 0.00000e+00
47.270000 9.86880e-06 3.25686e-04 0.00000e+00
47.280000 7.13160e-06 2.76300e-04 0.00000e+00
47.290000 2.78170e-05 2.00722e-04 0.00000e+00
47.300000 6.23451e-05 8.32631e-05 0.00000e+00
47.310000 7.72517e-05 5.62264e-05 0.00000e+00
47.320000 5.30449e-05 6.14918e-05 0.00000e+00
47.330000 8.28237e-05 -5.64425e-05 0.00000e+00
47.340000 5.25559e-05 -1.56656e-04 0.00000e+00
47.350000 4.53609e-05 -1.80070e-04 0.00000e+00
47.360000 2.96454e-05 -1.91673e-04 0.00000e+00
47.370000 2.08848e-05 -2.34097e-04 0.00000e+00
47.380000 7.15581e-06 -4.12341e-04 0.00000e+00
47.390000 6.99824e-07 -5.98492e-04 0.00000e+00
47.400000 2.33045e-05 -7.18338e-04 0.00000e+00
47.410000 -9.91629e-06 -7.56346e-04 0.00000e+00
47.420000 -3.59703e-05 -6.31410e-04 0.00000e+00
47.430000 -3.15463e-05 -6.18512e-04 0.00000e+00
47.440000 -3.46311e-05 -6.52706e-04 0.00000e+00
47.450000 -3.47910e-05 -6.54489e-04 0.00000e+00
47.460000 -3.71483e-05 -5.98272e-04 0.00000e+00
47.470000 -3.38758e-05 -3.86550e-04 0.00000e+00
47.480000 -2.61578e-05 -1.65402e-04 0.00000e+00
47.490000 -4.82675e-05 -6.70287e-05 0.00000e+00
47.500000 -5.54377e-05 9.51119e-05 0.00000e+00
47.510000 -3.67760e-05 2.43172e-04 0.00000e+00
47.520000 -3.40439e-05 2.69426e-04 0.00000e+00
47.530000 -4.25040e-05 3.14610e-04 0.00000e+00
47.540000 -6.03078e-05 2.99846e-04 0.00000e+00
47.550000 -5.72144e-05 2.67302e-04 0.00000e+00
47.560000 -3.33776e-05 1.91049e-04 0.00000e+00
47.570000 -3.04268e-05 2.58574e-04 0.00000e+00
47.580000 7.23231e-07 2.64498e-04 0.00000e+00
47.590000 -7.01379e-06 9.56953e-05 0.00000e+00
47.600000 -2.54517e-05 6.66321e-05 0.00000e+00
47.610000 5.60564e-06 4.39368e-05 0.00000e+00
47.620000 -2.82158e-06 8.21891e-07 0.00000e+00
47.630000 2.07321e-05 -9.65011e-06 0.00000e+00
47.640000 8.92326e-06 1.19831e-05 0.00000e+00
47.650000 8.12750e-06 1.06103e-04 0.00000e+00
47.660000 -9.54697e-07 9.10588e-05 0.00000e+00
47.670000 1.91333e-06 -4.68441e-05 0.00000e+00
47.680000 -2.44677e-05 -3.78308e-05 0.00000e+00
47.690000 -2.50176e-05 4.61199e-05 0.00000e+00
47.700000 -4.04896e-05 3.62335e-05 0.00000e+00
47.710000 -4.65098e-05 -5.77083e-05 0.00000e+00
47.720000 -4.33683e-05 -1.64153e-04 0.00000e+00
47.730000 -4.35568e-05 -1.38888e-04 0.00000e+00
47.740000 -1.80595e-05 -6.00092e-05 0.00000e+00
47.750000 -4.44385e-05 5.77197e-05 0.00000e+00
47.760000 -1.46399e-05 1.79952e-04 0.00000e+00
47.770000 -1.25380e-05 1.53834e-04 0.00000e+00
47.780000 -1.74458e-05 2.78744e-04 0.00000e+00
47.790000 2.99221e-06 4.61295e-04 0.00000e+00
47.800000 7.61081e-06 5.86231e-04 0.00000e+00
47.810000 1.71176e-05 6.55096e-04 0.00000e+00
47.820000 1.09994e-05 6.85564e-04 0.00000e+00
47.830000 -5.64315e-06 7.01650e-04 0.00000e+00
47.840000 8.20781e-06 6.45371e-04 0.00000e+00
47.850000 3.08814e-05 5.96139e-04 0.00000e+00
47.860000 1.94401e-05 5.24100e-04 0.00000e+00
47.870000 1.96951e-05 4.23124e-04 0.00000e+00
47.880000 2.40764e-05 2.96432e-04 0.00000e+00
47.890000 3.97033e-05 1.63226e-04 0.00000e+00
47.900000 6.09854e-05 2.88395e-06 0.00000e+00
47.910000 6.42105e-05 3.75520e-06 0.00000e+00
47.920000 6.93349e-05 -1.01219e-05 0.00000e+00
47.930000 6.92427e-05 -5.99185e-05 0.00000e+00
47.940000 6.74900e-05 -4.21569e-05 0.00000e+00
47.950000 8.58610e-05 -1.22494e-04 0.00000e+00
47.960000 4.75827e-05 -1.89908e-04 0.00000e+00
47.970000 4.28610e-05 -2.50086e-04 0.00000e+00
47.980000 1.72685e-05 -2.92907e-04 0.00000e+00
47.990000 3.24659e-05 -3.34812e-04 0.00000e+00
48.000000 -4.76085e-06 -4.58156e-04 0.00000e+00
48.010000 1.01462e-05 -5.40114e-04 0.00000e+00
48.020000 6.20729e-06 -5.48094e-04 0.00000e+00
48.030000 -4.43653e-06 -6.30973e-04 0.00000e+00
48.040000 -1.37076e-05 -7.43650e-04 0.00000e+00
48.050000 -1.03326e-05 -8.12308e-04 0.00000e+00
48.060000 -2.10609e-05 -8.38870e-04 0.00000e+00
48.070000 -1.71138e-09 -7.76470e-04 0.00000e+00
48.080000 1.28430e-05 -7.04247e-04 0.00000e+00
48.090000 -1.29941e-05 -7.05430e-04 0.00000e+00
48.100000 -2.41445e-05 -6.85327e-04 0.00000e+00
48.110000 -3.79046e-05 -6.28739e-04 0.00000e+00
48.120000 -5.46544e-05 -5.11516e-04 0.00000e+00
48.130000 -5.99927e-05 -4.73008e-04 0.00000e+00
48.140000 -6.59488e-05 -5.63079e-04 0.00000e+00
48.150000 -5.89928e-05 -6.85835e-04 0.00000e+00
48.160000 -7.76655e-05 -6.69781e-04 0.00000e+00
48.170000 -8.16443e-05 -6.10953e-04 0.00000e+00
48.180000 -9.40243e-05 -5.39020e-04 0.00000e+00
48.190000 -1.03285e-04 -4.00428e-04 0.00000e+00
48.200000 -1.07547e-04 -3.78718e-04 0.00000e+00
48.210000 -9.77106e-05 -3.27128e-04 0.00000e+00
48.220000 -1.05332e-04 -1.62575e-04 0.00000e+00
48.230000 -9.65684e-05 -3.49481e-05 0.00000e+00
48.240000 -9.98696e-05 1.46535e-04 0.00000e+00
48.250000 -1.03235e-04 4.46379e-04 0.00000e+00
48.260000 -1.12572e-04 5.42588e-04 0.00000e+00
48.270000 -8.74703e-05 5.66985e-04 0.00000e+00
48.280000 -9.84000e-05 7.15731e-04 0.00000e+00
48.290000 -8.96312e-05 8.05026e-04 0.00000e+00
48.300000 -1.03872e-04 8.42149e-04 0.00000e+00
48.310000 -9.09989e-05 9.56847e-04 0.00000e+00
48.320000 -6.74406e-05 1.08954e-03 0.00000e+00
48.330000 -1.75041e-05 1.06606e-03 0.00000e+00
48.340000 -2.52647e-05 9.80222e-04 0.00000e+00
48.350000 -1.61335e-06 9.41920e-04 0.00000e+00
48.360000 -1.78323e-05 8.51159e-04 0.00000e+00
48.370000 9.70772e-06 7.64226e-04 0.00000e+00
48.380000 3.03878e-05 7.12729e-04 0.00000e+00
48.390000 4.51285e-05 6.11729e-04 0.00000e+00
48.400000 2.68864e-05 4.20212e-04 0.00000e+00
48.410000 5.46778e-05 2.50763e-04 0.00000e+00
48.420000 2.95095e-05 8.32320e-05 0.00000e+00
48.430000 2.71213e-05 -1.07143e-04 0.00000e+00
48.440000 5.06663e-05 -1.99245e-04 0.00000e+00
48.450000 5.63081e-05 -2.94010e-04 0.00000e+00
48.460000 2.35215e-05 -5.04696e-04 0.00000e+00
48.470000 3.38469e-05 -7.04269e-04 0.00000e+00
48.480000 2.00282e-05 -8.83500e-04 0.00000e+00
48.490000 -8.80390e-06 -9.48419e-04 0.00000e+00
48.500000 -3.64389e-05 -7.62681e-04 0.00000e+00
48.510000 -1.78302e-05 -6.44823e-04 0.00000e+00
48.520000 -3.48130e-05 -6.67493e-04 0.00000e+00
48.530000 -4.24626e-05 -6.82925e-04 0.00000e+00
48.540000 -5.36216e-05 -6.33147e-04 0.00000e+00
48.550000 -6.78515e-05 -4.29065e-04 0.00000e+00
48.560000 -8.72944e-05 -2.23556e-04 0.00000e+00
48.570000 -8.95491e-05 -1.53709e-04 0.00000e+00
48.580000 -6.85316e-05 -5.59789e-05 0.00000e+00
48.590000 -7.11734e-05 4.52373e-05 0.00000e+00
48.600000 -6.05144e-05 7.63216e-05 0.00000e+00
48.610000 -5.97711e-05 2.88129e-04 0.00000e+00
48.620000 -6.64759e-05 5.47337e-04 0.00000e+00
48.630000 -6.45654e-05 5.93728e-04 0.00000e+00
48.640000 -2.83976e-05 5.91659e-04 0.00000e+00
48.650000 -2.67883e-05 6.46704e-04 0.00000e+00
48.660000 1.19559e-05 5.85778e-04 0.00000e+00
48.670000 1.17230e-05 4.94392e-04 0.00000e+00
48.680000 -1.40456e-05 5.99618e-04 0.00000e+00
48.690000 -5.17429e-06 6.87232e-04 0.00000e+00
48.700000 1.78188e-05 6.15103e-04 0.00000e+00
48.710000 2.66021e-05 5.23352e-04 0.00000e+00
48.720000 3.13725e-05 3.89833e-04 0.00000e+00
48.730000 1.30168e-05 1.85265e-04 0.00000e+00
48.740000 1.13743e-05 1.32333e-05 0.00000e+00
48.750000 2.04765e-05 3.26388e-05 0.00000e+00
48.760000 2.32379e-05 4.67106e-05 0.00000e+00
48.770000 2.90510e-05 -7.29016e-06 0.00000e+00
48.780000 3.37877e-05 -8.21962e-05 0.00000e+00
48.790000 1.19013e-06 -2.35259e-04 0.00000e+00
48.800000 -1.03696e-05 -3.50850e-04 0.00000e+00
48.810000 -5.89847e-06 -2.91916e-04 0.00000e+00
48.820000 5.39947e-06 -2.68810e-04 0.00000e+00
48.830000 3.18540e-06 -1.85423e-04 0.00000e+00
48.840000 2.76342e-05 -5.16772e-05 0.00000e+00
48.850000 1.63227e-05 -1.22796e-04 0.00000e+00
48.860000 -1.82034e-05 -1.62980e-04 0.00000e+00
48.870000 -2.50055e-05 -8.88180e-05 0.00000e+00
48.880000 -2.16352e-05 4.24204e-05 0.00000e+00
48.890000 -1.99779e-05 1.67703e-04 0.00000e+00
48.900000 -8.43056e-06 2.12318e-04 0.00000e+00
48.910000 1.47332e-05 2.25855e-04 0.00000e+00
48.920000 2.19551e-05 2.97630e-04 0.00000e+00
48.930000 -5.47146e-06 3.75821e-04 0.00000e+00
48.940000 3.28967e-07 4.38336e-04 0.00000e+00
48.950000 -7.78432e-06 4.92522e-04 0.00000e+00
48.960000 1.33410e-05 4.44921e-04 0.00000e+00
48.970000 2.99893e-05 3.18198e-04 0.00000e+00
48.980000 3.97821e-05 2.69609e-04 0.00000e+00
48.990000 2.27128e-05 3.21905e-04 0.00000e+00
49.000000 5.87017e-05 3.48936e-04 0.00000e+00
49.010000 2.87400e-05 3.67356e-04 0.00000e+00
49.020000 4.85393e-05 3.83117e-04 0.00000e+00
49.030000 5.16051e-05 2.12493e-04 0.00000e+00
49.040000 6.38532e-05 3.25529e-05 0.00000e+00
49.050000 6.70682e-05 -7.01717e-05 0.00000e+00
49.060000 6.18475e-05 -1.52294e-04 0.00000e+00
49.070000 5.22808e-05 -1.70825e-04 0.00000e+00
49.080000 5.29805e-05 -1.52474e-04 0.00000e+00
49.090000 4.30500e-05 -1.12961e-04 0.00000e+00
49.100000 3.78396e-05 -2.07107e-04 0.00000e+00
49.110000 2.68364e-05 -3.43904e-04 0.00000e+00
49.120000 2.38665e-05 -4.28705e-04 0.00000e+00
49.130000 1.82277e-05 -4.55926e-04 0.00000e+00
49.140000 2.00756e-05 -4.07965e-04 0.00000e+00
49.150000 2.48783e-05 -4.23558e-04 0.00000e+00
49.160000 2.04643e-05 -5.65290e-04 0.00000e+00
49.170000 -2.12216e-06 -5.58719e-04 0.00000e+00
49.180000 -5.88436e-06 -5.64819e-04 0.00000e+00
49.190000 -1.17231e-05 -6.25414e-04 0.00000e+00
49.200000 -2.10583e-05 -5.42772e-04 0.00000e+00
49.210000 -4.06970e-06 -5.09579e-04 0.00000e+00
49.220000 -1.45900e-05 -3.86551e-04 0.00000e+00
49.230000 -8.27608e-07 -3.11658e-04 0.00000e+00
49.240000 -1.18556e-05 -2.64993e-04 0.00000e+00
49.250000 -1.94938e-05 -1.17790e-04 0.00000e+00
49.260000 -2.35433e-05 -4.23274e-05 0.00000e+00
49.270000 -3.97935e-05 -6.01389e-05 0.00000e+00
49.280000 -3.38434e-05 -7.62502e-05 0.00000e+00
49.290000 -3.73759e-05 -6.96021e-05 0.00000e+00
49.300000 -3.88829e-05 -7.90505e-05 0.00000e+00
49.310000 -5.42143e-05 -9.14189e-05 0.00000e+00
49.320000 -6.27191e-05 -9.19014e-05 0.00000e+00
49.330000 -5.11915e-05 -6.20263e-05 0.00000e+00
49.340000 -2.32830e-05 -4.31311e-05 0.00000e+00
49.350000 -4.36453e-05 -1.05392e-04 0.00000e+00
49.360000 -1.44839e-05 -9.89051e-05 0.00000e+00
49.370000 -1.93260e-05 -4.31222e-05 0.00000e+00
49.380000 -1.66831e-05 4.85742e-05 0.00000e+00
49.390000 4.53160e-06 1.31742e-04 0.00000e+00
49.400000 -2.57011e-05 1.90996e-04 0.00000e+00
49.410000 3.24477e-06 2.21964e-04 0.00000e+00
49.420000 -2.69992e-05 1.65025e-04 0.00000e+00
49.430000 -4.71395e-05 1.75765e-04 0.00000e+00
49.440000 -5.53978e-05 1.17119e-04 0.00000e+00
49.450000 -4.17892e-05 4.19310e-05 0.00000e+00
49.460000 -5.22656e-05 -2.89551e-06 0.00000e+00
49.470000 -4.92839e-05 -1.22880e-04 0.00000e+00
49.480000 -4.81640e-05 -2.80788e-04 0.00000e+00
49.490000 -3.60433e-05 -4.61787e-04 0.00000e+00
49.500000 -2.19824e-05 -5.82930e-04 0.00000e+00
49.510000 -2.17472e-05 -5.31886e-04 0.00000e+00
49.520000 -3.16746e-05 -5.10302e-04 0.00000e+00
49.530000 2.41691e-06 -5.18070e-04 0.00000e+00
49.540000 -2.26290e-05 -4.47996e-04 0.00000e+00
49.550000 -2.26915e-05 -4.37941e-04 0.00000e+00
49.560000 -4.98362e-05 -3.31175e-04 0.00000e+00
49.570000 -5.24576e-05 -2.10680e-04 0.00000e+00
49.580000 -7.71323e-05 -3.43865e-06 0.00000e+00
49.590000 -7.09773e-05 1.60781e-04 0.00000e+00
49.600000 -7.93793e-05 7.88027e-05 0.00000e+00
49.610000 -1.05129e-04 2.71593e-05 0.00000e+00
49.620000 -1.00071e-04 1.04825e-04 0.00000e+00
49.630000 -1.14481e-04 1.95901e-04 0.00000e+00
49.640000 -1.12717e-04 2.44504e-04 0.00000e+00
49.650000 -9.69374e-05 3.28939e-04 0.00000e+00
49.660000 -8.37506e-05 4.12000e-04 0.00000e+00
49.670000 -5.91487e-05 5.53635e-04 0.00000e+00
49.680000 -3.73821e-05 6.86895e-04 0.00000e+00
49.690000 -4.11660e-05 6.85523e-04 0.00000e+00
49.700000 -2.68555e-05 8.01493e-04 0.00000e+00
49.710000 -7.12180e-06 9.06962e-04 0.00000e+00
49.720000 -4.07491e-07 8.33149e-04 0.00000e+00
49.730000 3.27327e-05 7.08531e-04 0.00000e+00
49.740000 3.31426e-05 5.34817e-04 0.00000e+00
49.750000 3.26520e-05 2.80178e-04 0.00000e+00
49.760000 -8.11360e-06 3.77171e-05 0.00000e+00
49.770000 -3.96325e-07 -1.34053e-04 0.00000e+00
49.780000 1.46552e-05 -3.91677e-04 0.00000e+00
49.790000 2.44494e-05 -6.39234e-04 0.00000e+00
49.800000 1.08021e-05 -8.93889e-04 0.00000e+00
49.810000 8.39557e-06 -1.17117e-03 0.00000e+00
49.820000 -2.91105e-06 -1.41056e-03 0.00000e+00
49.830000 -1.82683e-05 -1.58307e-03 0.00000e+00
49.840000 -2.55882e-05 -1.62168e-03 0.00000e+00
49.850000 -5.92130e-05 -1.59320e-03 0.00000e+00
49.860000 -8.22243e-05 -1.64585e-03 0.00000e+00
49.870000 -8.73257e-05 -1.67449e-03 0.00000e+00
49.880000 -1.38905e-04 -1.49384e-03 0.00000e+00
49.890000 -1.65517e-04 -1.26806e-03 0.00000e+00
49.900000 -1.83368e-04 -9.91192e-04 0.00000e+00
49.910000 -2.02670e-04 -6.35177e-04 0.00000e+00
49.920000 -2.12830e-04 -3.73471e-04 0.00000e+00
49.930000 -1.98877e-04 -3.01566e-04 0.00000e+00
49.940000 -2.06369e-04 -2.17403e-04 0.00000e+00
49.950000 -2.08020e-04 8.60089e-05 0.00000e+00
49.960000 -2.10440e-04 4.52828e-04 0.00000e+00
49.970000 -2.07840e-04 7.40630e-04 0.00000e+00
49.980000 -1.94094e-04 9.64306e-04 0.00000e+00
49.990000 -1.77803e-04 1.15360e-03 0.00000e+00
50.000000 -1.35804e-04 1.32375e-03 0.00000e+00
50.010000 -1.13288e-04 1.49621e-03 0.00000e+00
50.020000 -9.95198e-05 1.59821e-03 0.00000e+00
50.030000 -7.59006e-05 1.64552e-03 0.00000e+00
50.040000 -2.68947e-05 1.76966e-03 0.00000e+00
50.050000 4.33321e-06 1.76004e-03 0.00000e+00
50.060000 9.39580e-07 1.63357e-03 0.00000e+00
50.070000 1.74666e-05 1.59295e-03 0.00000e+00
50.080000 1.69856e-05 1.49838e-03 0.00000e+00
50.090000 9.00284e-07 1.33239e-03 0.00000e+00
50.100000 1.30670e-05 1.23792e-03 0.00000e+00
50.110000 4.42284e-05 1.12432e-03 0.00000e+00
50.120000 6.07756e-05 8.34451e-04 0.00000e+00
50.130000 5.06604e-05 5.28014e-04 0.00000e+00
50.140000 4.35970e-05 2.73673e-04 0.00000e+00
50.150000 3.94042e-05 2.18112e-05 0.00000e+00
50.160000 4.47853e-05 -2.28178e-04 0.00000e+00
50.170000 5.61026e-05 -3.15052e-04 0.00000e+00
50.180000 5.37515e-05 -3.20638e-04 0.00000e+00
50.190000 6.07851e-05 -4.85924e-04 0.00000e+00
50.200000 6.31662e-05 -6.51130e-04 0.00000e+00
50.210000 6.44191e-05 -5.63070e-04 0.00000e+00
50.220000 4.06518e-05 -3.71812e-04 0.00000e+00
50.230000 5.40623e-05 -3.91989e-04 0.00000e+00
50.240000 3.64107e-05 -4.26613e-04 0.00000e+00
50.250000 1.36027e-05 -3.71119e-04 0.00000e+00
50.260000 -9.04791e-07 -4.23240e-04 0.00000e+00
50.270000 -7.16928e-06 -4.98742e-04 0.00000e+00
50.280000 -4.03583e-05 -4.66238e-04 0.00000e+00
50.290000 -5.14648e-05 -3.76071e-04 0.00000e+00
50.300000 -2.87926e-05 -4.09372e-04 0.00000e+00
50.310000 -2.97327e-05 -5.24271e-04 0.00000e+00
50.320000 -3.04733e-05 -5.76542e-04 0.00000e+00
50.330000 -1.85073e-05 -5.92767e-04 0.00000e+00
50.340000 4.23737e-07 -5.65901e-04 0.00000e+00
50.350000 -2.45117e-05 -4.84635e-04 0.00000e+00
50.360000 -2.93078e-05 -2.84457e-04 0.00000e+00
50.370000 2.17124e-06 -2.12813e-05 0.00000e+00
50.380000 1.61541e-05 1.88127e-04 0.00000e+00
50.390000 -1.83182e-05 2.84688e-04 0.00000e+00
50.400000 -3.45150e-05 4.07137e-04 0.00000e+00
50.410000 -1.42947e-05 4.79393e-04 0.00000e+00
50.420000 -3.06866e-05 3.70566e-04 0.00000e+00
50.430000 -4.83925e-05 2.62938e-04 0.00000e+00
50.440000 -5.39709e-05 1.78040e-04 0.00000e+00
50.450000 -5.31515e-05 2.90007e-05 0.00000e+00
50.460000 -5.46850e-05 -1.62069e-04 0.00000e+00
50.470000 -6.18957e-05 -1.84127e-04 0.00000e+00
50.480000 -3.46544e-05 -2.16552e-04 0.00000e+00
50.490000 -1.65624e-05 -3.35838e-04 0.00000e+00
50.500000 -3.14220e-06 -3.36101e-04 0.00000e+00
50.510000 2.07286e-05 -2.57785e-04 0.00000e+00
50.520000 4.55628e-05 -2.64232e-04 0.00000e+00
50.530000 5.21180e-05 -3.28920e-04 0.00000e+00
50.540000 2.06916e-05 -1.82222e-04 0.00000e+00
50.550000 -6.34594e-06 4.71543e-05 0.00000e+00
50.560000 -3.06379e-05 6.02388e-05 0.00000e+00
50.570000 -4.42915e-05 4.52561e-06 0.00000e+00
50.580000 -8.29947e-05 1.66541e-04 0.00000e+00
50.590000 -7.80036e-05 3.01126e-04 0.00000e+00
50.600000 -7.50367e-05 2.68623e-04 0.00000e+00
50.610000 -7.34328e-05 2.42414e-04 0.00000e+00
50.620000 -6.85046e-05 2.13103e-04 0.00000e+00
50.630000 -5.93485e-05 1.76244e-04 0.00000e+00
50.640000 -4.50756e-05 1.02147e-04 0.00000e+00
50.650000 -5.94168e-05 6.92367e-05 0.00000e+00
50.660000 -2.17443e-05 1.54953e-04 0.00000e+00
50.670000 -5.02483e-06 2.88709e-04 0.00000e+00
50.680000 2.44559e-06 4.88236e-04 0.00000e+00
50.690000 1.38158e-05 7.52712e-04 0.00000e+00
50.700000 3.37257e-05 9.23829e-04 0.00000e+00
50.710000 5.19516e-05 8.38483e-04 0.00000e+00
50.720000 3.30563e-05 6.68095e-04 0.00000e+00
50.730000 3.81720e-05 5.61378e-04 0.00000e+00
50.740000 5.76727e-05 4.23786e-04 0.00000e+00
50.750000 5.92396e-05 2.02880e-04 0.00000e+00
50.760000 2.10514e-05 1.88656e-05 0.00000e+00
50.770000 2.39102e-05 -1.32542e-04 0.00000e+00
50.780000 1.32396e-05 -3.04702e-04 0.00000e+00
50.790000 1.10079e-05 -4.11348e-04 0.00000e+00
50.800000 1.22847e-05 -5.00265e-04 0.00000e+00
50.810000 1.51473e-05 -5.64036e-04 0.00000e+00
50.820000 2.43994e-05 -6.79009e-04 0.00000e+00
50.830000 4.15100e-05 -7.29590e-04 0.00000e+00
50.840000 3.27419e-05 -6.47678e-04 0.00000e+00
50.850000 2.09435e-05 -5.82239e-04 0.00000e+00
50.860000 -1.33820e-05 -4.98126e-04 0.00000e+00
50.870000 -4.77664e-05 -3.55761e-04 0.00000e+00
50.880000 -5.89882e-05 -2.08774e-04 0.00000e+00
50.890000 -3.07374e-05 -1.88419e-04 0.00000e+00
50.900000 -4.03191e-05 -1.17888e-04 0.00000e+00
50.910000 -4.84977e-05 1.42203e-04 0.00000e+00
50.920000 -4.55170e-05 3.64985e-04 0.00000e+00
50.930000 -4.18665e-05 4.17627e-04 0.00000e+00
50.940000 -4.98784e-05 4.59549e-04 0.00000e+00
50.950000 -2.22715e-05 4.89024e-04 0.00000e+00
50.960000 -1.59957e-05 4.82238e-04 0.00000e+00
50.970000 -1.04697e-05 5.40317e-04 0.00000e+00
50.980000 1.84988e-07 5.89351e-04 0.00000e+00
50.990000 1.23884e-05 6.56881e-04 0.00000e+00
51.000000 3.25115e-05 8.38407e-04 0.00000e+00
51.010000 4.89872e-05 9.50894e-04 0.00000e+00
51.020000 5.57574e-05 9.37092e-04 0.00000e+00
51.030000 6.41505e-05 8.81982e-04 0.00000e+00
51.040000 6.44460e-05 7.29771e-04 0.00000e+00
51.050000 6.49663e-05 5.85093e-04 0.00000e+00
51.060000 8.09828e-05 6.22054e-04 0.00000e+00
51.070000 1.15145e-04 6.34675e-04 0.00000e+00
51.080000 1.00936e-04 4.99839e-04 0.00000e+00
51.090000 8.32390e-05 3.96653e-04 0.00000e+00
51.100000 8.03475e-05 2.68292e-04 0.00000e+00
51.110000 7.69211e-05 1.29910e-04 0.00000e+00
51.120000 6.58441e-05 1.26175e-04 0.00000e+00
51.130000 8.74032e-05 1.93834e-04 0.00000e+00
51.140000 8.78007e-05 2.02554e-04 0.00000e+00
51.150000 9.04086e-05 1.40354e-04 0.00000e+00
51.160000 1.00215e-04 7.97132e-05 0.00000e+00
51.170000 1.05857e-04 7.10452e-05 0.00000e+00
51.180000 7.91058e-05 1.59745e-04 0.00000e+00
51.190000 9.74940e-05 2.88873e-04 0.00000e+00
51.200000 9.84496e-05 3.37715e-04 0.00000e+00
51.210000 1.02000e-04 3.10260e-04 0.00000e+00
51.220000 1.07830e-04 2.25646e-04 0.00000e+00
51.230000 1.13280e-04 1.58313e-04 0.00000e+00
51.240000 8.69094e-05 2.17111e-04 0.00000e+00
51.250000 1.00897e-04 2.66411e-04 0.00000e+00
51.260000 1.02768e-04 1.58258e-04 0.00000e+00
51.270000 1.10234e-04 2.58902e-05 0.00000e+00
51.280000 1.36997e-04 -1.07146e-04 0.00000e+00
51.290000 1.42438e-04 -2.88721e-04 0.00000e+00
51.300000 1.30643e-04 -3.85399e-04 0.00000e+00
51.310000 1.14435e-04 -4.31065e-04 0.00000e+00
51.320000 1.01625e-04 -5.54612e-04 0.00000e+00
51.330000 1.19214e-04 -6.76992e-04 0.00000e+00
51.340000 1.17024e-04 -7.95030e-04 0.00000e+00
51.350000 1.27620e-04 -1.01513e-03 0.00000e+00
51.360000 8.82970e-05 -1.15829e-03 0.00000e+00
51.370000 5.93635e-05 -1.16598e-03 0.00000e+00
51.380000 3.68689e-05 -1.20696e-03 0.00000e+00
51.390000 2.89123e-05 -1.29076e-03 0.00000e+00
51.400000 2.07542e-05 -1.39350e-03 0.00000e+00
51.410000 2.08443e-05 -1.47893e-03 0.00000e+00
51.420000 -5.79722e-06 -1.47829e-03 0.00000e+00
51.430000 -2.95648e-05 -1.43647e-03 0.00000e+00
51.440000 -4.56261e-05 -1.38971e-03 0.00000e+00
51.450000 -6.01233e-05 -1.19763e-03 0.00000e+00
51.460000 -6.86743e-05 -9.88606e-04 0.00000e+00
51.470000 -7.21946e-05 -8.49844e-04 0.00000e+00
51.480000 -9.67239e-05 -7.84744e-04 0.00000e+00
51.490000 -1.12213e-04 -8.46751e-04 0.00000e+00
51.500000 -1.18662e-04 -7.42767e-04 0.00000e+00
51.510000 -1.20780e-04 -4.89206e-04 0.00000e+00
51.520000 -1.16113e-04 -2.36196e-04 0.00000e+00
51.530000 -9.74804e-05 -6.45621e-05 0.00000e+00
51.540000 -1.09081e-04 -6.87427e-05 0.00000e+00
51.550000 -1.19843e-04 -9.47764e-05 0.00000e+00
51.560000 -1.26188e-04 -1.10664e-04 0.00000e+00
51.570000 -1.03080e-04 -5.85116e-05 0.00000e+00
51.580000 -7.96911e-05 1.05080e-04 0.00000e+00
51.590000 -8.19965e-05 2.06838e-04 0.00000e+00
51.600000 -8.67787e-05 2.06158e-04 0.00000e+00
51.610000 -7.33991e-05 2.56754e-04 0.00000e+00
51.620000 -7.45342e-05 3.46927e-04 0.00000e+00
51.630000 -9.24355e-05 3.81281e-04 0.00000e+00
51.640000 -9.25269e-05 4.39714e-04 0.00000e+00
51.650000 -1.10350e-04 5.26630e-04 0.00000e+00
51.660000 -9.85487e-05 5.25330e-04 0.00000e+00
51.670000 -5.18179e-05 4.71524e-04 0.00000e+00
51.680000 -6.78603e-05 4.64820e-04 0.00000e+00
51.690000 -6.94950e-05 5.34556e-04 0.00000e+00
51.700000 -8.82306e-05 6.82027e-04 0.00000e+00
51.710000 -9.17411e-05 8.01225e-04 0.00000e+00
51.720000 -7.76380e-05 7.75921e-04 0.00000e+00
51.730000 -6.00584e-05 6.80396e-04 0.00000e+00
51.740000 -2.56147e-05 6.68319e-04 0.00000e+00
51.750000 -1.56413e-05 7.97622e-04 0.00000e+00
51.760000 -1.95123e-05 8.69480e-04 0.00000e+00
51.770000 1.80044e-08 8.17353e-04 0.00000e+00
51.780000 1.66996e-05 7.92778e-04 0.00000e+00
51.790000 1.69574e-05 7.79211e-04 0.00000e+00
51.800000 1.49793e-05 6.71789e-04 0.00000e+00
51.810000 4.20491e-05 4.96939e-04 0.00000e+00
51.820000 3.88513e-05 3.12129e-04 0.00000e+00
51.830000 2.89895e-05 1.95476e-04 0.00000e+00
51.840000 3.93463e-05 2.85775e-04 0.00000e+00
51.850000 6.35371e-05 2.78261e-04 0.00000e+00
51.860000 6.41390e-05 1.10578e-04 0.00000e+00
51.870000 6.03111e-05 -1.75851e-05 0.00000e+00
51.880000 3.95281e-05 -1.67674e-04 0.00000e+00
51.890000 2.29248e-05 -2.66825e-04 0.00000e+00
51.900000 2.58206e-05 -3.16259e-04 0.00000e+00
51.910000 3.68899e-05 -2.32919e-04 0.00000e+00
51.920000 3.29659e-05 -1.73321e-04 0.00000e+00
51.930000 9.59745e-06 -2.20511e-04 0.00000e+00
51.940000 4.93125e-06 -1.40570e-04 0.00000e+00
51.950000 5.31272e-06 -1.02704e-05 0.00000e+00
51.960000 -4.95596e-07 3.31900e-05 0.00000e+00
51.970000 -3.27238e-06 7.38636e-05 0.00000e+00
51.980000 -1.60462e-06 2.81452e-04 0.00000e+00
51.990000 2.36451e-05 4.92941e-04 0.00000e+00
52.000000 2.98276e-05 5.25982e-04 0.00000e+00
52.010000 3.37616e-05 5.42081e-04 0.00000e+00
52.020000 1.04223e-05 6.62581e-04 0.00000e+00
52.030000 3.93453e-05 7.05706e-04 0.00000e+00
52.040000 4.68480e-05 6.43019e-04 0.00000e+00
52.050000 5.28406e-05 5.77849e-04 0.00000e+00
52.060000 6.25229e-05 4.60976e-04 0.00000e+00
52.070000 7.69816e-05 3.55893e-04 0.00000e+00
52.080000 9.35797e-05 2.93896e-04 0.00000e+00
52.090000 7.84341e-05 2.44338e-04 0.00000e+00
52.100000 1.10559e-04 8.44319e-05 0.00000e+00
52.110000 1.18009e-04 -1.22382e-04 0.00000e+00
52.120000 1.04406e-04 -2.32587e-04 0.00000e+00
52.130000 1.10617e-04 -3.36278e-04 0.00000e+00
52.140000 1.24007e-04 -4.81366e-04 0.00000e+00
52.150000 1.15182e-04 -6.20658e-04 0.00000e+00
52.160000 7.12226e-05 -6.98358e-04 0.00000e+00
52.170000 4.70406e-05 -7.27432e-04 0.00000e+00
52.180000 3.48173e-05 -7.68944e-04 0.00000e+00
52.190000 2.11635e-05 -9.04986e-04 0.00000e+00
52.200000 -1.02327e-05 -9.00465e-04 0.00000e+00
52.210000 3.13658e-06 -7.34644e-04 0.00000e+00
52.220000 -3.67540e-06 -6.56242e-04 0.00000e+00
52.230000 -1.39676e-05 -6.33948e-04 0.00000e+00
52.240000 -2.14925e-05 -5.56722e-04 0.00000e+00
52.250000 -2.30613e-05 -3.82704e-04 0.00000e+00
52.260000 -2.27803e-05 -2.84264e-04 0.00000e+00
52.270000 -3.38843e-05 -1.58417e-04 0.00000e+00
52.280000 -1.87351e-05 8.17138e-05 0.00000e+00
52.290000 -1.14192e-05 2.71923e-04 0.00000e+00
52.300000 -1.77767e-05 4.77861e-04 0.00000e+00
52.310000 -1.58519e-05 7.60972e-04 0.00000e+00
52.320000 -6.61690e-06 9.48024e-04 0.00000e+00
52.330000 3.34198e-06 9.14778e-04 0.00000e+00
52.340000 2.26227e-05 7.33796e-04 0.00000e+00
52.350000 3.08928e-05 5.85133e-04 0.00000e+00
52.360000 4.80528e-05 4.68138e-04 0.00000e+00
52.370000 7.95137e-05 3.04145e-04 0.00000e+00
52.380000 6.22034e-05 2.75626e-04 0.00000e+00
52.390000 5.24935e-05 3.17991e-04 0.00000e+00
52.400000 5.43999e-05 2.63629e-04 0.00000e+00
52.410000 7.96172e-05 1.75779e-04 0.00000e+00
52.420000 7.69869e-05 7.01735e-05 0.00000e+00
52.430000 7.43482e-05 -5.27751e-05 0.00000e+00
52.440000 8.19938e-05 -2.24104e-04 0.00000e+00
52.450000 8.76780e-05 -3.55395e-04 0.00000e+00
52.460000 7.41539e-05 -4.73371e-04 0.00000e+00
52.470000 5.76725e-05 -6.44968e-04 0.00000e+00
52.480000 2.37432e-05 -7.86350e-04 0.00000e+00
52.490000 -1.50676e-05 -9.15282e-04 0.00000e+00
52.500000 -3.05182e-05 -1.01394e-03 0.00000e+00
52.510000 -3.78933e-05 -9.44580e-04 0.00000e+00
52.520000 -1.43097e-05 -8.21038e-04 0.00000e+00
52.530000 -1.08532e-05 -7.74810e-04 0.00000e+00
52.540000 8.58367e-06 -5.89139e-04 0.00000e+00
52.550000 1.19860e-05 -3.98087e-04 0.00000e+00
52.560000 -1.32407e-05 -3.74392e-04 0.00000e+00
52.570000 -2.86733e-05 -3.98842e-04 0.00000e+00
52.580000 -4.37302e-05 -2.81748e-04 0.00000e+00
52.590000 -5.67800e-05 -9.12072e-05 0.00000e+00
52.600000 -6.46306e-05 -1.29535e-05 0.00000e+00
52.610000 -6.64149e-05 5.33912e-05 0.00000e+00
52.620000 -6.28624e-05 2.19866e-04 0.00000e+00
52.630000 -6.80799e-05 3.84723e-04 0.00000e+00
52.640000 -4.49149e-05 4.35480e-04 0.00000e+00
52.650000 -3.48711e-05 3.83840e-04 0.00000e+00
52.660000 -2.29046e-05 2.49760e-04 0.00000e+00
52.670000 7.46439e-06 1.35245e-04 0.00000e+00
52.680000 3.13892e-05 4.93389e-05 0.00000e+00
52.690000 8.03480e-06 9.18779e-05 0.00000e+00
52.700000 1.00989e-05 1.55502e-04 0.00000e+00
52.710000 2.83838e-05 2.45712e-04 0.00000e+00
52.720000 2.02377e-06 3.94283e-04 0.00000e+00
52.730000 -1.32120e-05 4.71703e-04 0.00000e+00
52.740000 -1.02857e-05 5.18083e-04 0.00000e+00
52.750000 1.56247e-05 4.41025e-04 0.00000e+00
52.760000 -2.42619e-06 3.31206e-04 0.00000e+00
52.770000 -8.30337e-06 2.70163e-04 0.00000e+00
52.780000 -1.29974e-07 1.92627e-04 0.00000e+00
52.790000 1.61411e-05 7.01846e-05 0.00000e+00
52.800000 -6.21373e-06 -7.72006e-05 0.00000e+00
52.810000 -1.18281e-05 -5.43729e-05 0.00000e+00
52.820000 -1.05910e-05 5.40201e-05 0.00000e+00
52.830000 3.40376e-06 9.80647e-05 0.00000e+00
52.840000 9.41216e-06 2.17441e-04 0.00000e+00
52.850000 1.98958e-05 3.72077e-04 0.00000e+00
52.860000 3.83854e-05 3.52823e-04 0.00000e+00
52.870000 3.11719e-05 2.37722e-04 0.00000e+00
52.880000 5.95092e-05 2.47892e-04 0.00000e+00
52.890000 4.61991e-05 1.55046e-04 0.00000e+00
52.900000 5.34963e-05 -5.62947e-05 0.00000e+00
52.910000 2.31900e-05 -1.73392e-04 0.00000e+00
52.920000 5.82246e-06 -1.54839e-04 0.00000e+00
52.930000 2.50413e-05 -2.01816e-04 0.00000e+00
52.940000 1.70761e-05 -3.68547e-04 0.00000e+00
52.950000 1.12841e-05 -4.21356e-04 0.00000e+00
52.960000 1.28937e-05 -3.79397e-04 0.00000e+00
52.970000 3.89959e-05 -4.19459e-04 0.00000e+00
52.980000 5.58326e-05 -5.54516e-04 0.00000e+00
52.990000 2.56074e-05 -5.92604e-04 0.00000e+00
53.000000 1.44226e-05 -5.12240e-04 0.00000e+00
53.010000 -9.78823e-07 -4.37064e-04 0.00000e+00
53.020000 -2.86149e-05 -3.99740e-04 0.00000e+00
53.030000 -4.70852e-05 -3.36852e-04 0.00000e+00
53.040000 -4.75393e-05 -3.01443e-04 0.00000e+00
53.050000 -4.69426e-05 -1.89702e-04 0.00000e+00
53.060000 -6.44266e-05 -7.84356e-05 0.00000e+00
53.070000 -4.21045e-05 1.25973e-05 0.00000e+00
53.080000 -3.87602e-05 4.61205e-05 0.00000e+00
53.090000 -3.22578e-05 -8.32539e-05 0.00000e+00
53.100000 -4.72401e-05 -2.01296e-05 0.00000e+00
53.110000 -2.49551e-05 1.42810e-04 0.00000e+00
53.120000 -1.10011e-05 1.94467e-04 0.00000e+00
53.130000 -1.07121e-05 2.06528e-04 0.00000e+00
53.140000 -1.26709e-05 3.71227e-04 0.00000e+00
53.150000 -4.76982e-07 6.90781e-04 0.00000e+00
53.160000 2.14958e-05 7.99767e-04 0.00000e+00
53.170000 1.40928e-05 7.12441e-04 0.00000e+00
53.180000 5.38316e-07 6.24401e-04 0.00000e+00
53.190000 -2.32650e-08 5.05941e-04 0.00000e+00
53.200000 4.35598e-06 3.45281e-04 0.00000e+00
53.210000 1.38227e-05 2.01156e-04 0.00000e+00
53.220000 2.44181e-05 7.77416e-05 0.00000e+00
53.230000 1.67886e-05 -8.25304e-05 0.00000e+00
53.240000 2.84440e-05 -2.02819e-04 0.00000e+00
53.250000 1.11791e-05 -2.64267e-04 0.00000e+00
53.260000 2.85221e-05 -3.61695e-04 0.00000e+00
53.270000 5.94146e-05 -4.84561e-04 0.00000e+00
53.280000 3.78983e-05 -4.76811e-04 0.00000e+00
53.290000 2.99134e-05 -3.01255e-04 0.00000e+00
53.300000 2.86086e-05 -1.58051e-04 0.00000e+00
53.310000 4.65273e-05 -9.01838e-05 0.00000e+00
53.320000 8.48210e-06 3.08665e-05 0.00000e+00
53.330000 -3.44276e-05 2.34389e-04 0.00000e+00
53.340000 -4.41630e-05 3.12943e-04 0.00000e+00
53.350000 -3.73106e-05 1.59786e-04 0.00000e+00
53.360000 -3.93022e-05 1.72161e-05 0.00000e+00
53.370000 -4.34353e-05 -2.29388e-05 0.00000e+00
53.380000 -4.20301e-05 -5.92613e-05 0.00000e+00
53.390000 -3.48942e-05 -8.97705e-05 0.00000e+00
53.400000 -2.30548e-05 -1.34733e-04 0.00000e+00
53.410000 -1.30607e-05 -1.43798e-04 0.00000e+00
53.420000 6.34458e-06 -2.30820e-04 0.00000e+00
53.430000 2.17776e-05 -2.93133e-04 0.00000e+00
53.440000 5.75244e-05 -1.26437e-04 0.00000e+00
53.450000 7.96619e-05 -2.90433e-05 0.00000e+00
53.460000 7.82145e-05 -3.51839e-05 0.00000e+00
53.470000 5.32545e-05 2.77102e-05 0.00000e+00
53.480000 4.00647e-05 1.92177e-04 0.00000e+00
53.490000 2.44660e-05 2.02959e-04 0.00000e+00
53.500000 -1.33299e-05 -1.78447e-05 0.00000e+00
53.510000 -5.63303e-05 -1.50998e-04 0.00000e+00
53.520000 -6.65254e-05 -1.76213e-04 0.00000e+00
53.530000 -4.16013e-05 -1.89633e-04 0.00000e+00
53.540000 -4.81400e-05 -2.21369e-04 0.00000e+00
53.550000 -5.14751e-05 -2.74039e-04 0.00000e+00
53.560000 -4.67682e-05 -3.25079e-04 0.00000e+00
53.570000 -3.77149e-05 -3.83150e-04 0.00000e+00
53.580000 -3.44372e-05 -4.41780e-04 0.00000e+00
53.590000 -3.61257e-05 -3.90074e-04 0.00000e+00
53.600000 4.41612e-07 -2.95613e-04 0.00000e+00
53.610000 4.12057e-06 -1.72641e-04 0.00000e+00
53.620000 -4.73208e-06 5.43326e-05 0.00000e+00
53.630000 5.51419e-07 2.73060e-04 0.00000e+00
53.640000 -3.51537e-07 3.26191e-04 0.00000e+00
53.650000 -1.24531e-05 1.97707e-04 0.00000e+00
53.660000 -3.97125e-05 9.53651e-05 0.00000e+00
53.670000 -2.29339e-05 -1.44665e-05 0.00000e+00
53.680000 -1.41388e-05 -2.48860e-04 0.00000e+00
53.690000 -2.51072e-05 -4.83858e-04 0.00000e+00
53.700000 -2.72124e-05 -5.00618e-04 0.00000e+00
53.710000 -4.00759e-05 -4.59749e-04 0.00000e+00
53.720000 -5.04513e-05 -5.47189e-04 0.00000e+00
53.730000 -5.70812e-05 -6.51745e-04 0.00000e+00
53.740000 -5.94545e-05 -6.79312e-04 0.00000e+00
53.750000 -4.78011e-05 -6.41217e-04 0.00000e+00
53.760000 -3.57687e-05 -6.38140e-04 0.00000e+00
53.770000 -5.75912e-05 -5.31980e-04 0.00000e+00
53.780000 -5.32472e-05 -3.33954e-04 0.00000e+00
53.790000 -6.03101e-05 -1.72601e-04 0.00000e+00
53.800000 -8.34429e-05 2.21895e-05 0.00000e+00
53.810000 -1.21080e-04 1.81144e-04 0.00000e+00
53.820000 -1.23987e-04 2.50637e-04 0.00000e+00
53.830000 -9.43217e-05 2.85397e-04 0.00000e+00
53.840000 -9.67448e-05 4.38270e-04 0.00000e+00
53.850000 -9.14705e-05 6.86106e-04 0.00000e+00
53.860000 -7.61419e-05 8.14565e-04 0.00000e+00
53.870000 -5.18884e-05 9.17460e-04 0.00000e+00
53.880000 -6.82941e-05 9.89316e-04 0.00000e+00
53.890000 -6.25569e-05 9.50953e-04 0.00000e+00
53.900000 -4.40182e-05 8.38468e-04 0.00000e+00
53.910000 -9.16722e-06 7.40889e-04 0.00000e+00
53.920000 1.62049e-06 7.33237e-04 0.00000e+00
53.930000 1.73691e-05 7.65209e-04 0.00000e+00
53.940000 4.39049e-05 7.51572e-04 0.00000e+00
53.950000 6.03997e-05 7.71951e-04 0.00000e+00
53.960000 6.76834e-05 8.76738e-04 0.00000e+00
53.970000 6.23737e-05 8.61655e-04 0.00000e+00
53.980000 5.02159e-05 6.70021e-04 0.00000e+00
53.990000 6.56434e-05 4.57994e-04 0.00000e+00
54.000000 7.89553e-05 4.15150e-04 0.00000e+00
54.010000 8.02660e-05 3.37853e-04 0.00000e+00
54.020000 5.60957e-05 1.42982e-04 0.00000e+00
54.030000 3.93512e-05 2.86864e-05 0.00000e+00
54.040000 3.50562e-05 -1.23325e-05 0.00000e+00
54.050000 7.74659e-06 -1.27058e-04 0.00000e+00
54.060000 1.06705e-06 -3.28416e-04 0.00000e+00
54.070000 4.55014e-06 -5.12176e-04 0.00000e+00
54.080000 3.55831e-05 -5.38483e-04 0.00000e+00
54.090000 4.46845e-05 -4.90817e-04 0.00000e+00
54.100000 5.81279e-05 -5.24837e-04 0.00000e+00
54.110000 7.15990e-05 -5.17119e-04 0.00000e+00
54.120000 7.78120e-05 -4.22849e-04 0.00000e+00
54.130000 6.13738e-05 -3.48426e-04 0.00000e+00
54.140000 2.77752e-05 -3.81290e-04 0.00000e+00
54.150000 1.81090e-05 -4.31054e-04 0.00000e+00
54.160000 1.11271e-05 -3.74312e-04 0.00000e+00
54.170000 9.30726e-06 -2.74299e-04 0.00000e+00
54.180000 -2.07372e-05 -1.90944e-04 0.00000e+00
54.190000 -8.93239e-06 -1.32265e-04 0.00000e+00
54.200000 -8.08427e-06 -1.36242e-04 0.00000e+00
54.210000 -1.42253e-05 -1.69403e-04 0.00000e+00
54.220000 -2.53241e-05 -2.16607e-04 0.00000e+00
54.230000 -2.82169e-05 -2.25816e-04 0.00000e+00
54.240000 -2.05223e-05 -2.35625e-04 0.00000e+00
54.250000 1.01163e-05 -8.29802e-05 0.00000e+00
54.260000 -9.45567e-06 1.82369e-04 0.00000e+00
54.270000 -8.70731e-06 4.05532e-04 0.00000e+00
54.280000 -5.48661e-07 6.68555e-04 0.00000e+00
54.290000 1.09291e-05 8.91676e-04 0.00000e+00
54.300000 -5.13415e-06 9.51282e-04 0.00000e+00
54.310000 6.02753e-06 8.40530e-04 0.00000e+00
54.320000 2.74891e-05 7.35728e-04 0.00000e+00
54.330000 3.51795e-05 6.72784e-04 0.00000e+00
54.340000 3.16004e-05 5.98059e-04 0.00000e+00
54.350000 5.32305e-05 4.43380e-04 0.00000e+00
54.360000 5.64833e-05 3.29427e-04 0.00000e+00
54.370000 5.55547e-05 2.25093e-04 0.00000e+00
54.380000 6.22309e-05 6.88166e-05 0.00000e+00
54.390000 9.14332e-05 -4.51657e-05 0.00000e+00
54.400000 9.50374e-05 -1.65403e-04 0.00000e+00
54.410000 9.82400e-05 -2.71957e-04 0.00000e+00
54.420000 1.30664e-04 -2.36425e-04 0.00000e+00
54.430000 1.02941e-04 -2.31205e-04 0.00000e+00
54.440000 9.13665e-05 -4.13901e-04 0.00000e+00
54.450000 6.11038e-05 -5.37216e-04 0.00000e+00
54.460000 2.65047e-05 -5.69384e-04 0.00000e+00
54.470000 -3.63376e-06 -6.38404e-04 0.00000e+00
54.480000 -2.36165e-06 -6.57181e-04 0.00000e+00
54.490000 -3.79074e-06 -5.01107e-04 0.00000e+00
54.500000 -1.15439e-05 -3.25650e-04 0.00000e+00
54.510000 -1.63441e-05 -2.32155e-04 0.00000e+00
54.520000 -1.58905e-05 -6.33652e-05 0.00000e+00
54.530000 -1.16150e-05 1.06833e-04 0.00000e+00
54.540000 -2.36856e-05 9.04145e-05 0.00000e+00
54.550000 8.00903e-06 9.62669e-05 0.00000e+00
54.560000 1.07443e-05 3.03679e-04 0.00000e+00
54.570000 1.25907e-05 4.87633e-04 0.00000e+00
54.580000 1.76396e-05 5.53465e-04 0.00000e+00
54.590000 3.31858e-05 7.42196e-04 0.00000e+00
54.600000 1.27449e-05 8.10462e-04 0.00000e+00
54.610000 1.83587e-05 7.20433e-04 0.00000e+00
54.620000 5.76948e-05 6.58758e-04 0.00000e+00
54.630000 7.50636e-05 4.82297e-04 0.00000e+00
54.640000 9.85601e-05 2.54580e-04 0.00000e+00
54.650000 1.20525e-04 1.14177e-04 0.00000e+00
54.660000 1.25999e-04 5.68062e-07 0.00000e+00
54.670000 1.06397e-04 -1.44652e-04 0.00000e+00
54.680000 9.91535e-05 -2.83425e-04 0.00000e+00
54.690000 8.84945e-05 -4.64746e-04 0.00000e+00
54.700000 5.23237e-05 -6.05350e-04 0.00000e+00
54.710000 3.94017e-05 -7.51014e-04 0.00000e+00
54.720000 6.62078e-05 -7.44714e-04 0.00000e+00
54.730000 5.13204e-05 -6.28338e-04 0.00000e+00
54.740000 1.53460e-05 -6.92974e-04 0.00000e+00
54.750000 5.70756e-06 -7.83746e-04 0.00000e+00
54.760000 -2.25889e-06 -7.71396e-04 0.00000e+00
54.770000 -3.98230e-05 -7.49798e-04 0.00000e+00
54.780000 -2.21149e-05 -7.75343e-04 0.00000e+00
54.790000 -3.22727e-05 -5.91796e-04 0.00000e+00
54.800000 -3.90575e-05 -2.82200e-04 0.00000e+00
54.810000 -3.31777e-05 -1.99263e-05 0.00000e+00
54.820000 -3.09101e-05 2.81389e-04 0.00000e+00
54.830000 -4.14931e-05 5.20062e-04 0.00000e+00
54.840000 -2.65236e-05 5.39512e-04 0.00000e+00
54.850000 -2.94929e-05 4.82810e-04 0.00000e+00
54.860000 -2.07864e-05 5.02298e-04 0.00000e+00
54.870000 8.29449e-06 4.31819e-04 0.00000e+00
54.880000 1.78237e-05 2.95614e-04 0.00000e+00
54.890000 4.63090e-05 3.43036e-04 0.00000e+00
54.900000 1.84802e-05 3.89419e-04 0.00000e+00
54.910000 1.24817e-05 1.62829e-04 0.00000e+00
54.920000 4.25506e-05 -5.89867e-05 0.00000e+00
54.930000 6.26317e-05 -1.67931e-04 0.00000e+00
54.940000 7.27857e-05 -3.70360e-04 0.00000e+00
54.950000 6.91832e-05 -4.85456e-04 0.00000e+00
54.960000 9.02814e-05 -5.36307e-04 0.00000e+00
54.970000 5.18983e-05 -7.46655e-04 0.00000e+00
54.980000 2.85511e-05 -8.82728e-04 0.00000e+00
54.990000 -6.06219e-06 -9.07469e-04 0.00000e+00
55.000000 -4.71596e-05 -9.72790e-04 0.00000e+00
55.010000 -7.68367e-05 -9.66406e-04 0.00000e+00
55.020000 -6.23352e-05 -9.53934e-04 0.00000e+00
55.030000 -7.05289e-05 -9.96126e-04 0.00000e+00
55.040000 -8.56288e-05 -8.70952e-04 0.00000e+00
55.050000 -9.09351e-05 -6.75022e-04 0.00000e+00
55.060000 -8.98574e-05 -4.49516e-04 0.00000e+00
55.070000 -1.22907e-04 -2.95656e-04 0.00000e+00
55.080000 -1.23851e-04 -3.32760e-04 0.00000e+00
55.090000 -9.36148e-05 -1.56922e-04 0.00000e+00
55.100000 -9.19135e-05 2.39327e-04 0.00000e+00
55.110000 -8.59101e-05 5.80508e-04 0.00000e+00
55.120000 -7.07954e-05 8.53770e-04 0.00000e+00
55.130000 -8.36517e-05 1.18615e-03 0.00000e+00
55.140000 -7.07934e-05 1.41002e-03 0.00000e+00
55.150000 -2.58003e-05 1.46209e-03 0.00000e+00
55.160000 -1.76290e-05 1.45733e-03 0.00000e+00
55.170000 -3.88093e-06 1.35949e-03 0.00000e+00
55.180000 1.34266e-05 1.25807e-03 0.00000e+00
55.190000 1.13803e-05 1.30487e-03 0.00000e+00
55.200000 4.02943e-05 1.42156e-03 0.00000e+00
55.210000 7.02471e-05 1.35206e-03 0.00000e+00
55.220000 6.98931e-05 1.24622e-03 0.00000e+00
55.230000 8.22066e-05 1.20347e-03 0.00000e+00
55.240000 7.94746e-05 1.00673e-03 0.00000e+00
55.250000 9.46357e-05 7.60782e-04 0.00000e+00
55.260000 1.51298e-04 7.24204e-04 0.00000e+00
55.270000 1.37168e-04 6.99943e-04 0.00000e+00
55.280000 1.27277e-04 5.32829e-04 0.00000e+00
55.290000 1.21990e-04 3.70761e-04 0.00000e+00
55.300000 1.20048e-04 1.84368e-04 0.00000e+00
55.310000 9.53107e-05 -5.37267e-05 0.00000e+00
55.320000 1.01512e-04 -1.25445e-04 0.00000e+00
55.330000 9.73901e-05 -2.10161e-04 0.00000e+00
55.340000 1.17261e-04 -4.03976e-04 0.00000e+00
55.350000 1.22104e-04 -5.37386e-04 0.00000e+00
55.360000 1.28031e-04 -7.03370e-04 0.00000e+00
55.370000 9.99508e-05 -8.51808e-04 0.00000e+00
55.380000 7.74412e-05 -8.99152e-04 0.00000e+00
55.390000 8.98662e-05 -9.72264e-04 0.00000e+00
55.400000 7.36144e-05 -1.09403e-03 0.00000e+00
55.410000 5.90666e-05 -1.20083e-03 0.00000e+00
55.420000 7.14235e-05 -1.26127e-03 0.00000e+00
55.430000 6.29085e-05 -1.08645e-03 0.00000e+00
55.440000 2.93440e-05 -9.39652e-04 0.00000e+00
55.450000 7.60086e-06 -9.72007e-04 0.00000e+00
55.460000 6.89382e-06 -9.40566e-04 0.00000e+00
55.470000 -8.24320e-06 -8.77269e-04 0.00000e+00
55.480000 -2.21295e-05 -8.55020e-04 0.00000e+00
55.490000 -2.35939e-05 -7.92620e-04 0.00000e+00
55.500000 -5.73780e-05 -7.03099e-04 0.00000e+00
55.510000 -5.08735e-05 -5.34827e-04 0.00000e+00
55.520000 -5.75833e-05 -2.71870e-04 0.00000e+00
55.530000 -6.26651e-05 -2.77355e-05 0.00000e+00
55.540000 -6.39840e-05 1.60172e-04 0.00000e+00
55.550000 -5.72749e-05 2.14308e-04 0.00000e+00
55.560000 -5.65710e-05 3.84331e-04 0.00000e+00
55.570000 -4.87089e-05 5.87853e-04 0.00000e+00
55.580000 -2.79385e-05 6.67578e-04 0.00000e+00
55.590000 -1.35357e-05 8.77580e-04 0.00000e+00
55.600000 4.69413e-06 1.11303e-03 0.00000e+00
55.610000 -1.03687e-05 1.16032e-03 0.00000e+00
55.620000 1.36078e-05 1.13361e-03 0.00000e+00
55.630000 2.90530e-05 1.14634e-03 0.00000e+00
55.640000 3.96838e-05 1.18297e-03 0.00000e+00
55.650000 5.55551e-05 1.20406e-03 0.00000e+00
55.660000 7.16058e-05 1.21619e-03 0.00000e+00
55.670000 8.00633e-05 1.12405e-03 0.00000e+00
55.680000 1.11762e-04 1.06112e-03 0.00000e+00
55.690000 1.10061e-04 1.05335e-03 0.00000e+00
55.700000 1.17631e-04 9.35940e-04 0.00000e+00
55.710000 1.17878e-04 7.82131e-04 0.00000e+00
55.720000 1.18390e-04 6.65129e-04 0.00000e+00
55.730000 1.45707e-04 5.80913e-04 0.00000e+00
55.740000 1.28433e-04 4.18311e-04 0.00000e+00
55.750000 1.43970e-04 3.23595e-04 0.00000e+00
55.760000 1.53675e-04 3.00308e-04 0.00000e+00
55.770000 1.32041e-04 2.47336e-04 0.00000e+00
55.780000 1.28429e-04 1.32955e-04 0.00000e+00
55.790000 1.37698e-04 -3.29564e-06 0.00000e+00
55.800000 1.41033e-04 -7.79908e-05 0.00000e+00
55.810000 1.54040e-04 -2.02673e-04 0.00000e+00
55.820000 1.45934e-04 -3.01224e-04 0.00000e+00
55.830000 1.40446e-04 -3.42692e-04 0.00000e+00
55.840000 1.35256e-04 -4.54412e-04 0.00000e+00
55.850000 1.44819e-04 -4.65602e-04 0.00000e+00
55.860000 1.17413e-04 -4.38112e-04 0.00000e+00
55.870000 1.11284e-04 -4.66320e-04 0.00000e+00
55.880000 1.10043e-04 -4.99427e-04 0.00000e+00
55.890000 1.17912e-04 -5.63087e-04 0.00000e+00
55.900000 1.05869e-04 -5.02934e-04 0.00000e+00
55.910000 9.26091e-05 -4.91458e-04 0.00000e+00
55.920000 1.12552e-04 -5.27528e-04 0.00000e+00
55.930000 8.85544e-05 -5.37498e-04 0.00000e+00
55.940000 8.15491e-05 -6.22506e-04 0.00000e+00
55.950000 6.75617e-05 -7.30711e-04 0.00000e+00
55.960000 5.53260e-05 -7.53470e-04 0.00000e+00
55.970000 5.07143e-05 -6.92890e-04 0.00000e+00
55.980000 4.13070e-05 -6.23456e-04 0.00000e+00
55.990000 5.33833e-05 -5.58425e-04 0.00000e+00
56.000000 3.94791e-05 -5.45602e-04 0.00000e+00
56.010000 3.61931e-05 -5.36499e-04 0.00000e+00
56.020000 5.61831e-05 -4.49131e-04 0.00000e+00
56.030000 3.42699e-05 -4.82905e-04 0.00000e+00
56.040000 3.44542e-05 -5.82019e-04 0.00000e+00
56.050000 1.61087e-05 -5.78577e-04 0.00000e+00
56.060000 2.08117e-05 -5.12650e-04 0.00000e+00
56.070000 1.13843e-05 -4.86046e-04 0.00000e+00
56.080000 -1.21264e-05 -5.47463e-04 0.00000e+00
56.090000 -1.56468e-05 -4.10200e-04 0.00000e+00
56.100000 -2.90997e-05 -3.20582e-04 0.00000e+00
56.110000 -1.09767e-05 -3.40855e-04 0.00000e+00
56.120000 -1.71210e-05 -3.03819e-04 0.00000e+00
56.130000 1.74719e-06 -3.27665e-04 0.00000e+00
56.140000 -8.28291e-06 -3.28849e-04 0.00000e+00
56.150000 -1.51648e-05 -3.65005e-04 0.00000e+00
56.160000 -2.07010e-05 -3.10635e-04 0.00000e+00
56.170000 -3.28707e-05 -2.36390e-04 0.00000e+00
56.180000 -3.24103e-05 -2.64739e-04 0.00000e+00
56.190000 -4.04166e-05 -1.63505e-04 0.00000e+00
56.200000 -6.15846e-05 -8.96508e-05 0.00000e+00
56.210000 -3.47896e-05 -4.51510e-05 0.00000e+00
56.220000 -3.88518e-05 -2.50825e-05 0.00000e+00
56.230000 -3.04103e-05 -1.21755e-05 0.00000e+00
56.240000 -4.50381e-05 4.37674e-05 0.00000e+00
56.250000 -2.38682e-05 -8.79563e-06 0.00000e+00
56.260000 -1.28054e-05 -5.36165e-05 0.00000e+00
56.270000 -4.95023e-05 -1.44145e-04 0.00000e+00
56.280000 -2.82428e-05 -1.27361e-04 0.00000e+00
56.290000 -4.27036e-05 -4.34348e-05 0.00000e+00
56.300000 -4.24960e-05 4.26782e-05 0.00000e+00
56.310000 -3.83142e-05 1.78077e-04 0.00000e+00
56.320000 -4.12299e-05 1.62690e-04 0.00000e+00
56.330000 -1.60613e-05 2.10285e-04 0.00000e+00
56.340000 -4.00471e-05 3.02676e-04 0.00000e+00
56.350000 -2.74580e-05 3.31201e-04 0.00000e+00
56.360000 -1.78853e-05 3.48341e-04 0.00000e+00
56.370000 -2.61492e-05 2.75086e-04 0.00000e+00
56.380000 -1.80499e-05 2.77883e-04 0.00000e+00
56.390000 -3.49867e-05 3.42311e-04 0.00000e+00
56.400000 -1.67793e-05 4.02670e-04 0.00000e+00
56.410000 -2.74957e-05 4.33363e-04 0.00000e+00
56.420000 -2.11370e-05 5.00127e-04 0.00000e+00
56.430000 -1.23495e-05 6.10356e-04 0.00000e+00
56.440000 -7.58027e-06 5.37732e-04 0.00000e+00
56.450000 3.46470e-05 5.68455e-04 0.00000e+00
56.460000 1.89199e-05 5.91011e-04 0.00000e+00
56.470000 4.32072e-05 5.03468e-04 0.00000e+00
56.480000 3.23907e-05 4.69210e-04 0.00000e+00
56.490000 3.18693e-05 4.14791e-04 0.00000e+00
56.500000 6.59607e-05 4.70081e-04 0.00000e+00
56.510000 4.06626e-05 4.50121e-04 0.00000e+00
56.520000 3.96420e-05 3.39083e-04 0.00000e+00
56.530000 3.96622e-05 2.56852e-04 0.00000e+00
56.540000 4.33775e-05 1.79686e-04 0.00000e+00
56.550000 5.91610e-05 1.55489e-04 0.00000e+00
56.560000 6.10959e-05 4.24199e-05 0.00000e+00
56.570000 7.00339e-05 -7.93554e-05 0.00000e+00
56.580000 5.69877e-05 -1.77041e-04 0.00000e+00
56.590000 6.42377e-05 -3.11624e-04 0.00000e+00
56.600000 4.09793e-05 -4.21977e-04 0.00000e+00
56.610000 5.25461e-05 -5.82499e-04 0.00000e+00
56.620000 5.52487e-05 -5.66612e-04 0.00000e+00
56.630000 1.76388e-05 -4.88313e-04 0.00000e+00
56.640000 3.48152e-05 -5.20172e-04 0.00000e+00
56.650000 2.17272e-05 -5.17268e-04 0.00000e+00
56.660000 2.89200e-05 -5.64386e-04 0.00000e+00
56.670000 1.95633e-05 -4.44356e-04 0.00000e+00
56.680000 -7.22078e-06 -3.01386e-04 0.00000e+00
56.690000 -9.94891e-06 -3.08200e-04 0.00000e+00
56.700000 -1.44650e-05 -2.98608e-04 0.00000e+00
56.710000 4.94974e-06 -3.38391e-04 0.00000e+00
56.720000 -1.84591e-05 -3.12603e-04 0.00000e+00
56.730000 -3.10554e-05 -1.63159e-04 0.00000e+00
56.740000 -2.99451e-05 -3.34520e-05 0.00000e+00
56.750000 -3.09707e-05 -2.75147e-05 0.00000e+00
56.760000 -3.39543e-05 -3.03898e-05 0.00000e+00
56.770000 -2.93009e-05 -3.66521e-05 0.00000e+00
56.780000 -2.00045e-05 1.86128e-05 0.00000e+00
56.790000 1.95462e-05 1.19014e-04 0.00000e+00
56.800000 -1.50779e-06 4.05591e-05 0.00000e+00
56.810000 -1.04504e-06 8.70225e-05 0.00000e+00
56.820000 1.64760e-05 1.78555e-04 0.00000e+00
56.830000 1.44014e-05 2.17801e-04 0.00000e+00
56.840000 3.63131e-05 2.84539e-04 0.00000e+00
56.850000 6.91423e-06 2.13598e-04 0.00000e+00
56.860000 -6.86146e-06 1.25155e-04 0.00000e+00
56.870000 -1.15666e-05 4.33041e-05 0.00000e+00
56.880000 -1.34623e-05 6.10395e-05 0.00000e+00
56.890000 1.42362e-05 6.76014e-05 0.00000e+00
56.900000 9.29520e-06 -1.12955e-04 0.00000e+00
56.910000 -1.65971e-05 -2.38861e-04 0.00000e+00
56.920000 -2.19341e-05 -2.35861e-04 0.00000e+00
56.930000 -4.52225e-06 -2.54034e-04 0.00000e+00
56.940000 -1.80443e-06 -2.90008e-04 0.00000e+00
56.950000 1.10047e-05 -3.01685e-04 0.00000e+00
56.960000 -1.20701e-05 -1.51277e-04 0.00000e+00
56.970000 5.46386e-06 -5.23759e-05 0.00000e+00
56.980000 1.84803e-05 -1.10688e-04 0.00000e+00
56.990000 -1.26354e-05 3.60469e-05 0.00000e+00
57.000000 -3.17652e-06 1.80980e-04 0.00000e+00
57.010000 -2.38248e-05 3.09918e-04 0.00000e+00
57.020000 -2.84237e-05 4.21928e-04 0.00000e+00
57.030000 -2.71984e-05 3.97649e-04 0.00000e+00
57.040000 -2.53369e-05 3.23487e-04 0.00000e+00
57.050000 -6.10900e-06 2.68004e-04 0.00000e+00
57.060000 -2.37787e-05 3.43127e-04 0.00000e+00
57.070000 -1.78360e-05 4.32032e-04 0.00000e+00
57.080000 1.81611e-05 3.90461e-04 0.00000e+00
57.090000 2.82843e-05 3.20624e-04 0.00000e+00
57.100000 1.95753e-05 3.66412e-04 0.00000e+00
57.110000 3.41095e-05 3.75993e-04 0.00000e+00
57.120000 4.09219e-05 3.56497e-04 0.00000e+00
57.130000 6.37059e-05 3.03434e-04 0.00000e+00
57.140000 4.10410e-05 2.44910e-04 0.00000e+00
57.150000 6.54443e-05 3.08998e-04 0.00000e+00
57.160000 8.05973e-05 2.81466e-04 0.00000e+00
57.170000 4.91924e-05 1.84820e-04 0.00000e+00
57.180000 6.03473e-05 9.68343e-05 0.00000e+00
57.190000 4.03375e-05 -2.31029e-05 0.00000e+00
57.200000 2.69389e-05 -1.48805e-04 0.00000e+00
57.210000 1.89433e-05 -2.69619e-04 0.00000e+00
57.220000 4.30706e-05 -2.88612e-04 0.00000e+00
57.230000 3.85110e-05 -3.81140e-04 0.00000e+00
57.240000 3.75873e-05 -5.21062e-04 0.00000e+00
57.250000 2.68449e-05 -4.30218e-04 0.00000e+00
57.260000 2.78727e-05 -3.57250e-04 0.00000e+00
57.270000 1.72409e-05 -4.02554e-04 0.00000e+00
57.280000 -1.58182e-06 -3.72638e-04 0.00000e+00
57.290000 1.14901e-05 -3.49260e-04 0.00000e+00
57.300000 6.68626e-06 -2.90360e-04 0.00000e+00
57.310000 1.12460e-05 -2.61227e-04 0.00000e+00
57.320000 1.18365e-05 -2.18157e-04 0.00000e+00
57.330000 -2.40202e-06 -4.32300e-05 0.00000e+00
57.340000 -1.12715e-05 -2.28463e-05 0.00000e+00
57.350000 -6.24209e-06 -4.19466e-05 0.00000e+00
57.360000 -1.42664e-05 -6.46287e-05 0.00000e+00
57.370000 -1.55377e-05 -1.45126e-04 0.00000e+00
57.380000 -3.20195e-06 -1.89833e-04 0.00000e+00
57.390000 3.34149e-06 -1.01896e-04 0.00000e+00
57.400000 -9.01205e-06 1.00548e-05 0.00000e+00
57.410000 1.57815e-05 7.14787e-05 0.00000e+00
57.420000 1.52579e-05 5.75195e-05 0.00000e+00
57.430000 -1.02309e-05 1.19077e-05 0.00000e+00
57.440000 9.64718e-06 3.18351e-05 0.00000e+00
57.450000 2.76965e-06 -3.19482e-05 0.00000e+00
57.460000 -6.61804e-06 -4.23731e-05 0.00000e+00
57.470000 8.32768e-06 -1.97018e-05 0.00000e+00
57.480000 1.06265e-06 -7.74548e-05 0.00000e+00
57.490000 6.98174e-06 -3.79556e-05 0.00000e+00
57.500000 -4.22200e-06 2.18859e-05 0.00000e+00
57.510000 -1.83099e-05 -1.92349e-05 0.00000e+00
57.520000 -1.25093e-05 3.21232e-05 0.00000e+00
57.530000 -1.57068e-05 2.14484e-05 0.00000e+00
57.540000 3.95843e-06 -3.56356e-05 0.00000e+00
57.550000 3.91800e-06 4.47964e-05 0.00000e+00
57.560000 1.68245e-05 1.42893e-04 0.00000e+00
57.570000 -7.17556e-06 1.04145e-04 0.00000e+00
57.580000 9.67704e-09 1.63160e-04 0.00000e+00
57.590000 -2.74873e-05 3.30499e-04 0.00000e+00
57.600000 5.55338e-06 3.16947e-04 0.00000e+00
57.610000 -2.65942e-06 3.38555e-04 0.00000e+00
57.620000 1.15530e-06 4.07700e-04 0.00000e+00
57.630000 7.92366e-06 3.92311e-04 0.00000e+00
57.640000 8.37715e-06 3.81304e-04 0.00000e+00
57.650000 1.63190e-05 3.86767e-04 0.00000e+00
57.660000 5.42340e-05 3.40204e-04 0.00000e+00
57.670000 3.10038e-05 3.17268e-04 0.00000e+00
57.680000 3.83107e-05 2.79766e-04 0.00000e+00
57.690000 4.60274e-05 2.24258e-04 0.00000e+00
57.700000 2.45525e-05 1.98061e-04 0.00000e+00
57.710000 5.93652e-05 1.91479e-04 0.00000e+00
57.720000 5.59933e-05 1.94803e-04 0.00000e+00
57.730000 4.83033e-05 1.84931e-04 0.00000e+00
57.740000 4.34754e-05 9.40517e-05 0.00000e+00
57.750000 7.71251e-05 -8.01111e-05 0.00000e+00
57.760000 4.90798e-05 -2.62308e-04 0.00000e+00
57.770000 4.37496e-05 -2.63875e-04 0.00000e+00
57.780000 4.21734e-05 -2.33452e-04 0.00000e+00
57.790000 3.25927e-05 -3.48930e-04 0.00000e+00
57.800000 2.31617e-05 -4.35132e-04 0.00000e+00
57.810000 1.74155e-05 -5.09534e-04 0.00000e+00
57.820000 2.34135e-05 -5.58396e-04 0.00000e+00
57.830000 1.27915e-05 -5.03491e-04 0.00000e+00
57.840000 3.53485e-05 -4.85606e-04 0.00000e+00
57.850000 9.48359e-06 -5.45809e-04 0.00000e+00
57.860000 9.61797e-06 -5.27645e-04 0.00000e+00
57.870000 -1.59054e-06 -5.61568e-04 0.00000e+00
57.880000 -9.92493e-06 -4.92638e-04 0.00000e+00
57.890000 -1.91882e-05 -3.78872e-04 0.00000e+00
57.900000 -2.87103e-05 -3.95962e-04 0.00000e+00
57.910000 -3.85169e-05 -3.99295e-04 0.00000e+00
57.920000 -3.67057e-05 -2.70637e-04 0.00000e+00
57.930000 -1.39107e-05 -1.67389e-04 0.00000e+00
57.940000 -9.01547e-06 -1.60700e-04 0.00000e+00
57.950000 -4.69005e-05 -9.56710e-05 0.00000e+00
57.960000 -4.20444e-05 9.73466e-06 0.00000e+00
57.970000 -4.10951e-05 4.47225e-05 0.00000e+00
57.980000 -3.00763e-05 3.30415e-05 0.00000e+00
57.990000 -3.09753e-05 1.55926e-04 0.00000e+00
58.000000 -2.49623e-05 2.63225e-04 0.00000e+00
58.010000 -2.59701e-05 3.92092e-04 0.00000e+00
58.020000 -2.23266e-05 4.76415e-04 0.00000e+00
58.030000 -1.36831e-05 4.77359e-04 0.00000e+00
58.040000 -1.03311e-05 4.57997e-04 0.00000e+00
58.050000 -8.95886e-07 3.86240e-04 0.00000e+00
58.060000 -1.57382e-05 4.31024e-04 0.00000e+00
58.070000 -1.85933e-06 4.81754e-04 0.00000e+00
58.080000 9.93597e-06 4.44610e-04 0.00000e+00
58.090000 2.11185e-05 4.04178e-04 0.00000e+00
58.100000 2.13519e-05 4.92776e-04 0.00000e+00
58.110000 3.01486e-05 6.22770e-04 0.00000e+00
58.120000 3.68494e-05 5.53101e-04 0.00000e+00
58.130000 4.39730e-05 3.96070e-04 0.00000e+00
58.140000 2.56173e-05 3.31352e-04 0.00000e+00
58.150000 5.29565e-05 3.05482e-04 0.00000e+00
58.160000 6.11319e-05 2.77980e-04 0.00000e+00
58.170000 4.17529e-05 2.55276e-04 0.00000e+00
58.180000 4.70408e-05 2.54515e-04 0.00000e+00
58.190000 3.08727e-05 2.07814e-04 0.00000e+00
58.200000 3.96869e-05 1.62853e-04 0.00000e+00
58.210000 3.46328e-05 1.25986e-04 0.00000e+00
58.220000 6.55901e-05 5.74069e-05 0.00000e+00
58.230000 8.07011e-05 -1.44893e-05 0.00000e+00
58.240000 5.71672e-05 -8.03957e-05 0.00000e+00
58.250000 5.57021e-05 -1.21175e-04 0.00000e+00
58.260000 6.13032e-05 -1.62418e-04 0.00000e+00
58.270000 6.81770e-05 -1.59013e-04 0.00000e+00
58.280000 4.51707e-05 -1.23950e-04 0.00000e+00
58.290000 3.35170e-05 -1.24404e-04 0.00000e+00
58.300000 3.32192e-05 -2.02683e-04 0.00000e+00
58.310000 5.14343e-05 -2.96180e-04 0.00000e+00
58.320000 4.47353e-05 -2.67879e-04 0.00000e+00
58.330000 5.25390e-05 -1.50821e-04 0.00000e+00
58.340000 4.54017e-05 -1.17439e-04 0.00000e+00
58.350000 4.45154e-05 -1.53019e-04 0.00000e+00
58.360000 2.16668e-05 -1.68501e-04 0.00000e+00
58.370000 3.39881e-05 -1.08182e-04 0.00000e+00
58.380000 1.84667e-05 -8.25088e-05 0.00000e+00
58.390000 2.73685e-05 5.49117e-05 0.00000e+00
58.400000 3.04711e-05 2.88048e-04 0.00000e+00
58.410000 2.38474e-05 3.15063e-04 0.00000e+00
58.420000 2.53314e-05 3.18271e-04 0.00000e+00
58.430000 3.73283e-05 4.29587e-04 0.00000e+00
58.440000 4.74161e-05 5.37369e-04 0.00000e+00
58.450000 3.38470e-05 5.54897e-04 0.00000e+00
58.460000 2.55704e-05 4.56262e-04 0.00000e+00
58.470000 3.53797e-05 3.54711e-04 0.00000e+00
58.480000 7.26271e-05 4.34822e-04 0.00000e+00
58.490000 7.69507e-05 4.94654e-04 0.00000e+00
58.500000 8.39338e-05 4.64521e-04 0.00000e+00
58.510000 8.08564e-05 4.04518e-04 0.00000e+00
58.520000 8.28924e-05 2.48580e-04 0.00000e+00
58.530000 1.07971e-04 3.12430e-05 0.00000e+00
58.540000 1.05820e-04 -1.22371e-04 0.00000e+00
58.550000 9.61112e-05 -2.76627e-04 0.00000e+00
58.560000 1.18597e-04 -4.68383e-04 0.00000e+00
58.570000 8.08954e-05 -6.63724e-04 0.00000e+00
58.580000 8.02450e-05 -8.82837e-04 0.00000e+00
58.590000 8.34880e-05 -1.03496e-03 0.00000e+00
58.600000 7.11910e-05 -1.11918e-03 0.00000e+00
58.610000 4.28139e-05 -1.22466e-03 0.00000e+00
58.620000 3.14731e-05 -1.37581e-03 0.00000e+00
58.630000 5.72262e-06 -1.53188e-03 0.00000e+00
58.640000 1.61948e-05 -1.61241e-03 0.00000e+00
58.650000 6.77675e-06 -1.45778e-03 0.00000e+00
58.660000 -4.37878e-05 -1.29472e-03 0.00000e+00
58.670000 -6.24241e-05 -1.21325e-03 0.00000e+00
58.680000 -9.35928e-05 -1.12868e-03 0.00000e+00
58.690000 -1.08040e-04 -1.08357e-03 0.00000e+00
58.700000 -1.08238e-04 -8.87016e-04 0.00000e+00
58.710000 -1.12187e-04 -6.11238e-04 0.00000e+00
58.720000 -1.32998e-04 -4.57761e-04 0.00000e+00
58.730000 -1.32843e-04 -2.41257e-04 0.00000e+00
58.740000 -1.39850e-04 -6.67785e-05 0.00000e+00
58.750000 -1.11397e-04 7.09369e-05 0.00000e+00
58.760000 -1.09308e-04 3.74802e-04 0.00000e+00
58.770000 -1.04989e-04 6.50638e-04 0.00000e+00
58.780000 -1.09341e-04 7.70936e-04 0.00000e+00
58.790000 -7.23875e-05 8.21760e-04 0.00000e+00
58.800000 -6.29672e-05 8.77614e-04 0.00000e+00
58.810000 -2.94914e-05 1.04361e-03 0.00000e+00
58.820000 -1.98499e-05 1.26838e-03 0.00000e+00
58.830000 -3.57641e-05 1.30074e-03 0.00000e+00
58.840000 -2.13595e-05 1.22970e-03 0.00000e+00
58.850000 -1.63505e-05 1.13490e-03 0.00000e+00
58.860000 4.76602e-07 1.02318e-03 0.00000e+00
58.870000 3.21378e-05 9.75792e-04 0.00000e+00
58.880000 2.29453e-05 9.48814e-04 0.00000e+00
58.890000 2.52901e-05 8.51949e-04 0.00000e+00
58.900000 4.42378e-05 7.22588e-04 0.00000e+00
58.910000 5.10109e-05 5.65391e-04 0.00000e+00
58.920000 7.03860e-05 5.23164e-04 0.00000e+00
58.930000 7.12942e-05 5.20386e-04 0.00000e+00
58.940000 4.99126e-05 4.12475e-04 0.00000e+00
58.950000 4.53171e-05 3.07684e-04 0.00000e+00
58.960000 5.52763e-05 3.21845e-04 0.00000e+00
58.970000 7.79918e-05 3.14348e-04 0.00000e+00
58.980000 8.52825e-05 3.14448e-04 0.00000e+00
58.990000 7.28707e-05 3.84168e-04 0.00000e+00
59.000000 6.08571e-05 3.06362e-04 0.00000e+00
59.010000 6.11572e-05 2.43136e-04 0.00000e+00
59.020000 6.58817e-05 2.35631e-04 0.00000e+00
59.030000 7.91439e-05 1.98491e-04 0.00000e+00
59.040000 8.23230e-05 2.38676e-04 0.00000e+00
59.050000 8.55680e-05 2.39604e-04 0.00000e+00
59.060000 8.17072e-05 1.45443e-04 0.00000e+00
59.070000 8.62974e-05 1.36170e-04 0.00000e+00
59.080000 8.96447e-05 1.63195e-04 0.00000e+00
59.090000 1.15051e-04 1.68122e-04 0.00000e+00
59.100000 9.22567e-05 1.67438e-04 0.00000e+00
59.110000 1.07778e-04 8.73175e-05 0.00000e+00
59.120000 1.09322e-04 -4.49721e-05 0.00000e+00
59.130000 1.14193e-04 -1.01510e-04 0.00000e+00
59.140000 8.88261e-05 -3.91826e-05 0.00000e+00
59.150000 1.20446e-04 1.50755e-05 0.00000e+00
59.160000 9.72650e-05 -2.17384e-05 0.00000e+00
59.170000 1.02754e-04 -9.95095e-05 0.00000e+00
59.180000 9.71200e-05 -1.92297e-04 0.00000e+00
59.190000 9.41167e-05 -2.38455e-04 0.00000e+00
59.200000 7.82086e-05 -2.25341e-04 0.00000e+00
59.210000 9.06101e-05 -2.43629e-04 0.00000e+00
59.220000 7.10409e-05 -2.72824e-04 0.00000e+00
59.230000 8.12335e-05 -3.01582e-04 0.00000e+00
59.240000 7.64377e-05 -3.39876e-04 0.00000e+00
59.250000 7.57396e-05 -3.21745e-04 0.00000e+00
59.260000 6.09249e-05 -2.07833e-04 0.00000e+00
59.270000 7.53187e-05 -1.72151e-04 0.00000e+00
59.280000 6.39690e-05 -1.54224e-04 0.00000e+00
59.290000 7.47369e-05 -6.23807e-05 0.00000e+00
59.300000 7.68989e-05 -8.65085e-06 0.00000e+00
59.310000 8.31282e-05 2.00322e-05 0.00000e+00
59.320000 6.09487e-05 1.68242e-04 0.00000e+00
59.330000 7.33177e-05 2.87188e-04 0.00000e+00
59.340000 6.07522e-05 3.05728e-04 0.00000e+00
59.350000 6.82123e-05 3.70415e-04 0.00000e+00
59.360000 7.09771e-05 3.83529e-04 0.00000e+00
59.370000 7.47437e-05 3.86871e-04 0.00000e+00
59.380000 6.62607e-05 4.35716e-04 0.00000e+00
59.390000 8.93885e-05 4.32181e-04 0.00000e+00
59.400000 8.38667e-05 4.12331e-04 0.00000e+00
59.410000 1.05248e-04 4.35396e-04 0.00000e+00
59.420000 1.11302e-04 3.96574e-04 0.00000e+00
59.430000 1.20249e-04 3.24366e-04 0.00000e+00
59.440000 1.08887e-04 2.76447e-04 0.00000e+00
59.450000 1.33506e-04 2.39298e-04 0.00000e+00
59.460000 1.23158e-04 1.96256e-04 0.00000e+00
59.470000 1.41546e-04 1.77815e-04 0.00000e+00
59.480000 1.45001e-04 1.53189e-04 0.00000e+00
59.490000 1.49246e-04 7.65985e-05 0.00000e+00
59.500000 1.17853e-04 -3.21562e-05 0.00000e+00
59.510000 1.32777e-04 -9.93639e-05 0.00000e+00
59.520000 1.17485e-04 -1.48986e-04 0.00000e+00
59.530000 1.23934e-04 -1.68287e-04 0.00000e+00
59.540000 1.21398e-04 -2.10047e-04 0.00000e+00
59.550000 1.16849e-04 -3.16809e-04 0.00000e+00
59.560000 1.00406e-04 -3.00570e-04 0.00000e+00
59.570000 1.10210e-04 -2.08213e-04 0.00000e+00
59.580000 9.41259e-05 -1.36358e-04 0.00000e+00
59.590000 9.42671e-05 -4.40724e-05 0.00000e+00
59.600000 9.29995e-05 -3.54835e-05 0.00000e+00
59.610000 9.49563e-05 -1.07490e-04 0.00000e+00
59.620000 9.47924e-05 -3.91019e-05 0.00000e+00
59.630000 9.49925e-05 8.53751e-05 0.00000e+00
59.640000 9.32456e-05 1.66420e-04 0.00000e+00
59.650000 9.65172e-05 2.53782e-04 0.00000e+00
59.660000 9.61342e-05 2.29264e-04 0.00000e+00
59.670000 9.81560e-05 1.13003e-04 0.00000e+00
59.680000 1.17609e-04 9.99195e-05 0.00000e+00
59.690000 1.12335e-04 1.08758e-04 0.00000e+00
59.700000 1.18582e-04 5.21631e-05 0.00000e+00
59.710000 1.14058e-04 -5.46022e-06 0.00000e+00
59.720000 1.29696e-04 -1.63293e-04 0.00000e+00
59.730000 1.49263e-04 -3.54802e-04 0.00000e+00
59.740000 1.31801e-04 -4.46106e-04 0.00000e+00
59.750000 1.17415e-04 -5.32595e-04 0.00000e+00
59.760000 1.02531e-04 -6.76350e-04 0.00000e+00
59.770000 8.75054e-05 -8.09113e-04 0.00000e+00
59.780000 1.00910e-04 -9.85441e-04 0.00000e+00
59.790000 1.11434e-04 -1.11109e-03 0.00000e+00
59.800000 7.73992e-05 -1.16308e-03 0.00000e+00
59.810000 5.66250e-05 -1.20995e-03 0.00000e+00
59.820000 2.66155e-05 -1.24668e-03 0.00000e+00
59.830000 1.00813e-05 -1.30254e-03 0.00000e+00
59.840000 1.81551e-05 -1.38783e-03 0.00000e+00
59.850000 9.51085e-06 -1.32427e-03 0.00000e+00
59.860000 -2.85211e-05 -1.19582e-03 0.00000e+00
59.870000 -4.33792e-05 -1.10164e-03 0.00000e+00
59.880000 -6.89384e-05 -1.00056e-03 0.00000e+00
59.890000 -7.58853e-05 -8.65460e-04 0.00000e+00
59.900000 -6.41030e-05 -6.07041e-04 0.00000e+00
59.910000 -6.49767e-05 -3.98004e-04 0.00000e+00
59.920000 -8.49370e-05 -2.84537e-04 0.00000e+00
59.930000 -9.02086e-05 -1.59875e-04 0.00000e+00
59.940000 -9.53910e-05 -5.92552e-05 0.00000e+00
59.950000 -8.85324e-05 1.18970e-04 0.00000e+00
59.960000 -6.05783e-05 3.87838e-04 0.00000e+00
59.970000 -6.14464e-05 5.28724e-04 0.00000e+00
59.980000 -6.00994e-05 5.87578e-04 0.00000e+00
59.990000 -5.97684e-05 6.35337e-04 0.00000e+00
60.000000 -5.39267e-05 6.39775e-04 0.00000e+00
60.010000 -3.31564e-05 7.49072e-04 0.00000e+00
60.020000 1.97244e-06 8.86073e-04 0.00000e+00
60.030000 -7.82123e-06 8.14311e-04 0.00000e+00
60.040000 2.29376e-06 6.56991e-04 0.00000e+00
60.050000 2.67294e-06 5.54643e-04 0.00000e+00
60.060000 1.81439e-05 4.53799e-04 0.00000e+00
60.070000 2.25076e-05 4.78500e-04 0.00000e+00
60.080000 1.76148e-05 5.79107e-04 0.00000e+00
60.090000 2.05710e-05 5.21109e-04 0.00000e+00
60.100000 2.66961e-05 3.47758e-04 0.00000e+00
60.110000 2.33233e-05 2.10028e-04 0.00000e+00
60.120000 3.59985e-05 1.00295e-04 0.00000e+00
60.130000 2.40607e-05 1.28107e-04 0.00000e+00
60.140000 2.39823e-05 2.24312e-04 0.00000e+00
60.150000 2.49995e-05 1.74852e-04 0.00000e+00
60.160000 2.26802e-05 2.64705e-05 0.00000e+00
60.170000 1.80809e-05 -1.03355e-04 0.00000e+00
60.180000 2.64623e-05 -1.65071e-04 0.00000e+00
60.190000 1.66637e-06 -9.33485e-05 0.00000e+00
60.200000 -2.63794e-06 -4.61875e-07 0.00000e+00
60.210000 1.45324e-05 -2.02579e-05 0.00000e+00
60.220000 3.63292e-05 -6.54835e-05 0.00000e+00
60.230000 3.35048e-05 -1.22830e-04 0.00000e+00
60.240000 5.44654e-05 -1.54136e-04 0.00000e+00
60.250000 2.44454e-05 -2.00888e-04 0.00000e+00
60.260000 6.98847e-06 -2.43803e-04 0.00000e+00
60.270000 5.12579e-06 -2.80187e-04 0.00000e+00
60.280000 2.76783e-05 -3.53440e-04 0.00000e+00
60.290000 2.08276e-05 -4.38381e-04 0.00000e+00
60.300000 4.17293e-05 -5.15679e-04 0.00000e+00
60.310000 5.32503e-06 -5.50428e-04 0.00000e+00
60.320000 -1.82793e-05 -5.30516e-04 0.00000e+00
60.330000 -2.44885e-05 -5.37753e-04 0.00000e+00
60.340000 -4.33472e-06 -5.83871e-04 0.00000e+00
60.350000 -1.11182e-05 -6.37093e-04 0.00000e+00
60.360000 4.11474e-06 -7.02186e-04 0.00000e+00
60.370000 -2.55713e-05 -7.60213e-04 0.00000e+00
60.380000 -4.88999e-05 -6.70065e-04 0.00000e+00
60.390000 -5.89631e-05 -4.02814e-04 0.00000e+00
60.400000 -6.40483e-05 -2.07105e-04 0.00000e+00
60.410000 -5.95587e-05 -5.88999e-05 0.00000e+00
60.420000 -6.55990e-05 5.51872e-05 0.00000e+00
60.430000 -7.06879e-05 4.54398e-05 0.00000e+00
60.440000 -8.11947e-05 6.22066e-05 0.00000e+00
60.450000 -7.73498e-05 2.85520e-04 0.00000e+00
60.460000 -7.16890e-05 5.44087e-04 0.00000e+00
60.470000 -4.49840e-05 8.05492e-04 0.00000e+00
60.480000 -3.77072e-05 9.74781e-04 0.00000e+00
60.490000 -3.67304e-05 9.27082e-04 0.00000e+00
60.500000 -4.06269e-05 8.57596e-04 0.00000e+00
60.510000 -2.62478e-05 9.01639e-04 0.00000e+00
60.520000 -1.14308e-05 1.00487e-03 0.00000e+00
60.530000 2.98983e-05 1.15408e-03 0.00000e+00
60.540000 4.45866e-05 1.21554e-03 0.00000e+00
60.550000 7.74606e-05 1.07827e-03 0.00000e+00
60.560000 7.18609e-05 9.39060e-04 0.00000e+00
60.570000 5.46264e-05 7.89164e-04 0.00000e+00
60.580000 6.49225e-05 6.06276e-04 0.00000e+00
60.590000 7.52542e-05 4.31614e-04 0.00000e+00
60.600000 7.96095e-05 2.39152e-04 0.00000e+00
60.610000 1.06036e-04 1.98101e-05 0.00000e+00
60.620000 1.25121e-04 -1.57267e-04 0.00000e+00
60.630000 9.79013e-05 -3.32092e-04 0.00000e+00
60.640000 9.18805e-05 -4.63654e-04 0.00000e+00
60.650000 5.24432e-05 -5.86530e-04 0.00000e+00
60.660000 4.48194e-05 -7.50589e-04 0.00000e+00
60.670000 4.15215e-05 -9.34891e-04 0.00000e+00
60.680000 6.04665e-05 -1.09567e-03 0.00000e+00
60.690000 4.67353e-05 -1.21118e-03 0.00000e+00
60.700000 3.67501e-05 -1.19390e-03 0.00000e+00
60.710000 -1.36419e-05 -1.13898e-03 0.00000e+00
60.720000 -2.45526e-05 -1.10534e-03 0.00000e+00
60.730000 -4.38503e-05 -1.05500e-03 0.00000e+00
60.740000 -5.52859e-05 -1.08163e-03 0.00000e+00
60.750000 -6.59453e-05 -1.07173e-03 0.00000e+00
60.760000 -5.25809e-05 -9.42325e-04 0.00000e+00
60.770000 -6.83469e-05 -8.03992e-04 0.00000e+00
60.780000 -5.95219e-05 -6.53696e-04 0.00000e+00
60.790000 -7.28790e-05 -3.48871e-04 0.00000e+00
60.800000 -8.20047e-05 -8.45025e-05 0.00000e+00
60.810000 -8.47799e-05 5.43357e-05 0.00000e+00
60.820000 -8.72706e-05 6.86351e-05 0.00000e+00
60.830000 -8.25504e-05 8.36980e-05 0.00000e+00
60.840000 -8.34228e-05 1.87932e-04 0.00000e+00
60.850000 -7.69116e-05 4.23322e-04 0.00000e+00
60.860000 -7.01585e-05 7.64963e-04 0.00000e+00
60.870000 -5.37710e-05 9.82476e-04 0.00000e+00
60.880000 -6.38040e-05 9.60691e-04 0.00000e+00
60.890000 -4.46114e-05 9.17443e-04 0.00000e+00
60.900000 -2.93455e-05 9.37212e-04 0.00000e+00
60.910000 -1.52861e-05 9.02687e-04 0.00000e+00
60.920000 -2.76893e-06 8.91600e-04 0.00000e+00
60.930000 1.67250e-05 9.56621e-04 0.00000e+00
60.940000 1.17671e-05 9.63563e-04 0.00000e+00
60.950000 3.23054e-05 9.61172e-04 0.00000e+00
60.960000 5.44519e-05 9.51912e-04 0.00000e+00
60.970000 3.74427e-05 8.17684e-04 0.00000e+00
60.980000 2.94166e-05 6.95305e-04 0.00000e+00
60.990000 3.86790e-05 5.52949e-04 0.00000e+00
61.000000 7.32820e-05 4.14858e-04 0.00000e+00
61.010000 8.00832e-05 3.16876e-04 0.00000e+00
61.020000 1.11751e-04 2.05255e-04 0.00000e+00
61.030000 9.02894e-05 7.90522e-05 0.00000e+00
61.040000 5.74080e-05 -1.35017e-05 0.00000e+00
61.050000 4.73554e-05 -1.65420e-04 0.00000e+00
61.060000 7.22901e-05 -3.12973e-04 0.00000e+00
61.070000 5.56789e-05 -3.08926e-04 0.00000e+00
61.080000 6.73045e-05 -3.02666e-04 0.00000e+00
61.090000 6.40007e-05 -3.53180e-04 0.00000e+00
61.100000 6.26889e-05 -3.68295e-04 0.00000e+00
61.110000 3.77900e-05 -4.09026e-04 0.00000e+00
61.120000 4.90785e-05 -4.72064e-04 0.00000e+00
61.130000 1.39294e-05 -3.82569e-04 0.00000e+00
61.140000 1.83070e-05 -3.43301e-04 0.00000e+00
61.150000 1.18700e-05 -4.49328e-04 0.00000e+00
61.160000 1.23035e-05 -4.70291e-04 0.00000e+00
61.170000 1.59292e-05 -3.27700e-04 0.00000e+00
61.180000 1.98480e-05 -2.15199e-04 0.00000e+00
61.190000 3.33149e-06 -8.72560e-05 0.00000e+00
61.200000 1.05119e-05 2.64808e-05 0.00000e+00
61.210000 7.49227e-06 -6.23909e-05 0.00000e+00
61.220000 1.23148e-05 -1.31682e-04 0.00000e+00
61.230000 2.45226e-05 -2.51300e-05 0.00000e+00
61.240000 3.55507e-05 6.89060e-05 0.00000e+00
61.250000 7.18755e-06 5.30280e-05 0.00000e+00
61.260000 1.36523e-05 8.91758e-05 0.00000e+00
61.270000 1.34852e-05 1.24599e-04 0.00000e+00
61.280000 1.81253e-05 7.90727e-05 0.00000e+00
61.290000 2.02704e-05 8.90105e-05 0.00000e+00
61.300000 4.52169e-05 1.28716e-04 0.00000e+00
61.310000 1.48832e-05 1.78936e-04 0.00000e+00
61.320000 2.98061e-05 2.46387e-04 0.00000e+00
61.330000 3.51872e-05 2.58043e-04 0.00000e+00
61.340000 3.76566e-05 3.25353e-04 0.00000e+00
61.350000 1.44675e-05 3.95381e-04 0.00000e+00
61.360000 3.86999e-05 3.10453e-04 0.00000e+00
61.370000 1.92369e-05 2.45925e-04 0.00000e+00
61.380000 3.03717e-05 2.17200e-04 0.00000e+00
61.390000 3.77993e-05 1.63899e-04 0.00000e+00
61.400000 4.32058e-05 2.42968e-04 0.00000e+00
61.410000 2.32037e-05 3.47731e-04 0.00000e+00
61.420000 2.77345e-05 2.87844e-04 0.00000e+00
61.430000 4.84098e-05 1.73007e-04 0.00000e+00
61.440000 5.01753e-05 1.03993e-04 0.00000e+00
61.450000 6.48317e-05 -1.49201e-05 0.00000e+00
61.460000 8.56582e-05 -1.14519e-04 0.00000e+00
61.470000 8.92895e-05 -9.84027e-05 0.00000e+00
61.480000 8.23332e-05 -1.60558e-04 0.00000e+00
61.490000 6.00226e-05 -3.03521e-04 0.00000e+00
61.500000 6.00124e-05 -3.54043e-04 0.00000e+00
61.510000 5.27739e-05 -4.57419e-04 0.00000e+00
61.520000 3.00613e-05 -6.22078e-04 0.00000e+00
61.530000 1.63805e-05 -6.29888e-04 0.00000e+00
61.540000 4.06982e-05 -5.94918e-04 0.00000e+00
61.550000 1.90606e-05 -6.56056e-04 0.00000e+00
61.560000 3.89540e-05 -6.41107e-04 0.00000e+00
61.570000 2.74811e-05 -6.19712e-04 0.00000e+00
61.580000 -1.27063e-06 -6.91661e-04 0.00000e+00
61.590000 -2.58312e-05 -7.21717e-04 0.00000e+00
61.600000 -2.80760e-05 -5.37724e-04 0.00000e+00
61.610000 -4.18612e-05 -3.87711e-04 0.00000e+00
61.620000 -4.21423e-05 -2.72734e-04 0.00000e+00
61.630000 -3.19019e-05 -3.35138e-05 0.00000e+00
61.640000 -3.27417e-05 2.20744e-04 0.00000e+00
61.650000 -5.05862e-05 4.22913e-04 0.00000e+00
61.660000 -4.68306e-05 4.92450e-04 0.00000e+00
61.670000 -3.78903e-05 5.14943e-04 0.00000e+00
61.680000 -3.49111e-05 5.29831e-04 0.00000e+00
61.690000 -7.42814e-07 4.80226e-04 0.00000e+00
61.700000 1.42329e-05 3.95357e-04 0.00000e+00
61.710000 2.89674e-06 4.50356e-04 0.00000e+00
61.720000 1.98521e-06 4.16900e-04 0.00000e+00
61.730000 2.35945e-05 3.79515e-04 0.00000e+00
61.740000 2.19861e-05 3.77427e-04 0.00000e+00
61.750000 4.56993e-05 2.15788e-04 0.00000e+00
61.760000 6.97697e-05 5.72434e-05 0.00000e+00
61.770000 7.97826e-05 -8.37073e-05 0.00000e+00
61.780000 4.68157e-05 -2.72091e-04 0.00000e+00
61.790000 7.12734e-05 -4.60196e-04 0.00000e+00
61.800000 5.34454e-05 -5.69003e-04 0.00000e+00
61.810000 4.36983e-05 -6.58609e-04 0.00000e+00
61.820000 6.70816e-06 -7.67267e-04 0.00000e+00
61.830000 -1.69488e-05 -8.95751e-04 0.00000e+00
61.840000 -3.46719e-05 -9.58525e-04 0.00000e+00
61.850000 -4.34380e-05 -1.01724e-03 0.00000e+00
61.860000 -4.94147e-05 -1.00223e-03 0.00000e+00
61.870000 -5.70018e-05 -8.78586e-04 0.00000e+00
61.880000 -6.33670e-05 -8.20220e-04 0.00000e+00
61.890000 -9.73340e-05 -8.28813e-04 0.00000e+00
61.900000 -7.22816e-05 -7.25642e-04 0.00000e+00
61.910000 -1.07741e-04 -6.05937e-04 0.00000e+00
61.920000 -8.77206e-05 -4.82438e-04 0.00000e+00
61.930000 -9.92223e-05 -2.15327e-04 0.00000e+00
61.940000 -1.04769e-04 4.92531e-05 0.00000e+00
61.950000 -1.10442e-04 1.53070e-04 0.00000e+00
61.960000 -8.55955e-05 3.21053e-04 0.00000e+00
61.970000 -8.53739e-05 5.15115e-04 0.00000e+00
61.980000 -6.60339e-05 6.41350e-04 0.00000e+00
61.990000 -6.56668e-05 7.26836e-04 0.00000e+00
62.000000 -6.25224e-05 7.01473e-04 0.00000e+00
62.010000 -4.95185e-05 6.82104e-04 0.00000e+00
62.020000 -4.52077e-05 6.90391e-04 0.00000e+00
62.030000 -2.52939e-05 7.04765e-04 0.00000e+00
62.040000 -1.52363e-05 6.92309e-04 0.00000e+00
62.050000 -1.56273e-05 6.54508e-04 0.00000e+00
62.060000 -1.06023e-05 5.39980e-04 0.00000e+00
62.070000 7.54701e-06 5.74774e-04 0.00000e+00
62.080000 -9.76681e-08 6.18798e-04 0.00000e+00
62.090000 1.88881e-05 6.05401e-04 0.00000e+00
62.100000 2.28922e-05 6.51460e-04 0.00000e+00
62.110000 1.40142e-05 6.05562e-04 0.00000e+00
62.120000 1.68527e-05 4.99734e-04 0.00000e+00
62.130000 3.03205e-05 5.03357e-04 0.00000e+00
62.140000 1.70698e-05 6.06067e-04 0.00000e+00
62.150000 3.52128e-05 7.42906e-04 0.00000e+00
62.160000 1.82094e-05 8.37177e-04 0.00000e+00
62.170000 2.48931e-05 8.10173e-04 0.00000e+00
62.180000 3.04091e-05 7.94666e-04 0.00000e+00
62.190000 4.22129e-05 7.70299e-04 0.00000e+00
62.200000 4.23051e-05 6.98574e-04 0.00000e+00
62.210000 5.85466e-05 6.90768e-04 0.00000e+00
62.220000 7.15447e-05 6.66369e-04 0.00000e+00
62.230000 1.01661e-04 5.61953e-04 0.00000e+00
62.240000 1.25042e-04 5.13077e-04 0.00000e+00
62.250000 1.13442e-04 4.29615e-04 0.00000e+00
62.260000 1.23078e-04 2.85198e-04 0.00000e+00
62.270000 1.23772e-04 1.89551e-04 0.00000e+00
62.280000 1.23154e-04 4.74840e-05 0.00000e+00
62.290000 1.34057e-04 -1.05620e-04 0.00000e+00
62.300000 1.62561e-04 -1.61109e-04 0.00000e+00
62.310000 1.54521e-04 -2.69663e-04 0.00000e+00
62.320000 1.40826e-04 -3.98903e-04 0.00000e+00
62.330000 9.93121e-05 -5.37346e-04 0.00000e+00
62.340000 8.95494e-05 -6.77944e-04 0.00000e+00
62.350000 7.53759e-05 -7.93052e-04 0.00000e+00
62.360000 6.39136e-05 -8.99127e-04 0.00000e+00
62.370000 4.81691e-05 -9.91149e-04 0.00000e+00
62.380000 6.42650e-05 -1.04559e-03 0.00000e+00
62.390000 2.63637e-05 -1.07737e-03 0.00000e+00
62.400000 2.46004e-05 -1.03131e-03 0.00000e+00
62.410000 1.16821e-05 -9.35808e-04 0.00000e+00
62.420000 1.21282e-07 -9.33209e-04 0.00000e+00
62.430000 -1.17173e-05 -8.81984e-04 0.00000e+00
62.440000 6.81211e-06 -6.81921e-04 0.00000e+00
62.450000 -9.40635e-06 -4.99911e-04 0.00000e+00
62.460000 6.29721e-06 -3.41808e-04 0.00000e+00
62.470000 -6.54575e-06 -2.39815e-05 0.00000e+00
62.480000 -1.42262e-05 3.09518e-04 0.00000e+00
62.490000 -1.99685e-05 4.70095e-04 0.00000e+00
62.500000 -1.30937e-05 4.38256e-04 0.00000e+00
62.510000 -1.52544e-05 4.11612e-04 0.00000e+00
62.520000 -1.89843e-05 3.97696e-04 0.00000e+00
62.530000 -8.82437e-06 3.56914e-04 0.00000e+00
62.540000 -2.86246e-06 3.66506e-04 0.00000e+00
62.550000 5.17415e-06 4.76656e-04 0.00000e+00
62.560000 6.90358e-06 5.17268e-04 0.00000e+00
62.570000 3.02295e-05 4.38513e-04 0.00000e+00
62.580000 2.81910e-05 3.94947e-04 0.00000e+00
62.590000 6.21776e-05 2.87214e-04 0.00000e+00
62.600000 8.56297e-05 1.26429e-04 0.00000e+00
62.610000 9.97363e-05 8.68134e-05 0.00000e+00
62.620000 7.20126e-05 1.07748e-04 0.00000e+00
62.630000 8.25411e-05 1.84680e-04 0.00000e+00
62.640000 7.73855e-05 2.36375e-04 0.00000e+00
62.650000 4.75359e-05 1.45200e-04 0.00000e+00
62.660000 1.34125e-05 5.73574e-05 0.00000e+00
62.670000 1.11141e-05 1.58148e-06 0.00000e+00
62.680000 2.21012e-05 -7.07150e-05 0.00000e+00
62.690000 1.07356e-05 -2.10079e-04 0.00000e+00
62.700000 3.70906e-05 -3.01657e-04 0.00000e+00
62.710000 3.72114e-05 -3.97964e-04 0.00000e+00
62.720000 3.58034e-05 -5.09494e-04 0.00000e+00
62.730000 9.65218e-06 -5.87150e-04 0.00000e+00
62.740000 8.51644e-06 -5.73051e-04 0.00000e+00
62.750000 8.09634e-06 -5.34353e-04 0.00000e+00
62.760000 8.22494e-06 -4.28988e-04 0.00000e+00
62.770000 2.47989e-05 -1.71097e-04 0.00000e+00
62.780000 5.20115e-05 5.26470e-05 0.00000e+00
62.790000 4.83507e-05 1.05095e-04 0.00000e+00
62.800000 4.50895e-05 1.21346e-04 0.00000e+00
62.810000 4.10436e-06 1.48657e-04 0.00000e+00
62.820000 3.12851e-06 6.31746e-05 0.00000e+00
62.830000 -5.00213e-06 -8.54458e-05 0.00000e+00
62.840000 -8.49999e-06 -1.96245e-04 0.00000e+00
62.850000 -2.32489e-05 -1.80899e-04 0.00000e+00
62.860000 -1.87610e-05 -2.43129e-04 0.00000e+00
62.870000 -1.30205e-05 -2.05019e-04 0.00000e+00
62.880000 -1.65220e-05 -4.82090e-05 0.00000e+00
62.890000 7.57986e-06 -5.73002e-05 0.00000e+00
62.900000 2.15850e-05 -1.49921e-04 0.00000e+00
62.910000 3.85353e-05 -2.13646e-04 0.00000e+00
62.920000 3.59744e-05 -1.24203e-04 0.00000e+00
62.930000 4.69999e-05 2.46469e-05 0.00000e+00
62.940000 3.20569e-05 1.49500e-04 0.00000e+00
62.950000 4.22616e-06 3.93040e-04 0.00000e+00
62.960000 -1.17883e-05 6.76169e-04 0.00000e+00
62.970000 -1.37574e-05 8.24437e-04 0.00000e+00
62.980000 -2.17423e-05 7.96425e-04 0.00000e+00
62.990000 -5.02967e-06 7.11800e-04 0.00000e+00
63.000000 2.29551e-06 6.55329e-04 0.00000e+00
63.010000 1.32901e-05 5.71769e-04 0.00000e+00
63.020000 2.26184e-05 4.43794e-04 0.00000e+00
63.030000 2.00575e-05 3.04300e-04 0.00000e+00
63.040000 6.41156e-05 1.93783e-04 0.00000e+00
63.050000 4.05304e-05 3.80146e-05 0.00000e+00
63.060000 4.65107e-05 -2.52016e-05 0.00000e+00
63.070000 7.81774e-05 -2.78266e-05 0.00000e+00
63.080000 1.05322e-04 -7.12875e-05 0.00000e+00
63.090000 1.29502e-04 -1.43310e-04 0.00000e+00
63.100000 1.12124e-04 -1.86392e-04 0.00000e+00
63.110000 1.03410e-04 -1.85951e-04 0.00000e+00
63.120000 1.09089e-04 -3.15919e-04 0.00000e+00
63.130000 7.35245e-05 -5.08610e-04 0.00000e+00
63.140000 3.35037e-05 -6.59685e-04 0.00000e+00
63.150000 1.27622e-05 -8.18404e-04 0.00000e+00
63.160000 -3.37547e-06 -9.26611e-04 0.00000e+00
63.170000 -1.66613e-05 -9.93611e-04 0.00000e+00
63.180000 -2.73894e-05 -1.07026e-03 0.00000e+00
63.190000 -3.95952e-05 -1.15006e-03 0.00000e+00
63.200000 -4.56125e-05 -1.23211e-03 0.00000e+00
63.210000 -5.20444e-05 -1.08354e-03 0.00000e+00
63.220000 -5.28904e-05 -9.21922e-04 0.00000e+00
63.230000 -4.31795e-05 -9.42219e-04 0.00000e+00
63.240000 -6.45776e-05 -7.42526e-04 0.00000e+00
63.250000 -5.94261e-05 -3.20978e-04 0.00000e+00
63.260000 -5.81654e-05 1.17467e-04 0.00000e+00
63.270000 -4.39084e-05 4.08796e-04 0.00000e+00
63.280000 -5.28950e-05 5.15234e-04 0.00000e+00
63.290000 -7.06513e-05 7.16370e-04 0.00000e+00
63.300000 -6.73310e-05 8.35442e-04 0.00000e+00
63.310000 -6.83305e-05 7.90528e-04 0.00000e+00
63.320000 -6.43693e-05 8.11112e-04 0.00000e+00
63.330000 -5.35024e-05 8.28130e-04 0.00000e+00
63.340000 -4.87475e-05 8.46571e-04 0.00000e+00
63.350000 -3.02312e-05 8.04112e-04 0.00000e+00
63.360000 -1.07574e-05 7.30402e-04 0.00000e+00
63.370000 3.18565e-05 7.08490e-04 0.00000e+00
63.380000 6.20950e-05 6.63237e-04 0.00000e+00
63.390000 5.19262e-05 6.01062e-04 0.00000e+00
63.400000 6.69746e-05 5.13116e-04 0.00000e+00
63.410000 1.12398e-04 3.88627e-04 0.00000e+00
63.420000 9.47665e-05 3.32312e-04 0.00000e+00
63.430000 6.87856e-05 3.19625e-04 0.00000e+00
63.440000 3.74853e-05 3.38198e-04 0.00000e+00
63.450000 3.20672e-05 3.27386e-04 0.00000e+00
63.460000 5.00769e-05 2.04139e-04 0.00000e+00
63.470000 2.23124e-05 9.59386e-05 0.00000e+00
63.480000 4.72675e-05 -3.37204e-05 0.00000e+00
63.490000 3.84459e-05 -1.85380e-04 0.00000e+00
63.500000 2.84935e-05 -3.03513e-04 0.00000e+00
63.510000 2.66418e-05 -4.12936e-04 0.00000e+00
63.520000 8.84676e-06 -4.92866e-04 0.00000e+00
63.530000 2.97423e-05 -5.92364e-04 0.00000e+00
63.540000 2.17513e-05 -5.46725e-04 0.00000e+00
63.550000 1.54020e-05 -3.48853e-04 0.00000e+00
63.560000 1.45824e-05 -2.80997e-04 0.00000e+00
63.570000 1.53299e-05 -2.84230e-04 0.00000e+00
63.580000 4.49186e-05 -9.88139e-05 0.00000e+00
63.590000 4.80528e-05 -1.28394e-06 0.00000e+00
63.600000 3.79554e-05 -1.09123e-04 0.00000e+00
63.610000 3.60473e-05 -1.98700e-04 0.00000e+00
63.620000 1.57238e-05 -2.69341e-04 0.00000e+00
63.630000 1.08885e-05 -2.12731e-04 0.00000e+00
63.640000 -3.19537e-07 -2.16414e-04 0.00000e+00
63.650000 -1.36095e-05 -2.18402e-04 0.00000e+00
63.660000 -6.18165e-06 -1.39805e-04 0.00000e+00
63.670000 -1.01151e-05 -1.30037e-04 0.00000e+00
63.680000 -5.04369e-06 -1.08437e-04 0.00000e+00
63.690000 -9.27325e-06 -1.08251e-04 0.00000e+00
63.700000 -6.14016e-06 -6.00583e-05 0.00000e+00
63.710000 2.59321e-05 1.77407e-05 0.00000e+00
63.720000 5.94503e-06 3.96652e-05 0.00000e+00
63.730000 -5.41316e-06 7.28727e-05 0.00000e+00
63.740000 -9.99579e-06 1.20814e-04 0.00000e+00
63.750000 5.99342e-07 2.44858e-04 0.00000e+00
63.760000 -2.57186e-05 3.95102e-04 0.00000e+00
63.770000 7.49241e-06 4.69853e-04 0.00000e+00
63.780000 1.26833e-05 5.29490e-04 0.00000e+00
63.790000 1.88285e-05 5.57228e-04 0.00000e+00
63.800000 2.73687e-05 5.63550e-04 0.00000e+00
63.810000 2.36440e-05 5.75034e-04 0.00000e+00
63.820000 4.13229e-05 5.52680e-04 0.00000e+00
63.830000 4.74644e-05 5.66558e-04 0.00000e+00
63.840000 5.34814e-05 5.77321e-04 0.00000e+00
63.850000 5.93739e-05 5.84968e-04 0.00000e+00
63.860000 6.51418e-05 5.89501e-04 0.00000e+00
63.870000 7.07851e-05 5.90917e-04 0.00000e+00
63.880000 7.63039e-05 5.89219e-04 0.00000e+00
63.890000 8.16982e-05 5.84405e-04 0.00000e+00
63.900000 8.69679e-05 5.76476e-04 0.00000e+00
63.910000 9.21131e-05 5.65432e-04 0.00000e+00
63.920000 9.71337e-05 5.51272e-04 0.00000e+00
63.930000 1.02030e-04 5.33998e-04 0.00000e+00
63.940000 1.06801e-04 5.13607e-04 0.00000e+00
63.950000 1.11448e-04 4.90102e-04 0.00000e+00
63.960000 1.15971e-04 4.63481e-04 0.00000e+00
63.970000 1.20369e-04 4.33745e-04 0.00000e+00
63.980000 1.24642e-04 4.00893e-04 0.00000e+00
63.990000 1.28791e-04 3.64926e-04 0.00000e+00
