# focused wave waveinput_round2\waveinput_430022.dat
@v301
# Wavedata CFDwavemaker
[wave type]
piston

[general input data]
depth 0.6

[wave input piston]
# number of timesteps to read
6400
# Time[sec], paddle position[m], paddle velocity[m/s], surface_elevation[m]
0.000000 0.00000e+00 4.80616e-05 0.00000e+00
0.010000 3.68924e-07 3.52403e-05 0.00000e+00
0.020000 6.34611e-07 2.33746e-05 0.00000e+00
0.030000 8.04667e-07 1.24643e-05 0.00000e+00
0.040000 8.86698e-07 2.50959e-06 0.00000e+00
0.050000 8.88310e-07 -6.48959e-06 0.00000e+00
0.060000 8.17108e-07 -1.45333e-05 0.00000e+00
0.070000 6.80698e-07 -2.16214e-05 0.00000e+00
0.080000 4.86687e-07 -2.77540e-05 0.00000e+00
0.090000 2.42681e-07 -3.29311e-05 0.00000e+00
0.100000 -4.37161e-08 -3.71527e-05 0.00000e+00
0.110000 -3.64897e-07 -4.04187e-05 0.00000e+00
0.120000 -7.13256e-07 -4.27292e-05 0.00000e+00
0.130000 -1.08119e-06 -4.40842e-05 0.00000e+00
0.140000 -1.46109e-06 -4.44836e-05 0.00000e+00
0.150000 -1.84534e-06 -4.39276e-05 0.00000e+00
0.160000 -2.22636e-06 -4.24160e-05 0.00000e+00
0.170000 -2.59652e-06 -3.99488e-05 0.00000e+00
0.180000 -3.16038e-06 -3.01800e-05 0.00000e+00
0.190000 -3.50633e-06 -2.43466e-05 0.00000e+00
0.200000 -4.71790e-06 -2.27305e-05 0.00000e+00
0.210000 -4.38174e-06 -1.54754e-05 0.00000e+00
0.220000 -5.31946e-06 -6.32282e-06 0.00000e+00
0.230000 -5.50362e-06 -3.29317e-06 0.00000e+00
0.240000 -4.94916e-06 5.76741e-06 0.00000e+00
0.250000 -5.03349e-06 2.57718e-05 0.00000e+00
0.260000 -5.43785e-06 3.45005e-05 0.00000e+00
0.270000 -5.01935e-06 3.92271e-05 0.00000e+00
0.280000 -3.32177e-06 6.14980e-05 0.00000e+00
0.290000 -3.26354e-06 8.01627e-05 0.00000e+00
0.300000 -2.43844e-06 8.57386e-05 0.00000e+00
0.310000 -1.16565e-06 8.08370e-05 0.00000e+00
0.320000 -4.93738e-07 7.85182e-05 0.00000e+00
0.330000 1.56132e-06 9.57157e-05 0.00000e+00
0.340000 3.05538e-06 1.02969e-04 0.00000e+00
0.350000 2.72378e-06 1.02399e-04 0.00000e+00
0.360000 2.69072e-06 1.07610e-04 0.00000e+00
0.370000 4.37336e-06 9.84340e-05 0.00000e+00
0.380000 6.99331e-06 9.80699e-05 0.00000e+00
0.390000 6.77123e-06 1.06235e-04 0.00000e+00
0.400000 8.79266e-06 1.02669e-04 0.00000e+00
0.410000 1.20333e-05 9.63219e-05 0.00000e+00
0.420000 1.19757e-05 9.35161e-05 0.00000e+00
0.430000 9.70762e-06 8.17116e-05 0.00000e+00
0.440000 1.43219e-05 6.57384e-05 0.00000e+00
0.450000 1.42815e-05 7.15378e-05 0.00000e+00
0.460000 1.01286e-05 6.83525e-05 0.00000e+00
0.470000 9.89037e-06 4.94028e-05 0.00000e+00
0.480000 1.06608e-05 3.51736e-05 0.00000e+00
0.490000 1.55498e-05 2.78169e-06 0.00000e+00
0.500000 1.59883e-05 -2.63438e-05 0.00000e+00
0.510000 1.11976e-05 -4.19600e-05 0.00000e+00
0.520000 1.47322e-05 -6.08670e-05 0.00000e+00
0.530000 1.26721e-05 -8.74833e-05 0.00000e+00
0.540000 1.26707e-05 -1.21122e-04 0.00000e+00
0.550000 1.59197e-05 -1.52872e-04 0.00000e+00
0.560000 1.19349e-05 -1.75773e-04 0.00000e+00
0.570000 9.71224e-06 -1.85084e-04 0.00000e+00
0.580000 8.51403e-06 -1.78415e-04 0.00000e+00
0.590000 7.72337e-06 -1.76059e-04 0.00000e+00
0.600000 3.70505e-06 -1.97092e-04 0.00000e+00
0.610000 4.64974e-06 -2.03243e-04 0.00000e+00
0.620000 2.01301e-06 -1.97854e-04 0.00000e+00
0.630000 -6.87216e-06 -2.13691e-04 0.00000e+00
0.640000 -8.32401e-06 -2.41140e-04 0.00000e+00
0.650000 -1.25457e-05 -2.55020e-04 0.00000e+00
0.660000 -1.62279e-05 -2.14017e-04 0.00000e+00
0.670000 -1.23009e-05 -1.42091e-04 0.00000e+00
0.680000 -1.54695e-05 -9.58687e-05 0.00000e+00
0.690000 -1.60359e-05 -4.02039e-05 0.00000e+00
0.700000 -1.99839e-05 2.49980e-05 0.00000e+00
0.710000 -1.87433e-05 8.89070e-05 0.00000e+00
0.720000 -1.64025e-05 1.85088e-04 0.00000e+00
0.730000 -1.01150e-05 2.64927e-04 0.00000e+00
0.740000 -1.00820e-05 3.14435e-04 0.00000e+00
0.750000 -8.39146e-06 3.71298e-04 0.00000e+00
0.760000 -1.05586e-05 4.42429e-04 0.00000e+00
0.770000 -6.96946e-06 5.03674e-04 0.00000e+00
0.780000 -1.53753e-06 5.69640e-04 0.00000e+00
0.790000 3.03228e-06 6.36158e-04 0.00000e+00
0.800000 9.72327e-06 6.46287e-04 0.00000e+00
0.810000 1.96217e-05 6.57426e-04 0.00000e+00
0.820000 3.63301e-05 6.84790e-04 0.00000e+00
0.830000 5.21446e-05 6.87542e-04 0.00000e+00
0.840000 5.57346e-05 7.08907e-04 0.00000e+00
0.850000 6.11823e-05 7.20014e-04 0.00000e+00
0.860000 6.88975e-05 6.96868e-04 0.00000e+00
0.870000 7.43442e-05 6.44992e-04 0.00000e+00
0.880000 8.22732e-05 5.83841e-04 0.00000e+00
0.890000 8.61844e-05 5.25268e-04 0.00000e+00
0.900000 8.42990e-05 4.84586e-04 0.00000e+00
0.910000 9.07849e-05 4.26250e-04 0.00000e+00
0.920000 9.64730e-05 3.25810e-04 0.00000e+00
0.930000 1.01542e-04 2.23155e-04 0.00000e+00
0.940000 1.00464e-04 1.02138e-04 0.00000e+00
0.950000 1.04257e-04 -1.44415e-05 0.00000e+00
0.960000 9.85875e-05 -1.20573e-04 0.00000e+00
0.970000 9.85979e-05 -2.33414e-04 0.00000e+00
0.980000 1.04223e-04 -3.43813e-04 0.00000e+00
0.990000 9.93810e-05 -4.07498e-04 0.00000e+00
1.000000 9.51506e-05 -4.21808e-04 0.00000e+00
1.010000 9.16520e-05 -4.29024e-04 0.00000e+00
1.020000 7.89635e-05 -4.62192e-04 0.00000e+00
1.030000 7.26282e-05 -5.11845e-04 0.00000e+00
1.040000 6.29889e-05 -5.63227e-04 0.00000e+00
1.050000 6.14199e-05 -5.96957e-04 0.00000e+00
1.060000 5.09421e-05 -6.22040e-04 0.00000e+00
1.070000 4.86032e-05 -6.69445e-04 0.00000e+00
1.080000 2.95798e-05 -7.22134e-04 0.00000e+00
1.090000 2.74897e-05 -7.46705e-04 0.00000e+00
1.100000 1.86987e-05 -7.41470e-04 0.00000e+00
1.110000 1.06145e-05 -7.44291e-04 0.00000e+00
1.120000 7.59364e-06 -7.37695e-04 0.00000e+00
1.130000 3.34707e-06 -7.32739e-04 0.00000e+00
1.140000 -3.79308e-06 -7.34428e-04 0.00000e+00
1.150000 -3.16505e-06 -6.84281e-04 0.00000e+00
1.160000 -2.58085e-06 -6.35235e-04 0.00000e+00
1.170000 -7.25699e-06 -6.37026e-04 0.00000e+00
1.180000 -1.67291e-05 -6.31850e-04 0.00000e+00
1.190000 -3.44792e-05 -5.95696e-04 0.00000e+00
1.200000 -4.33292e-05 -5.61177e-04 0.00000e+00
1.210000 -4.88243e-05 -5.32112e-04 0.00000e+00
1.220000 -5.29258e-05 -4.80438e-04 0.00000e+00
1.230000 -6.18393e-05 -4.24551e-04 0.00000e+00
1.240000 -6.73923e-05 -3.44223e-04 0.00000e+00
1.250000 -7.25602e-05 -2.87869e-04 0.00000e+00
1.260000 -6.88366e-05 -2.34994e-04 0.00000e+00
1.270000 -7.20526e-05 -1.65286e-04 0.00000e+00
1.280000 -7.58807e-05 -1.50697e-04 0.00000e+00
1.290000 -7.59762e-05 -1.52277e-04 0.00000e+00
1.300000 -7.98593e-05 -1.47055e-04 0.00000e+00
1.310000 -7.87735e-05 -1.29366e-04 0.00000e+00
1.320000 -7.88097e-05 -7.15098e-05 0.00000e+00
1.330000 -8.54651e-05 2.28181e-05 0.00000e+00
1.340000 -8.47655e-05 1.04429e-04 0.00000e+00
1.350000 -7.17457e-05 1.35043e-04 0.00000e+00
1.360000 -6.48281e-05 8.64791e-05 0.00000e+00
1.370000 -6.96143e-05 1.95647e-05 0.00000e+00
1.380000 -6.44726e-05 -2.59779e-05 0.00000e+00
1.390000 -6.30323e-05 -5.35456e-05 0.00000e+00
1.400000 -6.18742e-05 -1.18632e-04 0.00000e+00
1.410000 -6.19551e-05 -2.47342e-04 0.00000e+00
1.420000 -7.41725e-05 -4.08661e-04 0.00000e+00
1.430000 -7.65561e-05 -5.18480e-04 0.00000e+00
1.440000 -9.41494e-05 -5.90284e-04 0.00000e+00
1.450000 -1.01297e-04 -7.09690e-04 0.00000e+00
1.460000 -1.04359e-04 -8.42517e-04 0.00000e+00
1.470000 -9.96270e-05 -9.76038e-04 0.00000e+00
1.480000 -1.00169e-04 -1.11692e-03 0.00000e+00
1.490000 -1.04677e-04 -1.23290e-03 0.00000e+00
1.500000 -1.21979e-04 -1.32103e-03 0.00000e+00
1.510000 -1.41108e-04 -1.41845e-03 0.00000e+00
1.520000 -1.65409e-04 -1.41587e-03 0.00000e+00
1.530000 -1.80542e-04 -1.32331e-03 0.00000e+00
1.540000 -1.91189e-04 -1.27750e-03 0.00000e+00
1.550000 -2.07088e-04 -1.22473e-03 0.00000e+00
1.560000 -2.24496e-04 -1.14100e-03 0.00000e+00
1.570000 -2.53137e-04 -1.02902e-03 0.00000e+00
1.580000 -2.66175e-04 -8.90762e-04 0.00000e+00
1.590000 -2.72884e-04 -7.83997e-04 0.00000e+00
1.600000 -2.66919e-04 -6.86089e-04 0.00000e+00
1.610000 -2.85292e-04 -5.76438e-04 0.00000e+00
1.620000 -2.94050e-04 -4.10282e-04 0.00000e+00
1.630000 -2.97313e-04 -1.76648e-04 0.00000e+00
1.640000 -2.92596e-04 1.29706e-04 0.00000e+00
1.650000 -2.88078e-04 4.67122e-04 0.00000e+00
1.660000 -2.68030e-04 7.79277e-04 0.00000e+00
1.670000 -2.57083e-04 1.06660e-03 0.00000e+00
1.680000 -2.44785e-04 1.30670e-03 0.00000e+00
1.690000 -2.15967e-04 1.49881e-03 0.00000e+00
1.700000 -2.14282e-04 1.71152e-03 0.00000e+00
1.710000 -2.05887e-04 1.97002e-03 0.00000e+00
1.720000 -1.87365e-04 2.18959e-03 0.00000e+00
1.730000 -1.70562e-04 2.32609e-03 0.00000e+00
1.740000 -1.44389e-04 2.41072e-03 0.00000e+00
1.750000 -1.28159e-04 2.46528e-03 0.00000e+00
1.760000 -1.00480e-04 2.53703e-03 0.00000e+00
1.770000 -6.81681e-05 2.69594e-03 0.00000e+00
1.780000 -2.23538e-05 2.78875e-03 0.00000e+00
1.790000 1.63787e-05 2.74540e-03 0.00000e+00
1.800000 4.36419e-05 2.67988e-03 0.00000e+00
1.810000 7.41471e-05 2.64024e-03 0.00000e+00
1.820000 8.76255e-05 2.56674e-03 0.00000e+00
1.830000 1.12930e-04 2.49684e-03 0.00000e+00
1.840000 1.34397e-04 2.42714e-03 0.00000e+00
1.850000 1.56050e-04 2.28212e-03 0.00000e+00
1.860000 1.80800e-04 2.17380e-03 0.00000e+00
1.870000 2.10967e-04 1.98525e-03 0.00000e+00
1.880000 2.20511e-04 1.70245e-03 0.00000e+00
1.890000 2.29515e-04 1.43342e-03 0.00000e+00
1.900000 2.41087e-04 1.17864e-03 0.00000e+00
1.910000 2.67474e-04 9.72573e-04 0.00000e+00
1.920000 2.73805e-04 7.03828e-04 0.00000e+00
1.930000 2.98523e-04 4.14558e-04 0.00000e+00
1.940000 3.00579e-04 2.14937e-04 0.00000e+00
1.950000 2.84339e-04 1.18651e-04 0.00000e+00
1.960000 2.80284e-04 5.41331e-05 0.00000e+00
1.970000 2.85923e-04 -1.11942e-04 0.00000e+00
1.980000 2.83780e-04 -2.85835e-04 0.00000e+00
1.990000 2.68586e-04 -4.63240e-04 0.00000e+00
2.000000 2.68172e-04 -6.72708e-04 0.00000e+00
2.010000 2.48168e-04 -7.93204e-04 0.00000e+00
2.020000 2.37277e-04 -8.65362e-04 0.00000e+00
2.030000 2.28484e-04 -9.33308e-04 0.00000e+00
2.040000 2.04441e-04 -9.43130e-04 0.00000e+00
2.050000 2.10627e-04 -9.43135e-04 0.00000e+00
2.060000 1.98431e-04 -1.02069e-03 0.00000e+00
2.070000 2.05245e-04 -1.08100e-03 0.00000e+00
2.080000 1.88602e-04 -1.01377e-03 0.00000e+00
2.090000 1.73525e-04 -9.55556e-04 0.00000e+00
2.100000 1.80849e-04 -8.75092e-04 0.00000e+00
2.110000 1.78464e-04 -7.54766e-04 0.00000e+00
2.120000 1.63880e-04 -7.80917e-04 0.00000e+00
2.130000 1.34466e-04 -8.10085e-04 0.00000e+00
2.140000 1.15235e-04 -7.09231e-04 0.00000e+00
2.150000 1.22977e-04 -6.00240e-04 0.00000e+00
2.160000 1.11701e-04 -5.44935e-04 0.00000e+00
2.170000 1.18746e-04 -4.62192e-04 0.00000e+00
2.180000 1.29721e-04 -4.24921e-04 0.00000e+00
2.190000 1.17314e-04 -4.03358e-04 0.00000e+00
2.200000 1.12378e-04 -3.34361e-04 0.00000e+00
2.210000 1.11764e-04 -3.15471e-04 0.00000e+00
2.220000 1.02476e-04 -1.92791e-04 0.00000e+00
2.230000 9.45993e-05 6.19803e-06 0.00000e+00
2.240000 1.10892e-04 2.23953e-04 0.00000e+00
2.250000 1.09978e-04 4.02542e-04 0.00000e+00
2.260000 9.72430e-05 4.56138e-04 0.00000e+00
2.270000 1.07981e-04 5.58362e-04 0.00000e+00
2.280000 9.75652e-05 7.10037e-04 0.00000e+00
2.290000 9.84472e-05 7.95443e-04 0.00000e+00
2.300000 1.25883e-04 7.30675e-04 0.00000e+00
2.310000 1.31770e-04 6.32667e-04 0.00000e+00
2.320000 1.28310e-04 6.57382e-04 0.00000e+00
2.330000 1.39479e-04 6.47420e-04 0.00000e+00
2.340000 1.46682e-04 5.98563e-04 0.00000e+00
2.350000 1.50733e-04 6.19680e-04 0.00000e+00
2.360000 1.79157e-04 5.53738e-04 0.00000e+00
2.370000 1.85262e-04 3.29021e-04 0.00000e+00
2.380000 2.06514e-04 8.26936e-05 0.00000e+00
2.390000 2.26089e-04 -1.60092e-04 0.00000e+00
2.400000 2.13936e-04 -4.60327e-04 0.00000e+00
2.410000 2.04180e-04 -7.06549e-04 0.00000e+00
2.420000 1.73311e-04 -9.61959e-04 0.00000e+00
2.430000 1.64014e-04 -1.33748e-03 0.00000e+00
2.440000 1.55945e-04 -1.69644e-03 0.00000e+00
2.450000 1.36848e-04 -2.07788e-03 0.00000e+00
2.460000 1.08588e-04 -2.47346e-03 0.00000e+00
2.470000 8.41771e-05 -2.68365e-03 0.00000e+00
2.480000 8.07119e-05 -2.85342e-03 0.00000e+00
2.490000 4.67559e-05 -3.15546e-03 0.00000e+00
2.500000 3.31346e-07 -3.40810e-03 0.00000e+00
2.510000 -3.11510e-05 -3.59008e-03 0.00000e+00
2.520000 -7.94813e-05 -3.80601e-03 0.00000e+00
2.530000 -1.40490e-04 -3.86679e-03 0.00000e+00
2.540000 -1.89139e-04 -3.79422e-03 0.00000e+00
2.550000 -2.11557e-04 -3.70548e-03 0.00000e+00
2.560000 -2.50207e-04 -3.45773e-03 0.00000e+00
2.570000 -2.89420e-04 -3.16004e-03 0.00000e+00
2.580000 -3.21552e-04 -2.99068e-03 0.00000e+00
2.590000 -3.69882e-04 -2.85817e-03 0.00000e+00
2.600000 -3.94677e-04 -2.66688e-03 0.00000e+00
2.610000 -4.17323e-04 -2.43663e-03 0.00000e+00
2.620000 -4.36485e-04 -2.14051e-03 0.00000e+00
2.630000 -4.38373e-04 -1.80383e-03 0.00000e+00
2.640000 -4.49437e-04 -1.44833e-03 0.00000e+00
2.650000 -4.87887e-04 -9.82010e-04 0.00000e+00
2.660000 -4.99116e-04 -5.70777e-04 0.00000e+00
2.670000 -4.89184e-04 -2.97853e-04 0.00000e+00
2.680000 -4.96018e-04 -7.42120e-06 0.00000e+00
2.690000 -4.82707e-04 2.74257e-04 0.00000e+00
2.700000 -4.48503e-04 5.30605e-04 0.00000e+00
2.710000 -4.47903e-04 7.59331e-04 0.00000e+00
2.720000 -4.37396e-04 1.04513e-03 0.00000e+00
2.730000 -4.16275e-04 1.33340e-03 0.00000e+00
2.740000 -4.30495e-04 1.48805e-03 0.00000e+00
2.750000 -4.40749e-04 1.58385e-03 0.00000e+00
2.760000 -4.05597e-04 1.58669e-03 0.00000e+00
2.770000 -3.95942e-04 1.55766e-03 0.00000e+00
2.780000 -3.68182e-04 1.58557e-03 0.00000e+00
2.790000 -3.29245e-04 1.56010e-03 0.00000e+00
2.800000 -3.14450e-04 1.62555e-03 0.00000e+00
2.810000 -2.97749e-04 1.70134e-03 0.00000e+00
2.820000 -2.89190e-04 1.59949e-03 0.00000e+00
2.830000 -2.93596e-04 1.47322e-03 0.00000e+00
2.840000 -2.61722e-04 1.43881e-03 0.00000e+00
2.850000 -2.39065e-04 1.42693e-03 0.00000e+00
2.860000 -2.11535e-04 1.42566e-03 0.00000e+00
2.870000 -1.87928e-04 1.57711e-03 0.00000e+00
2.880000 -1.90077e-04 1.71293e-03 0.00000e+00
2.890000 -1.78124e-04 1.68482e-03 0.00000e+00
2.900000 -1.92051e-04 1.69752e-03 0.00000e+00
2.910000 -1.92910e-04 1.64794e-03 0.00000e+00
2.920000 -1.83692e-04 1.38667e-03 0.00000e+00
2.930000 -1.70242e-04 1.19734e-03 0.00000e+00
2.940000 -1.44003e-04 1.03026e-03 0.00000e+00
2.950000 -1.24248e-04 8.93762e-04 0.00000e+00
2.960000 -1.12926e-04 9.36238e-04 0.00000e+00
2.970000 -7.31785e-05 9.51035e-04 0.00000e+00
2.980000 -9.28567e-05 8.86388e-04 0.00000e+00
2.990000 -6.16581e-05 7.23082e-04 0.00000e+00
3.000000 -4.85192e-05 4.96665e-04 0.00000e+00
3.010000 -2.17513e-05 4.09861e-04 0.00000e+00
3.020000 -1.43633e-05 3.79385e-04 0.00000e+00
3.030000 -1.04019e-06 3.16395e-04 0.00000e+00
3.040000 -5.35403e-06 2.73596e-04 0.00000e+00
3.050000 -3.30811e-05 1.41505e-04 0.00000e+00
3.060000 -5.76620e-05 1.35396e-05 0.00000e+00
3.070000 -4.95485e-05 -6.36105e-05 0.00000e+00
3.080000 -8.53409e-05 -1.99835e-04 0.00000e+00
3.090000 -8.88518e-05 -3.33848e-04 0.00000e+00
3.100000 -7.56665e-05 -4.63068e-04 0.00000e+00
3.110000 -7.05539e-05 -4.83779e-04 0.00000e+00
3.120000 -4.18051e-05 -4.00730e-04 0.00000e+00
3.130000 -5.00163e-05 -3.83260e-04 0.00000e+00
3.140000 -7.23766e-05 -2.46568e-04 0.00000e+00
3.150000 -8.18336e-05 -9.28305e-05 0.00000e+00
3.160000 -9.29404e-05 9.14828e-05 0.00000e+00
3.170000 -6.21261e-05 3.72357e-04 0.00000e+00
3.180000 -6.05574e-05 6.97934e-04 0.00000e+00
3.190000 -7.06380e-05 1.10259e-03 0.00000e+00
3.200000 -6.51796e-05 1.47891e-03 0.00000e+00
3.210000 -5.38696e-05 1.82204e-03 0.00000e+00
3.220000 -4.21309e-05 2.03787e-03 0.00000e+00
3.230000 -3.31498e-06 2.16014e-03 0.00000e+00
3.240000 8.25079e-06 2.38303e-03 0.00000e+00
3.250000 1.68469e-05 2.58068e-03 0.00000e+00
3.260000 4.17728e-05 2.67099e-03 0.00000e+00
3.270000 7.77980e-05 2.83301e-03 0.00000e+00
3.280000 1.32765e-04 3.04643e-03 0.00000e+00
3.290000 1.59885e-04 3.35361e-03 0.00000e+00
3.300000 1.96126e-04 3.57296e-03 0.00000e+00
3.310000 2.63190e-04 3.60627e-03 0.00000e+00
3.320000 2.93068e-04 3.59821e-03 0.00000e+00
3.330000 3.44658e-04 3.54020e-03 0.00000e+00
3.340000 3.65086e-04 3.54519e-03 0.00000e+00
3.350000 4.19586e-04 3.50072e-03 0.00000e+00
3.360000 4.32576e-04 3.28347e-03 0.00000e+00
3.370000 4.54876e-04 3.01992e-03 0.00000e+00
3.380000 4.70780e-04 2.79124e-03 0.00000e+00
3.390000 4.97106e-04 2.62633e-03 0.00000e+00
3.400000 5.25578e-04 2.43968e-03 0.00000e+00
3.410000 5.62850e-04 2.17404e-03 0.00000e+00
3.420000 5.66868e-04 1.77514e-03 0.00000e+00
3.430000 5.87635e-04 1.28884e-03 0.00000e+00
3.440000 6.08712e-04 7.94756e-04 0.00000e+00
3.450000 6.30878e-04 3.40018e-04 0.00000e+00
3.460000 6.26652e-04 -1.68378e-04 0.00000e+00
3.470000 6.04376e-04 -7.47374e-04 0.00000e+00
3.480000 6.06793e-04 -1.24847e-03 0.00000e+00
3.490000 5.92399e-04 -1.74929e-03 0.00000e+00
3.500000 5.76353e-04 -2.25232e-03 0.00000e+00
3.510000 5.58200e-04 -2.71980e-03 0.00000e+00
3.520000 5.18828e-04 -3.06205e-03 0.00000e+00
3.530000 5.08375e-04 -3.42195e-03 0.00000e+00
3.540000 4.80223e-04 -3.85489e-03 0.00000e+00
3.550000 4.63103e-04 -4.22901e-03 0.00000e+00
3.560000 4.07645e-04 -4.65431e-03 0.00000e+00
3.570000 3.27235e-04 -5.00230e-03 0.00000e+00
3.580000 2.66999e-04 -5.20521e-03 0.00000e+00
3.590000 1.87004e-04 -5.41451e-03 0.00000e+00
3.600000 1.20153e-04 -5.59345e-03 0.00000e+00
3.610000 5.77806e-05 -5.69734e-03 0.00000e+00
3.620000 -2.33481e-06 -5.68621e-03 0.00000e+00
3.630000 -6.51196e-05 -5.57086e-03 0.00000e+00
3.640000 -1.13449e-04 -5.51209e-03 0.00000e+00
3.650000 -1.63768e-04 -5.38396e-03 0.00000e+00
3.660000 -2.00649e-04 -5.17359e-03 0.00000e+00
3.670000 -2.38652e-04 -4.93559e-03 0.00000e+00
3.680000 -2.68776e-04 -4.65588e-03 0.00000e+00
3.690000 -3.12433e-04 -4.43057e-03 0.00000e+00
3.700000 -3.82390e-04 -4.05275e-03 0.00000e+00
3.710000 -4.11228e-04 -3.51284e-03 0.00000e+00
3.720000 -4.63849e-04 -2.88163e-03 0.00000e+00
3.730000 -5.02468e-04 -2.24186e-03 0.00000e+00
3.740000 -5.03860e-04 -1.81158e-03 0.00000e+00
3.750000 -5.29334e-04 -1.34570e-03 0.00000e+00
3.760000 -5.46239e-04 -8.72487e-04 0.00000e+00
3.770000 -5.52092e-04 -5.20290e-04 0.00000e+00
3.780000 -5.59020e-04 -1.70997e-04 0.00000e+00
3.790000 -5.35767e-04 1.62422e-04 0.00000e+00
3.800000 -5.40221e-04 4.65147e-04 0.00000e+00
3.810000 -5.42473e-04 7.93439e-04 0.00000e+00
3.820000 -5.27528e-04 1.11625e-03 0.00000e+00
3.830000 -5.19349e-04 1.44431e-03 0.00000e+00
3.840000 -4.94443e-04 1.87499e-03 0.00000e+00
3.850000 -4.76845e-04 2.34075e-03 0.00000e+00
3.860000 -4.34922e-04 2.69879e-03 0.00000e+00
3.870000 -3.71878e-04 2.82228e-03 0.00000e+00
3.880000 -3.50590e-04 2.83839e-03 0.00000e+00
3.890000 -3.15497e-04 2.82499e-03 0.00000e+00
3.900000 -3.15120e-04 2.75214e-03 0.00000e+00
3.910000 -2.94438e-04 2.73943e-03 0.00000e+00
3.920000 -2.54330e-04 2.71958e-03 0.00000e+00
3.930000 -2.59792e-04 2.62082e-03 0.00000e+00
3.940000 -2.37229e-04 2.43830e-03 0.00000e+00
3.950000 -2.08998e-04 2.16794e-03 0.00000e+00
3.960000 -1.78973e-04 2.03635e-03 0.00000e+00
3.970000 -1.46012e-04 1.89274e-03 0.00000e+00
3.980000 -1.12490e-04 1.57303e-03 0.00000e+00
3.990000 -9.27120e-05 1.19735e-03 0.00000e+00
4.000000 -5.82944e-05 8.02154e-04 0.00000e+00
4.010000 -4.32246e-05 4.51557e-04 0.00000e+00
4.020000 -6.52655e-05 9.56248e-05 0.00000e+00
4.030000 -9.35193e-05 -2.16055e-04 0.00000e+00
4.040000 -1.10818e-04 -3.66414e-04 0.00000e+00
4.050000 -1.12235e-04 -5.59329e-04 0.00000e+00
4.060000 -1.04663e-04 -8.49376e-04 0.00000e+00
4.070000 -1.08699e-04 -1.19017e-03 0.00000e+00
4.080000 -1.20427e-04 -1.56773e-03 0.00000e+00
4.090000 -1.38137e-04 -1.77807e-03 0.00000e+00
4.100000 -1.65693e-04 -1.99212e-03 0.00000e+00
4.110000 -1.99194e-04 -2.24442e-03 0.00000e+00
4.120000 -2.03176e-04 -2.38734e-03 0.00000e+00
4.130000 -2.09146e-04 -2.45264e-03 0.00000e+00
4.140000 -2.70021e-04 -2.42211e-03 0.00000e+00
4.150000 -2.94611e-04 -2.27091e-03 0.00000e+00
4.160000 -3.26207e-04 -2.06670e-03 0.00000e+00
4.170000 -3.24364e-04 -1.79161e-03 0.00000e+00
4.180000 -3.45136e-04 -1.43539e-03 0.00000e+00
4.190000 -3.59852e-04 -1.12293e-03 0.00000e+00
4.200000 -3.71850e-04 -8.72312e-04 0.00000e+00
4.210000 -3.87092e-04 -5.72677e-04 0.00000e+00
4.220000 -4.17821e-04 -1.26832e-04 0.00000e+00
4.230000 -4.18058e-04 4.98876e-04 0.00000e+00
4.240000 -4.13755e-04 1.13317e-03 0.00000e+00
4.250000 -3.91278e-04 1.71640e-03 0.00000e+00
4.260000 -3.62392e-04 2.38279e-03 0.00000e+00
4.270000 -3.50507e-04 3.01705e-03 0.00000e+00
4.280000 -3.17659e-04 3.58007e-03 0.00000e+00
4.290000 -2.79269e-04 4.23942e-03 0.00000e+00
4.300000 -2.29409e-04 4.94256e-03 0.00000e+00
4.310000 -1.75700e-04 5.39622e-03 0.00000e+00
4.320000 -1.17290e-04 5.72831e-03 0.00000e+00
4.330000 -6.66077e-05 6.05889e-03 0.00000e+00
4.340000 2.42769e-06 6.41353e-03 0.00000e+00
4.350000 7.07284e-05 6.71058e-03 0.00000e+00
4.360000 1.48962e-04 6.83677e-03 0.00000e+00
4.370000 2.24580e-04 6.89269e-03 0.00000e+00
4.380000 3.18058e-04 6.83411e-03 0.00000e+00
4.390000 3.99631e-04 6.58197e-03 0.00000e+00
4.400000 4.75407e-04 6.28722e-03 0.00000e+00
4.410000 5.18193e-04 6.01943e-03 0.00000e+00
4.420000 6.04261e-04 5.66446e-03 0.00000e+00
4.430000 6.67479e-04 5.29754e-03 0.00000e+00
4.440000 7.06301e-04 4.82820e-03 0.00000e+00
4.450000 7.58931e-04 4.24598e-03 0.00000e+00
4.460000 7.96968e-04 3.62185e-03 0.00000e+00
4.470000 8.02446e-04 2.91319e-03 0.00000e+00
4.480000 8.17593e-04 2.20667e-03 0.00000e+00
4.490000 8.46986e-04 1.52616e-03 0.00000e+00
4.500000 8.54943e-04 7.93339e-04 0.00000e+00
4.510000 8.65256e-04 6.40560e-05 0.00000e+00
4.520000 8.38526e-04 -6.31618e-04 0.00000e+00
4.530000 8.34430e-04 -1.25324e-03 0.00000e+00
4.540000 8.16991e-04 -1.86003e-03 0.00000e+00
4.550000 7.98966e-04 -2.40291e-03 0.00000e+00
4.560000 7.77540e-04 -2.83768e-03 0.00000e+00
4.570000 7.72675e-04 -3.31464e-03 0.00000e+00
4.580000 7.25668e-04 -3.81413e-03 0.00000e+00
4.590000 6.81233e-04 -4.11609e-03 0.00000e+00
4.600000 6.40147e-04 -4.29947e-03 0.00000e+00
4.610000 5.75155e-04 -4.54442e-03 0.00000e+00
4.620000 5.19802e-04 -4.72536e-03 0.00000e+00
4.630000 4.60376e-04 -4.85317e-03 0.00000e+00
4.640000 4.08494e-04 -5.02809e-03 0.00000e+00
4.650000 3.76288e-04 -5.11460e-03 0.00000e+00
4.660000 3.20531e-04 -5.04855e-03 0.00000e+00
4.670000 2.69973e-04 -4.92358e-03 0.00000e+00
4.680000 2.23606e-04 -4.76441e-03 0.00000e+00
4.690000 1.76488e-04 -4.58798e-03 0.00000e+00
4.700000 1.35345e-04 -4.30350e-03 0.00000e+00
4.710000 7.22608e-05 -4.02727e-03 0.00000e+00
4.720000 4.71071e-05 -3.74681e-03 0.00000e+00
4.730000 -3.60069e-06 -3.39190e-03 0.00000e+00
4.740000 -3.88060e-05 -2.94191e-03 0.00000e+00
4.750000 -4.63788e-05 -2.45389e-03 0.00000e+00
4.760000 -6.49086e-05 -2.09331e-03 0.00000e+00
4.770000 -1.13795e-04 -1.69819e-03 0.00000e+00
4.780000 -1.24100e-04 -1.27938e-03 0.00000e+00
4.790000 -1.44214e-04 -9.82534e-04 0.00000e+00
4.800000 -1.48314e-04 -7.06793e-04 0.00000e+00
4.810000 -1.42570e-04 -3.94191e-04 0.00000e+00
4.820000 -1.18453e-04 4.84154e-06 0.00000e+00
4.830000 -1.31340e-04 3.56917e-04 0.00000e+00
4.840000 -1.11726e-04 5.40347e-04 0.00000e+00
4.850000 -1.12856e-04 6.53255e-04 0.00000e+00
4.860000 -8.21085e-05 7.68279e-04 0.00000e+00
4.870000 -8.65922e-05 9.00406e-04 0.00000e+00
4.880000 -9.46007e-05 9.48893e-04 0.00000e+00
4.890000 -6.15087e-05 9.99403e-04 0.00000e+00
4.900000 -5.49326e-05 1.00289e-03 0.00000e+00
4.910000 -3.31194e-05 8.63157e-04 0.00000e+00
4.920000 -3.24619e-05 7.83259e-04 0.00000e+00
4.930000 -3.58933e-05 7.39884e-04 0.00000e+00
4.940000 -7.59923e-06 5.12953e-04 0.00000e+00
4.950000 -1.63802e-05 2.85137e-04 0.00000e+00
4.960000 -2.46331e-05 1.17976e-04 0.00000e+00
4.970000 -3.61267e-06 -1.29902e-04 0.00000e+00
4.980000 -7.45036e-06 -3.91045e-04 0.00000e+00
4.990000 -1.52709e-05 -5.24928e-04 0.00000e+00
5.000000 -5.33731e-05 -7.09036e-04 0.00000e+00
5.010000 -6.79437e-05 -9.36894e-04 0.00000e+00
5.020000 -7.05993e-05 -1.16817e-03 0.00000e+00
5.030000 -6.17527e-05 -1.41199e-03 0.00000e+00
5.040000 -7.91892e-05 -1.69222e-03 0.00000e+00
5.050000 -9.62006e-05 -2.16816e-03 0.00000e+00
5.060000 -1.21206e-04 -2.48112e-03 0.00000e+00
5.070000 -1.58442e-04 -2.70344e-03 0.00000e+00
5.080000 -1.83913e-04 -2.98074e-03 0.00000e+00
5.090000 -1.95876e-04 -3.21862e-03 0.00000e+00
5.100000 -2.30690e-04 -3.50412e-03 0.00000e+00
5.110000 -2.63375e-04 -3.66991e-03 0.00000e+00
5.120000 -2.77926e-04 -3.77540e-03 0.00000e+00
5.130000 -3.30315e-04 -3.98379e-03 0.00000e+00
5.140000 -3.74077e-04 -4.09403e-03 0.00000e+00
5.150000 -4.08342e-04 -4.10284e-03 0.00000e+00
5.160000 -4.35127e-04 -4.09659e-03 0.00000e+00
5.170000 -5.09714e-04 -4.12634e-03 0.00000e+00
5.180000 -5.44953e-04 -4.13253e-03 0.00000e+00
5.190000 -6.19363e-04 -3.99217e-03 0.00000e+00
5.200000 -6.53770e-04 -3.68091e-03 0.00000e+00
5.210000 -7.16672e-04 -3.29164e-03 0.00000e+00
5.220000 -7.36069e-04 -2.86245e-03 0.00000e+00
5.230000 -7.39220e-04 -2.37475e-03 0.00000e+00
5.240000 -7.83636e-04 -1.89288e-03 0.00000e+00
5.250000 -7.97842e-04 -1.36254e-03 0.00000e+00
5.260000 -8.06145e-04 -6.90638e-04 0.00000e+00
5.270000 -8.18841e-04 2.92285e-05 0.00000e+00
5.280000 -8.05037e-04 7.36982e-04 0.00000e+00
5.290000 -8.16625e-04 1.56972e-03 0.00000e+00
5.300000 -8.03610e-04 2.34251e-03 0.00000e+00
5.310000 -7.71172e-04 3.01143e-03 0.00000e+00
5.320000 -7.32961e-04 3.76305e-03 0.00000e+00
5.330000 -6.93779e-04 4.53787e-03 0.00000e+00
5.340000 -6.43937e-04 5.18166e-03 0.00000e+00
5.350000 -5.80401e-04 5.79083e-03 0.00000e+00
5.360000 -5.08018e-04 6.32625e-03 0.00000e+00
5.370000 -4.30449e-04 6.72683e-03 0.00000e+00
5.380000 -3.59966e-04 7.05032e-03 0.00000e+00
5.390000 -2.80587e-04 7.33132e-03 0.00000e+00
5.400000 -2.09780e-04 7.68001e-03 0.00000e+00
5.410000 -1.27730e-04 7.84228e-03 0.00000e+00
5.420000 -4.16898e-05 7.82884e-03 0.00000e+00
5.430000 4.65825e-05 7.79137e-03 0.00000e+00
5.440000 1.20298e-04 7.61577e-03 0.00000e+00
5.450000 2.01179e-04 7.39339e-03 0.00000e+00
5.460000 2.75409e-04 7.09713e-03 0.00000e+00
5.470000 3.26486e-04 6.63901e-03 0.00000e+00
5.480000 4.11049e-04 6.15183e-03 0.00000e+00
5.490000 4.76564e-04 5.68571e-03 0.00000e+00
5.500000 5.28354e-04 5.13288e-03 0.00000e+00
5.510000 5.83124e-04 4.46234e-03 0.00000e+00
5.520000 6.29989e-04 3.80994e-03 0.00000e+00
5.530000 6.51397e-04 3.21128e-03 0.00000e+00
5.540000 6.80279e-04 2.65818e-03 0.00000e+00
5.550000 7.08600e-04 2.08295e-03 0.00000e+00
5.560000 7.26883e-04 1.48734e-03 0.00000e+00
5.570000 7.28165e-04 8.32359e-04 0.00000e+00
5.580000 7.13616e-04 1.38550e-04 0.00000e+00
5.590000 7.15059e-04 -4.80002e-04 0.00000e+00
5.600000 7.04585e-04 -1.11335e-03 0.00000e+00
5.610000 6.87823e-04 -1.75834e-03 0.00000e+00
5.620000 6.80649e-04 -2.29026e-03 0.00000e+00
5.630000 6.46973e-04 -2.76836e-03 0.00000e+00
5.640000 6.12072e-04 -3.31160e-03 0.00000e+00
5.650000 5.88125e-04 -3.74459e-03 0.00000e+00
5.660000 5.55079e-04 -4.04193e-03 0.00000e+00
5.670000 4.98011e-04 -4.35700e-03 0.00000e+00
5.680000 4.65846e-04 -4.56833e-03 0.00000e+00
5.690000 4.38579e-04 -4.66073e-03 0.00000e+00
5.700000 3.96394e-04 -4.82474e-03 0.00000e+00
5.710000 3.45696e-04 -4.93433e-03 0.00000e+00
5.720000 2.77210e-04 -4.84332e-03 0.00000e+00
5.730000 2.16550e-04 -4.67171e-03 0.00000e+00
5.740000 1.43413e-04 -4.51489e-03 0.00000e+00
5.750000 1.01597e-04 -4.39646e-03 0.00000e+00
5.760000 5.07185e-05 -4.18001e-03 0.00000e+00
5.770000 -7.60341e-07 -3.84054e-03 0.00000e+00
5.780000 -1.77382e-05 -3.42936e-03 0.00000e+00
5.790000 -4.38194e-05 -2.77940e-03 0.00000e+00
5.800000 -8.79044e-05 -2.06006e-03 0.00000e+00
5.810000 -1.05773e-04 -1.46323e-03 0.00000e+00
5.820000 -1.10821e-04 -8.16915e-04 0.00000e+00
5.830000 -1.24986e-04 -1.37026e-04 0.00000e+00
5.840000 -1.26976e-04 4.86703e-04 0.00000e+00
5.850000 -1.09243e-04 1.08468e-03 0.00000e+00
5.860000 -1.13913e-04 1.78357e-03 0.00000e+00
5.870000 -1.01983e-04 2.49609e-03 0.00000e+00
5.880000 -4.92811e-05 3.06491e-03 0.00000e+00
5.890000 -1.94680e-05 3.49094e-03 0.00000e+00
5.900000 4.73492e-06 3.84594e-03 0.00000e+00
5.910000 4.03879e-05 4.09969e-03 0.00000e+00
5.920000 9.81921e-05 4.25945e-03 0.00000e+00
5.930000 1.73239e-04 4.36634e-03 0.00000e+00
5.940000 2.40166e-04 4.32481e-03 0.00000e+00
5.950000 3.16202e-04 4.28370e-03 0.00000e+00
5.960000 3.80936e-04 4.17493e-03 0.00000e+00
5.970000 3.83318e-04 3.86245e-03 0.00000e+00
5.980000 4.13854e-04 3.49481e-03 0.00000e+00
5.990000 4.52844e-04 3.11121e-03 0.00000e+00
6.000000 4.77373e-04 2.63906e-03 0.00000e+00
6.010000 5.07380e-04 2.06666e-03 0.00000e+00
6.020000 5.20300e-04 1.47907e-03 0.00000e+00
6.030000 5.50214e-04 8.18232e-04 0.00000e+00
6.040000 5.30967e-04 -1.84821e-05 0.00000e+00
6.050000 5.20676e-04 -7.35672e-04 0.00000e+00
6.060000 5.10857e-04 -1.38560e-03 0.00000e+00
6.070000 4.99658e-04 -2.20405e-03 0.00000e+00
6.080000 4.61095e-04 -3.05029e-03 0.00000e+00
6.090000 4.30195e-04 -3.85592e-03 0.00000e+00
6.100000 3.90005e-04 -4.45918e-03 0.00000e+00
6.110000 3.44714e-04 -4.90751e-03 0.00000e+00
6.120000 3.01659e-04 -5.29738e-03 0.00000e+00
6.130000 2.26772e-04 -5.57916e-03 0.00000e+00
6.140000 1.81905e-04 -5.99582e-03 0.00000e+00
6.150000 1.17981e-04 -6.50721e-03 0.00000e+00
6.160000 4.63173e-05 -6.87520e-03 0.00000e+00
6.170000 -2.92671e-05 -7.17079e-03 0.00000e+00
6.180000 -1.09048e-04 -7.40943e-03 0.00000e+00
6.190000 -1.86179e-04 -7.57695e-03 0.00000e+00
6.200000 -2.71830e-04 -7.55503e-03 0.00000e+00
6.210000 -3.57540e-04 -7.47963e-03 0.00000e+00
6.220000 -4.00791e-04 -7.45784e-03 0.00000e+00
6.230000 -5.04670e-04 -7.31472e-03 0.00000e+00
6.240000 -5.73467e-04 -7.02235e-03 0.00000e+00
6.250000 -6.35118e-04 -6.68147e-03 0.00000e+00
6.260000 -6.83872e-04 -6.25462e-03 0.00000e+00
6.270000 -7.13613e-04 -5.68103e-03 0.00000e+00
6.280000 -7.85060e-04 -5.04134e-03 0.00000e+00
6.290000 -8.42236e-04 -4.28833e-03 0.00000e+00
6.300000 -9.00837e-04 -3.52860e-03 0.00000e+00
6.310000 -9.66689e-04 -2.68157e-03 0.00000e+00
6.320000 -9.96601e-04 -1.69785e-03 0.00000e+00
6.330000 -1.01471e-03 -7.43409e-04 0.00000e+00
6.340000 -1.02507e-03 2.11455e-04 0.00000e+00
6.350000 -1.02158e-03 1.08628e-03 0.00000e+00
6.360000 -9.99473e-04 1.93208e-03 0.00000e+00
6.370000 -9.66331e-04 2.79358e-03 0.00000e+00
6.380000 -9.57337e-04 3.53729e-03 0.00000e+00
6.390000 -9.11007e-04 4.39797e-03 0.00000e+00
6.400000 -8.48888e-04 5.20515e-03 0.00000e+00
6.410000 -7.76066e-04 5.79382e-03 0.00000e+00
6.420000 -7.07314e-04 6.36118e-03 0.00000e+00
6.430000 -6.11752e-04 6.84717e-03 0.00000e+00
6.440000 -5.34472e-04 7.33032e-03 0.00000e+00
6.450000 -4.47404e-04 7.71987e-03 0.00000e+00
6.460000 -3.59907e-04 7.94020e-03 0.00000e+00
6.470000 -2.79071e-04 8.06011e-03 0.00000e+00
6.480000 -1.83749e-04 7.94916e-03 0.00000e+00
6.490000 -1.14364e-04 7.70967e-03 0.00000e+00
6.500000 -4.99154e-05 7.40254e-03 0.00000e+00
6.510000 1.66788e-05 6.97083e-03 0.00000e+00
6.520000 6.76115e-05 6.46991e-03 0.00000e+00
6.530000 1.55463e-04 5.93578e-03 0.00000e+00
6.540000 2.07653e-04 5.38260e-03 0.00000e+00
6.550000 2.61164e-04 4.72806e-03 0.00000e+00
6.560000 3.29010e-04 4.03384e-03 0.00000e+00
6.570000 3.36190e-04 3.34858e-03 0.00000e+00
6.580000 3.63877e-04 2.70468e-03 0.00000e+00
6.590000 3.87336e-04 2.01819e-03 0.00000e+00
6.600000 4.07815e-04 1.30464e-03 0.00000e+00
6.610000 4.35241e-04 5.89973e-04 0.00000e+00
6.620000 4.38080e-04 -1.07231e-04 0.00000e+00
6.630000 4.26799e-04 -7.29450e-04 0.00000e+00
6.640000 4.03324e-04 -1.38057e-03 0.00000e+00
6.650000 3.62640e-04 -1.95989e-03 0.00000e+00
6.660000 3.45018e-04 -2.52305e-03 0.00000e+00
6.670000 3.02548e-04 -3.13041e-03 0.00000e+00
6.680000 2.83886e-04 -3.68185e-03 0.00000e+00
6.690000 2.49299e-04 -4.24576e-03 0.00000e+00
6.700000 2.20920e-04 -4.62592e-03 0.00000e+00
6.710000 1.76661e-04 -4.87728e-03 0.00000e+00
6.720000 1.36636e-04 -5.19112e-03 0.00000e+00
6.730000 7.68336e-05 -5.32678e-03 0.00000e+00
6.740000 1.61731e-05 -5.44907e-03 0.00000e+00
6.750000 -3.64645e-05 -5.57558e-03 0.00000e+00
6.760000 -1.18724e-04 -5.53804e-03 0.00000e+00
6.770000 -1.67369e-04 -5.39409e-03 0.00000e+00
6.780000 -2.23892e-04 -5.09922e-03 0.00000e+00
6.790000 -2.58546e-04 -4.63444e-03 0.00000e+00
6.800000 -3.21309e-04 -4.09943e-03 0.00000e+00
6.810000 -3.68249e-04 -3.52252e-03 0.00000e+00
6.820000 -4.04447e-04 -2.90993e-03 0.00000e+00
6.830000 -4.48944e-04 -2.18421e-03 0.00000e+00
6.840000 -4.70065e-04 -1.44090e-03 0.00000e+00
6.850000 -4.87222e-04 -5.84885e-04 0.00000e+00
6.860000 -4.95540e-04 4.24928e-04 0.00000e+00
6.870000 -4.70995e-04 1.50502e-03 0.00000e+00
6.880000 -4.85924e-04 2.69165e-03 0.00000e+00
6.890000 -4.57666e-04 3.85443e-03 0.00000e+00
6.900000 -4.09024e-04 4.92538e-03 0.00000e+00
6.910000 -3.70248e-04 5.84925e-03 0.00000e+00
6.920000 -2.95376e-04 6.74890e-03 0.00000e+00
6.930000 -2.20057e-04 7.49503e-03 0.00000e+00
6.940000 -1.27670e-04 8.06588e-03 0.00000e+00
6.950000 -2.60142e-05 8.65970e-03 0.00000e+00
6.960000 8.70667e-05 9.26323e-03 0.00000e+00
6.970000 1.75414e-04 9.69122e-03 0.00000e+00
6.980000 2.87428e-04 9.87356e-03 0.00000e+00
6.990000 3.89356e-04 9.91558e-03 0.00000e+00
7.000000 5.05262e-04 9.81541e-03 0.00000e+00
7.010000 6.02431e-04 9.59816e-03 0.00000e+00
7.020000 7.50192e-04 9.23120e-03 0.00000e+00
7.030000 8.33076e-04 8.61167e-03 0.00000e+00
7.040000 9.45647e-04 7.94931e-03 0.00000e+00
7.050000 1.00122e-03 7.15922e-03 0.00000e+00
7.060000 1.05031e-03 6.14287e-03 0.00000e+00
7.070000 1.08254e-03 5.07830e-03 0.00000e+00
7.080000 1.12504e-03 3.84709e-03 0.00000e+00
7.090000 1.16307e-03 2.55975e-03 0.00000e+00
7.100000 1.17337e-03 1.31816e-03 0.00000e+00
7.110000 1.19931e-03 6.82536e-05 0.00000e+00
7.120000 1.22894e-03 -1.18121e-03 0.00000e+00
7.130000 1.20037e-03 -2.40825e-03 0.00000e+00
7.140000 1.15546e-03 -3.62297e-03 0.00000e+00
7.150000 1.10497e-03 -4.84216e-03 0.00000e+00
7.160000 1.05855e-03 -6.08508e-03 0.00000e+00
7.170000 9.96636e-04 -7.22877e-03 0.00000e+00
7.180000 9.13168e-04 -8.25250e-03 0.00000e+00
7.190000 8.07241e-04 -9.03006e-03 0.00000e+00
7.200000 7.06440e-04 -9.69256e-03 0.00000e+00
7.210000 6.25840e-04 -1.02895e-02 0.00000e+00
7.220000 4.91267e-04 -1.07614e-02 0.00000e+00
7.230000 3.65375e-04 -1.13001e-02 0.00000e+00
7.240000 2.40352e-04 -1.17551e-02 0.00000e+00
7.250000 1.17023e-04 -1.20372e-02 0.00000e+00
7.260000 1.59143e-05 -1.21270e-02 0.00000e+00
7.270000 -1.04892e-04 -1.21133e-02 0.00000e+00
7.280000 -2.28844e-04 -1.19400e-02 0.00000e+00
7.290000 -3.56622e-04 -1.15050e-02 0.00000e+00
7.300000 -4.69096e-04 -1.09376e-02 0.00000e+00
7.310000 -5.84007e-04 -1.03304e-02 0.00000e+00
7.320000 -7.03936e-04 -9.62625e-03 0.00000e+00
7.330000 -7.99568e-04 -8.73541e-03 0.00000e+00
7.340000 -8.56408e-04 -7.69533e-03 0.00000e+00
7.350000 -9.35846e-04 -6.66526e-03 0.00000e+00
7.360000 -9.85828e-04 -5.66341e-03 0.00000e+00
7.370000 -1.07058e-03 -4.56728e-03 0.00000e+00
7.380000 -1.10059e-03 -3.23441e-03 0.00000e+00
7.390000 -1.15804e-03 -1.93943e-03 0.00000e+00
7.400000 -1.17965e-03 -8.04531e-04 0.00000e+00
7.410000 -1.17490e-03 3.42475e-04 0.00000e+00
7.420000 -1.16019e-03 1.48621e-03 0.00000e+00
7.430000 -1.13947e-03 2.71846e-03 0.00000e+00
7.440000 -1.09896e-03 3.95282e-03 0.00000e+00
7.450000 -1.04421e-03 4.98302e-03 0.00000e+00
7.460000 -9.73464e-04 5.88782e-03 0.00000e+00
7.470000 -8.97493e-04 6.71379e-03 0.00000e+00
7.480000 -8.22240e-04 7.45495e-03 0.00000e+00
7.490000 -7.37949e-04 8.11951e-03 0.00000e+00
7.500000 -6.41524e-04 8.62767e-03 0.00000e+00
7.510000 -5.62743e-04 9.17796e-03 0.00000e+00
7.520000 -4.72334e-04 9.62737e-03 0.00000e+00
7.530000 -3.58782e-04 9.85575e-03 0.00000e+00
7.540000 -2.40412e-04 9.87851e-03 0.00000e+00
7.550000 -1.42786e-04 9.70964e-03 0.00000e+00
7.560000 -7.94385e-05 9.34236e-03 0.00000e+00
7.570000 1.63376e-05 8.77196e-03 0.00000e+00
7.580000 1.09537e-04 8.19071e-03 0.00000e+00
7.590000 2.01640e-04 7.46336e-03 0.00000e+00
7.600000 2.83849e-04 6.57839e-03 0.00000e+00
7.610000 3.33065e-04 5.60089e-03 0.00000e+00
7.620000 3.77501e-04 4.58456e-03 0.00000e+00
7.630000 4.48807e-04 3.54338e-03 0.00000e+00
7.640000 4.86895e-04 2.48622e-03 0.00000e+00
7.650000 5.40032e-04 1.40742e-03 0.00000e+00
7.660000 5.56536e-04 2.90426e-04 0.00000e+00
7.670000 5.48081e-04 -8.67237e-04 0.00000e+00
7.680000 5.54161e-04 -2.05901e-03 0.00000e+00
7.690000 4.85388e-04 -3.22688e-03 0.00000e+00
7.700000 4.45095e-04 -4.30934e-03 0.00000e+00
7.710000 3.71839e-04 -5.23118e-03 0.00000e+00
7.720000 3.03015e-04 -6.17762e-03 0.00000e+00
7.730000 2.16287e-04 -7.18772e-03 0.00000e+00
7.740000 1.50321e-04 -8.07398e-03 0.00000e+00
7.750000 5.50539e-05 -8.78455e-03 0.00000e+00
7.760000 -5.00455e-05 -9.28081e-03 0.00000e+00
7.770000 -1.34817e-04 -9.60677e-03 0.00000e+00
7.780000 -2.30804e-04 -9.85687e-03 0.00000e+00
7.790000 -3.16079e-04 -1.00638e-02 0.00000e+00
7.800000 -4.17630e-04 -1.00017e-02 0.00000e+00
7.810000 -5.06296e-04 -9.68574e-03 0.00000e+00
7.820000 -6.13126e-04 -9.11351e-03 0.00000e+00
7.830000 -7.14514e-04 -8.28896e-03 0.00000e+00
7.840000 -8.15977e-04 -7.52253e-03 0.00000e+00
7.850000 -8.82149e-04 -6.55518e-03 0.00000e+00
7.860000 -9.62173e-04 -5.51174e-03 0.00000e+00
7.870000 -1.02751e-03 -4.51440e-03 0.00000e+00
7.880000 -1.08135e-03 -3.37829e-03 0.00000e+00
7.890000 -1.14383e-03 -2.19439e-03 0.00000e+00
7.900000 -1.13648e-03 -9.61819e-04 0.00000e+00
7.910000 -1.14863e-03 4.24150e-04 0.00000e+00
7.920000 -1.11973e-03 1.87842e-03 0.00000e+00
7.930000 -1.08688e-03 3.21487e-03 0.00000e+00
7.940000 -1.05123e-03 4.63128e-03 0.00000e+00
7.950000 -9.94394e-04 6.04035e-03 0.00000e+00
7.960000 -9.20419e-04 7.45045e-03 0.00000e+00
7.970000 -8.02312e-04 8.87042e-03 0.00000e+00
7.980000 -7.03289e-04 1.01630e-02 0.00000e+00
7.990000 -5.76104e-04 1.13563e-02 0.00000e+00
8.000000 -4.86383e-04 1.23689e-02 0.00000e+00
8.010000 -3.82388e-04 1.31496e-02 0.00000e+00
8.020000 -2.18802e-04 1.38026e-02 0.00000e+00
8.030000 -1.13434e-04 1.43084e-02 0.00000e+00
8.040000 4.43081e-05 1.45877e-02 0.00000e+00
8.050000 2.00234e-04 1.47037e-02 0.00000e+00
8.060000 3.57925e-04 1.45837e-02 0.00000e+00
8.070000 5.21297e-04 1.44063e-02 0.00000e+00
8.080000 6.90236e-04 1.40718e-02 0.00000e+00
8.090000 8.20118e-04 1.35468e-02 0.00000e+00
8.100000 9.67602e-04 1.29453e-02 0.00000e+00
8.110000 1.11748e-03 1.20544e-02 0.00000e+00
8.120000 1.22854e-03 1.09442e-02 0.00000e+00
8.130000 1.37014e-03 9.70334e-03 0.00000e+00
8.140000 1.44766e-03 8.42906e-03 0.00000e+00
8.150000 1.52535e-03 7.14774e-03 0.00000e+00
8.160000 1.58642e-03 5.79642e-03 0.00000e+00
8.170000 1.61711e-03 4.23569e-03 0.00000e+00
8.180000 1.64257e-03 2.41857e-03 0.00000e+00
8.190000 1.66818e-03 7.39209e-04 0.00000e+00
8.200000 1.66749e-03 -9.24064e-04 0.00000e+00
8.210000 1.65842e-03 -2.67882e-03 0.00000e+00
8.220000 1.63143e-03 -4.29107e-03 0.00000e+00
8.230000 1.58520e-03 -5.86077e-03 0.00000e+00
8.240000 1.52479e-03 -7.42154e-03 0.00000e+00
8.250000 1.41601e-03 -8.82144e-03 0.00000e+00
8.260000 1.33412e-03 -1.00995e-02 0.00000e+00
8.270000 1.19671e-03 -1.13241e-02 0.00000e+00
8.280000 1.05799e-03 -1.23204e-02 0.00000e+00
8.290000 9.30181e-04 -1.31865e-02 0.00000e+00
8.300000 7.97908e-04 -1.38642e-02 0.00000e+00
8.310000 6.64659e-04 -1.43601e-02 0.00000e+00
8.320000 5.23351e-04 -1.47678e-02 0.00000e+00
8.330000 3.44792e-04 -1.50014e-02 0.00000e+00
8.340000 1.74333e-04 -1.51320e-02 0.00000e+00
8.350000 2.16148e-05 -1.50775e-02 0.00000e+00
8.360000 -1.00433e-04 -1.47435e-02 0.00000e+00
8.370000 -2.70958e-04 -1.41614e-02 0.00000e+00
8.380000 -4.12496e-04 -1.33811e-02 0.00000e+00
8.390000 -5.49075e-04 -1.24585e-02 0.00000e+00
8.400000 -6.88264e-04 -1.14573e-02 0.00000e+00
8.410000 -8.07243e-04 -1.03468e-02 0.00000e+00
8.420000 -8.84066e-04 -9.08179e-03 0.00000e+00
8.430000 -9.84668e-04 -7.66593e-03 0.00000e+00
8.440000 -1.06216e-03 -6.16030e-03 0.00000e+00
8.450000 -1.11276e-03 -4.68574e-03 0.00000e+00
8.460000 -1.16234e-03 -3.13532e-03 0.00000e+00
8.470000 -1.18372e-03 -1.45001e-03 0.00000e+00
8.480000 -1.19416e-03 2.27923e-04 0.00000e+00
8.490000 -1.19085e-03 1.97245e-03 0.00000e+00
8.500000 -1.16512e-03 3.62010e-03 0.00000e+00
8.510000 -1.11572e-03 5.04527e-03 0.00000e+00
8.520000 -1.03509e-03 6.39821e-03 0.00000e+00
8.530000 -9.58083e-04 7.82176e-03 0.00000e+00
8.540000 -8.64650e-04 9.13913e-03 0.00000e+00
8.550000 -7.85747e-04 1.01686e-02 0.00000e+00
8.560000 -6.85580e-04 1.10329e-02 0.00000e+00
8.570000 -5.71519e-04 1.16792e-02 0.00000e+00
8.580000 -4.18076e-04 1.21077e-02 0.00000e+00
8.590000 -2.63371e-04 1.25225e-02 0.00000e+00
8.600000 -1.38060e-04 1.27652e-02 0.00000e+00
8.610000 6.70568e-06 1.26527e-02 0.00000e+00
8.620000 1.26353e-04 1.23703e-02 0.00000e+00
8.630000 2.72578e-04 1.18234e-02 0.00000e+00
8.640000 3.95826e-04 1.10888e-02 0.00000e+00
8.650000 5.03820e-04 1.02990e-02 0.00000e+00
8.660000 6.29938e-04 9.22993e-03 0.00000e+00
8.670000 6.85786e-04 7.91755e-03 0.00000e+00
8.680000 7.70742e-04 6.54582e-03 0.00000e+00
8.690000 8.37331e-04 5.17812e-03 0.00000e+00
8.700000 9.09593e-04 3.72070e-03 0.00000e+00
8.710000 9.12073e-04 2.08498e-03 0.00000e+00
8.720000 9.15629e-04 2.96763e-04 0.00000e+00
8.730000 9.10897e-04 -1.60660e-03 0.00000e+00
8.740000 8.97413e-04 -3.49797e-03 0.00000e+00
8.750000 8.62747e-04 -5.21620e-03 0.00000e+00
8.760000 8.26056e-04 -6.77920e-03 0.00000e+00
8.770000 7.12336e-04 -8.37177e-03 0.00000e+00
8.780000 6.17078e-04 -9.84863e-03 0.00000e+00
8.790000 5.05451e-04 -1.12139e-02 0.00000e+00
8.800000 3.80799e-04 -1.24133e-02 0.00000e+00
8.810000 2.70380e-04 -1.34022e-02 0.00000e+00
8.820000 1.19329e-04 -1.43406e-02 0.00000e+00
8.830000 -7.11716e-05 -1.50363e-02 0.00000e+00
8.840000 -2.08375e-04 -1.56117e-02 0.00000e+00
8.850000 -3.70269e-04 -1.60712e-02 0.00000e+00
8.860000 -5.37256e-04 -1.62490e-02 0.00000e+00
8.870000 -7.38349e-04 -1.61005e-02 0.00000e+00
8.880000 -9.15634e-04 -1.57673e-02 0.00000e+00
8.890000 -1.08306e-03 -1.53654e-02 0.00000e+00
8.900000 -1.22997e-03 -1.47050e-02 0.00000e+00
8.910000 -1.36081e-03 -1.37494e-02 0.00000e+00
8.920000 -1.47888e-03 -1.25315e-02 0.00000e+00
8.930000 -1.61373e-03 -1.10688e-02 0.00000e+00
8.940000 -1.71679e-03 -9.54417e-03 0.00000e+00
8.950000 -1.79968e-03 -7.93931e-03 0.00000e+00
8.960000 -1.88824e-03 -6.12985e-03 0.00000e+00
8.970000 -1.93882e-03 -4.19725e-03 0.00000e+00
8.980000 -1.99846e-03 -2.05506e-03 0.00000e+00
8.990000 -2.02404e-03 1.53518e-04 0.00000e+00
9.000000 -2.01201e-03 2.23742e-03 0.00000e+00
9.010000 -1.99904e-03 4.42727e-03 0.00000e+00
9.020000 -1.93800e-03 6.72554e-03 0.00000e+00
9.030000 -1.85809e-03 8.93401e-03 0.00000e+00
9.040000 -1.74189e-03 1.09566e-02 0.00000e+00
9.050000 -1.64111e-03 1.27983e-02 0.00000e+00
9.060000 -1.49476e-03 1.45134e-02 0.00000e+00
9.070000 -1.32202e-03 1.61622e-02 0.00000e+00
9.080000 -1.12899e-03 1.77335e-02 0.00000e+00
9.090000 -9.36416e-04 1.91710e-02 0.00000e+00
9.100000 -7.29591e-04 2.04173e-02 0.00000e+00
9.110000 -5.18726e-04 2.14621e-02 0.00000e+00
9.120000 -2.80122e-04 2.23156e-02 0.00000e+00
9.130000 -4.71627e-05 2.28420e-02 0.00000e+00
9.140000 2.02232e-04 2.30347e-02 0.00000e+00
9.150000 4.39241e-04 2.28965e-02 0.00000e+00
9.160000 6.64684e-04 2.24671e-02 0.00000e+00
9.170000 8.97518e-04 2.17858e-02 0.00000e+00
9.180000 1.12663e-03 2.08457e-02 0.00000e+00
9.190000 1.32321e-03 1.96720e-02 0.00000e+00
9.200000 1.51270e-03 1.82696e-02 0.00000e+00
9.210000 1.68223e-03 1.67073e-02 0.00000e+00
9.220000 1.85213e-03 1.49355e-02 0.00000e+00
9.230000 2.00496e-03 1.29496e-02 0.00000e+00
9.240000 2.16514e-03 1.08704e-02 0.00000e+00
9.250000 2.26691e-03 8.64669e-03 0.00000e+00
9.260000 2.37245e-03 6.31698e-03 0.00000e+00
9.270000 2.42452e-03 3.91077e-03 0.00000e+00
9.280000 2.45304e-03 1.43865e-03 0.00000e+00
9.290000 2.42575e-03 -1.03427e-03 0.00000e+00
9.300000 2.39277e-03 -3.49779e-03 0.00000e+00
9.310000 2.32180e-03 -5.88062e-03 0.00000e+00
9.320000 2.26144e-03 -8.14175e-03 0.00000e+00
9.330000 2.15867e-03 -1.03116e-02 0.00000e+00
9.340000 2.03975e-03 -1.23530e-02 0.00000e+00
9.350000 1.91098e-03 -1.42411e-02 0.00000e+00
9.360000 1.74513e-03 -1.60180e-02 0.00000e+00
9.370000 1.57311e-03 -1.76200e-02 0.00000e+00
9.380000 1.39495e-03 -1.89862e-02 0.00000e+00
9.390000 1.18515e-03 -2.01125e-02 0.00000e+00
9.400000 9.67182e-04 -2.09371e-02 0.00000e+00
9.410000 7.38403e-04 -2.13464e-02 0.00000e+00
9.420000 5.08685e-04 -2.15036e-02 0.00000e+00
9.430000 2.96888e-04 -2.13970e-02 0.00000e+00
9.440000 6.39850e-05 -2.10075e-02 0.00000e+00
9.450000 -1.53711e-04 -2.04996e-02 0.00000e+00
9.460000 -3.73518e-04 -1.98054e-02 0.00000e+00
9.470000 -5.68692e-04 -1.88754e-02 0.00000e+00
9.480000 -7.50015e-04 -1.77187e-02 0.00000e+00
9.490000 -9.24069e-04 -1.62652e-02 0.00000e+00
9.500000 -1.08894e-03 -1.45946e-02 0.00000e+00
9.510000 -1.24497e-03 -1.28115e-02 0.00000e+00
9.520000 -1.37270e-03 -1.07849e-02 0.00000e+00
9.530000 -1.46956e-03 -8.64568e-03 0.00000e+00
9.540000 -1.53473e-03 -6.44749e-03 0.00000e+00
9.550000 -1.58802e-03 -4.12902e-03 0.00000e+00
9.560000 -1.61487e-03 -1.77040e-03 0.00000e+00
9.570000 -1.61012e-03 6.25089e-04 0.00000e+00
9.580000 -1.58881e-03 3.02542e-03 0.00000e+00
9.590000 -1.57181e-03 5.29279e-03 0.00000e+00
9.600000 -1.49930e-03 7.53509e-03 0.00000e+00
9.610000 -1.43873e-03 9.76707e-03 0.00000e+00
9.620000 -1.32873e-03 1.18556e-02 0.00000e+00
9.630000 -1.18255e-03 1.37508e-02 0.00000e+00
9.640000 -1.02718e-03 1.54165e-02 0.00000e+00
9.650000 -8.55519e-04 1.69508e-02 0.00000e+00
9.660000 -6.65326e-04 1.83275e-02 0.00000e+00
9.670000 -4.86649e-04 1.93793e-02 0.00000e+00
9.680000 -2.68615e-04 2.00223e-02 0.00000e+00
9.690000 -5.31692e-05 2.03764e-02 0.00000e+00
9.700000 1.54692e-04 2.05172e-02 0.00000e+00
9.710000 3.77976e-04 2.04580e-02 0.00000e+00
9.720000 6.00825e-04 2.00809e-02 0.00000e+00
9.730000 8.23022e-04 1.93533e-02 0.00000e+00
9.740000 1.03460e-03 1.84198e-02 0.00000e+00
9.750000 1.21276e-03 1.71890e-02 0.00000e+00
9.760000 1.38204e-03 1.55504e-02 0.00000e+00
9.770000 1.56655e-03 1.36792e-02 0.00000e+00
9.780000 1.70505e-03 1.15914e-02 0.00000e+00
9.790000 1.80490e-03 9.25018e-03 0.00000e+00
9.800000 1.88490e-03 6.83801e-03 0.00000e+00
9.810000 1.94521e-03 4.27240e-03 0.00000e+00
9.820000 1.99796e-03 1.55172e-03 0.00000e+00
9.830000 1.98787e-03 -1.14356e-03 0.00000e+00
9.840000 1.94264e-03 -3.86374e-03 0.00000e+00
9.850000 1.88750e-03 -6.55858e-03 0.00000e+00
9.860000 1.83061e-03 -9.15550e-03 0.00000e+00
9.870000 1.72267e-03 -1.17819e-02 0.00000e+00
9.880000 1.59410e-03 -1.42892e-02 0.00000e+00
9.890000 1.40788e-03 -1.65481e-02 0.00000e+00
9.900000 1.23710e-03 -1.85457e-02 0.00000e+00
9.910000 1.02418e-03 -2.03136e-02 0.00000e+00
9.920000 7.84505e-04 -2.19486e-02 0.00000e+00
9.930000 5.43545e-04 -2.33700e-02 0.00000e+00
9.940000 3.03776e-04 -2.43965e-02 0.00000e+00
9.950000 3.39491e-05 -2.50244e-02 0.00000e+00
9.960000 -2.34728e-04 -2.54570e-02 0.00000e+00
9.970000 -5.04086e-04 -2.57560e-02 0.00000e+00
9.980000 -7.80728e-04 -2.57311e-02 0.00000e+00
9.990000 -1.02618e-03 -2.52239e-02 0.00000e+00
10.000000 -1.26594e-03 -2.45180e-02 0.00000e+00
10.010000 -1.52341e-03 -2.36754e-02 0.00000e+00
10.020000 -1.76124e-03 -2.24811e-02 0.00000e+00
10.030000 -1.99682e-03 -2.08760e-02 0.00000e+00
10.040000 -2.20708e-03 -1.90090e-02 0.00000e+00
10.050000 -2.37089e-03 -1.69984e-02 0.00000e+00
10.060000 -2.53001e-03 -1.48468e-02 0.00000e+00
10.070000 -2.66913e-03 -1.24772e-02 0.00000e+00
10.080000 -2.80466e-03 -9.90874e-03 0.00000e+00
10.090000 -2.89563e-03 -7.31012e-03 0.00000e+00
10.100000 -2.94965e-03 -4.61820e-03 0.00000e+00
10.110000 -2.97776e-03 -1.77045e-03 0.00000e+00
10.120000 -2.98712e-03 1.12835e-03 0.00000e+00
10.130000 -2.99764e-03 3.98444e-03 0.00000e+00
10.140000 -2.94933e-03 6.79398e-03 0.00000e+00
10.150000 -2.83914e-03 9.54050e-03 0.00000e+00
10.160000 -2.72662e-03 1.23798e-02 0.00000e+00
10.170000 -2.61468e-03 1.52469e-02 0.00000e+00
10.180000 -2.41543e-03 1.79084e-02 0.00000e+00
10.190000 -2.21964e-03 2.03503e-02 0.00000e+00
10.200000 -1.99531e-03 2.25487e-02 0.00000e+00
10.210000 -1.77838e-03 2.44517e-02 0.00000e+00
10.220000 -1.51464e-03 2.61762e-02 0.00000e+00
10.230000 -1.23629e-03 2.76671e-02 0.00000e+00
10.240000 -9.36648e-04 2.87907e-02 0.00000e+00
10.250000 -6.46907e-04 2.95147e-02 0.00000e+00
10.260000 -3.32975e-04 2.99762e-02 0.00000e+00
10.270000 -1.69644e-05 3.01548e-02 0.00000e+00
10.280000 3.08953e-04 2.99457e-02 0.00000e+00
10.290000 6.13841e-04 2.94633e-02 0.00000e+00
10.300000 9.22086e-04 2.85487e-02 0.00000e+00
10.310000 1.22316e-03 2.71614e-02 0.00000e+00
10.320000 1.53618e-03 2.56650e-02 0.00000e+00
10.330000 1.81960e-03 2.39440e-02 0.00000e+00
10.340000 2.04324e-03 2.17584e-02 0.00000e+00
10.350000 2.24837e-03 1.94467e-02 0.00000e+00
10.360000 2.42357e-03 1.69418e-02 0.00000e+00
10.370000 2.56967e-03 1.41260e-02 0.00000e+00
10.380000 2.69101e-03 1.11396e-02 0.00000e+00
10.390000 2.79410e-03 7.99992e-03 0.00000e+00
10.400000 2.85043e-03 4.83546e-03 0.00000e+00
10.410000 2.88289e-03 1.69553e-03 0.00000e+00
10.420000 2.89131e-03 -1.51766e-03 0.00000e+00
10.430000 2.87763e-03 -4.72399e-03 0.00000e+00
10.440000 2.78614e-03 -7.80307e-03 0.00000e+00
10.450000 2.70846e-03 -1.06549e-02 0.00000e+00
10.460000 2.59096e-03 -1.32982e-02 0.00000e+00
10.470000 2.41563e-03 -1.58300e-02 0.00000e+00
10.480000 2.23756e-03 -1.81932e-02 0.00000e+00
10.490000 2.06883e-03 -2.01869e-02 0.00000e+00
10.500000 1.81377e-03 -2.17779e-02 0.00000e+00
10.510000 1.58059e-03 -2.32291e-02 0.00000e+00
10.520000 1.32086e-03 -2.44810e-02 0.00000e+00
10.530000 1.02615e-03 -2.54558e-02 0.00000e+00
10.540000 7.61914e-04 -2.61920e-02 0.00000e+00
10.550000 4.92408e-04 -2.66400e-02 0.00000e+00
10.560000 2.07148e-04 -2.67591e-02 0.00000e+00
10.570000 -4.95638e-05 -2.65237e-02 0.00000e+00
10.580000 -3.25335e-04 -2.60210e-02 0.00000e+00
10.590000 -5.89297e-04 -2.52170e-02 0.00000e+00
10.600000 -8.21513e-04 -2.39341e-02 0.00000e+00
10.610000 -1.04254e-03 -2.24015e-02 0.00000e+00
10.620000 -1.24183e-03 -2.06062e-02 0.00000e+00
10.630000 -1.46339e-03 -1.84762e-02 0.00000e+00
10.640000 -1.66000e-03 -1.62613e-02 0.00000e+00
10.650000 -1.81812e-03 -1.38840e-02 0.00000e+00
10.660000 -1.93019e-03 -1.11828e-02 0.00000e+00
10.670000 -2.05731e-03 -8.44658e-03 0.00000e+00
10.680000 -2.15815e-03 -5.73939e-03 0.00000e+00
10.690000 -2.21414e-03 -2.93263e-03 0.00000e+00
10.700000 -2.25477e-03 -2.00817e-04 0.00000e+00
10.710000 -2.24872e-03 2.55773e-03 0.00000e+00
10.720000 -2.20829e-03 5.36004e-03 0.00000e+00
10.730000 -2.12865e-03 8.04303e-03 0.00000e+00
10.740000 -2.01271e-03 1.06886e-02 0.00000e+00
10.750000 -1.88939e-03 1.32393e-02 0.00000e+00
10.760000 -1.69877e-03 1.55447e-02 0.00000e+00
10.770000 -1.49181e-03 1.77480e-02 0.00000e+00
10.780000 -1.30589e-03 1.98585e-02 0.00000e+00
10.790000 -1.07594e-03 2.17887e-02 0.00000e+00
10.800000 -8.61691e-04 2.32853e-02 0.00000e+00
10.810000 -6.15036e-04 2.43753e-02 0.00000e+00
10.820000 -3.60181e-04 2.52643e-02 0.00000e+00
10.830000 -9.93422e-05 2.59368e-02 0.00000e+00
10.840000 1.40151e-04 2.62297e-02 0.00000e+00
10.850000 4.11218e-04 2.60392e-02 0.00000e+00
10.860000 6.72440e-04 2.55319e-02 0.00000e+00
10.870000 9.41930e-04 2.47078e-02 0.00000e+00
10.880000 1.19858e-03 2.35384e-02 0.00000e+00
10.890000 1.44217e-03 2.20249e-02 0.00000e+00
10.900000 1.67315e-03 2.02944e-02 0.00000e+00
10.910000 1.89828e-03 1.83979e-02 0.00000e+00
10.920000 2.07937e-03 1.62330e-02 0.00000e+00
10.930000 2.25101e-03 1.40491e-02 0.00000e+00
10.940000 2.40613e-03 1.18821e-02 0.00000e+00
10.950000 2.51473e-03 9.38179e-03 0.00000e+00
10.960000 2.58013e-03 6.64256e-03 0.00000e+00
10.970000 2.60548e-03 3.77728e-03 0.00000e+00
10.980000 2.65342e-03 8.19706e-04 0.00000e+00
10.990000 2.63572e-03 -2.13485e-03 0.00000e+00
11.000000 2.58870e-03 -5.13410e-03 0.00000e+00
11.010000 2.49652e-03 -8.22674e-03 0.00000e+00
11.020000 2.39259e-03 -1.12248e-02 0.00000e+00
11.030000 2.26381e-03 -1.40061e-02 0.00000e+00
11.040000 2.10481e-03 -1.66472e-02 0.00000e+00
11.050000 1.91423e-03 -1.91497e-02 0.00000e+00
11.060000 1.71553e-03 -2.14132e-02 0.00000e+00
11.070000 1.52401e-03 -2.33747e-02 0.00000e+00
11.080000 1.28067e-03 -2.50602e-02 0.00000e+00
11.090000 1.03967e-03 -2.64759e-02 0.00000e+00
11.100000 7.81260e-04 -2.76372e-02 0.00000e+00
11.110000 4.55310e-04 -2.85031e-02 0.00000e+00
11.120000 1.18129e-04 -2.90164e-02 0.00000e+00
11.130000 -1.93544e-04 -2.92241e-02 0.00000e+00
11.140000 -5.07582e-04 -2.92830e-02 0.00000e+00
11.150000 -8.14903e-04 -2.88950e-02 0.00000e+00
11.160000 -1.12727e-03 -2.81197e-02 0.00000e+00
11.170000 -1.42597e-03 -2.72330e-02 0.00000e+00
11.180000 -1.70176e-03 -2.61445e-02 0.00000e+00
11.190000 -1.93947e-03 -2.48023e-02 0.00000e+00
11.200000 -2.18728e-03 -2.31018e-02 0.00000e+00
11.210000 -2.41616e-03 -2.11246e-02 0.00000e+00
11.220000 -2.61556e-03 -1.89859e-02 0.00000e+00
11.230000 -2.76550e-03 -1.66466e-02 0.00000e+00
11.240000 -2.92733e-03 -1.39775e-02 0.00000e+00
11.250000 -3.05403e-03 -1.12272e-02 0.00000e+00
11.260000 -3.15546e-03 -8.37511e-03 0.00000e+00
11.270000 -3.23334e-03 -5.28940e-03 0.00000e+00
11.280000 -3.27171e-03 -2.32552e-03 0.00000e+00
11.290000 -3.26004e-03 4.09085e-04 0.00000e+00
11.300000 -3.26115e-03 3.15546e-03 0.00000e+00
11.310000 -3.22625e-03 5.96281e-03 0.00000e+00
11.320000 -3.13027e-03 8.68346e-03 0.00000e+00
11.330000 -3.06766e-03 1.12600e-02 0.00000e+00
11.340000 -2.94418e-03 1.36594e-02 0.00000e+00
11.350000 -2.78240e-03 1.59323e-02 0.00000e+00
11.360000 -2.58645e-03 1.81463e-02 0.00000e+00
11.370000 -2.36689e-03 2.01855e-02 0.00000e+00
11.380000 -2.15385e-03 2.19163e-02 0.00000e+00
11.390000 -1.91693e-03 2.33968e-02 0.00000e+00
11.400000 -1.65967e-03 2.48341e-02 0.00000e+00
11.410000 -1.39210e-03 2.60874e-02 0.00000e+00
11.420000 -1.14257e-03 2.69842e-02 0.00000e+00
11.430000 -8.26838e-04 2.75766e-02 0.00000e+00
11.440000 -5.64428e-04 2.78445e-02 0.00000e+00
11.450000 -2.93470e-04 2.79036e-02 0.00000e+00
11.460000 -1.64339e-05 2.78570e-02 0.00000e+00
11.470000 2.90591e-04 2.74978e-02 0.00000e+00
11.480000 5.59748e-04 2.67229e-02 0.00000e+00
11.490000 8.23061e-04 2.57945e-02 0.00000e+00
11.500000 1.07443e-03 2.45814e-02 0.00000e+00
11.510000 1.32138e-03 2.30854e-02 0.00000e+00
11.520000 1.55741e-03 2.15098e-02 0.00000e+00
11.530000 1.77602e-03 1.98493e-02 0.00000e+00
11.540000 1.96291e-03 1.80509e-02 0.00000e+00
11.550000 2.13757e-03 1.60163e-02 0.00000e+00
11.560000 2.30566e-03 1.38362e-02 0.00000e+00
11.570000 2.46414e-03 1.15999e-02 0.00000e+00
11.580000 2.54128e-03 9.27478e-03 0.00000e+00
11.590000 2.61463e-03 6.80981e-03 0.00000e+00
11.600000 2.65619e-03 4.44778e-03 0.00000e+00
11.610000 2.70358e-03 2.06542e-03 0.00000e+00
11.620000 2.71991e-03 -4.50672e-04 0.00000e+00
11.630000 2.70197e-03 -2.87295e-03 0.00000e+00
11.640000 2.62961e-03 -5.14671e-03 0.00000e+00
11.650000 2.56644e-03 -7.36434e-03 0.00000e+00
11.660000 2.48603e-03 -9.53126e-03 0.00000e+00
11.670000 2.38000e-03 -1.15183e-02 0.00000e+00
11.680000 2.25913e-03 -1.33912e-02 0.00000e+00
11.690000 2.11445e-03 -1.51061e-02 0.00000e+00
11.700000 1.94553e-03 -1.66278e-02 0.00000e+00
11.710000 1.74846e-03 -1.79426e-02 0.00000e+00
11.720000 1.55648e-03 -1.90742e-02 0.00000e+00
11.730000 1.36195e-03 -1.99822e-02 0.00000e+00
11.740000 1.14601e-03 -2.05342e-02 0.00000e+00
11.750000 9.29156e-04 -2.09685e-02 0.00000e+00
11.760000 7.15256e-04 -2.13447e-02 0.00000e+00
11.770000 5.05806e-04 -2.14859e-02 0.00000e+00
11.780000 2.60427e-04 -2.13197e-02 0.00000e+00
11.790000 6.38878e-05 -2.08653e-02 0.00000e+00
11.800000 -1.56286e-04 -2.02807e-02 0.00000e+00
11.810000 -3.59806e-04 -1.96631e-02 0.00000e+00
11.820000 -5.66994e-04 -1.88521e-02 0.00000e+00
11.830000 -7.31091e-04 -1.77233e-02 0.00000e+00
11.840000 -9.15241e-04 -1.63791e-02 0.00000e+00
11.850000 -1.08164e-03 -1.48894e-02 0.00000e+00
11.860000 -1.22103e-03 -1.33322e-02 0.00000e+00
11.870000 -1.34032e-03 -1.17007e-02 0.00000e+00
11.880000 -1.44429e-03 -1.00305e-02 0.00000e+00
11.890000 -1.54805e-03 -8.23287e-03 0.00000e+00
11.900000 -1.61641e-03 -6.33659e-03 0.00000e+00
11.910000 -1.66547e-03 -4.42498e-03 0.00000e+00
11.920000 -1.72643e-03 -2.47924e-03 0.00000e+00
11.930000 -1.73377e-03 -5.78664e-04 0.00000e+00
11.940000 -1.72363e-03 1.36523e-03 0.00000e+00
11.950000 -1.69124e-03 3.26902e-03 0.00000e+00
11.960000 -1.66480e-03 5.18813e-03 0.00000e+00
11.970000 -1.60750e-03 7.08443e-03 0.00000e+00
11.980000 -1.52473e-03 8.78284e-03 0.00000e+00
11.990000 -1.39537e-03 1.04156e-02 0.00000e+00
12.000000 -1.28057e-03 1.20409e-02 0.00000e+00
12.010000 -1.14828e-03 1.34832e-02 0.00000e+00
12.020000 -1.03076e-03 1.46419e-02 0.00000e+00
12.030000 -8.76466e-04 1.56647e-02 0.00000e+00
12.040000 -7.07905e-04 1.65708e-02 0.00000e+00
12.050000 -5.25885e-04 1.73399e-02 0.00000e+00
12.060000 -3.35411e-04 1.78907e-02 0.00000e+00
12.070000 -1.64451e-04 1.82505e-02 0.00000e+00
12.080000 3.91044e-05 1.84847e-02 0.00000e+00
12.090000 2.23562e-04 1.84650e-02 0.00000e+00
12.100000 4.14048e-04 1.82128e-02 0.00000e+00
12.110000 6.33643e-04 1.78628e-02 0.00000e+00
12.120000 8.15066e-04 1.73570e-02 0.00000e+00
12.130000 1.00268e-03 1.66392e-02 0.00000e+00
12.140000 1.14467e-03 1.57620e-02 0.00000e+00
12.150000 1.30640e-03 1.47105e-02 0.00000e+00
12.160000 1.46025e-03 1.36819e-02 0.00000e+00
12.170000 1.57669e-03 1.25665e-02 0.00000e+00
12.180000 1.66542e-03 1.12058e-02 0.00000e+00
12.190000 1.77025e-03 9.69755e-03 0.00000e+00
12.200000 1.86147e-03 8.08282e-03 0.00000e+00
12.210000 1.94138e-03 6.39282e-03 0.00000e+00
12.220000 1.99800e-03 4.64596e-03 0.00000e+00
12.230000 2.03541e-03 2.93129e-03 0.00000e+00
12.240000 2.05852e-03 1.13618e-03 0.00000e+00
12.250000 2.06344e-03 -6.29609e-04 0.00000e+00
12.260000 2.04136e-03 -2.41552e-03 0.00000e+00
12.270000 2.00862e-03 -4.29614e-03 0.00000e+00
12.280000 1.97197e-03 -6.00116e-03 0.00000e+00
12.290000 1.90015e-03 -7.67290e-03 0.00000e+00
12.300000 1.82660e-03 -9.39549e-03 0.00000e+00
12.310000 1.72153e-03 -1.11285e-02 0.00000e+00
12.320000 1.59665e-03 -1.28009e-02 0.00000e+00
12.330000 1.48740e-03 -1.42897e-02 0.00000e+00
12.340000 1.29719e-03 -1.57489e-02 0.00000e+00
12.350000 1.14042e-03 -1.72108e-02 0.00000e+00
12.360000 9.55564e-04 -1.85487e-02 0.00000e+00
12.370000 7.64971e-04 -1.97223e-02 0.00000e+00
12.380000 5.51386e-04 -2.06762e-02 0.00000e+00
12.390000 3.64441e-04 -2.14193e-02 0.00000e+00
12.400000 1.45359e-04 -2.20412e-02 0.00000e+00
12.410000 -8.11814e-05 -2.24364e-02 0.00000e+00
12.420000 -3.13345e-04 -2.26084e-02 0.00000e+00
12.430000 -5.72530e-04 -2.26383e-02 0.00000e+00
12.440000 -8.00181e-04 -2.25241e-02 0.00000e+00
12.450000 -1.02745e-03 -2.21495e-02 0.00000e+00
12.460000 -1.28288e-03 -2.15864e-02 0.00000e+00
12.470000 -1.50064e-03 -2.09268e-02 0.00000e+00
12.480000 -1.71499e-03 -2.00801e-02 0.00000e+00
12.490000 -1.90521e-03 -1.90852e-02 0.00000e+00
12.500000 -2.10232e-03 -1.78440e-02 0.00000e+00
12.510000 -2.28119e-03 -1.64937e-02 0.00000e+00
12.520000 -2.43920e-03 -1.50749e-02 0.00000e+00
12.530000 -2.57850e-03 -1.34772e-02 0.00000e+00
12.540000 -2.69290e-03 -1.17477e-02 0.00000e+00
12.550000 -2.77264e-03 -9.91672e-03 0.00000e+00
12.560000 -2.86579e-03 -7.90158e-03 0.00000e+00
12.570000 -2.92711e-03 -5.76635e-03 0.00000e+00
12.580000 -2.96391e-03 -3.69387e-03 0.00000e+00
12.590000 -3.00549e-03 -1.65919e-03 0.00000e+00
12.600000 -3.02138e-03 3.15486e-04 0.00000e+00
12.610000 -3.01732e-03 2.40875e-03 0.00000e+00
12.620000 -2.97863e-03 4.62488e-03 0.00000e+00
12.630000 -2.94819e-03 6.71150e-03 0.00000e+00
12.640000 -2.87565e-03 8.72263e-03 0.00000e+00
12.650000 -2.76464e-03 1.07424e-02 0.00000e+00
12.660000 -2.64727e-03 1.27447e-02 0.00000e+00
12.670000 -2.49838e-03 1.46322e-02 0.00000e+00
12.680000 -2.34710e-03 1.64025e-02 0.00000e+00
12.690000 -2.17202e-03 1.81174e-02 0.00000e+00
12.700000 -1.97375e-03 1.97363e-02 0.00000e+00
12.710000 -1.75461e-03 2.13012e-02 0.00000e+00
12.720000 -1.53708e-03 2.29137e-02 0.00000e+00
12.730000 -1.29575e-03 2.44109e-02 0.00000e+00
12.740000 -1.07600e-03 2.56238e-02 0.00000e+00
12.750000 -8.24461e-04 2.67029e-02 0.00000e+00
12.760000 -5.56294e-04 2.75551e-02 0.00000e+00
12.770000 -2.49847e-04 2.80877e-02 0.00000e+00
12.780000 5.34410e-05 2.83458e-02 0.00000e+00
12.790000 3.28089e-04 2.83777e-02 0.00000e+00
12.800000 6.04552e-04 2.81117e-02 0.00000e+00
12.810000 8.91690e-04 2.75674e-02 0.00000e+00
12.820000 1.17626e-03 2.69490e-02 0.00000e+00
12.830000 1.45423e-03 2.61134e-02 0.00000e+00
12.840000 1.71739e-03 2.49628e-02 0.00000e+00
12.850000 1.99689e-03 2.36222e-02 0.00000e+00
12.860000 2.24362e-03 2.21056e-02 0.00000e+00
12.870000 2.49149e-03 2.05041e-02 0.00000e+00
12.880000 2.71596e-03 1.88187e-02 0.00000e+00
12.890000 2.91542e-03 1.68804e-02 0.00000e+00
12.900000 3.04335e-03 1.47264e-02 0.00000e+00
12.910000 3.16115e-03 1.23673e-02 0.00000e+00
12.920000 3.26688e-03 9.83050e-03 0.00000e+00
12.930000 3.32332e-03 7.25219e-03 0.00000e+00
12.940000 3.36258e-03 4.75969e-03 0.00000e+00
12.950000 3.38538e-03 2.36246e-03 0.00000e+00
12.960000 3.39310e-03 -1.66087e-04 0.00000e+00
12.970000 3.37409e-03 -2.85375e-03 0.00000e+00
12.980000 3.34631e-03 -5.46967e-03 0.00000e+00
12.990000 3.29049e-03 -7.94664e-03 0.00000e+00
13.000000 3.18035e-03 -1.03754e-02 0.00000e+00
13.010000 3.07788e-03 -1.27189e-02 0.00000e+00
13.020000 2.97238e-03 -1.48150e-02 0.00000e+00
13.030000 2.82477e-03 -1.67651e-02 0.00000e+00
13.040000 2.66321e-03 -1.85359e-02 0.00000e+00
13.050000 2.44010e-03 -2.00581e-02 0.00000e+00
13.060000 2.20359e-03 -2.14358e-02 0.00000e+00
13.070000 1.97003e-03 -2.27327e-02 0.00000e+00
13.080000 1.72699e-03 -2.39456e-02 0.00000e+00
13.090000 1.47747e-03 -2.48687e-02 0.00000e+00
13.100000 1.22787e-03 -2.56151e-02 0.00000e+00
13.110000 9.68776e-04 -2.62949e-02 0.00000e+00
13.120000 6.81872e-04 -2.67827e-02 0.00000e+00
13.130000 3.81088e-04 -2.70500e-02 0.00000e+00
13.140000 1.06159e-04 -2.70830e-02 0.00000e+00
13.150000 -1.45751e-04 -2.68664e-02 0.00000e+00
13.160000 -4.16303e-04 -2.63755e-02 0.00000e+00
13.170000 -6.79772e-04 -2.56961e-02 0.00000e+00
13.180000 -9.16102e-04 -2.48387e-02 0.00000e+00
13.190000 -1.15331e-03 -2.36355e-02 0.00000e+00
13.200000 -1.39941e-03 -2.21373e-02 0.00000e+00
13.210000 -1.59884e-03 -2.04967e-02 0.00000e+00
13.220000 -1.82002e-03 -1.88761e-02 0.00000e+00
13.230000 -2.00428e-03 -1.71989e-02 0.00000e+00
13.240000 -2.17465e-03 -1.53137e-02 0.00000e+00
13.250000 -2.32224e-03 -1.33005e-02 0.00000e+00
13.260000 -2.44554e-03 -1.12117e-02 0.00000e+00
13.270000 -2.57958e-03 -9.01999e-03 0.00000e+00
13.280000 -2.67421e-03 -6.72803e-03 0.00000e+00
13.290000 -2.73046e-03 -4.41215e-03 0.00000e+00
13.300000 -2.76272e-03 -2.15670e-03 0.00000e+00
13.310000 -2.75689e-03 9.72525e-05 0.00000e+00
13.320000 -2.73692e-03 2.45641e-03 0.00000e+00
13.330000 -2.67608e-03 4.78170e-03 0.00000e+00
13.340000 -2.61200e-03 6.98613e-03 0.00000e+00
13.350000 -2.52301e-03 9.17017e-03 0.00000e+00
13.360000 -2.40155e-03 1.13055e-02 0.00000e+00
13.370000 -2.28191e-03 1.32617e-02 0.00000e+00
13.380000 -2.16543e-03 1.51372e-02 0.00000e+00
13.390000 -2.00892e-03 1.68546e-02 0.00000e+00
13.400000 -1.81113e-03 1.83875e-02 0.00000e+00
13.410000 -1.62596e-03 1.98499e-02 0.00000e+00
13.420000 -1.42674e-03 2.10736e-02 0.00000e+00
13.430000 -1.21091e-03 2.20642e-02 0.00000e+00
13.440000 -9.74099e-04 2.27898e-02 0.00000e+00
13.450000 -7.33687e-04 2.32468e-02 0.00000e+00
13.460000 -4.87400e-04 2.35374e-02 0.00000e+00
13.470000 -2.52124e-04 2.35989e-02 0.00000e+00
13.480000 -4.82451e-06 2.35159e-02 0.00000e+00
13.490000 2.37359e-04 2.32736e-02 0.00000e+00
13.500000 4.69210e-04 2.28700e-02 0.00000e+00
13.510000 7.03864e-04 2.22444e-02 0.00000e+00
13.520000 9.34132e-04 2.13393e-02 0.00000e+00
13.530000 1.15066e-03 2.03006e-02 0.00000e+00
13.540000 1.35490e-03 1.91022e-02 0.00000e+00
13.550000 1.55093e-03 1.76363e-02 0.00000e+00
13.560000 1.71816e-03 1.59556e-02 0.00000e+00
13.570000 1.88667e-03 1.42957e-02 0.00000e+00
13.580000 2.01247e-03 1.25112e-02 0.00000e+00
13.590000 2.10359e-03 1.04862e-02 0.00000e+00
13.600000 2.20427e-03 8.37072e-03 0.00000e+00
13.610000 2.27530e-03 6.21654e-03 0.00000e+00
13.620000 2.32893e-03 4.00206e-03 0.00000e+00
13.630000 2.35676e-03 1.76121e-03 0.00000e+00
13.640000 2.36670e-03 -4.94886e-04 0.00000e+00
13.650000 2.37190e-03 -2.67894e-03 0.00000e+00
13.660000 2.32435e-03 -4.77851e-03 0.00000e+00
13.670000 2.26874e-03 -6.89253e-03 0.00000e+00
13.680000 2.16482e-03 -8.96399e-03 0.00000e+00
13.690000 2.07513e-03 -1.09634e-02 0.00000e+00
13.700000 1.95632e-03 -1.28448e-02 0.00000e+00
13.710000 1.82309e-03 -1.46456e-02 0.00000e+00
13.720000 1.65263e-03 -1.63277e-02 0.00000e+00
13.730000 1.48189e-03 -1.78560e-02 0.00000e+00
13.740000 1.29794e-03 -1.92182e-02 0.00000e+00
13.750000 1.06548e-03 -2.04859e-02 0.00000e+00
13.760000 8.49217e-04 -2.16562e-02 0.00000e+00
13.770000 6.25237e-04 -2.25241e-02 0.00000e+00
13.780000 3.94400e-04 -2.31666e-02 0.00000e+00
13.790000 1.58900e-04 -2.36704e-02 0.00000e+00
13.800000 -6.30684e-05 -2.40232e-02 0.00000e+00
13.810000 -2.99337e-04 -2.41788e-02 0.00000e+00
13.820000 -5.26744e-04 -2.40265e-02 0.00000e+00
13.830000 -7.92973e-04 -2.37010e-02 0.00000e+00
13.840000 -1.04030e-03 -2.32383e-02 0.00000e+00
13.850000 -1.28816e-03 -2.26468e-02 0.00000e+00
13.860000 -1.51800e-03 -2.18193e-02 0.00000e+00
13.870000 -1.73518e-03 -2.07206e-02 0.00000e+00
13.880000 -1.95430e-03 -1.94927e-02 0.00000e+00
13.890000 -2.13680e-03 -1.81295e-02 0.00000e+00
13.900000 -2.31591e-03 -1.66337e-02 0.00000e+00
13.910000 -2.47850e-03 -1.49646e-02 0.00000e+00
13.920000 -2.62405e-03 -1.32498e-02 0.00000e+00
13.930000 -2.71874e-03 -1.14794e-02 0.00000e+00
13.940000 -2.82688e-03 -9.62417e-03 0.00000e+00
13.950000 -2.93058e-03 -7.67301e-03 0.00000e+00
13.960000 -3.00308e-03 -5.56912e-03 0.00000e+00
13.970000 -3.04852e-03 -3.29098e-03 0.00000e+00
13.980000 -3.05598e-03 -9.41182e-04 0.00000e+00
13.990000 -3.05215e-03 1.42052e-03 0.00000e+00
14.000000 -3.03945e-03 3.61567e-03 0.00000e+00
14.010000 -2.98999e-03 5.68151e-03 0.00000e+00
14.020000 -2.92259e-03 7.74317e-03 0.00000e+00
14.030000 -2.81421e-03 9.76340e-03 0.00000e+00
14.040000 -2.72145e-03 1.17945e-02 0.00000e+00
14.050000 -2.59165e-03 1.36770e-02 0.00000e+00
14.060000 -2.44489e-03 1.54905e-02 0.00000e+00
14.070000 -2.28177e-03 1.71873e-02 0.00000e+00
14.080000 -2.09914e-03 1.87495e-02 0.00000e+00
14.090000 -1.90360e-03 2.02216e-02 0.00000e+00
14.100000 -1.69158e-03 2.16428e-02 0.00000e+00
14.110000 -1.45918e-03 2.29753e-02 0.00000e+00
14.120000 -1.18710e-03 2.40520e-02 0.00000e+00
14.130000 -9.26533e-04 2.48888e-02 0.00000e+00
14.140000 -6.67069e-04 2.55739e-02 0.00000e+00
14.150000 -4.30252e-04 2.62290e-02 0.00000e+00
14.160000 -1.75021e-04 2.67575e-02 0.00000e+00
14.170000 6.39400e-05 2.69957e-02 0.00000e+00
14.180000 3.65723e-04 2.70823e-02 0.00000e+00
14.190000 6.30410e-04 2.70217e-02 0.00000e+00
14.200000 9.22859e-04 2.68876e-02 0.00000e+00
14.210000 1.18020e-03 2.66226e-02 0.00000e+00
14.220000 1.43852e-03 2.60894e-02 0.00000e+00
14.230000 1.70192e-03 2.54278e-02 0.00000e+00
14.240000 1.94256e-03 2.45511e-02 0.00000e+00
14.250000 2.20964e-03 2.35019e-02 0.00000e+00
14.260000 2.43487e-03 2.23632e-02 0.00000e+00
14.270000 2.66643e-03 2.10338e-02 0.00000e+00
14.280000 2.86552e-03 1.95955e-02 0.00000e+00
14.290000 3.05190e-03 1.82478e-02 0.00000e+00
14.300000 3.22049e-03 1.68074e-02 0.00000e+00
14.310000 3.40328e-03 1.51421e-02 0.00000e+00
14.320000 3.55160e-03 1.32410e-02 0.00000e+00
14.330000 3.66148e-03 1.12005e-02 0.00000e+00
14.340000 3.75950e-03 9.13233e-03 0.00000e+00
14.350000 3.86432e-03 7.16238e-03 0.00000e+00
14.360000 3.91791e-03 5.17632e-03 0.00000e+00
14.370000 3.98645e-03 3.13254e-03 0.00000e+00
14.380000 3.97569e-03 1.04222e-03 0.00000e+00
14.390000 3.96657e-03 -1.22260e-03 0.00000e+00
14.400000 3.93388e-03 -3.50736e-03 0.00000e+00
14.410000 3.87561e-03 -5.82439e-03 0.00000e+00
14.420000 3.82152e-03 -7.99790e-03 0.00000e+00
14.430000 3.73431e-03 -1.01345e-02 0.00000e+00
14.440000 3.61333e-03 -1.22900e-02 0.00000e+00
14.450000 3.50953e-03 -1.43095e-02 0.00000e+00
14.460000 3.35396e-03 -1.63177e-02 0.00000e+00
14.470000 3.15292e-03 -1.83322e-02 0.00000e+00
14.480000 2.96053e-03 -2.02100e-02 0.00000e+00
14.490000 2.75437e-03 -2.19069e-02 0.00000e+00
14.500000 2.55941e-03 -2.35350e-02 0.00000e+00
14.510000 2.33302e-03 -2.50819e-02 0.00000e+00
14.520000 2.07509e-03 -2.63882e-02 0.00000e+00
14.530000 1.77537e-03 -2.75712e-02 0.00000e+00
14.540000 1.49001e-03 -2.85881e-02 0.00000e+00
14.550000 1.15986e-03 -2.95034e-02 0.00000e+00
14.560000 8.49704e-04 -3.03542e-02 0.00000e+00
14.570000 5.40049e-04 -3.10024e-02 0.00000e+00
14.580000 2.37473e-04 -3.14893e-02 0.00000e+00
14.590000 -6.35476e-05 -3.16847e-02 0.00000e+00
14.600000 -4.05927e-04 -3.17009e-02 0.00000e+00
14.610000 -7.04816e-04 -3.15934e-02 0.00000e+00
14.620000 -1.02471e-03 -3.11543e-02 0.00000e+00
14.630000 -1.35607e-03 -3.05233e-02 0.00000e+00
14.640000 -1.66543e-03 -2.99106e-02 0.00000e+00
14.650000 -1.94937e-03 -2.90439e-02 0.00000e+00
14.660000 -2.22897e-03 -2.78904e-02 0.00000e+00
14.670000 -2.50326e-03 -2.64730e-02 0.00000e+00
14.680000 -2.76955e-03 -2.48282e-02 0.00000e+00
14.690000 -3.01172e-03 -2.31805e-02 0.00000e+00
14.700000 -3.26417e-03 -2.15516e-02 0.00000e+00
14.710000 -3.46545e-03 -1.98090e-02 0.00000e+00
14.720000 -3.67886e-03 -1.80126e-02 0.00000e+00
14.730000 -3.83262e-03 -1.62000e-02 0.00000e+00
14.740000 -3.99374e-03 -1.42671e-02 0.00000e+00
14.750000 -4.09827e-03 -1.21131e-02 0.00000e+00
14.760000 -4.21088e-03 -9.75843e-03 0.00000e+00
14.770000 -4.29808e-03 -7.44023e-03 0.00000e+00
14.780000 -4.34246e-03 -5.05688e-03 0.00000e+00
14.790000 -4.36910e-03 -2.59492e-03 0.00000e+00
14.800000 -4.40288e-03 -2.06555e-04 0.00000e+00
14.810000 -4.37267e-03 2.17588e-03 0.00000e+00
14.820000 -4.31694e-03 4.55540e-03 0.00000e+00
14.830000 -4.27476e-03 7.03667e-03 0.00000e+00
14.840000 -4.20001e-03 9.51747e-03 0.00000e+00
14.850000 -4.12821e-03 1.18868e-02 0.00000e+00
14.860000 -4.02914e-03 1.42447e-02 0.00000e+00
14.870000 -3.87863e-03 1.64259e-02 0.00000e+00
14.880000 -3.71155e-03 1.85392e-02 0.00000e+00
14.890000 -3.52184e-03 2.05915e-02 0.00000e+00
14.900000 -3.30111e-03 2.25585e-02 0.00000e+00
14.910000 -3.04171e-03 2.43981e-02 0.00000e+00
14.920000 -2.75351e-03 2.61021e-02 0.00000e+00
14.930000 -2.49113e-03 2.76511e-02 0.00000e+00
14.940000 -2.20616e-03 2.88846e-02 0.00000e+00
14.950000 -1.90346e-03 3.00047e-02 0.00000e+00
14.960000 -1.60032e-03 3.10475e-02 0.00000e+00
14.970000 -1.27652e-03 3.18389e-02 0.00000e+00
14.980000 -9.52475e-04 3.24340e-02 0.00000e+00
14.990000 -6.15456e-04 3.29276e-02 0.00000e+00
15.000000 -2.47485e-04 3.30493e-02 0.00000e+00
15.010000 5.91539e-05 3.27795e-02 0.00000e+00
15.020000 4.01464e-04 3.22145e-02 0.00000e+00
15.030000 7.19154e-04 3.13353e-02 0.00000e+00
15.040000 1.02886e-03 3.02562e-02 0.00000e+00
15.050000 1.35713e-03 2.90672e-02 0.00000e+00
15.060000 1.64142e-03 2.77222e-02 0.00000e+00
15.070000 1.92294e-03 2.61384e-02 0.00000e+00
15.080000 2.16384e-03 2.44995e-02 0.00000e+00
15.090000 2.41552e-03 2.29256e-02 0.00000e+00
15.100000 2.61905e-03 2.10989e-02 0.00000e+00
15.110000 2.83315e-03 1.90638e-02 0.00000e+00
15.120000 3.03588e-03 1.69993e-02 0.00000e+00
15.130000 3.20158e-03 1.47397e-02 0.00000e+00
15.140000 3.32335e-03 1.24214e-02 0.00000e+00
15.150000 3.42202e-03 1.01263e-02 0.00000e+00
15.160000 3.48455e-03 7.76597e-03 0.00000e+00
15.170000 3.51237e-03 5.52567e-03 0.00000e+00
15.180000 3.55286e-03 3.28585e-03 0.00000e+00
15.190000 3.57584e-03 1.03978e-03 0.00000e+00
15.200000 3.57927e-03 -1.16788e-03 0.00000e+00
15.210000 3.56831e-03 -3.47261e-03 0.00000e+00
15.220000 3.54865e-03 -5.59561e-03 0.00000e+00
15.230000 3.47553e-03 -7.65790e-03 0.00000e+00
15.240000 3.38996e-03 -9.71558e-03 0.00000e+00
15.250000 3.31577e-03 -1.16679e-02 0.00000e+00
15.260000 3.17962e-03 -1.35434e-02 0.00000e+00
15.270000 3.00640e-03 -1.53357e-02 0.00000e+00
15.280000 2.86270e-03 -1.70140e-02 0.00000e+00
15.290000 2.66458e-03 -1.83941e-02 0.00000e+00
15.300000 2.46490e-03 -1.95616e-02 0.00000e+00
15.310000 2.28416e-03 -2.07249e-02 0.00000e+00
15.320000 2.06271e-03 -2.18590e-02 0.00000e+00
15.330000 1.83491e-03 -2.28828e-02 0.00000e+00
15.340000 1.61609e-03 -2.38282e-02 0.00000e+00
15.350000 1.35802e-03 -2.45850e-02 0.00000e+00
15.360000 1.10141e-03 -2.50912e-02 0.00000e+00
15.370000 8.15406e-04 -2.53900e-02 0.00000e+00
15.380000 5.60445e-04 -2.54616e-02 0.00000e+00
15.390000 3.18043e-04 -2.52319e-02 0.00000e+00
15.400000 3.86698e-05 -2.48616e-02 0.00000e+00
15.410000 -1.93389e-04 -2.44677e-02 0.00000e+00
15.420000 -4.44248e-04 -2.37240e-02 0.00000e+00
15.430000 -6.83870e-04 -2.27757e-02 0.00000e+00
15.440000 -9.06556e-04 -2.18989e-02 0.00000e+00
15.450000 -1.11396e-03 -2.08121e-02 0.00000e+00
15.460000 -1.30622e-03 -1.96192e-02 0.00000e+00
15.470000 -1.52057e-03 -1.84120e-02 0.00000e+00
15.480000 -1.72389e-03 -1.69009e-02 0.00000e+00
15.490000 -1.88505e-03 -1.52857e-02 0.00000e+00
15.500000 -2.02696e-03 -1.37268e-02 0.00000e+00
15.510000 -2.15201e-03 -1.20392e-02 0.00000e+00
15.520000 -2.25573e-03 -1.02884e-02 0.00000e+00
15.530000 -2.34174e-03 -8.59765e-03 0.00000e+00
15.540000 -2.40649e-03 -6.99064e-03 0.00000e+00
15.550000 -2.45776e-03 -5.37643e-03 0.00000e+00
15.560000 -2.49228e-03 -3.68656e-03 0.00000e+00
15.570000 -2.53871e-03 -2.08689e-03 0.00000e+00
15.580000 -2.53880e-03 -4.30713e-04 0.00000e+00
15.590000 -2.50266e-03 1.29773e-03 0.00000e+00
15.600000 -2.50808e-03 2.91364e-03 0.00000e+00
15.610000 -2.47051e-03 4.49046e-03 0.00000e+00
15.620000 -2.41098e-03 5.99326e-03 0.00000e+00
15.630000 -2.35752e-03 7.50767e-03 0.00000e+00
15.640000 -2.25452e-03 8.97392e-03 0.00000e+00
15.650000 -2.15269e-03 1.02698e-02 0.00000e+00
15.660000 -2.07383e-03 1.15276e-02 0.00000e+00
15.670000 -1.95342e-03 1.27600e-02 0.00000e+00
15.680000 -1.81549e-03 1.38632e-02 0.00000e+00
15.690000 -1.67908e-03 1.49245e-02 0.00000e+00
15.700000 -1.54116e-03 1.59983e-02 0.00000e+00
15.710000 -1.37244e-03 1.70118e-02 0.00000e+00
15.720000 -1.19371e-03 1.78923e-02 0.00000e+00
15.730000 -1.00647e-03 1.86969e-02 0.00000e+00
15.740000 -8.00786e-04 1.94058e-02 0.00000e+00
15.750000 -5.81128e-04 1.99319e-02 0.00000e+00
15.760000 -3.91194e-04 2.05269e-02 0.00000e+00
15.770000 -1.90833e-04 2.10114e-02 0.00000e+00
15.780000 1.79975e-05 2.12452e-02 0.00000e+00
15.790000 2.31927e-04 2.13988e-02 0.00000e+00
15.800000 4.75639e-04 2.13643e-02 0.00000e+00
15.810000 6.81276e-04 2.12759e-02 0.00000e+00
15.820000 8.90440e-04 2.10940e-02 0.00000e+00
15.830000 1.09271e-03 2.06395e-02 0.00000e+00
15.840000 1.29213e-03 2.00508e-02 0.00000e+00
15.850000 1.48866e-03 1.94395e-02 0.00000e+00
15.860000 1.70997e-03 1.87330e-02 0.00000e+00
15.870000 1.89022e-03 1.77866e-02 0.00000e+00
15.880000 2.06236e-03 1.67024e-02 0.00000e+00
15.890000 2.21896e-03 1.56322e-02 0.00000e+00
15.900000 2.39716e-03 1.44742e-02 0.00000e+00
15.910000 2.52791e-03 1.32537e-02 0.00000e+00
15.920000 2.65112e-03 1.20427e-02 0.00000e+00
15.930000 2.79028e-03 1.06274e-02 0.00000e+00
15.940000 2.85861e-03 9.00519e-03 0.00000e+00
15.950000 2.92858e-03 7.31559e-03 0.00000e+00
15.960000 2.98557e-03 5.55444e-03 0.00000e+00
15.970000 3.03171e-03 3.85733e-03 0.00000e+00
15.980000 3.07131e-03 2.10689e-03 0.00000e+00
15.990000 3.06437e-03 1.59100e-04 0.00000e+00
16.000000 3.07798e-03 -1.83914e-03 0.00000e+00
16.010000 3.05627e-03 -3.85141e-03 0.00000e+00
16.020000 3.02803e-03 -5.91775e-03 0.00000e+00
16.030000 2.95509e-03 -7.80205e-03 0.00000e+00
16.040000 2.86693e-03 -9.59646e-03 0.00000e+00
16.050000 2.78452e-03 -1.15299e-02 0.00000e+00
16.060000 2.68010e-03 -1.34391e-02 0.00000e+00
16.070000 2.52550e-03 -1.51696e-02 0.00000e+00
16.080000 2.37523e-03 -1.68568e-02 0.00000e+00
16.090000 2.17600e-03 -1.85505e-02 0.00000e+00
16.100000 1.95773e-03 -1.99386e-02 0.00000e+00
16.110000 1.74591e-03 -2.12842e-02 0.00000e+00
16.120000 1.51827e-03 -2.27664e-02 0.00000e+00
16.130000 1.27880e-03 -2.41133e-02 0.00000e+00
16.140000 1.03238e-03 -2.52940e-02 0.00000e+00
16.150000 7.44849e-04 -2.62296e-02 0.00000e+00
16.160000 4.70620e-04 -2.70391e-02 0.00000e+00
16.170000 2.05199e-04 -2.76714e-02 0.00000e+00
16.180000 -7.06960e-05 -2.80477e-02 0.00000e+00
16.190000 -3.49566e-04 -2.83123e-02 0.00000e+00
16.200000 -6.01531e-04 -2.84344e-02 0.00000e+00
16.210000 -9.23507e-04 -2.84329e-02 0.00000e+00
16.220000 -1.20793e-03 -2.81795e-02 0.00000e+00
16.230000 -1.47969e-03 -2.76989e-02 0.00000e+00
16.240000 -1.75049e-03 -2.72387e-02 0.00000e+00
16.250000 -2.03917e-03 -2.66346e-02 0.00000e+00
16.260000 -2.28302e-03 -2.58344e-02 0.00000e+00
16.270000 -2.54042e-03 -2.50671e-02 0.00000e+00
16.280000 -2.83044e-03 -2.41173e-02 0.00000e+00
16.290000 -3.07355e-03 -2.29916e-02 0.00000e+00
16.300000 -3.27111e-03 -2.17513e-02 0.00000e+00
16.310000 -3.47279e-03 -2.03176e-02 0.00000e+00
16.320000 -3.64225e-03 -1.88834e-02 0.00000e+00
16.330000 -3.83946e-03 -1.73593e-02 0.00000e+00
16.340000 -3.98346e-03 -1.56055e-02 0.00000e+00
16.350000 -4.14881e-03 -1.37512e-02 0.00000e+00
16.360000 -4.28053e-03 -1.18001e-02 0.00000e+00
16.370000 -4.38721e-03 -9.59774e-03 0.00000e+00
16.380000 -4.48018e-03 -7.40169e-03 0.00000e+00
16.390000 -4.55184e-03 -5.28843e-03 0.00000e+00
16.400000 -4.61989e-03 -3.02806e-03 0.00000e+00
16.410000 -4.65795e-03 -7.32838e-04 0.00000e+00
16.420000 -4.62901e-03 1.61184e-03 0.00000e+00
16.430000 -4.62007e-03 4.15308e-03 0.00000e+00
16.440000 -4.57694e-03 6.69875e-03 0.00000e+00
16.450000 -4.47895e-03 9.04835e-03 0.00000e+00
16.460000 -4.39288e-03 1.13652e-02 0.00000e+00
16.470000 -4.24564e-03 1.38361e-02 0.00000e+00
16.480000 -4.10110e-03 1.62750e-02 0.00000e+00
16.490000 -3.93027e-03 1.86940e-02 0.00000e+00
16.500000 -3.71063e-03 2.10333e-02 0.00000e+00
16.510000 -3.49452e-03 2.31940e-02 0.00000e+00
16.520000 -3.25168e-03 2.52482e-02 0.00000e+00
16.530000 -2.97821e-03 2.70567e-02 0.00000e+00
16.540000 -2.69324e-03 2.88347e-02 0.00000e+00
16.550000 -2.42280e-03 3.04910e-02 0.00000e+00
16.560000 -2.10480e-03 3.18916e-02 0.00000e+00
16.570000 -1.77124e-03 3.30630e-02 0.00000e+00
16.580000 -1.41774e-03 3.39985e-02 0.00000e+00
16.590000 -1.03198e-03 3.48876e-02 0.00000e+00
16.600000 -6.77279e-04 3.56209e-02 0.00000e+00
16.610000 -3.41098e-04 3.60716e-02 0.00000e+00
16.620000 4.27593e-05 3.64049e-02 0.00000e+00
16.630000 4.10066e-04 3.64959e-02 0.00000e+00
16.640000 7.87842e-04 3.64441e-02 0.00000e+00
16.650000 1.13090e-03 3.62716e-02 0.00000e+00
16.660000 1.51745e-03 3.57758e-02 0.00000e+00
16.670000 1.84031e-03 3.51425e-02 0.00000e+00
16.680000 2.18950e-03 3.43544e-02 0.00000e+00
16.690000 2.52588e-03 3.33831e-02 0.00000e+00
16.700000 2.85161e-03 3.22842e-02 0.00000e+00
16.710000 3.19796e-03 3.10017e-02 0.00000e+00
16.720000 3.46838e-03 2.94110e-02 0.00000e+00
16.730000 3.76697e-03 2.76947e-02 0.00000e+00
16.740000 4.03938e-03 2.59746e-02 0.00000e+00
16.750000 4.31061e-03 2.42029e-02 0.00000e+00
16.760000 4.55708e-03 2.25298e-02 0.00000e+00
16.770000 4.77529e-03 2.07281e-02 0.00000e+00
16.780000 4.96668e-03 1.86175e-02 0.00000e+00
16.790000 5.14493e-03 1.65100e-02 0.00000e+00
16.800000 5.29229e-03 1.43802e-02 0.00000e+00
16.810000 5.44399e-03 1.21337e-02 0.00000e+00
16.820000 5.52277e-03 9.78783e-03 0.00000e+00
16.830000 5.59981e-03 7.46586e-03 0.00000e+00
16.840000 5.66406e-03 5.08171e-03 0.00000e+00
16.850000 5.70115e-03 2.54925e-03 0.00000e+00
16.860000 5.71232e-03 1.28426e-04 0.00000e+00
16.870000 5.68692e-03 -2.27722e-03 0.00000e+00
16.880000 5.64707e-03 -4.60786e-03 0.00000e+00
16.890000 5.59368e-03 -6.97081e-03 0.00000e+00
16.900000 5.54992e-03 -9.32647e-03 0.00000e+00
16.910000 5.45228e-03 -1.15631e-02 0.00000e+00
16.920000 5.34862e-03 -1.37559e-02 0.00000e+00
16.930000 5.19734e-03 -1.58226e-02 0.00000e+00
16.940000 4.99311e-03 -1.78243e-02 0.00000e+00
16.950000 4.80059e-03 -1.98535e-02 0.00000e+00
16.960000 4.59308e-03 -2.18566e-02 0.00000e+00
16.970000 4.33690e-03 -2.37271e-02 0.00000e+00
16.980000 4.09308e-03 -2.54123e-02 0.00000e+00
16.990000 3.82390e-03 -2.70912e-02 0.00000e+00
17.000000 3.55112e-03 -2.88090e-02 0.00000e+00
17.010000 3.23666e-03 -3.03825e-02 0.00000e+00
17.020000 2.93932e-03 -3.18250e-02 0.00000e+00
17.030000 2.63411e-03 -3.31340e-02 0.00000e+00
17.040000 2.28835e-03 -3.43534e-02 0.00000e+00
17.050000 1.95126e-03 -3.54608e-02 0.00000e+00
17.060000 1.59298e-03 -3.64040e-02 0.00000e+00
17.070000 1.23940e-03 -3.70642e-02 0.00000e+00
17.080000 8.54693e-04 -3.75743e-02 0.00000e+00
17.090000 4.80836e-04 -3.80374e-02 0.00000e+00
17.100000 9.63764e-05 -3.83148e-02 0.00000e+00
17.110000 -3.03950e-04 -3.85316e-02 0.00000e+00
17.120000 -7.10766e-04 -3.86352e-02 0.00000e+00
17.130000 -1.08707e-03 -3.85324e-02 0.00000e+00
17.140000 -1.46644e-03 -3.83409e-02 0.00000e+00
17.150000 -1.86099e-03 -3.79988e-02 0.00000e+00
17.160000 -2.26358e-03 -3.74725e-02 0.00000e+00
17.170000 -2.63649e-03 -3.68343e-02 0.00000e+00
17.180000 -2.99763e-03 -3.60331e-02 0.00000e+00
17.190000 -3.34202e-03 -3.50086e-02 0.00000e+00
17.200000 -3.68065e-03 -3.37540e-02 0.00000e+00
17.210000 -4.01231e-03 -3.24267e-02 0.00000e+00
17.220000 -4.32678e-03 -3.10342e-02 0.00000e+00
17.230000 -4.63178e-03 -2.94220e-02 0.00000e+00
17.240000 -4.91479e-03 -2.76288e-02 0.00000e+00
17.250000 -5.20977e-03 -2.58421e-02 0.00000e+00
17.260000 -5.45369e-03 -2.39756e-02 0.00000e+00
17.270000 -5.66885e-03 -2.19159e-02 0.00000e+00
17.280000 -5.88810e-03 -1.98349e-02 0.00000e+00
17.290000 -6.07972e-03 -1.77559e-02 0.00000e+00
17.300000 -6.24928e-03 -1.54777e-02 0.00000e+00
17.310000 -6.38891e-03 -1.30605e-02 0.00000e+00
17.320000 -6.50882e-03 -1.06172e-02 0.00000e+00
17.330000 -6.60442e-03 -8.14589e-03 0.00000e+00
17.340000 -6.67010e-03 -5.67336e-03 0.00000e+00
17.350000 -6.68678e-03 -3.08866e-03 0.00000e+00
17.360000 -6.71500e-03 -4.12244e-04 0.00000e+00
17.370000 -6.71201e-03 2.35182e-03 0.00000e+00
17.380000 -6.69192e-03 5.12972e-03 0.00000e+00
17.390000 -6.62529e-03 7.84521e-03 0.00000e+00
17.400000 -6.52434e-03 1.05310e-02 0.00000e+00
17.410000 -6.43443e-03 1.31388e-02 0.00000e+00
17.420000 -6.30771e-03 1.56844e-02 0.00000e+00
17.430000 -6.11867e-03 1.82393e-02 0.00000e+00
17.440000 -5.92702e-03 2.08912e-02 0.00000e+00
17.450000 -5.71372e-03 2.34605e-02 0.00000e+00
17.460000 -5.45456e-03 2.58365e-02 0.00000e+00
17.470000 -5.16584e-03 2.81357e-02 0.00000e+00
17.480000 -4.88618e-03 3.03443e-02 0.00000e+00
17.490000 -4.55077e-03 3.23876e-02 0.00000e+00
17.500000 -4.22573e-03 3.42403e-02 0.00000e+00
17.510000 -3.87073e-03 3.60032e-02 0.00000e+00
17.520000 -3.48115e-03 3.77966e-02 0.00000e+00
17.530000 -3.09530e-03 3.93951e-02 0.00000e+00
17.540000 -2.68566e-03 4.06520e-02 0.00000e+00
17.550000 -2.29790e-03 4.17155e-02 0.00000e+00
17.560000 -1.87949e-03 4.26183e-02 0.00000e+00
17.570000 -1.44742e-03 4.34023e-02 0.00000e+00
17.580000 -1.00469e-03 4.38957e-02 0.00000e+00
17.590000 -5.27265e-04 4.40868e-02 0.00000e+00
17.600000 -7.93065e-05 4.42643e-02 0.00000e+00
17.610000 3.79975e-04 4.42732e-02 0.00000e+00
17.620000 7.96341e-04 4.39527e-02 0.00000e+00
17.630000 1.23814e-03 4.35115e-02 0.00000e+00
17.640000 1.67318e-03 4.30255e-02 0.00000e+00
17.650000 2.09523e-03 4.23055e-02 0.00000e+00
17.660000 2.50787e-03 4.14098e-02 0.00000e+00
17.670000 2.93286e-03 4.03190e-02 0.00000e+00
17.680000 3.35127e-03 3.89932e-02 0.00000e+00
17.690000 3.73758e-03 3.76689e-02 0.00000e+00
17.700000 4.07229e-03 3.61729e-02 0.00000e+00
17.710000 4.42438e-03 3.45040e-02 0.00000e+00
17.720000 4.76761e-03 3.26470e-02 0.00000e+00
17.730000 5.08211e-03 3.06150e-02 0.00000e+00
17.740000 5.38196e-03 2.85136e-02 0.00000e+00
17.750000 5.65021e-03 2.63386e-02 0.00000e+00
17.760000 5.92373e-03 2.42619e-02 0.00000e+00
17.770000 6.16758e-03 2.21111e-02 0.00000e+00
17.780000 6.35335e-03 1.98189e-02 0.00000e+00
17.790000 6.54921e-03 1.73770e-02 0.00000e+00
17.800000 6.72520e-03 1.47590e-02 0.00000e+00
17.810000 6.86162e-03 1.21552e-02 0.00000e+00
17.820000 6.95346e-03 9.55285e-03 0.00000e+00
17.830000 7.03793e-03 6.89318e-03 0.00000e+00
17.840000 7.07821e-03 4.24333e-03 0.00000e+00
17.850000 7.12745e-03 1.72625e-03 0.00000e+00
17.860000 7.13397e-03 -7.74548e-04 0.00000e+00
17.870000 7.08874e-03 -3.47472e-03 0.00000e+00
17.880000 7.05428e-03 -6.20139e-03 0.00000e+00
17.890000 6.96728e-03 -8.77987e-03 0.00000e+00
17.900000 6.88524e-03 -1.13179e-02 0.00000e+00
17.910000 6.75581e-03 -1.38226e-02 0.00000e+00
17.920000 6.62985e-03 -1.62664e-02 0.00000e+00
17.930000 6.45326e-03 -1.85700e-02 0.00000e+00
17.940000 6.23003e-03 -2.07342e-02 0.00000e+00
17.950000 6.00368e-03 -2.29581e-02 0.00000e+00
17.960000 5.74708e-03 -2.50861e-02 0.00000e+00
17.970000 5.48317e-03 -2.69808e-02 0.00000e+00
17.980000 5.22567e-03 -2.87938e-02 0.00000e+00
17.990000 4.92627e-03 -3.05731e-02 0.00000e+00
18.000000 4.61057e-03 -3.22615e-02 0.00000e+00
18.010000 4.28325e-03 -3.38023e-02 0.00000e+00
18.020000 3.94843e-03 -3.51063e-02 0.00000e+00
18.030000 3.56245e-03 -3.62872e-02 0.00000e+00
18.040000 3.18475e-03 -3.74202e-02 0.00000e+00
18.050000 2.81497e-03 -3.83133e-02 0.00000e+00
18.060000 2.43152e-03 -3.90487e-02 0.00000e+00
18.070000 2.03268e-03 -3.95786e-02 0.00000e+00
18.080000 1.63804e-03 -3.99728e-02 0.00000e+00
18.090000 1.23554e-03 -4.02014e-02 0.00000e+00
18.100000 8.29583e-04 -4.02466e-02 0.00000e+00
18.110000 4.06557e-04 -4.03153e-02 0.00000e+00
18.120000 -6.47128e-06 -4.02789e-02 0.00000e+00
18.130000 -3.98357e-04 -4.01346e-02 0.00000e+00
18.140000 -8.06599e-04 -3.98525e-02 0.00000e+00
18.150000 -1.20889e-03 -3.92802e-02 0.00000e+00
18.160000 -1.59619e-03 -3.85907e-02 0.00000e+00
18.170000 -1.97641e-03 -3.78763e-02 0.00000e+00
18.180000 -2.33132e-03 -3.70603e-02 0.00000e+00
18.190000 -2.69852e-03 -3.60287e-02 0.00000e+00
18.200000 -3.06343e-03 -3.48928e-02 0.00000e+00
18.210000 -3.37684e-03 -3.37897e-02 0.00000e+00
18.220000 -3.70763e-03 -3.24939e-02 0.00000e+00
18.230000 -4.02789e-03 -3.10254e-02 0.00000e+00
18.240000 -4.32719e-03 -2.95410e-02 0.00000e+00
18.250000 -4.64349e-03 -2.79608e-02 0.00000e+00
18.260000 -4.90025e-03 -2.62435e-02 0.00000e+00
18.270000 -5.18534e-03 -2.45041e-02 0.00000e+00
18.280000 -5.42356e-03 -2.28276e-02 0.00000e+00
18.290000 -5.65052e-03 -2.11079e-02 0.00000e+00
18.300000 -5.84839e-03 -1.91848e-02 0.00000e+00
18.310000 -6.01839e-03 -1.72252e-02 0.00000e+00
18.320000 -6.17528e-03 -1.53095e-02 0.00000e+00
18.330000 -6.34029e-03 -1.33650e-02 0.00000e+00
18.340000 -6.44733e-03 -1.13142e-02 0.00000e+00
18.350000 -6.54354e-03 -9.08617e-03 0.00000e+00
18.360000 -6.58721e-03 -6.81824e-03 0.00000e+00
18.370000 -6.66748e-03 -4.64947e-03 0.00000e+00
18.380000 -6.69916e-03 -2.30247e-03 0.00000e+00
18.390000 -6.69944e-03 9.76802e-05 0.00000e+00
18.400000 -6.69564e-03 2.40734e-03 0.00000e+00
18.410000 -6.67609e-03 4.76553e-03 0.00000e+00
18.420000 -6.60880e-03 7.02266e-03 0.00000e+00
18.430000 -6.55023e-03 9.35809e-03 0.00000e+00
18.440000 -6.46427e-03 1.16904e-02 0.00000e+00
18.450000 -6.34807e-03 1.38524e-02 0.00000e+00
18.460000 -6.17469e-03 1.60345e-02 0.00000e+00
18.470000 -6.00944e-03 1.82002e-02 0.00000e+00
18.480000 -5.83088e-03 2.03800e-02 0.00000e+00
18.490000 -5.61516e-03 2.25209e-02 0.00000e+00
18.500000 -5.36737e-03 2.45172e-02 0.00000e+00
18.510000 -5.08445e-03 2.64768e-02 0.00000e+00
18.520000 -4.80561e-03 2.83868e-02 0.00000e+00
18.530000 -4.52379e-03 3.03143e-02 0.00000e+00
18.540000 -4.21183e-03 3.20899e-02 0.00000e+00
18.550000 -3.86217e-03 3.36074e-02 0.00000e+00
18.560000 -3.55433e-03 3.50642e-02 0.00000e+00
18.570000 -3.17633e-03 3.63248e-02 0.00000e+00
18.580000 -2.82169e-03 3.72710e-02 0.00000e+00
18.590000 -2.43382e-03 3.81522e-02 0.00000e+00
18.600000 -2.03733e-03 3.89124e-02 0.00000e+00
18.610000 -1.66436e-03 3.93395e-02 0.00000e+00
18.620000 -1.27014e-03 3.95748e-02 0.00000e+00
18.630000 -8.41393e-04 3.98312e-02 0.00000e+00
18.640000 -4.42237e-04 3.99294e-02 0.00000e+00
18.650000 -1.60608e-05 3.96877e-02 0.00000e+00
18.660000 3.74904e-04 3.92772e-02 0.00000e+00
18.670000 7.93990e-04 3.87707e-02 0.00000e+00
18.680000 1.17670e-03 3.81965e-02 0.00000e+00
18.690000 1.56668e-03 3.74903e-02 0.00000e+00
18.700000 1.93953e-03 3.65545e-02 0.00000e+00
18.710000 2.27747e-03 3.54398e-02 0.00000e+00
18.720000 2.61413e-03 3.43155e-02 0.00000e+00
18.730000 2.94614e-03 3.29967e-02 0.00000e+00
18.740000 3.24815e-03 3.15698e-02 0.00000e+00
18.750000 3.56171e-03 3.00746e-02 0.00000e+00
18.760000 3.88226e-03 2.84711e-02 0.00000e+00
18.770000 4.13913e-03 2.69128e-02 0.00000e+00
18.780000 4.39355e-03 2.51796e-02 0.00000e+00
18.790000 4.65535e-03 2.33068e-02 0.00000e+00
18.800000 4.89117e-03 2.15787e-02 0.00000e+00
18.810000 5.06640e-03 1.98452e-02 0.00000e+00
18.820000 5.25935e-03 1.80190e-02 0.00000e+00
18.830000 5.43285e-03 1.61430e-02 0.00000e+00
18.840000 5.59272e-03 1.42945e-02 0.00000e+00
18.850000 5.72577e-03 1.24995e-02 0.00000e+00
18.860000 5.83998e-03 1.07194e-02 0.00000e+00
18.870000 5.92647e-03 8.94339e-03 0.00000e+00
18.880000 6.00563e-03 7.01104e-03 0.00000e+00
18.890000 6.07079e-03 4.99617e-03 0.00000e+00
18.900000 6.09595e-03 2.96961e-03 0.00000e+00
18.910000 6.12641e-03 8.97998e-04 0.00000e+00
18.920000 6.11204e-03 -1.16704e-03 0.00000e+00
18.930000 6.11506e-03 -3.05440e-03 0.00000e+00
18.940000 6.06621e-03 -4.94860e-03 0.00000e+00
18.950000 6.00117e-03 -7.01459e-03 0.00000e+00
18.960000 5.93588e-03 -8.96462e-03 0.00000e+00
18.970000 5.85875e-03 -1.07504e-02 0.00000e+00
18.980000 5.71779e-03 -1.26755e-02 0.00000e+00
18.990000 5.59135e-03 -1.45799e-02 0.00000e+00
19.000000 5.44425e-03 -1.63300e-02 0.00000e+00
19.010000 5.29903e-03 -1.80486e-02 0.00000e+00
19.020000 5.10488e-03 -1.97275e-02 0.00000e+00
19.030000 4.90092e-03 -2.13220e-02 0.00000e+00
19.040000 4.64156e-03 -2.28976e-02 0.00000e+00
19.050000 4.39608e-03 -2.43836e-02 0.00000e+00
19.060000 4.13252e-03 -2.57383e-02 0.00000e+00
19.070000 3.86859e-03 -2.70327e-02 0.00000e+00
19.080000 3.59330e-03 -2.81846e-02 0.00000e+00
19.090000 3.31444e-03 -2.92369e-02 0.00000e+00
19.100000 3.02400e-03 -3.00950e-02 0.00000e+00
19.110000 2.69821e-03 -3.09004e-02 0.00000e+00
19.120000 2.37451e-03 -3.16875e-02 0.00000e+00
19.130000 2.08533e-03 -3.22650e-02 0.00000e+00
19.140000 1.74910e-03 -3.26523e-02 0.00000e+00
19.150000 1.40911e-03 -3.29954e-02 0.00000e+00
19.160000 1.09452e-03 -3.32682e-02 0.00000e+00
19.170000 7.46806e-04 -3.33251e-02 0.00000e+00
19.180000 4.09840e-04 -3.31580e-02 0.00000e+00
19.190000 7.62313e-05 -3.28964e-02 0.00000e+00
19.200000 -2.48200e-04 -3.26062e-02 0.00000e+00
19.210000 -5.91481e-04 -3.23779e-02 0.00000e+00
19.220000 -8.92527e-04 -3.21119e-02 0.00000e+00
19.230000 -1.22697e-03 -3.16409e-02 0.00000e+00
19.240000 -1.51679e-03 -3.10457e-02 0.00000e+00
19.250000 -1.83402e-03 -3.03302e-02 0.00000e+00
19.260000 -2.12435e-03 -2.95431e-02 0.00000e+00
19.270000 -2.42444e-03 -2.86605e-02 0.00000e+00
19.280000 -2.72856e-03 -2.77883e-02 0.00000e+00
19.290000 -2.97780e-03 -2.68810e-02 0.00000e+00
19.300000 -3.24219e-03 -2.57429e-02 0.00000e+00
19.310000 -3.48811e-03 -2.44945e-02 0.00000e+00
19.320000 -3.72995e-03 -2.32675e-02 0.00000e+00
19.330000 -3.94927e-03 -2.19173e-02 0.00000e+00
19.340000 -4.15513e-03 -2.05375e-02 0.00000e+00
19.350000 -4.36102e-03 -1.92168e-02 0.00000e+00
19.360000 -4.56954e-03 -1.78534e-02 0.00000e+00
19.370000 -4.75073e-03 -1.64321e-02 0.00000e+00
19.380000 -4.92094e-03 -1.49462e-02 0.00000e+00
19.390000 -5.03129e-03 -1.33031e-02 0.00000e+00
19.400000 -5.15449e-03 -1.16791e-02 0.00000e+00
19.410000 -5.26167e-03 -1.00389e-02 0.00000e+00
19.420000 -5.36274e-03 -8.32724e-03 0.00000e+00
19.430000 -5.44154e-03 -6.57722e-03 0.00000e+00
19.440000 -5.49352e-03 -4.75600e-03 0.00000e+00
19.450000 -5.53312e-03 -3.04682e-03 0.00000e+00
19.460000 -5.53206e-03 -1.21325e-03 0.00000e+00
19.470000 -5.53405e-03 6.62621e-04 0.00000e+00
19.480000 -5.51865e-03 2.44064e-03 0.00000e+00
19.490000 -5.50169e-03 4.22495e-03 0.00000e+00
19.500000 -5.45764e-03 5.95695e-03 0.00000e+00
19.510000 -5.41490e-03 7.71741e-03 0.00000e+00
19.520000 -5.33191e-03 9.51786e-03 0.00000e+00
19.530000 -5.22654e-03 1.12049e-02 0.00000e+00
19.540000 -5.09045e-03 1.28454e-02 0.00000e+00
19.550000 -4.93723e-03 1.44321e-02 0.00000e+00
19.560000 -4.78440e-03 1.60726e-02 0.00000e+00
19.570000 -4.63653e-03 1.77089e-02 0.00000e+00
19.580000 -4.42522e-03 1.92041e-02 0.00000e+00
19.590000 -4.23121e-03 2.06019e-02 0.00000e+00
19.600000 -3.99615e-03 2.18054e-02 0.00000e+00
19.610000 -3.79015e-03 2.29897e-02 0.00000e+00
19.620000 -3.55337e-03 2.41842e-02 0.00000e+00
19.630000 -3.30127e-03 2.53603e-02 0.00000e+00
19.640000 -3.06989e-03 2.64374e-02 0.00000e+00
19.650000 -2.79830e-03 2.73802e-02 0.00000e+00
19.660000 -2.51991e-03 2.81639e-02 0.00000e+00
19.670000 -2.23528e-03 2.87286e-02 0.00000e+00
19.680000 -1.91494e-03 2.91356e-02 0.00000e+00
19.690000 -1.61693e-03 2.93982e-02 0.00000e+00
19.700000 -1.32288e-03 2.95899e-02 0.00000e+00
19.710000 -1.01306e-03 2.97810e-02 0.00000e+00
19.720000 -7.23141e-04 2.99062e-02 0.00000e+00
19.730000 -4.07261e-04 2.99025e-02 0.00000e+00
19.740000 -1.29528e-04 2.97274e-02 0.00000e+00
19.750000 1.76627e-04 2.94708e-02 0.00000e+00
19.760000 4.57080e-04 2.92405e-02 0.00000e+00
19.770000 7.54031e-04 2.89877e-02 0.00000e+00
19.780000 1.07527e-03 2.85211e-02 0.00000e+00
19.790000 1.35397e-03 2.78503e-02 0.00000e+00
19.800000 1.62427e-03 2.71691e-02 0.00000e+00
19.810000 1.86988e-03 2.62776e-02 0.00000e+00
19.820000 2.12615e-03 2.52962e-02 0.00000e+00
19.830000 2.34409e-03 2.43725e-02 0.00000e+00
19.840000 2.57906e-03 2.33354e-02 0.00000e+00
19.850000 2.81223e-03 2.23053e-02 0.00000e+00
19.860000 3.03226e-03 2.11829e-02 0.00000e+00
19.870000 3.25763e-03 1.98830e-02 0.00000e+00
19.880000 3.46587e-03 1.85540e-02 0.00000e+00
19.890000 3.64110e-03 1.71504e-02 0.00000e+00
19.900000 3.82576e-03 1.57448e-02 0.00000e+00
19.910000 3.97669e-03 1.42702e-02 0.00000e+00
19.920000 4.12747e-03 1.27582e-02 0.00000e+00
19.930000 4.26793e-03 1.11858e-02 0.00000e+00
19.940000 4.35095e-03 9.60276e-03 0.00000e+00
19.950000 4.41641e-03 8.23640e-03 0.00000e+00
19.960000 4.50026e-03 6.86941e-03 0.00000e+00
19.970000 4.55754e-03 5.42693e-03 0.00000e+00
19.980000 4.59129e-03 3.89710e-03 0.00000e+00
19.990000 4.64397e-03 2.37157e-03 0.00000e+00
20.000000 4.64549e-03 8.30932e-04 0.00000e+00
20.010000 4.62721e-03 -7.50235e-04 0.00000e+00
20.020000 4.60764e-03 -2.15080e-03 0.00000e+00
20.030000 4.55058e-03 -3.44194e-03 0.00000e+00
20.040000 4.52168e-03 -4.66201e-03 0.00000e+00
20.050000 4.46310e-03 -5.81585e-03 0.00000e+00
20.060000 4.40704e-03 -7.02331e-03 0.00000e+00
20.070000 4.33315e-03 -8.16142e-03 0.00000e+00
20.080000 4.24353e-03 -9.24995e-03 0.00000e+00
20.090000 4.15333e-03 -1.03145e-02 0.00000e+00
20.100000 4.03897e-03 -1.12313e-02 0.00000e+00
20.110000 3.95637e-03 -1.21728e-02 0.00000e+00
20.120000 3.82527e-03 -1.31808e-02 0.00000e+00
20.130000 3.67613e-03 -1.40779e-02 0.00000e+00
20.140000 3.52566e-03 -1.49057e-02 0.00000e+00
20.150000 3.35860e-03 -1.58344e-02 0.00000e+00
20.160000 3.21393e-03 -1.66695e-02 0.00000e+00
20.170000 3.03524e-03 -1.74242e-02 0.00000e+00
20.180000 2.87838e-03 -1.82290e-02 0.00000e+00
20.190000 2.71182e-03 -1.90216e-02 0.00000e+00
20.200000 2.50808e-03 -1.98183e-02 0.00000e+00
20.210000 2.29826e-03 -2.04702e-02 0.00000e+00
20.220000 2.07857e-03 -2.10346e-02 0.00000e+00
20.230000 1.85881e-03 -2.15690e-02 0.00000e+00
20.240000 1.65214e-03 -2.20483e-02 0.00000e+00
20.250000 1.41744e-03 -2.25383e-02 0.00000e+00
20.260000 1.20793e-03 -2.29604e-02 0.00000e+00
20.270000 9.77209e-04 -2.33676e-02 0.00000e+00
20.280000 7.40253e-04 -2.35581e-02 0.00000e+00
20.290000 5.00634e-04 -2.36074e-02 0.00000e+00
20.300000 2.55549e-04 -2.37505e-02 0.00000e+00
20.310000 -2.49826e-06 -2.38274e-02 0.00000e+00
20.320000 -2.49075e-04 -2.38022e-02 0.00000e+00
20.330000 -4.63503e-04 -2.35607e-02 0.00000e+00
20.340000 -7.02636e-04 -2.32797e-02 0.00000e+00
20.350000 -9.27990e-04 -2.29695e-02 0.00000e+00
20.360000 -1.16376e-03 -2.23991e-02 0.00000e+00
20.370000 -1.36691e-03 -2.17921e-02 0.00000e+00
20.380000 -1.58730e-03 -2.12611e-02 0.00000e+00
20.390000 -1.81741e-03 -2.07317e-02 0.00000e+00
20.400000 -2.02848e-03 -2.01529e-02 0.00000e+00
20.410000 -2.24315e-03 -1.94416e-02 0.00000e+00
20.420000 -2.43461e-03 -1.86696e-02 0.00000e+00
20.430000 -2.61170e-03 -1.78537e-02 0.00000e+00
20.440000 -2.77985e-03 -1.69420e-02 0.00000e+00
20.450000 -2.91079e-03 -1.59520e-02 0.00000e+00
20.460000 -3.08978e-03 -1.49317e-02 0.00000e+00
20.470000 -3.22208e-03 -1.39294e-02 0.00000e+00
20.480000 -3.34614e-03 -1.29552e-02 0.00000e+00
20.490000 -3.45132e-03 -1.19726e-02 0.00000e+00
20.500000 -3.56454e-03 -1.08147e-02 0.00000e+00
20.510000 -3.69303e-03 -9.52399e-03 0.00000e+00
20.520000 -3.76456e-03 -8.24348e-03 0.00000e+00
20.530000 -3.83890e-03 -7.02443e-03 0.00000e+00
20.540000 -3.93821e-03 -5.78104e-03 0.00000e+00
20.550000 -4.00631e-03 -4.45029e-03 0.00000e+00
20.560000 -4.05112e-03 -3.16966e-03 0.00000e+00
20.570000 -4.07047e-03 -1.93109e-03 0.00000e+00
20.580000 -4.08200e-03 -7.33213e-04 0.00000e+00
20.590000 -4.08250e-03 4.58930e-04 0.00000e+00
20.600000 -4.07087e-03 1.68377e-03 0.00000e+00
20.610000 -4.02885e-03 2.92896e-03 0.00000e+00
20.620000 -3.98993e-03 4.30039e-03 0.00000e+00
20.630000 -3.95258e-03 5.62424e-03 0.00000e+00
20.640000 -3.88860e-03 6.83861e-03 0.00000e+00
20.650000 -3.80467e-03 8.14693e-03 0.00000e+00
20.660000 -3.70174e-03 9.53463e-03 0.00000e+00
20.670000 -3.58217e-03 1.08236e-02 0.00000e+00
20.680000 -3.47606e-03 1.19327e-02 0.00000e+00
20.690000 -3.37605e-03 1.30826e-02 0.00000e+00
20.700000 -3.25331e-03 1.43067e-02 0.00000e+00
20.710000 -3.10111e-03 1.52519e-02 0.00000e+00
20.720000 -2.94292e-03 1.60111e-02 0.00000e+00
20.730000 -2.79345e-03 1.67568e-02 0.00000e+00
20.740000 -2.62982e-03 1.74780e-02 0.00000e+00
20.750000 -2.45255e-03 1.81980e-02 0.00000e+00
20.760000 -2.25622e-03 1.87722e-02 0.00000e+00
20.770000 -2.05876e-03 1.91838e-02 0.00000e+00
20.780000 -1.84098e-03 1.96119e-02 0.00000e+00
20.790000 -1.62971e-03 2.00214e-02 0.00000e+00
20.800000 -1.42722e-03 2.02573e-02 0.00000e+00
20.810000 -1.21658e-03 2.04249e-02 0.00000e+00
20.820000 -9.86185e-04 2.05450e-02 0.00000e+00
20.830000 -7.87930e-04 2.05579e-02 0.00000e+00
20.840000 -5.97960e-04 2.05321e-02 0.00000e+00
20.850000 -3.81762e-04 2.03641e-02 0.00000e+00
20.860000 -1.77923e-04 2.00130e-02 0.00000e+00
20.870000 4.08249e-06 1.96269e-02 0.00000e+00
20.880000 1.63575e-04 1.91731e-02 0.00000e+00
20.890000 3.76765e-04 1.87639e-02 0.00000e+00
20.900000 5.53387e-04 1.83106e-02 0.00000e+00
20.910000 7.52025e-04 1.76877e-02 0.00000e+00
20.920000 9.16405e-04 1.69802e-02 0.00000e+00
20.930000 1.07360e-03 1.63115e-02 0.00000e+00
20.940000 1.24608e-03 1.56871e-02 0.00000e+00
20.950000 1.42852e-03 1.50708e-02 0.00000e+00
20.960000 1.56495e-03 1.44583e-02 0.00000e+00
20.970000 1.70714e-03 1.38050e-02 0.00000e+00
20.980000 1.83638e-03 1.31307e-02 0.00000e+00
20.990000 1.94647e-03 1.24880e-02 0.00000e+00
21.000000 2.05613e-03 1.18370e-02 0.00000e+00
21.010000 2.17624e-03 1.11278e-02 0.00000e+00
21.020000 2.27001e-03 1.05108e-02 0.00000e+00
21.030000 2.39355e-03 9.93437e-03 0.00000e+00
21.040000 2.48493e-03 9.25959e-03 0.00000e+00
21.050000 2.56681e-03 8.46118e-03 0.00000e+00
21.060000 2.67426e-03 7.79457e-03 0.00000e+00
21.070000 2.71358e-03 7.17778e-03 0.00000e+00
21.080000 2.77614e-03 6.53155e-03 0.00000e+00
21.090000 2.83738e-03 5.86042e-03 0.00000e+00
21.100000 2.91835e-03 5.05380e-03 0.00000e+00
21.110000 2.95707e-03 4.39296e-03 0.00000e+00
21.120000 3.00405e-03 3.94978e-03 0.00000e+00
21.130000 3.03124e-03 3.46329e-03 0.00000e+00
21.140000 3.06858e-03 2.84143e-03 0.00000e+00
21.150000 3.07984e-03 2.18309e-03 0.00000e+00
21.160000 3.10649e-03 1.40923e-03 0.00000e+00
21.170000 3.12014e-03 5.34587e-04 0.00000e+00
21.180000 3.13469e-03 -3.09820e-04 0.00000e+00
21.190000 3.12527e-03 -1.17464e-03 0.00000e+00
21.200000 3.09951e-03 -1.97275e-03 0.00000e+00
21.210000 3.07316e-03 -2.73569e-03 0.00000e+00
21.220000 3.04940e-03 -3.61034e-03 0.00000e+00
21.230000 3.02274e-03 -4.37773e-03 0.00000e+00
21.240000 2.95402e-03 -5.22019e-03 0.00000e+00
21.250000 2.91224e-03 -6.22367e-03 0.00000e+00
21.260000 2.83912e-03 -7.16563e-03 0.00000e+00
21.270000 2.79657e-03 -7.96863e-03 0.00000e+00
21.280000 2.74822e-03 -8.77622e-03 0.00000e+00
21.290000 2.64690e-03 -9.66668e-03 0.00000e+00
21.300000 2.51616e-03 -1.05178e-02 0.00000e+00
21.310000 2.38379e-03 -1.13347e-02 0.00000e+00
21.320000 2.25488e-03 -1.21608e-02 0.00000e+00
21.330000 2.11249e-03 -1.29801e-02 0.00000e+00
21.340000 1.98760e-03 -1.36422e-02 0.00000e+00
21.350000 1.85826e-03 -1.41259e-02 0.00000e+00
21.360000 1.72193e-03 -1.45808e-02 0.00000e+00
21.370000 1.58291e-03 -1.51610e-02 0.00000e+00
21.380000 1.41638e-03 -1.57099e-02 0.00000e+00
21.390000 1.25748e-03 -1.61056e-02 0.00000e+00
21.400000 1.10090e-03 -1.64072e-02 0.00000e+00
21.410000 9.09387e-04 -1.67328e-02 0.00000e+00
21.420000 7.45212e-04 -1.69953e-02 0.00000e+00
21.430000 5.82268e-04 -1.71408e-02 0.00000e+00
21.440000 4.18277e-04 -1.71216e-02 0.00000e+00
21.450000 2.24906e-04 -1.68749e-02 0.00000e+00
21.460000 5.89210e-05 -1.67493e-02 0.00000e+00
21.470000 -1.08529e-04 -1.67390e-02 0.00000e+00
21.480000 -2.79362e-04 -1.66657e-02 0.00000e+00
21.490000 -4.44010e-04 -1.65328e-02 0.00000e+00
21.500000 -5.91643e-04 -1.63549e-02 0.00000e+00
21.510000 -7.25531e-04 -1.61403e-02 0.00000e+00
21.520000 -8.93456e-04 -1.57935e-02 0.00000e+00
21.530000 -1.07778e-03 -1.53376e-02 0.00000e+00
21.540000 -1.24357e-03 -1.48231e-02 0.00000e+00
21.550000 -1.36575e-03 -1.42512e-02 0.00000e+00
21.560000 -1.51081e-03 -1.36613e-02 0.00000e+00
21.570000 -1.64740e-03 -1.30587e-02 0.00000e+00
21.580000 -1.77786e-03 -1.24656e-02 0.00000e+00
21.590000 -1.88668e-03 -1.18163e-02 0.00000e+00
21.600000 -1.99970e-03 -1.10747e-02 0.00000e+00
21.610000 -2.10292e-03 -1.03594e-02 0.00000e+00
21.620000 -2.22893e-03 -9.65711e-03 0.00000e+00
21.630000 -2.34751e-03 -8.87620e-03 0.00000e+00
21.640000 -2.40588e-03 -8.01318e-03 0.00000e+00
21.650000 -2.48800e-03 -7.16854e-03 0.00000e+00
21.660000 -2.55476e-03 -6.35393e-03 0.00000e+00
21.670000 -2.61481e-03 -5.42085e-03 0.00000e+00
21.680000 -2.66203e-03 -4.34707e-03 0.00000e+00
21.690000 -2.67941e-03 -3.33665e-03 0.00000e+00
21.700000 -2.71173e-03 -2.49569e-03 0.00000e+00
21.710000 -2.72900e-03 -1.71343e-03 0.00000e+00
21.720000 -2.73948e-03 -7.89574e-04 0.00000e+00
21.730000 -2.76218e-03 1.47365e-04 0.00000e+00
21.740000 -2.76018e-03 9.57456e-04 0.00000e+00
21.750000 -2.73593e-03 1.75129e-03 0.00000e+00
21.760000 -2.71934e-03 2.58342e-03 0.00000e+00
21.770000 -2.69596e-03 3.39957e-03 0.00000e+00
21.780000 -2.66190e-03 4.09414e-03 0.00000e+00
21.790000 -2.58682e-03 4.66996e-03 0.00000e+00
21.800000 -2.54012e-03 5.21139e-03 0.00000e+00
21.810000 -2.47889e-03 5.94528e-03 0.00000e+00
21.820000 -2.42488e-03 6.68416e-03 0.00000e+00
21.830000 -2.34058e-03 7.26191e-03 0.00000e+00
21.840000 -2.25000e-03 7.78815e-03 0.00000e+00
21.850000 -2.17872e-03 8.24948e-03 0.00000e+00
21.860000 -2.10871e-03 8.71680e-03 0.00000e+00
21.870000 -2.02048e-03 9.17552e-03 0.00000e+00
21.880000 -1.92622e-03 9.64182e-03 0.00000e+00
21.890000 -1.82233e-03 1.00592e-02 0.00000e+00
21.900000 -1.74507e-03 1.03464e-02 0.00000e+00
21.910000 -1.63789e-03 1.06373e-02 0.00000e+00
21.920000 -1.52922e-03 1.09981e-02 0.00000e+00
21.930000 -1.41548e-03 1.12832e-02 0.00000e+00
21.940000 -1.31440e-03 1.14296e-02 0.00000e+00
21.950000 -1.19462e-03 1.15980e-02 0.00000e+00
21.960000 -1.04690e-03 1.19323e-02 0.00000e+00
21.970000 -8.98586e-04 1.21903e-02 0.00000e+00
21.980000 -7.75817e-04 1.23384e-02 0.00000e+00
21.990000 -6.87481e-04 1.25092e-02 0.00000e+00
22.000000 -5.69857e-04 1.26767e-02 0.00000e+00
22.010000 -4.52920e-04 1.28463e-02 0.00000e+00
22.020000 -3.25845e-04 1.29255e-02 0.00000e+00
22.030000 -1.92190e-04 1.29655e-02 0.00000e+00
22.040000 -5.08003e-05 1.29558e-02 0.00000e+00
22.050000 8.05232e-05 1.28874e-02 0.00000e+00
22.060000 1.89223e-04 1.28168e-02 0.00000e+00
22.070000 3.31002e-04 1.26236e-02 0.00000e+00
22.080000 4.63058e-04 1.23902e-02 0.00000e+00
22.090000 5.80002e-04 1.21470e-02 0.00000e+00
22.100000 6.88214e-04 1.18589e-02 0.00000e+00
22.110000 8.20597e-04 1.15553e-02 0.00000e+00
22.120000 9.63915e-04 1.12012e-02 0.00000e+00
22.130000 1.07592e-03 1.09426e-02 0.00000e+00
22.140000 1.16216e-03 1.08041e-02 0.00000e+00
22.150000 1.29220e-03 1.05645e-02 0.00000e+00
22.160000 1.38777e-03 1.00576e-02 0.00000e+00
22.170000 1.48000e-03 9.43811e-03 0.00000e+00
22.180000 1.56138e-03 8.85400e-03 0.00000e+00
22.190000 1.65665e-03 8.34349e-03 0.00000e+00
22.200000 1.73813e-03 7.86307e-03 0.00000e+00
22.210000 1.79117e-03 7.46030e-03 0.00000e+00
22.220000 1.86546e-03 7.02722e-03 0.00000e+00
22.230000 1.92964e-03 6.43517e-03 0.00000e+00
22.240000 1.98571e-03 5.95490e-03 0.00000e+00
22.250000 2.05376e-03 5.51306e-03 0.00000e+00
22.260000 2.09301e-03 4.96290e-03 0.00000e+00
22.270000 2.16227e-03 4.37466e-03 0.00000e+00
22.280000 2.20142e-03 3.80637e-03 0.00000e+00
22.290000 2.24022e-03 3.34069e-03 0.00000e+00
22.300000 2.27579e-03 2.82803e-03 0.00000e+00
22.310000 2.29001e-03 2.18437e-03 0.00000e+00
22.320000 2.27499e-03 1.63636e-03 0.00000e+00
22.330000 2.28504e-03 1.06393e-03 0.00000e+00
22.340000 2.30458e-03 3.55268e-04 0.00000e+00
22.350000 2.33367e-03 -3.51373e-04 0.00000e+00
22.360000 2.34490e-03 -1.02181e-03 0.00000e+00
22.370000 2.32998e-03 -1.67424e-03 0.00000e+00
22.380000 2.32361e-03 -2.45365e-03 0.00000e+00
22.390000 2.26726e-03 -3.26622e-03 0.00000e+00
22.400000 2.25295e-03 -4.00596e-03 0.00000e+00
22.410000 2.22079e-03 -4.73332e-03 0.00000e+00
22.420000 2.14461e-03 -5.37940e-03 0.00000e+00
22.430000 2.09709e-03 -6.06029e-03 0.00000e+00
22.440000 2.03076e-03 -6.72286e-03 0.00000e+00
22.450000 1.95841e-03 -7.31678e-03 0.00000e+00
22.460000 1.87901e-03 -7.97257e-03 0.00000e+00
22.470000 1.78337e-03 -8.61090e-03 0.00000e+00
22.480000 1.69998e-03 -9.22937e-03 0.00000e+00
22.490000 1.59698e-03 -9.94411e-03 0.00000e+00
22.500000 1.46988e-03 -1.06174e-02 0.00000e+00
22.510000 1.37629e-03 -1.11256e-02 0.00000e+00
22.520000 1.27084e-03 -1.14369e-02 0.00000e+00
22.530000 1.15772e-03 -1.15918e-02 0.00000e+00
22.540000 1.03347e-03 -1.18749e-02 0.00000e+00
22.550000 9.10112e-04 -1.21012e-02 0.00000e+00
22.560000 8.02145e-04 -1.22558e-02 0.00000e+00
22.570000 6.89438e-04 -1.23393e-02 0.00000e+00
22.580000 5.67064e-04 -1.23223e-02 0.00000e+00
22.590000 4.39471e-04 -1.23935e-02 0.00000e+00
22.600000 2.90498e-04 -1.23289e-02 0.00000e+00
22.610000 1.71459e-04 -1.21654e-02 0.00000e+00
22.620000 3.07293e-05 -1.20464e-02 0.00000e+00
22.630000 -9.88633e-05 -1.18954e-02 0.00000e+00
22.640000 -2.16500e-04 -1.17053e-02 0.00000e+00
22.650000 -3.26271e-04 -1.14634e-02 0.00000e+00
22.660000 -4.42282e-04 -1.12063e-02 0.00000e+00
22.670000 -5.24755e-04 -1.09914e-02 0.00000e+00
22.680000 -6.29936e-04 -1.06680e-02 0.00000e+00
22.690000 -7.11153e-04 -1.02982e-02 0.00000e+00
22.700000 -8.36813e-04 -9.95471e-03 0.00000e+00
22.710000 -9.48793e-04 -9.51468e-03 0.00000e+00
22.720000 -1.00687e-03 -9.03329e-03 0.00000e+00
22.730000 -1.10489e-03 -8.47219e-03 0.00000e+00
22.740000 -1.18749e-03 -7.83040e-03 0.00000e+00
22.750000 -1.28480e-03 -7.20434e-03 0.00000e+00
22.760000 -1.33998e-03 -6.66596e-03 0.00000e+00
22.770000 -1.40356e-03 -6.28432e-03 0.00000e+00
22.780000 -1.49310e-03 -5.85332e-03 0.00000e+00
22.790000 -1.55354e-03 -5.32154e-03 0.00000e+00
22.800000 -1.60365e-03 -4.86899e-03 0.00000e+00
22.810000 -1.64602e-03 -4.49489e-03 0.00000e+00
22.820000 -1.69494e-03 -4.08375e-03 0.00000e+00
22.830000 -1.72622e-03 -3.63559e-03 0.00000e+00
22.840000 -1.74829e-03 -3.16261e-03 0.00000e+00
22.850000 -1.76626e-03 -2.64598e-03 0.00000e+00
22.860000 -1.79916e-03 -2.10264e-03 0.00000e+00
22.870000 -1.78195e-03 -1.63088e-03 0.00000e+00
22.880000 -1.77985e-03 -1.28582e-03 0.00000e+00
22.890000 -1.79236e-03 -7.76130e-04 0.00000e+00
22.900000 -1.79917e-03 -2.71771e-04 0.00000e+00
22.910000 -1.81665e-03 4.56894e-05 0.00000e+00
22.920000 -1.83665e-03 3.25171e-04 0.00000e+00
22.930000 -1.85294e-03 6.53252e-04 0.00000e+00
22.940000 -1.84170e-03 1.05044e-03 0.00000e+00
22.950000 -1.80432e-03 1.33546e-03 0.00000e+00
22.960000 -1.80100e-03 1.50961e-03 0.00000e+00
22.970000 -1.80534e-03 1.71880e-03 0.00000e+00
22.980000 -1.78762e-03 1.98228e-03 0.00000e+00
22.990000 -1.73728e-03 2.24449e-03 0.00000e+00
23.000000 -1.71175e-03 2.55469e-03 0.00000e+00
23.010000 -1.67441e-03 2.95254e-03 0.00000e+00
23.020000 -1.63035e-03 3.33072e-03 0.00000e+00
23.030000 -1.59666e-03 3.65354e-03 0.00000e+00
23.040000 -1.56252e-03 4.12683e-03 0.00000e+00
23.050000 -1.52236e-03 4.65018e-03 0.00000e+00
23.060000 -1.47563e-03 5.05556e-03 0.00000e+00
23.070000 -1.46132e-03 5.44250e-03 0.00000e+00
23.080000 -1.41068e-03 5.77154e-03 0.00000e+00
23.090000 -1.34399e-03 6.02840e-03 0.00000e+00
23.100000 -1.28412e-03 6.26436e-03 0.00000e+00
23.110000 -1.22188e-03 6.54507e-03 0.00000e+00
23.120000 -1.16672e-03 6.99176e-03 0.00000e+00
23.130000 -1.09687e-03 7.41083e-03 0.00000e+00
23.140000 -9.99005e-04 7.63236e-03 0.00000e+00
23.150000 -9.07698e-04 7.83375e-03 0.00000e+00
23.160000 -8.12697e-04 8.18638e-03 0.00000e+00
23.170000 -7.16977e-04 8.53778e-03 0.00000e+00
23.180000 -6.34445e-04 8.79470e-03 0.00000e+00
23.190000 -5.56987e-04 9.14454e-03 0.00000e+00
23.200000 -4.54014e-04 9.39675e-03 0.00000e+00
23.210000 -3.61987e-04 9.60894e-03 0.00000e+00
23.220000 -2.97666e-04 9.87452e-03 0.00000e+00
23.230000 -1.94768e-04 1.00597e-02 0.00000e+00
23.240000 -1.02667e-04 1.00991e-02 0.00000e+00
23.250000 -2.53056e-06 1.00452e-02 0.00000e+00
23.260000 1.05473e-04 1.00733e-02 0.00000e+00
23.270000 2.17520e-04 1.00784e-02 0.00000e+00
23.280000 3.23588e-04 1.00671e-02 0.00000e+00
23.290000 4.33201e-04 9.99610e-03 0.00000e+00
23.300000 5.06675e-04 9.79891e-03 0.00000e+00
23.310000 6.10587e-04 9.69442e-03 0.00000e+00
23.320000 7.17954e-04 9.62034e-03 0.00000e+00
23.330000 8.28130e-04 9.54491e-03 0.00000e+00
23.340000 9.05896e-04 9.51361e-03 0.00000e+00
23.350000 1.01238e-03 9.35851e-03 0.00000e+00
23.360000 1.10838e-03 8.99307e-03 0.00000e+00
23.370000 1.17305e-03 8.61830e-03 0.00000e+00
23.380000 1.29129e-03 8.27173e-03 0.00000e+00
23.390000 1.34296e-03 7.74953e-03 0.00000e+00
23.400000 1.41008e-03 7.23140e-03 0.00000e+00
23.410000 1.47530e-03 6.74361e-03 0.00000e+00
23.420000 1.54795e-03 6.17688e-03 0.00000e+00
23.430000 1.62173e-03 5.53594e-03 0.00000e+00
23.440000 1.67552e-03 4.95075e-03 0.00000e+00
23.450000 1.74054e-03 4.41078e-03 0.00000e+00
23.460000 1.76411e-03 3.79010e-03 0.00000e+00
23.470000 1.81107e-03 3.07815e-03 0.00000e+00
23.480000 1.86220e-03 2.34092e-03 0.00000e+00
23.490000 1.87749e-03 1.73990e-03 0.00000e+00
23.500000 1.90786e-03 1.21301e-03 0.00000e+00
23.510000 1.89010e-03 5.68637e-04 0.00000e+00
23.520000 1.86395e-03 -8.25705e-05 0.00000e+00
23.530000 1.84499e-03 -6.64990e-04 0.00000e+00
23.540000 1.85630e-03 -1.31759e-03 0.00000e+00
23.550000 1.82741e-03 -1.85107e-03 0.00000e+00
23.560000 1.80796e-03 -2.36358e-03 0.00000e+00
23.570000 1.78669e-03 -2.97431e-03 0.00000e+00
23.580000 1.73726e-03 -3.56398e-03 0.00000e+00
23.590000 1.69253e-03 -4.14543e-03 0.00000e+00
23.600000 1.64485e-03 -4.69753e-03 0.00000e+00
23.610000 1.62922e-03 -5.25477e-03 0.00000e+00
23.620000 1.55527e-03 -5.72199e-03 0.00000e+00
23.630000 1.50170e-03 -6.15358e-03 0.00000e+00
23.640000 1.45043e-03 -6.60457e-03 0.00000e+00
23.650000 1.39788e-03 -6.87310e-03 0.00000e+00
23.660000 1.34279e-03 -7.09854e-03 0.00000e+00
23.670000 1.25423e-03 -7.32549e-03 0.00000e+00
23.680000 1.16587e-03 -7.59525e-03 0.00000e+00
23.690000 1.09821e-03 -7.99961e-03 0.00000e+00
23.700000 1.00916e-03 -8.36272e-03 0.00000e+00
23.710000 9.34212e-04 -8.54253e-03 0.00000e+00
23.720000 8.43479e-04 -8.67938e-03 0.00000e+00
23.730000 7.41738e-04 -8.88216e-03 0.00000e+00
23.740000 6.35851e-04 -9.04622e-03 0.00000e+00
23.750000 5.30356e-04 -9.27069e-03 0.00000e+00
23.760000 4.30515e-04 -9.45963e-03 0.00000e+00
23.770000 3.40190e-04 -9.53173e-03 0.00000e+00
23.780000 2.61236e-04 -9.45387e-03 0.00000e+00
23.790000 1.89645e-04 -9.36954e-03 0.00000e+00
23.800000 9.67589e-05 -9.34494e-03 0.00000e+00
23.810000 9.84271e-06 -9.18625e-03 0.00000e+00
23.820000 -6.25117e-05 -8.91568e-03 0.00000e+00
23.830000 -1.71881e-04 -8.56980e-03 0.00000e+00
23.840000 -2.63357e-04 -8.34978e-03 0.00000e+00
23.850000 -3.65034e-04 -8.24303e-03 0.00000e+00
23.860000 -4.42705e-04 -7.93779e-03 0.00000e+00
23.870000 -5.15043e-04 -7.52383e-03 0.00000e+00
23.880000 -5.91610e-04 -7.11559e-03 0.00000e+00
23.890000 -6.86085e-04 -6.71073e-03 0.00000e+00
23.900000 -7.63968e-04 -6.34448e-03 0.00000e+00
23.910000 -8.29542e-04 -6.09325e-03 0.00000e+00
23.920000 -8.82716e-04 -5.97568e-03 0.00000e+00
23.930000 -9.07960e-04 -5.79632e-03 0.00000e+00
23.940000 -9.60299e-04 -5.51309e-03 0.00000e+00
23.950000 -1.00284e-03 -5.18522e-03 0.00000e+00
23.960000 -1.05904e-03 -4.76257e-03 0.00000e+00
23.970000 -1.09271e-03 -4.40220e-03 0.00000e+00
23.980000 -1.12560e-03 -4.12899e-03 0.00000e+00
23.990000 -1.16582e-03 -3.72702e-03 0.00000e+00
24.000000 -1.21741e-03 -3.43065e-03 0.00000e+00
24.010000 -1.26910e-03 -3.32643e-03 0.00000e+00
24.020000 -1.27163e-03 -3.20301e-03 0.00000e+00
24.030000 -1.27478e-03 -3.04074e-03 0.00000e+00
24.040000 -1.32305e-03 -2.87344e-03 0.00000e+00
24.050000 -1.36245e-03 -2.75061e-03 0.00000e+00
24.060000 -1.40756e-03 -2.70899e-03 0.00000e+00
24.070000 -1.44047e-03 -2.62901e-03 0.00000e+00
24.080000 -1.49359e-03 -2.48261e-03 0.00000e+00
24.090000 -1.49133e-03 -2.31979e-03 0.00000e+00
24.100000 -1.48036e-03 -2.00078e-03 0.00000e+00
24.110000 -1.49071e-03 -1.66192e-03 0.00000e+00
24.120000 -1.50897e-03 -1.43683e-03 0.00000e+00
24.130000 -1.51670e-03 -1.21759e-03 0.00000e+00
24.140000 -1.55719e-03 -9.68393e-04 0.00000e+00
24.150000 -1.54898e-03 -6.20516e-04 0.00000e+00
24.160000 -1.56380e-03 -1.74607e-04 0.00000e+00
24.170000 -1.59854e-03 2.50365e-04 0.00000e+00
24.180000 -1.59661e-03 6.17733e-04 0.00000e+00
24.190000 -1.56815e-03 1.13283e-03 0.00000e+00
24.200000 -1.57113e-03 1.83524e-03 0.00000e+00
24.210000 -1.55328e-03 2.43013e-03 0.00000e+00
24.220000 -1.53055e-03 2.86244e-03 0.00000e+00
24.230000 -1.48323e-03 3.25267e-03 0.00000e+00
24.240000 -1.43617e-03 3.65157e-03 0.00000e+00
24.250000 -1.40562e-03 3.97609e-03 0.00000e+00
24.260000 -1.36097e-03 4.42145e-03 0.00000e+00
24.270000 -1.30678e-03 5.13417e-03 0.00000e+00
24.280000 -1.28121e-03 5.77289e-03 0.00000e+00
24.290000 -1.22108e-03 6.25456e-03 0.00000e+00
24.300000 -1.14245e-03 6.73157e-03 0.00000e+00
24.310000 -1.06218e-03 7.13684e-03 0.00000e+00
24.320000 -9.65252e-04 7.54737e-03 0.00000e+00
24.330000 -8.80598e-04 7.95616e-03 0.00000e+00
24.340000 -8.14227e-04 8.14194e-03 0.00000e+00
24.350000 -7.28651e-04 8.26682e-03 0.00000e+00
24.360000 -6.42460e-04 8.52498e-03 0.00000e+00
24.370000 -5.69702e-04 8.72071e-03 0.00000e+00
24.380000 -5.10397e-04 8.78577e-03 0.00000e+00
24.390000 -4.26395e-04 8.82944e-03 0.00000e+00
24.400000 -3.28645e-04 8.91629e-03 0.00000e+00
24.410000 -2.23104e-04 9.08980e-03 0.00000e+00
24.420000 -1.24046e-04 9.12144e-03 0.00000e+00
24.430000 5.55996e-06 9.01812e-03 0.00000e+00
24.440000 8.02006e-05 8.89580e-03 0.00000e+00
24.450000 1.43538e-04 8.68270e-03 0.00000e+00
24.460000 2.30922e-04 8.38111e-03 0.00000e+00
24.470000 3.26885e-04 8.15403e-03 0.00000e+00
24.480000 4.04176e-04 8.04817e-03 0.00000e+00
24.490000 4.86911e-04 7.99189e-03 0.00000e+00
24.500000 5.44557e-04 7.86889e-03 0.00000e+00
24.510000 6.19866e-04 7.55512e-03 0.00000e+00
24.520000 7.01522e-04 7.16495e-03 0.00000e+00
24.530000 7.82686e-04 6.73559e-03 0.00000e+00
24.540000 8.31035e-04 6.29169e-03 0.00000e+00
24.550000 9.01835e-04 5.81562e-03 0.00000e+00
24.560000 9.62236e-04 5.28283e-03 0.00000e+00
24.570000 1.03274e-03 4.79585e-03 0.00000e+00
24.580000 1.06972e-03 4.32407e-03 0.00000e+00
24.590000 1.08781e-03 3.87975e-03 0.00000e+00
24.600000 1.13239e-03 3.57090e-03 0.00000e+00
24.610000 1.17071e-03 3.24890e-03 0.00000e+00
24.620000 1.21341e-03 2.78518e-03 0.00000e+00
24.630000 1.23924e-03 2.34891e-03 0.00000e+00
24.640000 1.29129e-03 1.98280e-03 0.00000e+00
24.650000 1.30645e-03 1.63903e-03 0.00000e+00
24.660000 1.29420e-03 1.28281e-03 0.00000e+00
24.670000 1.26961e-03 8.33630e-04 0.00000e+00
24.680000 1.25875e-03 4.05511e-04 0.00000e+00
24.690000 1.26200e-03 1.13693e-04 0.00000e+00
24.700000 1.26129e-03 -1.15106e-04 0.00000e+00
24.710000 1.28626e-03 -4.13288e-04 0.00000e+00
24.720000 1.26709e-03 -7.12150e-04 0.00000e+00
24.730000 1.25691e-03 -9.14646e-04 0.00000e+00
24.740000 1.24910e-03 -1.03322e-03 0.00000e+00
24.750000 1.24172e-03 -1.16340e-03 0.00000e+00
24.760000 1.24811e-03 -1.45244e-03 0.00000e+00
24.770000 1.23710e-03 -1.79240e-03 0.00000e+00
24.780000 1.21507e-03 -2.02986e-03 0.00000e+00
24.790000 1.19480e-03 -2.11207e-03 0.00000e+00
24.800000 1.17067e-03 -2.20276e-03 0.00000e+00
24.810000 1.14301e-03 -2.19956e-03 0.00000e+00
24.820000 1.12052e-03 -2.15379e-03 0.00000e+00
24.830000 1.07921e-03 -2.32793e-03 0.00000e+00
24.840000 1.05429e-03 -2.63862e-03 0.00000e+00
24.850000 1.04453e-03 -2.97817e-03 0.00000e+00
24.860000 1.01317e-03 -3.31630e-03 0.00000e+00
24.870000 9.75364e-04 -3.61856e-03 0.00000e+00
24.880000 9.34265e-04 -3.76641e-03 0.00000e+00
24.890000 9.09300e-04 -3.96933e-03 0.00000e+00
24.900000 8.71446e-04 -4.26001e-03 0.00000e+00
24.910000 8.28294e-04 -4.49455e-03 0.00000e+00
24.920000 7.64515e-04 -4.72784e-03 0.00000e+00
24.930000 7.12005e-04 -4.84694e-03 0.00000e+00
24.940000 6.73088e-04 -4.98867e-03 0.00000e+00
24.950000 6.60752e-04 -5.18441e-03 0.00000e+00
24.960000 6.14039e-04 -5.35437e-03 0.00000e+00
24.970000 5.42811e-04 -5.56337e-03 0.00000e+00
24.980000 4.95050e-04 -5.79256e-03 0.00000e+00
24.990000 3.95666e-04 -6.02888e-03 0.00000e+00
25.000000 3.18842e-04 -6.28511e-03 0.00000e+00
25.010000 2.52054e-04 -6.52874e-03 0.00000e+00
25.020000 1.87781e-04 -6.61403e-03 0.00000e+00
25.030000 1.22993e-04 -6.64770e-03 0.00000e+00
25.040000 8.25021e-05 -6.76209e-03 0.00000e+00
25.050000 1.83041e-05 -6.94065e-03 0.00000e+00
25.060000 -6.45547e-05 -7.06028e-03 0.00000e+00
25.070000 -1.15197e-04 -7.10473e-03 0.00000e+00
25.080000 -1.88061e-04 -7.14325e-03 0.00000e+00
25.090000 -2.50985e-04 -7.12102e-03 0.00000e+00
25.100000 -3.15999e-04 -7.04235e-03 0.00000e+00
25.110000 -4.11148e-04 -6.94203e-03 0.00000e+00
25.120000 -4.61262e-04 -6.62992e-03 0.00000e+00
25.130000 -5.51189e-04 -6.23854e-03 0.00000e+00
25.140000 -6.19300e-04 -5.99539e-03 0.00000e+00
25.150000 -6.89546e-04 -5.66286e-03 0.00000e+00
25.160000 -7.47595e-04 -5.37287e-03 0.00000e+00
25.170000 -8.00452e-04 -5.18147e-03 0.00000e+00
25.180000 -8.47125e-04 -4.93836e-03 0.00000e+00
25.190000 -8.91294e-04 -4.70555e-03 0.00000e+00
25.200000 -9.60117e-04 -4.49854e-03 0.00000e+00
25.210000 -1.01483e-03 -4.14834e-03 0.00000e+00
25.220000 -1.05565e-03 -3.75930e-03 0.00000e+00
25.230000 -1.06642e-03 -3.51837e-03 0.00000e+00
25.240000 -1.08882e-03 -3.16894e-03 0.00000e+00
25.250000 -1.09300e-03 -2.75514e-03 0.00000e+00
25.260000 -1.09740e-03 -2.39538e-03 0.00000e+00
25.270000 -1.12489e-03 -2.07177e-03 0.00000e+00
25.280000 -1.14596e-03 -1.83692e-03 0.00000e+00
25.290000 -1.13569e-03 -1.50811e-03 0.00000e+00
25.300000 -1.18199e-03 -1.19918e-03 0.00000e+00
25.310000 -1.18464e-03 -9.95730e-04 0.00000e+00
25.320000 -1.19619e-03 -7.62612e-04 0.00000e+00
25.330000 -1.22527e-03 -5.10998e-04 0.00000e+00
25.340000 -1.23874e-03 -2.24115e-04 0.00000e+00
25.350000 -1.25265e-03 7.05467e-05 0.00000e+00
25.360000 -1.25739e-03 3.56656e-04 0.00000e+00
25.370000 -1.24446e-03 5.68911e-04 0.00000e+00
25.380000 -1.21762e-03 7.14007e-04 0.00000e+00
25.390000 -1.22736e-03 9.22252e-04 0.00000e+00
25.400000 -1.19973e-03 1.30378e-03 0.00000e+00
25.410000 -1.16686e-03 1.77175e-03 0.00000e+00
25.420000 -1.16445e-03 2.28070e-03 0.00000e+00
25.430000 -1.14482e-03 2.87802e-03 0.00000e+00
25.440000 -1.12525e-03 3.37576e-03 0.00000e+00
25.450000 -1.07298e-03 3.73693e-03 0.00000e+00
25.460000 -1.03613e-03 4.22289e-03 0.00000e+00
25.470000 -1.01209e-03 4.66871e-03 0.00000e+00
25.480000 -9.63256e-04 5.07025e-03 0.00000e+00
25.490000 -9.10293e-04 5.56139e-03 0.00000e+00
25.500000 -8.56585e-04 5.89032e-03 0.00000e+00
25.510000 -8.02032e-04 6.10878e-03 0.00000e+00
25.520000 -7.46648e-04 6.26186e-03 0.00000e+00
25.530000 -6.81456e-04 6.29217e-03 0.00000e+00
25.540000 -6.07069e-04 6.37509e-03 0.00000e+00
25.550000 -5.23886e-04 6.52958e-03 0.00000e+00
25.560000 -4.26169e-04 6.59670e-03 0.00000e+00
25.570000 -3.40170e-04 6.66398e-03 0.00000e+00
25.580000 -2.72923e-04 6.77932e-03 0.00000e+00
25.590000 -2.03935e-04 6.80886e-03 0.00000e+00
25.600000 -1.47647e-04 6.67657e-03 0.00000e+00
25.610000 -1.04329e-04 6.48627e-03 0.00000e+00
25.620000 -3.18834e-05 6.40956e-03 0.00000e+00
25.630000 5.12201e-05 6.32066e-03 0.00000e+00
25.640000 9.86818e-05 6.07715e-03 0.00000e+00
25.650000 1.63509e-04 5.80233e-03 0.00000e+00
25.660000 1.94070e-04 5.55082e-03 0.00000e+00
25.670000 2.20601e-04 5.26483e-03 0.00000e+00
25.680000 2.64779e-04 4.93345e-03 0.00000e+00
25.690000 3.03281e-04 4.53313e-03 0.00000e+00
25.700000 3.58802e-04 4.12066e-03 0.00000e+00
25.710000 4.37544e-04 3.81093e-03 0.00000e+00
25.720000 4.76114e-04 3.59139e-03 0.00000e+00
25.730000 5.35185e-04 3.52850e-03 0.00000e+00
25.740000 5.70470e-04 3.55438e-03 0.00000e+00
25.750000 6.00209e-04 3.46603e-03 0.00000e+00
25.760000 6.25642e-04 3.36946e-03 0.00000e+00
25.770000 6.38380e-04 3.30995e-03 0.00000e+00
25.780000 6.89768e-04 3.16089e-03 0.00000e+00
25.790000 7.16330e-04 3.03001e-03 0.00000e+00
25.800000 7.19076e-04 2.97920e-03 0.00000e+00
25.810000 7.39933e-04 2.93451e-03 0.00000e+00
25.820000 7.58302e-04 2.92159e-03 0.00000e+00
25.830000 7.78019e-04 2.83826e-03 0.00000e+00
25.840000 7.92593e-04 2.60093e-03 0.00000e+00
25.850000 8.17274e-04 2.37257e-03 0.00000e+00
25.860000 8.42870e-04 2.15852e-03 0.00000e+00
25.870000 8.96674e-04 1.91066e-03 0.00000e+00
25.880000 9.43464e-04 1.84076e-03 0.00000e+00
25.890000 9.78542e-04 1.81211e-03 0.00000e+00
25.900000 1.01321e-03 1.76093e-03 0.00000e+00
25.910000 1.01102e-03 1.68252e-03 0.00000e+00
25.920000 1.01594e-03 1.45539e-03 0.00000e+00
25.930000 1.04371e-03 1.24593e-03 0.00000e+00
25.940000 1.04141e-03 9.65618e-04 0.00000e+00
25.950000 1.03967e-03 7.49299e-04 0.00000e+00
25.960000 1.04562e-03 5.68081e-04 0.00000e+00
25.970000 1.04573e-03 1.69472e-04 0.00000e+00
25.980000 1.05964e-03 -2.24943e-04 0.00000e+00
25.990000 1.03986e-03 -5.65926e-04 0.00000e+00
26.000000 1.01671e-03 -9.44658e-04 0.00000e+00
26.010000 1.00143e-03 -1.34108e-03 0.00000e+00
26.020000 9.97802e-04 -1.76888e-03 0.00000e+00
26.030000 9.78454e-04 -2.20395e-03 0.00000e+00
26.040000 9.70637e-04 -2.48052e-03 0.00000e+00
26.050000 9.76878e-04 -2.61365e-03 0.00000e+00
26.060000 9.32909e-04 -2.82119e-03 0.00000e+00
26.070000 9.05233e-04 -2.99344e-03 0.00000e+00
26.080000 8.44858e-04 -3.19454e-03 0.00000e+00
26.090000 8.16681e-04 -3.56147e-03 0.00000e+00
26.100000 7.88896e-04 -3.82884e-03 0.00000e+00
26.110000 7.32836e-04 -4.04468e-03 0.00000e+00
26.120000 7.05539e-04 -4.38171e-03 0.00000e+00
26.130000 6.31227e-04 -4.67536e-03 0.00000e+00
26.140000 5.90810e-04 -4.88761e-03 0.00000e+00
26.150000 5.60331e-04 -5.00321e-03 0.00000e+00
26.160000 5.01655e-04 -5.14390e-03 0.00000e+00
26.170000 4.48939e-04 -5.41513e-03 0.00000e+00
26.180000 3.95566e-04 -5.69387e-03 0.00000e+00
26.190000 3.37906e-04 -5.88761e-03 0.00000e+00
26.200000 2.98491e-04 -6.01176e-03 0.00000e+00
26.210000 2.58706e-04 -6.09103e-03 0.00000e+00
26.220000 1.83847e-04 -5.99555e-03 0.00000e+00
26.230000 1.07763e-04 -5.93023e-03 0.00000e+00
26.240000 6.07593e-05 -5.95033e-03 0.00000e+00
26.250000 -3.09505e-05 -5.98741e-03 0.00000e+00
26.260000 -9.77109e-05 -6.02573e-03 0.00000e+00
26.270000 -1.40532e-04 -5.93101e-03 0.00000e+00
26.280000 -2.13651e-04 -5.79858e-03 0.00000e+00
26.290000 -2.75755e-04 -5.60119e-03 0.00000e+00
26.300000 -3.10383e-04 -5.48272e-03 0.00000e+00
26.310000 -3.67801e-04 -5.36062e-03 0.00000e+00
26.320000 -4.20659e-04 -4.99579e-03 0.00000e+00
26.330000 -4.99639e-04 -4.68166e-03 0.00000e+00
26.340000 -5.47169e-04 -4.50626e-03 0.00000e+00
26.350000 -5.89352e-04 -4.30993e-03 0.00000e+00
26.360000 -6.10339e-04 -4.08208e-03 0.00000e+00
26.370000 -6.45110e-04 -3.79392e-03 0.00000e+00
26.380000 -6.72162e-04 -3.45115e-03 0.00000e+00
26.390000 -7.02460e-04 -3.20366e-03 0.00000e+00
26.400000 -7.54800e-04 -3.03689e-03 0.00000e+00
26.410000 -7.80384e-04 -2.74627e-03 0.00000e+00
26.420000 -8.04877e-04 -2.50661e-03 0.00000e+00
26.430000 -8.18652e-04 -2.40216e-03 0.00000e+00
26.440000 -8.21113e-04 -2.19320e-03 0.00000e+00
26.450000 -8.35487e-04 -2.00731e-03 0.00000e+00
26.460000 -8.57767e-04 -1.89518e-03 0.00000e+00
26.470000 -8.85590e-04 -1.62861e-03 0.00000e+00
26.480000 -8.73564e-04 -1.32521e-03 0.00000e+00
26.490000 -9.01089e-04 -1.11144e-03 0.00000e+00
26.500000 -9.48081e-04 -9.63324e-04 0.00000e+00
26.510000 -9.63931e-04 -8.85162e-04 0.00000e+00
26.520000 -9.59732e-04 -7.33671e-04 0.00000e+00
26.530000 -9.66156e-04 -4.27318e-04 0.00000e+00
26.540000 -9.68977e-04 -8.56124e-05 0.00000e+00
26.550000 -9.78682e-04 2.02246e-04 0.00000e+00
26.560000 -9.74559e-04 4.59615e-04 0.00000e+00
26.570000 -9.60594e-04 6.35406e-04 0.00000e+00
26.580000 -9.48213e-04 8.25804e-04 0.00000e+00
26.590000 -9.63616e-04 1.04409e-03 0.00000e+00
26.600000 -9.46937e-04 1.24966e-03 0.00000e+00
26.610000 -9.24493e-04 1.57107e-03 0.00000e+00
26.620000 -9.05656e-04 1.92545e-03 0.00000e+00
26.630000 -8.71725e-04 2.16671e-03 0.00000e+00
26.640000 -8.32745e-04 2.30224e-03 0.00000e+00
26.650000 -8.28533e-04 2.55955e-03 0.00000e+00
26.660000 -8.00572e-04 2.83437e-03 0.00000e+00
26.670000 -7.74107e-04 2.89595e-03 0.00000e+00
26.680000 -7.43049e-04 2.93853e-03 0.00000e+00
26.690000 -6.85068e-04 3.07649e-03 0.00000e+00
26.700000 -6.49784e-04 3.19900e-03 0.00000e+00
26.710000 -6.35089e-04 3.28210e-03 0.00000e+00
26.720000 -6.11770e-04 3.36998e-03 0.00000e+00
26.730000 -5.82140e-04 3.46299e-03 0.00000e+00
26.740000 -5.41691e-04 3.58319e-03 0.00000e+00
26.750000 -5.02243e-04 3.70974e-03 0.00000e+00
26.760000 -4.72135e-04 3.76437e-03 0.00000e+00
26.770000 -4.24052e-04 3.78295e-03 0.00000e+00
26.780000 -3.75095e-04 3.85177e-03 0.00000e+00
26.790000 -3.56321e-04 3.97591e-03 0.00000e+00
26.800000 -3.26083e-04 4.19868e-03 0.00000e+00
26.810000 -2.80442e-04 4.43138e-03 0.00000e+00
26.820000 -2.18648e-04 4.57274e-03 0.00000e+00
26.830000 -1.97598e-04 4.73324e-03 0.00000e+00
26.840000 -1.48073e-04 4.93507e-03 0.00000e+00
26.850000 -9.93502e-05 5.10005e-03 0.00000e+00
26.860000 -4.64949e-05 5.35180e-03 0.00000e+00
26.870000 -1.69663e-06 5.56838e-03 0.00000e+00
26.880000 6.50338e-05 5.63623e-03 0.00000e+00
26.890000 1.20300e-04 5.69842e-03 0.00000e+00
26.900000 1.77295e-04 5.77604e-03 0.00000e+00
26.910000 2.29570e-04 5.84928e-03 0.00000e+00
26.920000 2.93077e-04 5.87907e-03 0.00000e+00
26.930000 3.50739e-04 5.80607e-03 0.00000e+00
26.940000 4.14504e-04 5.70875e-03 0.00000e+00
26.950000 4.85879e-04 5.66287e-03 0.00000e+00
26.960000 5.64901e-04 5.49598e-03 0.00000e+00
26.970000 6.16769e-04 5.20234e-03 0.00000e+00
26.980000 6.57890e-04 4.91853e-03 0.00000e+00
26.990000 7.21724e-04 4.66634e-03 0.00000e+00
27.000000 7.73105e-04 4.32300e-03 0.00000e+00
27.010000 8.04665e-04 3.92987e-03 0.00000e+00
27.020000 8.40791e-04 3.58182e-03 0.00000e+00
27.030000 8.75841e-04 3.19804e-03 0.00000e+00
27.040000 8.88521e-04 2.81169e-03 0.00000e+00
27.050000 9.33042e-04 2.48997e-03 0.00000e+00
27.060000 9.58432e-04 2.15861e-03 0.00000e+00
27.070000 9.69657e-04 1.76163e-03 0.00000e+00
27.080000 9.71210e-04 1.35024e-03 0.00000e+00
27.090000 9.70013e-04 9.53863e-04 0.00000e+00
27.100000 9.73382e-04 5.89231e-04 0.00000e+00
27.110000 9.84502e-04 2.33709e-04 0.00000e+00
27.120000 9.84811e-04 -8.54336e-05 0.00000e+00
27.130000 9.68706e-04 -3.18582e-04 0.00000e+00
27.140000 9.70078e-04 -5.40562e-04 0.00000e+00
27.150000 9.64438e-04 -7.52928e-04 0.00000e+00
27.160000 9.61546e-04 -8.24957e-04 0.00000e+00
27.170000 9.55211e-04 -8.46645e-04 0.00000e+00
27.180000 9.55558e-04 -9.67778e-04 0.00000e+00
27.190000 9.41159e-04 -1.15413e-03 0.00000e+00
27.200000 9.30285e-04 -1.34223e-03 0.00000e+00
27.210000 9.23661e-04 -1.55200e-03 0.00000e+00
27.220000 8.98933e-04 -1.67134e-03 0.00000e+00
27.230000 8.62460e-04 -1.74662e-03 0.00000e+00
27.240000 8.41388e-04 -1.98564e-03 0.00000e+00
27.250000 8.19965e-04 -2.27991e-03 0.00000e+00
27.260000 7.99980e-04 -2.53205e-03 0.00000e+00
27.270000 7.78642e-04 -2.78032e-03 0.00000e+00
27.280000 7.53381e-04 -2.99115e-03 0.00000e+00
27.290000 7.35363e-04 -3.18672e-03 0.00000e+00
27.300000 7.20929e-04 -3.49096e-03 0.00000e+00
27.310000 7.00332e-04 -3.75820e-03 0.00000e+00
27.320000 6.85119e-04 -3.92255e-03 0.00000e+00
27.330000 6.36523e-04 -4.13690e-03 0.00000e+00
27.340000 5.70301e-04 -4.27880e-03 0.00000e+00
27.350000 5.08207e-04 -4.29096e-03 0.00000e+00
27.360000 4.56215e-04 -4.34366e-03 0.00000e+00
27.370000 4.10293e-04 -4.42725e-03 0.00000e+00
27.380000 3.68627e-04 -4.42166e-03 0.00000e+00
27.390000 3.15504e-04 -4.47522e-03 0.00000e+00
27.400000 2.42513e-04 -4.58640e-03 0.00000e+00
27.410000 1.83628e-04 -4.61072e-03 0.00000e+00
27.420000 1.61869e-04 -4.59233e-03 0.00000e+00
27.430000 1.16441e-04 -4.57347e-03 0.00000e+00
27.440000 6.88686e-05 -4.51004e-03 0.00000e+00
27.450000 2.63164e-05 -4.47919e-03 0.00000e+00
27.460000 -1.92085e-05 -4.45497e-03 0.00000e+00
27.470000 -6.15080e-05 -4.26516e-03 0.00000e+00
27.480000 -7.11395e-05 -3.94851e-03 0.00000e+00
27.490000 -1.14927e-04 -3.58847e-03 0.00000e+00
27.500000 -1.48483e-04 -3.31621e-03 0.00000e+00
27.510000 -1.56393e-04 -3.18866e-03 0.00000e+00
27.520000 -2.04291e-04 -3.08315e-03 0.00000e+00
27.530000 -2.56312e-04 -2.98612e-03 0.00000e+00
27.540000 -2.83264e-04 -2.97254e-03 0.00000e+00
27.550000 -3.18243e-04 -2.98425e-03 0.00000e+00
27.560000 -3.65036e-04 -3.00177e-03 0.00000e+00
27.570000 -3.71388e-04 -3.07496e-03 0.00000e+00
27.580000 -4.06373e-04 -3.12329e-03 0.00000e+00
27.590000 -4.40621e-04 -3.06092e-03 0.00000e+00
27.600000 -4.72321e-04 -2.98974e-03 0.00000e+00
27.610000 -4.92563e-04 -3.01295e-03 0.00000e+00
27.620000 -5.30184e-04 -3.09778e-03 0.00000e+00
27.630000 -5.23471e-04 -3.20337e-03 0.00000e+00
27.640000 -5.29817e-04 -3.31706e-03 0.00000e+00
27.650000 -5.64120e-04 -3.32515e-03 0.00000e+00
27.660000 -6.18264e-04 -3.38500e-03 0.00000e+00
27.670000 -6.68632e-04 -3.55023e-03 0.00000e+00
27.680000 -7.08583e-04 -3.48938e-03 0.00000e+00
27.690000 -7.48758e-04 -3.38038e-03 0.00000e+00
27.700000 -8.08938e-04 -3.44221e-03 0.00000e+00
27.710000 -8.51458e-04 -3.47654e-03 0.00000e+00
27.720000 -8.67214e-04 -3.45568e-03 0.00000e+00
27.730000 -8.85143e-04 -3.41933e-03 0.00000e+00
27.740000 -8.99609e-04 -3.18303e-03 0.00000e+00
27.750000 -9.24605e-04 -2.93692e-03 0.00000e+00
27.760000 -9.69911e-04 -2.79846e-03 0.00000e+00
27.770000 -1.00949e-03 -2.59470e-03 0.00000e+00
27.780000 -1.05245e-03 -2.32631e-03 0.00000e+00
27.790000 -1.08078e-03 -2.06864e-03 0.00000e+00
27.800000 -1.09721e-03 -1.68108e-03 0.00000e+00
27.810000 -1.11325e-03 -1.06769e-03 0.00000e+00
27.820000 -1.12293e-03 -4.75950e-04 0.00000e+00
27.830000 -1.14498e-03 -3.40281e-05 0.00000e+00
27.840000 -1.11599e-03 4.05378e-04 0.00000e+00
27.850000 -1.08915e-03 8.87512e-04 0.00000e+00
27.860000 -1.10472e-03 1.39235e-03 0.00000e+00
27.870000 -1.09719e-03 1.83717e-03 0.00000e+00
27.880000 -1.06562e-03 2.20525e-03 0.00000e+00
27.890000 -1.03296e-03 2.67331e-03 0.00000e+00
27.900000 -9.83834e-04 3.25041e-03 0.00000e+00
27.910000 -9.52560e-04 3.84500e-03 0.00000e+00
27.920000 -9.49931e-04 4.42140e-03 0.00000e+00
27.930000 -8.92520e-04 4.88374e-03 0.00000e+00
27.940000 -8.42585e-04 5.25491e-03 0.00000e+00
27.950000 -7.86581e-04 5.50661e-03 0.00000e+00
27.960000 -7.26056e-04 5.66418e-03 0.00000e+00
27.970000 -6.40363e-04 5.86212e-03 0.00000e+00
27.980000 -5.78248e-04 5.98118e-03 0.00000e+00
27.990000 -5.30897e-04 6.08189e-03 0.00000e+00
28.000000 -4.74251e-04 6.14031e-03 0.00000e+00
28.010000 -3.90385e-04 6.27351e-03 0.00000e+00
28.020000 -3.42534e-04 6.46262e-03 0.00000e+00
28.030000 -2.64300e-04 6.46508e-03 0.00000e+00
28.040000 -2.17866e-04 6.35542e-03 0.00000e+00
28.050000 -1.37888e-04 6.26443e-03 0.00000e+00
28.060000 -6.72880e-05 6.18804e-03 0.00000e+00
28.070000 6.19138e-06 6.15035e-03 0.00000e+00
28.080000 4.77395e-05 6.03373e-03 0.00000e+00
28.090000 1.06255e-04 5.65940e-03 0.00000e+00
28.100000 1.33915e-04 5.31913e-03 0.00000e+00
28.110000 1.89294e-04 5.06104e-03 0.00000e+00
28.120000 2.08963e-04 4.70121e-03 0.00000e+00
28.130000 2.83625e-04 4.32169e-03 0.00000e+00
28.140000 3.24593e-04 4.03818e-03 0.00000e+00
28.150000 3.75578e-04 3.79733e-03 0.00000e+00
28.160000 4.36596e-04 3.44139e-03 0.00000e+00
28.170000 4.75580e-04 2.99669e-03 0.00000e+00
28.180000 5.16412e-04 2.71261e-03 0.00000e+00
28.190000 5.20728e-04 2.49161e-03 0.00000e+00
28.200000 5.51288e-04 2.25180e-03 0.00000e+00
28.210000 5.64978e-04 1.98997e-03 0.00000e+00
28.220000 5.86028e-04 1.71353e-03 0.00000e+00
28.230000 5.97766e-04 1.52831e-03 0.00000e+00
28.240000 6.04845e-04 1.42767e-03 0.00000e+00
28.250000 5.84082e-04 1.30887e-03 0.00000e+00
28.260000 5.93751e-04 1.18133e-03 0.00000e+00
28.270000 6.14132e-04 1.03056e-03 0.00000e+00
28.280000 6.02506e-04 8.26538e-04 0.00000e+00
28.290000 6.06398e-04 5.80990e-04 0.00000e+00
28.300000 6.25049e-04 4.76151e-04 0.00000e+00
28.310000 6.42073e-04 5.49646e-04 0.00000e+00
28.320000 6.46247e-04 5.99737e-04 0.00000e+00
28.330000 6.47575e-04 7.60811e-04 0.00000e+00
28.340000 6.66035e-04 8.92718e-04 0.00000e+00
28.350000 7.04928e-04 9.81269e-04 0.00000e+00
28.360000 6.93810e-04 1.00765e-03 0.00000e+00
28.370000 6.99865e-04 1.03876e-03 0.00000e+00
28.380000 6.93103e-04 1.05527e-03 0.00000e+00
28.390000 7.12833e-04 9.73485e-04 0.00000e+00
28.400000 7.26135e-04 9.15093e-04 0.00000e+00
28.410000 7.47673e-04 8.75298e-04 0.00000e+00
28.420000 7.36339e-04 7.32398e-04 0.00000e+00
28.430000 7.50871e-04 5.53398e-04 0.00000e+00
28.440000 7.36366e-04 4.60514e-04 0.00000e+00
28.450000 7.52870e-04 2.42459e-04 0.00000e+00
28.460000 7.68483e-04 -2.34230e-05 0.00000e+00
28.470000 8.12233e-04 -1.75431e-04 0.00000e+00
28.480000 7.99750e-04 -3.25360e-04 0.00000e+00
28.490000 7.96060e-04 -5.42889e-04 0.00000e+00
28.500000 7.78940e-04 -8.24170e-04 0.00000e+00
28.510000 7.49071e-04 -1.10900e-03 0.00000e+00
28.520000 7.39702e-04 -1.31551e-03 0.00000e+00
28.530000 7.15570e-04 -1.54778e-03 0.00000e+00
28.540000 7.00165e-04 -1.89513e-03 0.00000e+00
28.550000 6.54492e-04 -2.25112e-03 0.00000e+00
28.560000 6.45410e-04 -2.50812e-03 0.00000e+00
28.570000 6.33154e-04 -2.72146e-03 0.00000e+00
28.580000 6.10876e-04 -2.99415e-03 0.00000e+00
28.590000 5.68265e-04 -3.30834e-03 0.00000e+00
28.600000 5.43522e-04 -3.58179e-03 0.00000e+00
28.610000 4.98440e-04 -3.86673e-03 0.00000e+00
28.620000 4.57764e-04 -4.14009e-03 0.00000e+00
28.630000 4.38173e-04 -4.34337e-03 0.00000e+00
28.640000 3.90350e-04 -4.44269e-03 0.00000e+00
28.650000 3.31923e-04 -4.52455e-03 0.00000e+00
28.660000 2.82363e-04 -4.68811e-03 0.00000e+00
28.670000 2.29534e-04 -4.80423e-03 0.00000e+00
28.680000 1.81271e-04 -4.90452e-03 0.00000e+00
28.690000 1.34418e-04 -5.00132e-03 0.00000e+00
28.700000 8.78434e-05 -5.09387e-03 0.00000e+00
28.710000 2.53067e-05 -5.19025e-03 0.00000e+00
28.720000 -5.49782e-06 -5.31647e-03 0.00000e+00
28.730000 -6.41767e-05 -5.39164e-03 0.00000e+00
28.740000 -1.32373e-04 -5.32045e-03 0.00000e+00
28.750000 -1.95301e-04 -5.21892e-03 0.00000e+00
28.760000 -2.28117e-04 -5.16371e-03 0.00000e+00
28.770000 -2.85709e-04 -5.08283e-03 0.00000e+00
28.780000 -3.38579e-04 -5.02820e-03 0.00000e+00
28.790000 -3.89753e-04 -4.94809e-03 0.00000e+00
28.800000 -4.38762e-04 -4.65225e-03 0.00000e+00
28.810000 -4.76290e-04 -4.35449e-03 0.00000e+00
28.820000 -5.17018e-04 -4.20881e-03 0.00000e+00
28.830000 -5.58882e-04 -4.04490e-03 0.00000e+00
28.840000 -5.84794e-04 -3.81171e-03 0.00000e+00
28.850000 -6.34368e-04 -3.54853e-03 0.00000e+00
28.860000 -6.82681e-04 -3.24698e-03 0.00000e+00
28.870000 -7.17949e-04 -2.87305e-03 0.00000e+00
28.880000 -7.46894e-04 -2.58659e-03 0.00000e+00
28.890000 -7.65221e-04 -2.21818e-03 0.00000e+00
28.900000 -7.80061e-04 -1.73296e-03 0.00000e+00
28.910000 -7.93827e-04 -1.42176e-03 0.00000e+00
28.920000 -8.16356e-04 -1.15869e-03 0.00000e+00
28.930000 -8.28450e-04 -7.92704e-04 0.00000e+00
28.940000 -8.34607e-04 -3.70156e-04 0.00000e+00
28.950000 -8.37562e-04 -1.38337e-05 0.00000e+00
28.960000 -8.05467e-04 3.19216e-04 0.00000e+00
28.970000 -8.06011e-04 6.51899e-04 0.00000e+00
28.980000 -8.25717e-04 9.89813e-04 0.00000e+00
28.990000 -8.15630e-04 1.38371e-03 0.00000e+00
29.000000 -7.83733e-04 1.76700e-03 0.00000e+00
29.010000 -7.63127e-04 2.13292e-03 0.00000e+00
29.020000 -7.38623e-04 2.41961e-03 0.00000e+00
29.030000 -7.13314e-04 2.55663e-03 0.00000e+00
29.040000 -6.83274e-04 2.66346e-03 0.00000e+00
29.050000 -6.75523e-04 2.74672e-03 0.00000e+00
29.060000 -6.07669e-04 2.79480e-03 0.00000e+00
29.070000 -6.07795e-04 2.86041e-03 0.00000e+00
29.080000 -5.82924e-04 2.93172e-03 0.00000e+00
29.090000 -5.39167e-04 2.92274e-03 0.00000e+00
29.100000 -4.95757e-04 2.89629e-03 0.00000e+00
29.110000 -4.61600e-04 2.89088e-03 0.00000e+00
29.120000 -4.37516e-04 2.92075e-03 0.00000e+00
29.130000 -3.97691e-04 3.11485e-03 0.00000e+00
29.140000 -3.63940e-04 3.24905e-03 0.00000e+00
29.150000 -3.28242e-04 3.17306e-03 0.00000e+00
29.160000 -2.91914e-04 3.08960e-03 0.00000e+00
29.170000 -2.85792e-04 3.10595e-03 0.00000e+00
29.180000 -2.69251e-04 3.08369e-03 0.00000e+00
29.190000 -2.63763e-04 3.01717e-03 0.00000e+00
29.200000 -2.41459e-04 2.96733e-03 0.00000e+00
29.210000 -2.14368e-04 2.91648e-03 0.00000e+00
29.220000 -1.89111e-04 2.83349e-03 0.00000e+00
29.230000 -1.52752e-04 2.87268e-03 0.00000e+00
29.240000 -1.08083e-04 2.85224e-03 0.00000e+00
29.250000 -7.49167e-05 2.69325e-03 0.00000e+00
29.260000 -3.82434e-05 2.71114e-03 0.00000e+00
29.270000 1.40045e-05 2.77316e-03 0.00000e+00
29.280000 4.97428e-05 2.85587e-03 0.00000e+00
29.290000 9.77598e-05 2.87610e-03 0.00000e+00
29.300000 1.14050e-04 2.84391e-03 0.00000e+00
29.310000 1.06993e-04 2.83649e-03 0.00000e+00
29.320000 1.36233e-04 2.80030e-03 0.00000e+00
29.330000 1.56298e-04 2.76662e-03 0.00000e+00
29.340000 1.76912e-04 2.65754e-03 0.00000e+00
29.350000 1.84728e-04 2.48398e-03 0.00000e+00
29.360000 2.26376e-04 2.30830e-03 0.00000e+00
29.370000 2.44943e-04 2.14650e-03 0.00000e+00
29.380000 2.81390e-04 2.02816e-03 0.00000e+00
29.390000 3.05152e-04 1.91462e-03 0.00000e+00
29.400000 3.36304e-04 1.84383e-03 0.00000e+00
29.410000 3.37333e-04 1.86240e-03 0.00000e+00
29.420000 3.88833e-04 1.88116e-03 0.00000e+00
29.430000 4.10477e-04 1.91467e-03 0.00000e+00
29.440000 4.19713e-04 2.05778e-03 0.00000e+00
29.450000 4.38239e-04 2.19439e-03 0.00000e+00
29.460000 4.25774e-04 2.40218e-03 0.00000e+00
29.470000 4.45501e-04 2.61419e-03 0.00000e+00
29.480000 4.57044e-04 2.61533e-03 0.00000e+00
29.490000 4.74914e-04 2.62686e-03 0.00000e+00
29.500000 4.98549e-04 2.67953e-03 0.00000e+00
29.510000 5.23714e-04 2.66522e-03 0.00000e+00
29.520000 5.57603e-04 2.57074e-03 0.00000e+00
29.530000 5.93438e-04 2.57745e-03 0.00000e+00
29.540000 6.25931e-04 2.61990e-03 0.00000e+00
29.550000 6.58707e-04 2.58665e-03 0.00000e+00
29.560000 6.93461e-04 2.53618e-03 0.00000e+00
29.570000 7.32089e-04 2.41487e-03 0.00000e+00
29.580000 7.63151e-04 2.25901e-03 0.00000e+00
29.590000 7.88130e-04 2.16016e-03 0.00000e+00
29.600000 8.25948e-04 2.09685e-03 0.00000e+00
29.610000 8.44896e-04 1.91339e-03 0.00000e+00
29.620000 8.57158e-04 1.63965e-03 0.00000e+00
29.630000 8.85491e-04 1.28774e-03 0.00000e+00
29.640000 8.64530e-04 8.71506e-04 0.00000e+00
29.650000 8.64548e-04 4.78683e-04 0.00000e+00
29.660000 8.69675e-04 1.00303e-04 0.00000e+00
29.670000 8.57433e-04 -3.09404e-04 0.00000e+00
29.680000 8.53368e-04 -7.63871e-04 0.00000e+00
29.690000 8.49856e-04 -1.19400e-03 0.00000e+00
29.700000 8.57762e-04 -1.57730e-03 0.00000e+00
29.710000 8.13045e-04 -1.94833e-03 0.00000e+00
29.720000 7.96312e-04 -2.35272e-03 0.00000e+00
29.730000 7.63560e-04 -2.74252e-03 0.00000e+00
29.740000 7.45287e-04 -3.05093e-03 0.00000e+00
29.750000 7.29290e-04 -3.40688e-03 0.00000e+00
29.760000 6.90458e-04 -3.73232e-03 0.00000e+00
29.770000 6.49151e-04 -3.93792e-03 0.00000e+00
29.780000 5.97817e-04 -4.18901e-03 0.00000e+00
29.790000 5.50133e-04 -4.42342e-03 0.00000e+00
29.800000 5.14758e-04 -4.48800e-03 0.00000e+00
29.810000 4.58111e-04 -4.67452e-03 0.00000e+00
29.820000 4.28491e-04 -4.93915e-03 0.00000e+00
29.830000 3.64701e-04 -5.04700e-03 0.00000e+00
29.840000 3.06291e-04 -5.15517e-03 0.00000e+00
29.850000 2.49696e-04 -5.26602e-03 0.00000e+00
29.860000 2.08696e-04 -5.36853e-03 0.00000e+00
29.870000 1.47127e-04 -5.33446e-03 0.00000e+00
29.880000 9.43823e-05 -5.26563e-03 0.00000e+00
29.890000 2.67861e-05 -5.27814e-03 0.00000e+00
29.900000 -8.47539e-06 -5.25869e-03 0.00000e+00
29.910000 -6.94093e-05 -5.16832e-03 0.00000e+00
29.920000 -1.23209e-04 -4.96657e-03 0.00000e+00
29.930000 -1.46470e-04 -4.76777e-03 0.00000e+00
29.940000 -2.03919e-04 -4.52549e-03 0.00000e+00
29.950000 -2.55007e-04 -4.29271e-03 0.00000e+00
29.960000 -2.71844e-04 -4.13185e-03 0.00000e+00
29.970000 -3.28028e-04 -3.89998e-03 0.00000e+00
29.980000 -3.94269e-04 -3.64931e-03 0.00000e+00
29.990000 -4.09329e-04 -3.31746e-03 0.00000e+00
30.000000 -4.47258e-04 -2.97997e-03 0.00000e+00
30.010000 -4.87718e-04 -2.75542e-03 0.00000e+00
30.020000 -5.15521e-04 -2.53087e-03 0.00000e+00
30.030000 -5.40044e-04 -2.27424e-03 0.00000e+00
30.040000 -5.31074e-04 -2.03946e-03 0.00000e+00
30.050000 -5.68475e-04 -1.78284e-03 0.00000e+00
30.060000 -5.87933e-04 -1.54846e-03 0.00000e+00
30.070000 -5.91744e-04 -1.25283e-03 0.00000e+00
30.080000 -5.87772e-04 -9.11457e-04 0.00000e+00
30.090000 -5.96367e-04 -6.99563e-04 0.00000e+00
30.100000 -5.97629e-04 -4.04879e-04 0.00000e+00
30.110000 -5.96090e-04 -1.77241e-04 0.00000e+00
30.120000 -6.23090e-04 -4.08572e-05 0.00000e+00
30.130000 -6.19609e-04 2.73025e-04 0.00000e+00
30.140000 -6.07645e-04 5.02854e-04 0.00000e+00
30.150000 -6.03943e-04 4.86474e-04 0.00000e+00
30.160000 -5.93280e-04 5.99263e-04 0.00000e+00
30.170000 -6.10357e-04 7.67557e-04 0.00000e+00
30.180000 -6.03377e-04 8.33088e-04 0.00000e+00
30.190000 -5.94139e-04 9.16949e-04 0.00000e+00
30.200000 -5.77322e-04 9.07600e-04 0.00000e+00
30.210000 -5.58978e-04 9.65802e-04 0.00000e+00
30.220000 -5.27483e-04 1.04240e-03 0.00000e+00
30.230000 -5.26717e-04 9.99319e-04 0.00000e+00
30.240000 -4.93908e-04 1.00089e-03 0.00000e+00
30.250000 -5.10045e-04 1.02380e-03 0.00000e+00
30.260000 -5.02252e-04 1.00951e-03 0.00000e+00
30.270000 -4.90158e-04 9.92511e-04 0.00000e+00
30.280000 -4.93166e-04 9.94045e-04 0.00000e+00
30.290000 -4.58768e-04 8.39583e-04 0.00000e+00
30.300000 -4.54540e-04 6.55731e-04 0.00000e+00
30.310000 -4.76409e-04 6.03354e-04 0.00000e+00
30.320000 -4.54321e-04 5.81676e-04 0.00000e+00
30.330000 -4.26981e-04 5.04243e-04 0.00000e+00
30.340000 -4.41018e-04 3.52833e-04 0.00000e+00
30.350000 -4.27250e-04 2.12545e-04 0.00000e+00
30.360000 -4.37086e-04 1.23867e-04 0.00000e+00
30.370000 -4.45743e-04 7.93256e-05 0.00000e+00
30.380000 -4.15100e-04 7.95488e-05 0.00000e+00
30.390000 -4.24991e-04 1.80183e-04 0.00000e+00
30.400000 -4.24072e-04 2.82439e-04 0.00000e+00
30.410000 -4.24377e-04 4.25936e-04 0.00000e+00
30.420000 -4.27301e-04 5.60581e-04 0.00000e+00
30.430000 -4.22922e-04 6.00592e-04 0.00000e+00
30.440000 -4.17841e-04 7.22581e-04 0.00000e+00
30.450000 -4.23869e-04 9.13103e-04 0.00000e+00
30.460000 -4.25551e-04 1.22712e-03 0.00000e+00
30.470000 -3.90658e-04 1.54906e-03 0.00000e+00
30.480000 -3.78960e-04 1.71101e-03 0.00000e+00
30.490000 -3.64443e-04 1.93531e-03 0.00000e+00
30.500000 -3.64371e-04 2.33871e-03 0.00000e+00
30.510000 -3.20618e-04 2.71396e-03 0.00000e+00
30.520000 -2.98710e-04 3.03792e-03 0.00000e+00
30.530000 -2.57291e-04 3.30948e-03 0.00000e+00
30.540000 -2.23008e-04 3.50332e-03 0.00000e+00
30.550000 -1.75426e-04 3.93703e-03 0.00000e+00
30.560000 -1.32046e-04 4.46713e-03 0.00000e+00
30.570000 -9.29955e-05 4.80880e-03 0.00000e+00
30.580000 -4.63691e-05 5.04298e-03 0.00000e+00
30.590000 -6.05970e-06 5.21661e-03 0.00000e+00
30.600000 4.44427e-05 5.40306e-03 0.00000e+00
30.610000 1.18390e-04 5.56856e-03 0.00000e+00
30.620000 1.78472e-04 5.58071e-03 0.00000e+00
30.630000 2.27656e-04 5.47974e-03 0.00000e+00
30.640000 2.63710e-04 5.47042e-03 0.00000e+00
30.650000 3.29570e-04 5.41579e-03 0.00000e+00
30.660000 3.95088e-04 5.19255e-03 0.00000e+00
30.670000 4.57420e-04 4.84531e-03 0.00000e+00
30.680000 5.00494e-04 4.54109e-03 0.00000e+00
30.690000 5.46402e-04 4.22712e-03 0.00000e+00
30.700000 5.96714e-04 3.77617e-03 0.00000e+00
30.710000 6.70197e-04 3.32038e-03 0.00000e+00
30.720000 7.34555e-04 2.91662e-03 0.00000e+00
30.730000 7.28737e-04 2.51432e-03 0.00000e+00
30.740000 7.22114e-04 2.07093e-03 0.00000e+00
30.750000 7.37760e-04 1.61507e-03 0.00000e+00
30.760000 7.58183e-04 1.08549e-03 0.00000e+00
30.770000 7.69143e-04 5.78857e-04 0.00000e+00
30.780000 7.53162e-04 2.03230e-04 0.00000e+00
30.790000 7.39965e-04 -1.80188e-04 0.00000e+00
30.800000 7.42137e-04 -6.40870e-04 0.00000e+00
30.810000 7.32991e-04 -1.17759e-03 0.00000e+00
30.820000 6.91304e-04 -1.66282e-03 0.00000e+00
30.830000 6.76148e-04 -1.98627e-03 0.00000e+00
30.840000 6.54438e-04 -2.24201e-03 0.00000e+00
30.850000 6.47896e-04 -2.49333e-03 0.00000e+00
30.860000 5.98908e-04 -2.76998e-03 0.00000e+00
30.870000 5.86228e-04 -2.97742e-03 0.00000e+00
30.880000 5.75199e-04 -2.98113e-03 0.00000e+00
30.890000 5.62204e-04 -2.80608e-03 0.00000e+00
30.900000 5.17803e-04 -2.80277e-03 0.00000e+00
30.910000 4.96235e-04 -3.04196e-03 0.00000e+00
30.920000 4.45903e-04 -3.17250e-03 0.00000e+00
30.930000 4.16774e-04 -3.15452e-03 0.00000e+00
30.940000 3.90976e-04 -3.14777e-03 0.00000e+00
30.950000 3.48943e-04 -3.17548e-03 0.00000e+00
30.960000 2.91574e-04 -3.17253e-03 0.00000e+00
30.970000 2.65755e-04 -3.04927e-03 0.00000e+00
30.980000 2.29023e-04 -2.91157e-03 0.00000e+00
30.990000 2.26045e-04 -2.90856e-03 0.00000e+00
31.000000 1.99512e-04 -2.94351e-03 0.00000e+00
31.010000 1.75640e-04 -2.96564e-03 0.00000e+00
31.020000 1.41335e-04 -2.88328e-03 0.00000e+00
31.030000 1.18426e-04 -2.84564e-03 0.00000e+00
31.040000 1.05117e-04 -2.80854e-03 0.00000e+00
31.050000 8.75885e-05 -2.55617e-03 0.00000e+00
31.060000 4.07298e-05 -2.29065e-03 0.00000e+00
31.070000 -1.32967e-05 -2.21228e-03 0.00000e+00
31.080000 -3.47397e-05 -2.11549e-03 0.00000e+00
31.090000 -2.94135e-05 -1.97662e-03 0.00000e+00
31.100000 -6.16744e-05 -1.92360e-03 0.00000e+00
31.110000 -7.70376e-05 -1.78795e-03 0.00000e+00
31.120000 -8.23479e-05 -1.77911e-03 0.00000e+00
31.130000 -9.20959e-05 -1.92342e-03 0.00000e+00
31.140000 -1.20629e-04 -1.96940e-03 0.00000e+00
31.150000 -1.61179e-04 -1.98752e-03 0.00000e+00
31.160000 -1.85249e-04 -1.97287e-03 0.00000e+00
31.170000 -2.00751e-04 -1.89671e-03 0.00000e+00
31.180000 -2.08022e-04 -1.89784e-03 0.00000e+00
31.190000 -1.96584e-04 -1.98174e-03 0.00000e+00
31.200000 -2.26747e-04 -2.07365e-03 0.00000e+00
31.210000 -2.10379e-04 -2.02397e-03 0.00000e+00
31.220000 -2.39512e-04 -1.85444e-03 0.00000e+00
31.230000 -2.82456e-04 -1.82037e-03 0.00000e+00
31.240000 -3.18977e-04 -1.97264e-03 0.00000e+00
31.250000 -3.06740e-04 -2.10886e-03 0.00000e+00
31.260000 -3.59375e-04 -2.07675e-03 0.00000e+00
31.270000 -3.81179e-04 -2.06877e-03 0.00000e+00
31.280000 -4.14186e-04 -2.14939e-03 0.00000e+00
31.290000 -4.61012e-04 -2.11607e-03 0.00000e+00
31.300000 -4.55566e-04 -2.02565e-03 0.00000e+00
31.310000 -4.66614e-04 -2.02774e-03 0.00000e+00
31.320000 -4.97843e-04 -2.17847e-03 0.00000e+00
31.330000 -5.09209e-04 -2.33298e-03 0.00000e+00
31.340000 -5.34119e-04 -2.37510e-03 0.00000e+00
31.350000 -5.61894e-04 -2.31403e-03 0.00000e+00
31.360000 -5.71346e-04 -2.12174e-03 0.00000e+00
31.370000 -5.65288e-04 -1.96023e-03 0.00000e+00
31.380000 -5.62014e-04 -1.76503e-03 0.00000e+00
31.390000 -5.93996e-04 -1.52762e-03 0.00000e+00
31.400000 -6.43618e-04 -1.41363e-03 0.00000e+00
31.410000 -6.57357e-04 -1.31212e-03 0.00000e+00
31.420000 -6.70298e-04 -1.08499e-03 0.00000e+00
31.430000 -6.75476e-04 -8.51916e-04 0.00000e+00
31.440000 -7.06658e-04 -7.06028e-04 0.00000e+00
31.450000 -7.05650e-04 -5.18327e-04 0.00000e+00
31.460000 -7.10479e-04 -3.64141e-04 0.00000e+00
31.470000 -7.27924e-04 -1.30576e-04 0.00000e+00
31.480000 -7.46096e-04 2.35052e-04 0.00000e+00
31.490000 -7.36730e-04 5.35201e-04 0.00000e+00
31.500000 -7.07260e-04 7.89843e-04 0.00000e+00
31.510000 -6.77928e-04 1.15149e-03 0.00000e+00
31.520000 -6.58005e-04 1.51911e-03 0.00000e+00
31.530000 -6.40786e-04 1.85564e-03 0.00000e+00
31.540000 -6.34175e-04 2.30527e-03 0.00000e+00
31.550000 -6.05065e-04 2.78442e-03 0.00000e+00
31.560000 -5.88983e-04 3.13443e-03 0.00000e+00
31.570000 -5.56538e-04 3.28264e-03 0.00000e+00
31.580000 -5.27806e-04 3.45167e-03 0.00000e+00
31.590000 -4.91421e-04 3.70965e-03 0.00000e+00
31.600000 -4.53846e-04 3.89758e-03 0.00000e+00
31.610000 -4.19602e-04 3.94786e-03 0.00000e+00
31.620000 -3.65968e-04 3.99431e-03 0.00000e+00
31.630000 -3.22846e-04 4.10496e-03 0.00000e+00
31.640000 -2.72559e-04 4.14851e-03 0.00000e+00
31.650000 -2.21869e-04 4.10686e-03 0.00000e+00
31.660000 -1.83447e-04 4.02990e-03 0.00000e+00
31.670000 -1.28369e-04 4.04112e-03 0.00000e+00
31.680000 -6.11984e-05 4.08448e-03 0.00000e+00
31.690000 -4.45259e-05 4.07466e-03 0.00000e+00
31.700000 -4.41677e-06 4.02609e-03 0.00000e+00
31.710000 3.11341e-05 3.86945e-03 0.00000e+00
31.720000 4.60396e-05 3.68670e-03 0.00000e+00
31.730000 7.52133e-05 3.54625e-03 0.00000e+00
31.740000 1.03203e-04 3.37733e-03 0.00000e+00
31.750000 1.54999e-04 3.18699e-03 0.00000e+00
31.760000 1.67111e-04 2.98054e-03 0.00000e+00
31.770000 1.89192e-04 2.77776e-03 0.00000e+00
31.780000 2.21095e-04 2.56516e-03 0.00000e+00
31.790000 2.71791e-04 2.39955e-03 0.00000e+00
31.800000 2.93813e-04 2.22602e-03 0.00000e+00
31.810000 3.21597e-04 1.99183e-03 0.00000e+00
31.820000 3.32018e-04 1.86679e-03 0.00000e+00
31.830000 3.53666e-04 1.75025e-03 0.00000e+00
31.840000 3.76759e-04 1.58214e-03 0.00000e+00
31.850000 3.84250e-04 1.53876e-03 0.00000e+00
31.860000 3.97839e-04 1.43042e-03 0.00000e+00
31.870000 4.06734e-04 1.22650e-03 0.00000e+00
31.880000 4.08347e-04 1.07148e-03 0.00000e+00
31.890000 4.33586e-04 8.26486e-04 0.00000e+00
31.900000 4.41823e-04 6.05576e-04 0.00000e+00
31.910000 4.39733e-04 5.06039e-04 0.00000e+00
31.920000 4.45482e-04 5.44438e-04 0.00000e+00
31.930000 4.50622e-04 5.78720e-04 0.00000e+00
31.940000 4.56692e-04 4.69852e-04 0.00000e+00
31.950000 4.60431e-04 3.85449e-04 0.00000e+00
31.960000 4.61447e-04 4.54236e-04 0.00000e+00
31.970000 4.52582e-04 5.11856e-04 0.00000e+00
31.980000 4.64035e-04 5.33350e-04 0.00000e+00
31.990000 4.85961e-04 5.90407e-04 0.00000e+00
32.000000 4.61351e-04 5.87433e-04 0.00000e+00
32.010000 4.68163e-04 6.40897e-04 0.00000e+00
32.020000 4.75578e-04 7.19771e-04 0.00000e+00
32.030000 4.65288e-04 7.52222e-04 0.00000e+00
32.040000 4.74778e-04 7.15362e-04 0.00000e+00
32.050000 4.87747e-04 6.02883e-04 0.00000e+00
32.060000 5.03097e-04 5.92832e-04 0.00000e+00
32.070000 5.47255e-04 6.24593e-04 0.00000e+00
32.080000 5.59135e-04 5.44370e-04 0.00000e+00
32.090000 5.69749e-04 4.28208e-04 0.00000e+00
32.100000 5.45722e-04 2.79237e-04 0.00000e+00
32.110000 5.43179e-04 8.76442e-05 0.00000e+00
32.120000 5.54683e-04 -1.11691e-04 0.00000e+00
32.130000 5.65547e-04 -3.03932e-04 0.00000e+00
32.140000 5.44352e-04 -5.62659e-04 0.00000e+00
32.150000 5.60353e-04 -8.70014e-04 0.00000e+00
32.160000 5.40313e-04 -1.07647e-03 0.00000e+00
32.170000 5.27658e-04 -1.28392e-03 0.00000e+00
32.180000 5.25817e-04 -1.55438e-03 0.00000e+00
32.190000 4.98442e-04 -1.77474e-03 0.00000e+00
32.200000 4.63622e-04 -2.07316e-03 0.00000e+00
32.210000 4.34355e-04 -2.37697e-03 0.00000e+00
32.220000 4.22354e-04 -2.58763e-03 0.00000e+00
32.230000 4.10734e-04 -2.79551e-03 0.00000e+00
32.240000 3.60537e-04 -2.88333e-03 0.00000e+00
32.250000 3.24924e-04 -2.86544e-03 0.00000e+00
32.260000 2.85018e-04 -2.88129e-03 0.00000e+00
32.270000 2.47636e-04 -3.03460e-03 0.00000e+00
32.280000 2.17333e-04 -3.24496e-03 0.00000e+00
32.290000 1.92716e-04 -3.34366e-03 0.00000e+00
32.300000 1.59658e-04 -3.35358e-03 0.00000e+00
32.310000 1.19316e-04 -3.40647e-03 0.00000e+00
32.320000 9.47732e-05 -3.41894e-03 0.00000e+00
32.330000 8.37167e-05 -3.43348e-03 0.00000e+00
32.340000 4.87677e-05 -3.51590e-03 0.00000e+00
32.350000 1.52669e-06 -3.49212e-03 0.00000e+00
32.360000 -3.06841e-05 -3.52780e-03 0.00000e+00
32.370000 -7.63971e-05 -3.64744e-03 0.00000e+00
32.380000 -9.04694e-05 -3.72972e-03 0.00000e+00
32.390000 -1.30299e-04 -3.70103e-03 0.00000e+00
32.400000 -1.59808e-04 -3.53902e-03 0.00000e+00
32.410000 -1.85153e-04 -3.47507e-03 0.00000e+00
32.420000 -2.21413e-04 -3.52579e-03 0.00000e+00
32.430000 -2.81517e-04 -3.52595e-03 0.00000e+00
32.440000 -3.27120e-04 -3.51253e-03 0.00000e+00
32.450000 -3.55534e-04 -3.44187e-03 0.00000e+00
32.460000 -3.82791e-04 -3.27148e-03 0.00000e+00
32.470000 -4.16800e-04 -3.06772e-03 0.00000e+00
32.480000 -4.55512e-04 -2.90597e-03 0.00000e+00
32.490000 -4.88823e-04 -2.73694e-03 0.00000e+00
32.500000 -5.30895e-04 -2.39977e-03 0.00000e+00
32.510000 -5.48019e-04 -2.01311e-03 0.00000e+00
32.520000 -5.71299e-04 -1.79104e-03 0.00000e+00
32.530000 -6.04301e-04 -1.59501e-03 0.00000e+00
32.540000 -5.96333e-04 -1.37714e-03 0.00000e+00
32.550000 -6.03782e-04 -1.10346e-03 0.00000e+00
32.560000 -5.97990e-04 -8.63233e-04 0.00000e+00
32.570000 -6.16952e-04 -6.87608e-04 0.00000e+00
32.580000 -6.38404e-04 -4.09628e-04 0.00000e+00
32.590000 -6.36989e-04 -1.08352e-04 0.00000e+00
32.600000 -6.16876e-04 1.20521e-04 0.00000e+00
32.610000 -6.13616e-04 2.54306e-04 0.00000e+00
32.620000 -5.85611e-04 4.09315e-04 0.00000e+00
32.630000 -5.82907e-04 5.74790e-04 0.00000e+00
32.640000 -5.73033e-04 6.73887e-04 0.00000e+00
32.650000 -5.76382e-04 7.46399e-04 0.00000e+00
32.660000 -5.53286e-04 8.31512e-04 0.00000e+00
32.670000 -5.40327e-04 8.85263e-04 0.00000e+00
32.680000 -5.53758e-04 9.70199e-04 0.00000e+00
32.690000 -5.69205e-04 1.05954e-03 0.00000e+00
32.700000 -5.43052e-04 1.06143e-03 0.00000e+00
32.710000 -5.42475e-04 1.17766e-03 0.00000e+00
32.720000 -5.23537e-04 1.37820e-03 0.00000e+00
32.730000 -5.30119e-04 1.57788e-03 0.00000e+00
32.740000 -4.84226e-04 1.74148e-03 0.00000e+00
32.750000 -4.66308e-04 1.76861e-03 0.00000e+00
32.760000 -4.45683e-04 1.83807e-03 0.00000e+00
32.770000 -4.43990e-04 1.99303e-03 0.00000e+00
32.780000 -4.34448e-04 2.13287e-03 0.00000e+00
32.790000 -4.14990e-04 2.35606e-03 0.00000e+00
32.800000 -3.95572e-04 2.58145e-03 0.00000e+00
32.810000 -3.66559e-04 2.74345e-03 0.00000e+00
32.820000 -3.20722e-04 2.95165e-03 0.00000e+00
32.830000 -2.90240e-04 3.18080e-03 0.00000e+00
32.840000 -2.54029e-04 3.35676e-03 0.00000e+00
32.850000 -2.20443e-04 3.38882e-03 0.00000e+00
32.860000 -1.91686e-04 3.34267e-03 0.00000e+00
32.870000 -1.47039e-04 3.39942e-03 0.00000e+00
32.880000 -9.60880e-05 3.43882e-03 0.00000e+00
32.890000 -7.61590e-05 3.32569e-03 0.00000e+00
32.900000 -4.09575e-05 3.18771e-03 0.00000e+00
32.910000 -2.55276e-05 3.14470e-03 0.00000e+00
32.920000 8.53900e-06 3.12112e-03 0.00000e+00
32.930000 5.06831e-05 2.98859e-03 0.00000e+00
32.940000 7.60108e-05 2.76551e-03 0.00000e+00
32.950000 1.16529e-04 2.47705e-03 0.00000e+00
32.960000 1.54039e-04 2.15959e-03 0.00000e+00
32.970000 1.65262e-04 1.88065e-03 0.00000e+00
32.980000 1.98608e-04 1.64790e-03 0.00000e+00
32.990000 2.15817e-04 1.45870e-03 0.00000e+00
33.000000 2.07358e-04 1.25765e-03 0.00000e+00
33.010000 2.06149e-04 9.95002e-04 0.00000e+00
33.020000 2.22215e-04 7.42136e-04 0.00000e+00
33.030000 2.38067e-04 4.79600e-04 0.00000e+00
33.040000 2.39500e-04 2.16933e-04 0.00000e+00
33.050000 2.18374e-04 6.21535e-05 0.00000e+00
33.060000 2.17786e-04 -2.65818e-05 0.00000e+00
33.070000 2.42206e-04 -8.21377e-05 0.00000e+00
33.080000 2.30955e-04 -1.09122e-04 0.00000e+00
33.090000 2.19563e-04 -1.48013e-04 0.00000e+00
33.100000 2.08229e-04 -6.90205e-05 0.00000e+00
33.110000 2.09492e-04 7.61073e-05 0.00000e+00
33.120000 2.09673e-04 2.98548e-04 0.00000e+00
33.130000 2.14538e-04 6.20224e-04 0.00000e+00
33.140000 2.34747e-04 8.93181e-04 0.00000e+00
33.150000 2.25306e-04 1.16023e-03 0.00000e+00
33.160000 2.25700e-04 1.43024e-03 0.00000e+00
33.170000 2.18017e-04 1.57531e-03 0.00000e+00
33.180000 2.27725e-04 1.63590e-03 0.00000e+00
33.190000 2.46420e-04 1.78735e-03 0.00000e+00
33.200000 2.67213e-04 2.00938e-03 0.00000e+00
33.210000 2.98709e-04 2.17547e-03 0.00000e+00
33.220000 3.53767e-04 2.13988e-03 0.00000e+00
33.230000 3.90844e-04 2.05908e-03 0.00000e+00
33.240000 4.20871e-04 2.17294e-03 0.00000e+00
33.250000 4.46172e-04 2.19150e-03 0.00000e+00
33.260000 4.72763e-04 2.09526e-03 0.00000e+00
33.270000 5.18295e-04 1.93043e-03 0.00000e+00
33.280000 5.38063e-04 1.71233e-03 0.00000e+00
33.290000 5.64291e-04 1.56816e-03 0.00000e+00
33.300000 5.59307e-04 1.38619e-03 0.00000e+00
33.310000 5.59442e-04 1.17267e-03 0.00000e+00
33.320000 5.49932e-04 8.83051e-04 0.00000e+00
33.330000 5.45793e-04 4.98087e-04 0.00000e+00
33.340000 5.39038e-04 8.87655e-06 0.00000e+00
33.350000 5.47104e-04 -4.84322e-04 0.00000e+00
33.360000 5.52192e-04 -9.43953e-04 0.00000e+00
33.370000 5.32046e-04 -1.38107e-03 0.00000e+00
33.380000 5.09283e-04 -1.73557e-03 0.00000e+00
33.390000 4.85188e-04 -1.94562e-03 0.00000e+00
33.400000 5.02421e-04 -2.04584e-03 0.00000e+00
33.410000 4.81201e-04 -2.22340e-03 0.00000e+00
33.420000 4.35151e-04 -2.47819e-03 0.00000e+00
33.430000 4.28113e-04 -2.76870e-03 0.00000e+00
33.440000 3.75708e-04 -2.91205e-03 0.00000e+00
33.450000 3.71672e-04 -2.99285e-03 0.00000e+00
33.460000 3.32567e-04 -3.18619e-03 0.00000e+00
33.470000 2.80912e-04 -3.40284e-03 0.00000e+00
33.480000 2.33716e-04 -3.60093e-03 0.00000e+00
33.490000 1.92945e-04 -3.77952e-03 0.00000e+00
33.500000 1.47348e-04 -3.96175e-03 0.00000e+00
33.510000 1.08851e-04 -4.10137e-03 0.00000e+00
33.520000 9.46633e-05 -4.13047e-03 0.00000e+00
33.530000 5.53914e-05 -4.06667e-03 0.00000e+00
33.540000 4.67647e-05 -4.04226e-03 0.00000e+00
33.550000 1.06879e-05 -4.01828e-03 0.00000e+00
33.560000 -1.85646e-05 -3.98336e-03 0.00000e+00
33.570000 -8.04154e-05 -3.78372e-03 0.00000e+00
33.580000 -1.48774e-04 -3.49739e-03 0.00000e+00
33.590000 -1.96403e-04 -3.38540e-03 0.00000e+00
33.600000 -2.33056e-04 -3.21938e-03 0.00000e+00
33.610000 -2.51026e-04 -3.04857e-03 0.00000e+00
33.620000 -3.14481e-04 -2.82080e-03 0.00000e+00
33.630000 -3.48889e-04 -2.51678e-03 0.00000e+00
33.640000 -3.55547e-04 -2.34773e-03 0.00000e+00
33.650000 -3.74476e-04 -2.21908e-03 0.00000e+00
33.660000 -3.92220e-04 -1.97838e-03 0.00000e+00
33.670000 -4.05753e-04 -1.72239e-03 0.00000e+00
33.680000 -4.04573e-04 -1.54748e-03 0.00000e+00
33.690000 -4.09953e-04 -1.23829e-03 0.00000e+00
33.700000 -4.21182e-04 -9.20543e-04 0.00000e+00
33.710000 -4.29680e-04 -6.15179e-04 0.00000e+00
33.720000 -4.22462e-04 -3.14411e-04 0.00000e+00
33.730000 -4.36552e-04 -8.34842e-05 0.00000e+00
33.740000 -4.21001e-04 9.73343e-05 0.00000e+00
33.750000 -4.50687e-04 9.78334e-05 0.00000e+00
33.760000 -4.49832e-04 1.10692e-04 0.00000e+00
33.770000 -4.44899e-04 2.03930e-04 0.00000e+00
33.780000 -4.40396e-04 3.39697e-04 0.00000e+00
33.790000 -4.27854e-04 3.61796e-04 0.00000e+00
33.800000 -4.32469e-04 2.42300e-04 0.00000e+00
33.810000 -4.29000e-04 2.51316e-04 0.00000e+00
33.820000 -4.09209e-04 2.39566e-04 0.00000e+00
33.830000 -3.89597e-04 1.73314e-04 0.00000e+00
33.840000 -4.10602e-04 1.57193e-04 0.00000e+00
33.850000 -4.03488e-04 1.64954e-04 0.00000e+00
33.860000 -3.89086e-04 2.01589e-04 0.00000e+00
33.870000 -4.13486e-04 1.98414e-04 0.00000e+00
33.880000 -4.06451e-04 1.34397e-04 0.00000e+00
33.890000 -4.21870e-04 1.08165e-04 0.00000e+00
33.900000 -4.09132e-04 1.33456e-04 0.00000e+00
33.910000 -4.13206e-04 2.21534e-04 0.00000e+00
33.920000 -4.11103e-04 2.15426e-04 0.00000e+00
33.930000 -3.87058e-04 1.27205e-04 0.00000e+00
33.940000 -3.96402e-04 1.30123e-04 0.00000e+00
33.950000 -3.98785e-04 1.39808e-04 0.00000e+00
33.960000 -4.16483e-04 1.28963e-04 0.00000e+00
33.970000 -4.11705e-04 1.11101e-04 0.00000e+00
33.980000 -4.01181e-04 1.27985e-04 0.00000e+00
33.990000 -4.14655e-04 1.80005e-04 0.00000e+00
34.000000 -3.84796e-04 2.97528e-04 0.00000e+00
34.010000 -3.85358e-04 3.75958e-04 0.00000e+00
34.020000 -3.77744e-04 3.68413e-04 0.00000e+00
34.030000 -3.74684e-04 4.83850e-04 0.00000e+00
34.040000 -3.73448e-04 6.11736e-04 0.00000e+00
34.050000 -3.66656e-04 6.73181e-04 0.00000e+00
34.060000 -3.41309e-04 7.96708e-04 0.00000e+00
34.070000 -3.28936e-04 9.73178e-04 0.00000e+00
34.080000 -3.30205e-04 1.16974e-03 0.00000e+00
34.090000 -3.42998e-04 1.35250e-03 0.00000e+00
34.100000 -3.21878e-04 1.63834e-03 0.00000e+00
34.110000 -3.15773e-04 1.87902e-03 0.00000e+00
34.120000 -3.03248e-04 2.00234e-03 0.00000e+00
34.130000 -2.93066e-04 2.10928e-03 0.00000e+00
34.140000 -2.54152e-04 2.20310e-03 0.00000e+00
34.150000 -2.36483e-04 2.33843e-03 0.00000e+00
34.160000 -2.14019e-04 2.42962e-03 0.00000e+00
34.170000 -1.77673e-04 2.62204e-03 0.00000e+00
34.180000 -1.50316e-04 2.89814e-03 0.00000e+00
34.190000 -1.21938e-04 3.08147e-03 0.00000e+00
34.200000 -5.68176e-05 3.26156e-03 0.00000e+00
34.210000 -3.33046e-05 3.44504e-03 0.00000e+00
34.220000 6.34280e-06 3.64119e-03 0.00000e+00
34.230000 5.88289e-05 3.92802e-03 0.00000e+00
34.240000 8.49537e-05 4.18711e-03 0.00000e+00
34.250000 1.21331e-04 4.30303e-03 0.00000e+00
34.260000 1.51901e-04 4.27034e-03 0.00000e+00
34.270000 1.85875e-04 4.21694e-03 0.00000e+00
34.280000 1.96995e-04 4.11700e-03 0.00000e+00
34.290000 2.41338e-04 3.93960e-03 0.00000e+00
34.300000 2.80715e-04 3.74528e-03 0.00000e+00
34.310000 3.21682e-04 3.58106e-03 0.00000e+00
34.320000 3.70804e-04 3.37585e-03 0.00000e+00
34.330000 4.23721e-04 3.06126e-03 0.00000e+00
34.340000 4.80803e-04 2.82236e-03 0.00000e+00
34.350000 5.07743e-04 2.56246e-03 0.00000e+00
34.360000 5.36280e-04 2.22126e-03 0.00000e+00
34.370000 5.77399e-04 2.00423e-03 0.00000e+00
34.380000 6.02381e-04 1.72932e-03 0.00000e+00
34.390000 6.22029e-04 1.31784e-03 0.00000e+00
34.400000 6.24007e-04 1.01667e-03 0.00000e+00
34.410000 5.99040e-04 6.38838e-04 0.00000e+00
34.420000 5.89874e-04 2.30586e-04 0.00000e+00
34.430000 5.72696e-04 -1.04097e-04 0.00000e+00
34.440000 5.70660e-04 -4.78176e-04 0.00000e+00
34.450000 5.49034e-04 -9.03527e-04 0.00000e+00
34.460000 5.58394e-04 -1.29495e-03 0.00000e+00
34.470000 5.39022e-04 -1.62410e-03 0.00000e+00
34.480000 5.33289e-04 -1.93116e-03 0.00000e+00
34.490000 5.00417e-04 -2.14224e-03 0.00000e+00
34.500000 5.00299e-04 -2.28395e-03 0.00000e+00
34.510000 4.84125e-04 -2.35067e-03 0.00000e+00
34.520000 4.48756e-04 -2.31943e-03 0.00000e+00
34.530000 4.27746e-04 -2.29813e-03 0.00000e+00
34.540000 4.05259e-04 -2.28368e-03 0.00000e+00
34.550000 3.50648e-04 -2.13981e-03 0.00000e+00
34.560000 3.40645e-04 -1.97363e-03 0.00000e+00
34.570000 3.18978e-04 -1.87408e-03 0.00000e+00
34.580000 2.85457e-04 -1.82705e-03 0.00000e+00
34.590000 2.89185e-04 -1.75737e-03 0.00000e+00
34.600000 2.58650e-04 -1.74034e-03 0.00000e+00
34.610000 2.33962e-04 -1.73515e-03 0.00000e+00
34.620000 2.21216e-04 -1.69184e-03 0.00000e+00
34.630000 2.05058e-04 -1.56646e-03 0.00000e+00
34.640000 1.92356e-04 -1.40020e-03 0.00000e+00
34.650000 1.89813e-04 -1.33384e-03 0.00000e+00
34.660000 1.86039e-04 -1.30241e-03 0.00000e+00
34.670000 1.73508e-04 -1.23088e-03 0.00000e+00
34.680000 1.78970e-04 -1.14229e-03 0.00000e+00
34.690000 1.76427e-04 -1.19396e-03 0.00000e+00
34.700000 1.42273e-04 -1.23325e-03 0.00000e+00
34.710000 1.35452e-04 -1.29477e-03 0.00000e+00
34.720000 1.43198e-04 -1.47423e-03 0.00000e+00
34.730000 1.01020e-04 -1.55951e-03 0.00000e+00
34.740000 9.63546e-05 -1.56114e-03 0.00000e+00
34.750000 7.82127e-05 -1.63537e-03 0.00000e+00
34.760000 6.23928e-05 -1.67105e-03 0.00000e+00
34.770000 1.88150e-05 -1.68307e-03 0.00000e+00
34.780000 3.17547e-05 -1.75873e-03 0.00000e+00
34.790000 6.22755e-06 -1.85602e-03 0.00000e+00
34.800000 3.07895e-06 -1.95587e-03 0.00000e+00
34.810000 -4.78814e-05 -2.03991e-03 0.00000e+00
34.820000 -7.02600e-05 -2.06806e-03 0.00000e+00
34.830000 -9.20160e-05 -2.04629e-03 0.00000e+00
34.840000 -1.13086e-04 -1.99079e-03 0.00000e+00
34.850000 -1.52534e-04 -1.86279e-03 0.00000e+00
34.860000 -1.67587e-04 -1.71363e-03 0.00000e+00
34.870000 -1.77043e-04 -1.70365e-03 0.00000e+00
34.880000 -2.06225e-04 -1.76870e-03 0.00000e+00
34.890000 -1.94164e-04 -1.69915e-03 0.00000e+00
34.900000 -2.01182e-04 -1.72062e-03 0.00000e+00
34.910000 -2.25389e-04 -1.81400e-03 0.00000e+00
34.920000 -2.44277e-04 -1.82671e-03 0.00000e+00
34.930000 -2.64019e-04 -1.90164e-03 0.00000e+00
34.940000 -2.79913e-04 -2.07797e-03 0.00000e+00
34.950000 -3.08943e-04 -2.14904e-03 0.00000e+00
34.960000 -3.30579e-04 -2.16244e-03 0.00000e+00
34.970000 -3.37912e-04 -2.18742e-03 0.00000e+00
34.980000 -3.47536e-04 -2.29165e-03 0.00000e+00
34.990000 -3.57481e-04 -2.50590e-03 0.00000e+00
35.000000 -3.74306e-04 -2.59463e-03 0.00000e+00
35.010000 -3.92132e-04 -2.65872e-03 0.00000e+00
35.020000 -4.32402e-04 -2.80264e-03 0.00000e+00
35.030000 -4.79281e-04 -2.89549e-03 0.00000e+00
35.040000 -5.24956e-04 -2.86256e-03 0.00000e+00
35.050000 -5.53438e-04 -2.78996e-03 0.00000e+00
35.060000 -5.74607e-04 -2.53847e-03 0.00000e+00
35.070000 -6.23339e-04 -2.17228e-03 0.00000e+00
35.080000 -6.37372e-04 -1.87580e-03 0.00000e+00
35.090000 -6.67540e-04 -1.60788e-03 0.00000e+00
35.100000 -6.94815e-04 -1.35263e-03 0.00000e+00
35.110000 -7.03757e-04 -1.02451e-03 0.00000e+00
35.120000 -7.04292e-04 -6.66709e-04 0.00000e+00
35.130000 -7.26358e-04 -3.57236e-04 0.00000e+00
35.140000 -7.23575e-04 7.16578e-05 0.00000e+00
35.150000 -7.43195e-04 6.06331e-04 0.00000e+00
35.160000 -7.18639e-04 1.15571e-03 0.00000e+00
35.170000 -6.93961e-04 1.65985e-03 0.00000e+00
35.180000 -6.81717e-04 2.18569e-03 0.00000e+00
35.190000 -6.48010e-04 2.64444e-03 0.00000e+00
35.200000 -5.93906e-04 2.96507e-03 0.00000e+00
35.210000 -5.52210e-04 3.27404e-03 0.00000e+00
35.220000 -4.96706e-04 3.53338e-03 0.00000e+00
35.230000 -4.57799e-04 3.77491e-03 0.00000e+00
35.240000 -4.40866e-04 3.91084e-03 0.00000e+00
35.250000 -4.12071e-04 4.01605e-03 0.00000e+00
35.260000 -3.80318e-04 4.16663e-03 0.00000e+00
35.270000 -3.35274e-04 4.16624e-03 0.00000e+00
35.280000 -2.74904e-04 4.13033e-03 0.00000e+00
35.290000 -2.41131e-04 4.18316e-03 0.00000e+00
35.300000 -1.90281e-04 4.14842e-03 0.00000e+00
35.310000 -1.27902e-04 4.04895e-03 0.00000e+00
35.320000 -9.79497e-05 3.87093e-03 0.00000e+00
35.330000 -6.40352e-05 3.71128e-03 0.00000e+00
35.340000 -3.98616e-05 3.65888e-03 0.00000e+00
35.350000 1.02526e-05 3.52053e-03 0.00000e+00
35.360000 1.46793e-05 3.32288e-03 0.00000e+00
35.370000 6.13802e-05 3.25462e-03 0.00000e+00
35.380000 8.22851e-05 3.19977e-03 0.00000e+00
35.390000 1.01621e-04 3.14355e-03 0.00000e+00
35.400000 1.33956e-04 3.11669e-03 0.00000e+00
35.410000 1.63190e-04 2.98077e-03 0.00000e+00
35.420000 2.02500e-04 2.74506e-03 0.00000e+00
35.430000 2.27749e-04 2.49818e-03 0.00000e+00
35.440000 2.35865e-04 2.29053e-03 0.00000e+00
35.450000 2.87856e-04 2.09584e-03 0.00000e+00
35.460000 3.08564e-04 1.94316e-03 0.00000e+00
35.470000 3.22577e-04 1.82187e-03 0.00000e+00
35.480000 3.42812e-04 1.74582e-03 0.00000e+00
35.490000 3.60333e-04 1.58276e-03 0.00000e+00
35.500000 3.91552e-04 1.36246e-03 0.00000e+00
35.510000 3.96703e-04 1.15749e-03 0.00000e+00
35.520000 4.00112e-04 1.03899e-03 0.00000e+00
35.530000 4.12550e-04 8.64835e-04 0.00000e+00
35.540000 4.36027e-04 6.37593e-04 0.00000e+00
35.550000 4.20261e-04 4.55496e-04 0.00000e+00
35.560000 4.39059e-04 1.86970e-04 0.00000e+00
35.570000 4.20668e-04 -4.11847e-05 0.00000e+00
35.580000 4.16116e-04 -2.79246e-04 0.00000e+00
35.590000 3.94977e-04 -4.50951e-04 0.00000e+00
35.600000 4.08419e-04 -5.65372e-04 0.00000e+00
35.610000 3.94275e-04 -7.85173e-04 0.00000e+00
35.620000 3.97808e-04 -8.53152e-04 0.00000e+00
35.630000 4.08153e-04 -7.51379e-04 0.00000e+00
35.640000 3.86726e-04 -7.18465e-04 0.00000e+00
35.650000 3.70167e-04 -7.18472e-04 0.00000e+00
35.660000 3.55368e-04 -7.20252e-04 0.00000e+00
35.670000 3.65295e-04 -6.51092e-04 0.00000e+00
35.680000 3.54547e-04 -5.75522e-04 0.00000e+00
35.690000 3.52703e-04 -5.25025e-04 0.00000e+00
35.700000 3.16585e-04 -4.64016e-04 0.00000e+00
35.710000 3.17283e-04 -3.13860e-04 0.00000e+00
35.720000 3.00068e-04 -1.61277e-04 0.00000e+00
35.730000 2.99566e-04 -3.75426e-05 0.00000e+00
35.740000 3.00452e-04 1.40277e-04 0.00000e+00
35.750000 2.98968e-04 2.16213e-04 0.00000e+00
35.760000 3.28415e-04 2.15537e-04 0.00000e+00
35.770000 3.23832e-04 3.27717e-04 0.00000e+00
35.780000 3.42595e-04 4.08771e-04 0.00000e+00
35.790000 3.74967e-04 4.15896e-04 0.00000e+00
35.800000 3.70610e-04 5.09767e-04 0.00000e+00
35.810000 3.53156e-04 4.96628e-04 0.00000e+00
35.820000 3.49846e-04 3.34967e-04 0.00000e+00
35.830000 3.52790e-04 1.50216e-04 0.00000e+00
35.840000 3.65632e-04 8.61810e-05 0.00000e+00
35.850000 3.62379e-04 -2.15468e-05 0.00000e+00
35.860000 3.75075e-04 -2.45563e-04 0.00000e+00
35.870000 3.64471e-04 -5.32881e-04 0.00000e+00
35.880000 3.85813e-04 -8.82166e-04 0.00000e+00
35.890000 3.63819e-04 -1.24669e-03 0.00000e+00
35.900000 3.59862e-04 -1.59686e-03 0.00000e+00
35.910000 3.43668e-04 -1.88415e-03 0.00000e+00
35.920000 3.04310e-04 -2.18816e-03 0.00000e+00
35.930000 2.97735e-04 -2.41074e-03 0.00000e+00
35.940000 2.77674e-04 -2.62971e-03 0.00000e+00
35.950000 2.21283e-04 -2.88528e-03 0.00000e+00
35.960000 2.05205e-04 -2.99528e-03 0.00000e+00
35.970000 1.58386e-04 -3.08693e-03 0.00000e+00
35.980000 1.11859e-04 -3.34998e-03 0.00000e+00
35.990000 7.33546e-05 -3.69658e-03 0.00000e+00
36.000000 5.08375e-05 -3.95313e-03 0.00000e+00
36.010000 1.27841e-05 -4.09276e-03 0.00000e+00
36.020000 -5.75357e-05 -4.19452e-03 0.00000e+00
36.030000 -8.96573e-05 -4.22288e-03 0.00000e+00
36.040000 -1.30706e-04 -4.25784e-03 0.00000e+00
36.050000 -1.73307e-04 -4.21327e-03 0.00000e+00
36.060000 -1.99408e-04 -4.13606e-03 0.00000e+00
36.070000 -2.24063e-04 -4.15059e-03 0.00000e+00
36.080000 -2.62094e-04 -4.02682e-03 0.00000e+00
36.090000 -3.02660e-04 -3.88829e-03 0.00000e+00
36.100000 -3.36839e-04 -3.66973e-03 0.00000e+00
36.110000 -3.84826e-04 -3.34722e-03 0.00000e+00
36.120000 -4.17488e-04 -3.15775e-03 0.00000e+00
36.130000 -4.50896e-04 -2.92516e-03 0.00000e+00
36.140000 -5.01038e-04 -2.67265e-03 0.00000e+00
36.150000 -5.54248e-04 -2.45679e-03 0.00000e+00
36.160000 -5.69108e-04 -2.14868e-03 0.00000e+00
36.170000 -5.70648e-04 -1.77485e-03 0.00000e+00
36.180000 -5.84354e-04 -1.39714e-03 0.00000e+00
36.190000 -5.97475e-04 -1.11872e-03 0.00000e+00
36.200000 -6.07532e-04 -7.72404e-04 0.00000e+00
36.210000 -6.28347e-04 -3.83343e-04 0.00000e+00
36.220000 -6.14354e-04 -2.02792e-05 0.00000e+00
36.230000 -6.30602e-04 4.71306e-04 0.00000e+00
36.240000 -6.08787e-04 1.01644e-03 0.00000e+00
36.250000 -5.69914e-04 1.46493e-03 0.00000e+00
36.260000 -5.67457e-04 1.76014e-03 0.00000e+00
36.270000 -5.41801e-04 1.96227e-03 0.00000e+00
36.280000 -5.45527e-04 2.14656e-03 0.00000e+00
36.290000 -5.26236e-04 2.31538e-03 0.00000e+00
36.300000 -4.96968e-04 2.44067e-03 0.00000e+00
36.310000 -4.76066e-04 2.45142e-03 0.00000e+00
36.320000 -4.25677e-04 2.34424e-03 0.00000e+00
36.330000 -3.98800e-04 2.27596e-03 0.00000e+00
36.340000 -3.71712e-04 2.30454e-03 0.00000e+00
36.350000 -3.40521e-04 2.31973e-03 0.00000e+00
36.360000 -2.99996e-04 2.21966e-03 0.00000e+00
36.370000 -2.61845e-04 2.11131e-03 0.00000e+00
36.380000 -2.50109e-04 2.00563e-03 0.00000e+00
36.390000 -2.06561e-04 1.89877e-03 0.00000e+00
36.400000 -1.96202e-04 1.76062e-03 0.00000e+00
36.410000 -2.10087e-04 1.62584e-03 0.00000e+00
36.420000 -2.28033e-04 1.63584e-03 0.00000e+00
36.430000 -2.32745e-04 1.59699e-03 0.00000e+00
36.440000 -2.17937e-04 1.49576e-03 0.00000e+00
36.450000 -1.92166e-04 1.34181e-03 0.00000e+00
36.460000 -1.93275e-04 1.12407e-03 0.00000e+00
36.470000 -1.82563e-04 9.89267e-04 0.00000e+00
36.480000 -1.72402e-04 9.49777e-04 0.00000e+00
36.490000 -1.47859e-04 1.03009e-03 0.00000e+00
36.500000 -1.28589e-04 1.13395e-03 0.00000e+00
36.510000 -1.12537e-04 1.12705e-03 0.00000e+00
36.520000 -1.04307e-04 1.16742e-03 0.00000e+00
36.530000 -9.43532e-05 1.35930e-03 0.00000e+00
36.540000 -5.64914e-05 1.57218e-03 0.00000e+00
36.550000 -4.97776e-05 1.66572e-03 0.00000e+00
36.560000 -3.73222e-05 1.74328e-03 0.00000e+00
36.570000 -2.35908e-05 1.84461e-03 0.00000e+00
36.580000 -4.12809e-06 1.80761e-03 0.00000e+00
36.590000 5.40024e-06 1.66014e-03 0.00000e+00
36.600000 8.08521e-06 1.49866e-03 0.00000e+00
36.610000 1.97819e-05 1.40805e-03 0.00000e+00
36.620000 3.49201e-05 1.41329e-03 0.00000e+00
36.630000 6.30058e-05 1.34314e-03 0.00000e+00
36.640000 1.03233e-04 1.17091e-03 0.00000e+00
36.650000 1.34852e-04 1.08369e-03 0.00000e+00
36.660000 1.41813e-04 1.11561e-03 0.00000e+00
36.670000 1.42654e-04 1.18093e-03 0.00000e+00
36.680000 1.48618e-04 1.21643e-03 0.00000e+00
36.690000 1.84929e-04 1.20361e-03 0.00000e+00
36.700000 1.82116e-04 1.16265e-03 0.00000e+00
36.710000 1.64549e-04 1.24606e-03 0.00000e+00
36.720000 1.57984e-04 1.28826e-03 0.00000e+00
36.730000 1.67813e-04 1.25609e-03 0.00000e+00
36.740000 1.78801e-04 1.29939e-03 0.00000e+00
36.750000 1.83983e-04 1.34403e-03 0.00000e+00
36.760000 2.01873e-04 1.37367e-03 0.00000e+00
36.770000 2.20447e-04 1.35846e-03 0.00000e+00
36.780000 2.43352e-04 1.41127e-03 0.00000e+00
36.790000 2.56023e-04 1.48654e-03 0.00000e+00
36.800000 2.64939e-04 1.62034e-03 0.00000e+00
36.810000 3.00067e-04 1.90959e-03 0.00000e+00
36.820000 3.48784e-04 2.17274e-03 0.00000e+00
36.830000 3.64608e-04 2.32267e-03 0.00000e+00
36.840000 3.75537e-04 2.36871e-03 0.00000e+00
36.850000 3.85751e-04 2.32933e-03 0.00000e+00
36.860000 4.03340e-04 2.40820e-03 0.00000e+00
36.870000 4.26337e-04 2.43690e-03 0.00000e+00
36.880000 4.52671e-04 2.26564e-03 0.00000e+00
36.890000 4.49974e-04 2.05908e-03 0.00000e+00
36.900000 4.97971e-04 1.79480e-03 0.00000e+00
36.910000 5.11390e-04 1.59277e-03 0.00000e+00
36.920000 5.33952e-04 1.34917e-03 0.00000e+00
36.930000 5.55631e-04 1.06848e-03 0.00000e+00
36.940000 5.85192e-04 8.36293e-04 0.00000e+00
36.950000 6.13749e-04 5.54911e-04 0.00000e+00
36.960000 6.10350e-04 2.20280e-04 0.00000e+00
36.970000 6.33815e-04 -1.91847e-04 0.00000e+00
36.980000 6.13678e-04 -5.52224e-04 0.00000e+00
36.990000 5.80321e-04 -7.62635e-04 0.00000e+00
37.000000 5.64421e-04 -1.07396e-03 0.00000e+00
37.010000 5.38178e-04 -1.51666e-03 0.00000e+00
37.020000 5.20531e-04 -1.94766e-03 0.00000e+00
37.030000 5.12425e-04 -2.39378e-03 0.00000e+00
37.040000 4.57878e-04 -2.80829e-03 0.00000e+00
37.050000 4.46339e-04 -3.22042e-03 0.00000e+00
37.060000 4.06980e-04 -3.63737e-03 0.00000e+00
37.070000 3.76270e-04 -3.85709e-03 0.00000e+00
37.080000 3.64583e-04 -4.01723e-03 0.00000e+00
37.090000 3.02824e-04 -4.20948e-03 0.00000e+00
37.100000 2.83867e-04 -4.32002e-03 0.00000e+00
37.110000 2.25670e-04 -4.30462e-03 0.00000e+00
37.120000 1.78110e-04 -4.09865e-03 0.00000e+00
37.130000 1.30518e-04 -3.94380e-03 0.00000e+00
37.140000 8.89797e-05 -3.72988e-03 0.00000e+00
37.150000 5.21284e-05 -3.49103e-03 0.00000e+00
37.160000 9.33846e-07 -3.39627e-03 0.00000e+00
37.170000 -6.87312e-05 -3.21812e-03 0.00000e+00
37.180000 -8.98700e-05 -3.02861e-03 0.00000e+00
37.190000 -1.31155e-04 -2.84535e-03 0.00000e+00
37.200000 -1.59690e-04 -2.54468e-03 0.00000e+00
37.210000 -1.80154e-04 -2.34670e-03 0.00000e+00
37.220000 -1.94372e-04 -2.13195e-03 0.00000e+00
37.230000 -1.79714e-04 -1.79158e-03 0.00000e+00
37.240000 -1.85313e-04 -1.49074e-03 0.00000e+00
37.250000 -2.13387e-04 -1.08366e-03 0.00000e+00
37.260000 -2.00318e-04 -6.97293e-04 0.00000e+00
37.270000 -2.02599e-04 -3.25555e-04 0.00000e+00
37.280000 -1.79689e-04 -9.71234e-06 0.00000e+00
37.290000 -1.91227e-04 1.34558e-04 0.00000e+00
37.300000 -2.12608e-04 2.69599e-04 0.00000e+00
37.310000 -2.01742e-04 3.82228e-04 0.00000e+00
37.320000 -2.25886e-04 4.48836e-04 0.00000e+00
37.330000 -2.16846e-04 4.55043e-04 0.00000e+00
37.340000 -2.10791e-04 3.28907e-04 0.00000e+00
37.350000 -2.23115e-04 2.44359e-04 0.00000e+00
37.360000 -2.02229e-04 2.25123e-04 0.00000e+00
37.370000 -1.95694e-04 8.17290e-05 0.00000e+00
37.380000 -1.91883e-04 -4.60956e-05 0.00000e+00
37.390000 -1.57271e-04 -1.11929e-04 0.00000e+00
37.400000 -1.50122e-04 -5.95173e-05 0.00000e+00
37.410000 -1.48180e-04 3.89954e-05 0.00000e+00
37.420000 -1.37280e-04 2.20183e-06 0.00000e+00
37.430000 -1.54543e-04 -3.48646e-05 0.00000e+00
37.440000 -1.70407e-04 -2.01700e-05 0.00000e+00
37.450000 -2.05985e-04 7.13021e-05 0.00000e+00
37.460000 -2.12508e-04 1.19838e-04 0.00000e+00
37.470000 -2.15542e-04 7.33244e-05 0.00000e+00
37.480000 -2.25431e-04 1.20655e-04 0.00000e+00
37.490000 -2.29977e-04 6.86771e-05 0.00000e+00
37.500000 -2.22276e-04 -2.47865e-05 0.00000e+00
37.510000 -2.20786e-04 -2.15194e-05 0.00000e+00
37.520000 -2.02104e-04 -7.76024e-05 0.00000e+00
37.530000 -2.09682e-04 -1.07976e-04 0.00000e+00
37.540000 -2.10076e-04 -1.46613e-04 0.00000e+00
37.550000 -1.80076e-04 -2.01866e-04 0.00000e+00
37.560000 -1.72598e-04 -1.47197e-04 0.00000e+00
37.570000 -1.60561e-04 -2.54890e-05 0.00000e+00
37.580000 -1.75931e-04 6.31020e-05 0.00000e+00
37.590000 -1.78965e-04 1.52549e-04 0.00000e+00
37.600000 -1.81512e-04 1.99708e-04 0.00000e+00
37.610000 -1.73277e-04 8.78747e-05 0.00000e+00
37.620000 -1.73614e-04 -6.89029e-05 0.00000e+00
37.630000 -1.88574e-04 -1.75940e-04 0.00000e+00
37.640000 -1.76683e-04 -2.45532e-04 0.00000e+00
37.650000 -1.96681e-04 -3.24059e-04 0.00000e+00
37.660000 -2.19770e-04 -4.16293e-04 0.00000e+00
37.670000 -2.07588e-04 -4.43505e-04 0.00000e+00
37.680000 -2.18745e-04 -4.58732e-04 0.00000e+00
37.690000 -2.23525e-04 -4.10731e-04 0.00000e+00
37.700000 -2.31105e-04 -3.83650e-04 0.00000e+00
37.710000 -2.35795e-04 -4.13361e-04 0.00000e+00
37.720000 -2.14248e-04 -2.34991e-04 0.00000e+00
37.730000 -2.17042e-04 -3.55486e-06 0.00000e+00
37.740000 -2.06951e-04 1.21408e-04 0.00000e+00
37.750000 -2.24904e-04 2.42127e-04 0.00000e+00
37.760000 -2.26851e-04 3.25000e-04 0.00000e+00
37.770000 -2.40947e-04 4.19838e-04 0.00000e+00
37.780000 -2.43252e-04 6.48016e-04 0.00000e+00
37.790000 -2.11095e-04 8.80526e-04 0.00000e+00
37.800000 -2.12170e-04 1.03032e-03 0.00000e+00
37.810000 -2.00275e-04 1.25569e-03 0.00000e+00
37.820000 -1.88706e-04 1.40031e-03 0.00000e+00
37.830000 -1.72604e-04 1.37209e-03 0.00000e+00
37.840000 -1.52272e-04 1.45440e-03 0.00000e+00
37.850000 -1.43015e-04 1.49542e-03 0.00000e+00
37.860000 -1.13234e-04 1.47509e-03 0.00000e+00
37.870000 -1.11026e-04 1.45338e-03 0.00000e+00
37.880000 -6.85052e-05 1.40040e-03 0.00000e+00
37.890000 -4.69447e-05 1.48379e-03 0.00000e+00
37.900000 -5.38344e-05 1.55028e-03 0.00000e+00
37.910000 -4.12314e-05 1.54969e-03 0.00000e+00
37.920000 -5.14973e-06 1.55748e-03 0.00000e+00
37.930000 -3.50658e-06 1.51881e-03 0.00000e+00
37.940000 3.81206e-05 1.37264e-03 0.00000e+00
37.950000 5.12454e-05 1.15818e-03 0.00000e+00
37.960000 4.37061e-05 1.10033e-03 0.00000e+00
37.970000 5.26532e-05 1.03608e-03 0.00000e+00
37.980000 5.35518e-05 8.55168e-04 0.00000e+00
37.990000 2.73299e-05 6.58737e-04 0.00000e+00
38.000000 4.72262e-05 4.71721e-04 0.00000e+00
38.010000 5.44227e-05 3.60402e-04 0.00000e+00
38.020000 4.24130e-05 2.11843e-04 0.00000e+00
38.030000 7.26389e-05 1.14927e-04 0.00000e+00
38.040000 6.72738e-05 2.14983e-05 0.00000e+00
38.050000 9.49340e-05 -6.45295e-06 0.00000e+00
38.060000 9.81778e-05 3.03504e-05 0.00000e+00
38.070000 8.47082e-05 -1.25616e-04 0.00000e+00
38.080000 8.98070e-05 -3.13438e-04 0.00000e+00
38.090000 8.92423e-05 -3.74468e-04 0.00000e+00
38.100000 6.21404e-05 -4.14938e-04 0.00000e+00
38.110000 4.77961e-05 -4.04676e-04 0.00000e+00
38.120000 5.28661e-05 -3.53969e-04 0.00000e+00
38.130000 5.57320e-05 -3.90378e-04 0.00000e+00
38.140000 2.38447e-05 -4.44465e-04 0.00000e+00
38.150000 2.19731e-05 -4.63097e-04 0.00000e+00
38.160000 1.62792e-05 -5.46694e-04 0.00000e+00
38.170000 3.21602e-05 -5.87504e-04 0.00000e+00
38.180000 2.98576e-05 -6.04246e-04 0.00000e+00
38.190000 2.22145e-05 -6.96980e-04 0.00000e+00
38.200000 3.25318e-05 -6.48445e-04 0.00000e+00
38.210000 1.36676e-05 -5.61450e-04 0.00000e+00
38.220000 1.70972e-05 -4.24881e-04 0.00000e+00
38.230000 -1.94791e-05 -2.50409e-04 0.00000e+00
38.240000 -2.47399e-05 -2.07786e-04 0.00000e+00
38.250000 -1.70642e-05 -2.08809e-04 0.00000e+00
38.260000 -1.25169e-05 -1.27899e-04 0.00000e+00
38.270000 -1.13377e-05 -1.25765e-04 0.00000e+00
38.280000 -1.48690e-05 -2.41809e-04 0.00000e+00
38.290000 -2.16247e-05 -2.60430e-04 0.00000e+00
38.300000 -1.94130e-05 -2.05713e-04 0.00000e+00
38.310000 -2.55143e-05 -2.41567e-04 0.00000e+00
38.320000 -1.61149e-05 -3.24576e-04 0.00000e+00
38.330000 -2.59388e-05 -4.11359e-04 0.00000e+00
38.340000 -2.23806e-05 -3.49711e-04 0.00000e+00
38.350000 -3.80204e-05 -2.22027e-04 0.00000e+00
38.360000 -6.49954e-06 -2.02163e-04 0.00000e+00
38.370000 -6.60402e-06 -6.99038e-05 0.00000e+00
38.380000 -9.74811e-06 6.41388e-06 0.00000e+00
38.390000 -1.43083e-05 7.40258e-06 0.00000e+00
38.400000 -3.88261e-05 -2.64897e-05 0.00000e+00
38.410000 -5.05457e-05 -1.14531e-04 0.00000e+00
38.420000 -5.50991e-05 -1.53489e-04 0.00000e+00
38.430000 -4.41163e-05 -1.50391e-04 0.00000e+00
38.440000 -7.11570e-05 -4.84839e-05 0.00000e+00
38.450000 -5.87858e-05 3.32474e-05 0.00000e+00
38.460000 -4.91108e-05 5.56346e-05 0.00000e+00
38.470000 -4.87758e-05 1.18975e-04 0.00000e+00
38.480000 -5.17550e-05 1.50110e-04 0.00000e+00
38.490000 -4.60407e-05 1.39222e-04 0.00000e+00
38.500000 -3.52367e-05 1.32733e-04 0.00000e+00
38.510000 4.08168e-06 9.86694e-05 0.00000e+00
38.520000 -2.61488e-05 4.34884e-05 0.00000e+00
38.530000 -1.02237e-05 1.28508e-04 0.00000e+00
38.540000 -1.19742e-05 2.70330e-04 0.00000e+00
38.550000 -3.70851e-05 3.73260e-04 0.00000e+00
38.560000 -2.96411e-05 4.09886e-04 0.00000e+00
38.570000 -2.98260e-05 3.31656e-04 0.00000e+00
38.580000 -2.81441e-05 2.40750e-04 0.00000e+00
38.590000 -2.01187e-05 1.34794e-04 0.00000e+00
38.600000 3.42474e-06 8.04181e-05 0.00000e+00
38.610000 1.26043e-05 2.64026e-06 0.00000e+00
38.620000 -1.17845e-05 -1.16377e-04 0.00000e+00
38.630000 -6.08500e-06 -1.27492e-04 0.00000e+00
38.640000 -1.61494e-05 -9.79545e-05 0.00000e+00
38.650000 -3.00273e-05 -1.70454e-04 0.00000e+00
38.660000 -3.11870e-05 -2.25070e-04 0.00000e+00
38.670000 -1.87852e-05 -1.74351e-04 0.00000e+00
38.680000 -2.22973e-05 -5.67780e-06 0.00000e+00
38.690000 -6.59575e-09 6.22201e-05 0.00000e+00
38.700000 3.78672e-06 1.04730e-04 0.00000e+00
38.710000 -8.91648e-06 2.09467e-04 0.00000e+00
38.720000 -1.35238e-05 1.44149e-04 0.00000e+00
38.730000 -4.65435e-05 1.10646e-04 0.00000e+00
38.740000 -3.40271e-05 1.18931e-04 0.00000e+00
38.750000 -4.18089e-05 2.59792e-05 0.00000e+00
38.760000 -3.96232e-05 -4.64966e-05 0.00000e+00
38.770000 -2.67186e-05 6.28310e-05 0.00000e+00
38.780000 -2.32745e-05 2.03834e-04 0.00000e+00
38.790000 -2.10656e-05 1.67798e-04 0.00000e+00
38.800000 1.68743e-06 8.99482e-05 0.00000e+00
38.810000 -4.12416e-06 7.59405e-05 0.00000e+00
38.820000 -8.40733e-06 3.45859e-06 0.00000e+00
38.830000 2.23456e-05 -1.52168e-04 0.00000e+00
38.840000 2.13038e-05 -1.63773e-04 0.00000e+00
38.850000 2.16463e-05 -9.66680e-05 0.00000e+00
38.860000 4.59023e-06 -2.49644e-05 0.00000e+00
38.870000 1.46608e-05 5.57139e-05 0.00000e+00
38.880000 -1.99289e-05 3.46488e-06 0.00000e+00
38.890000 -1.89728e-05 -2.79686e-05 0.00000e+00
38.900000 -2.25736e-05 -1.18353e-04 0.00000e+00
38.910000 -3.64645e-05 -1.57290e-04 0.00000e+00
38.920000 -4.12238e-05 -1.56268e-04 0.00000e+00
38.930000 -1.15920e-05 -2.15476e-04 0.00000e+00
38.940000 -7.82580e-06 -1.42376e-04 0.00000e+00
38.950000 -3.34442e-05 -3.61925e-05 0.00000e+00
38.960000 -4.15470e-05 1.09589e-05 0.00000e+00
38.970000 -3.40640e-05 1.13481e-04 0.00000e+00
38.980000 -2.80368e-05 2.04539e-04 0.00000e+00
38.990000 -3.68088e-05 1.79571e-04 0.00000e+00
39.000000 -2.68454e-05 2.74550e-04 0.00000e+00
39.010000 1.38922e-05 3.69628e-04 0.00000e+00
39.020000 -7.95924e-06 3.61236e-04 0.00000e+00
39.030000 -3.89808e-06 3.71676e-04 0.00000e+00
39.040000 -1.85677e-05 3.94168e-04 0.00000e+00
39.050000 -6.91138e-06 2.74095e-04 0.00000e+00
39.060000 1.17528e-05 1.53739e-04 0.00000e+00
39.070000 7.89994e-06 1.60453e-04 0.00000e+00
39.080000 2.96975e-05 7.68091e-05 0.00000e+00
39.090000 1.25102e-05 -4.33356e-05 0.00000e+00
39.100000 3.87562e-05 4.50670e-07 0.00000e+00
39.110000 4.24780e-05 9.31658e-05 0.00000e+00
39.120000 2.98724e-05 -2.97768e-06 0.00000e+00
39.130000 1.68486e-05 -1.81829e-04 0.00000e+00
39.140000 1.69476e-05 -2.66387e-04 0.00000e+00
39.150000 -4.13492e-06 -3.09250e-04 0.00000e+00
39.160000 -7.81975e-06 -3.99839e-04 0.00000e+00
39.170000 -4.70717e-06 -4.69719e-04 0.00000e+00
39.180000 -2.79659e-05 -3.86831e-04 0.00000e+00
39.190000 -1.76117e-05 -2.94600e-04 0.00000e+00
39.200000 -1.82698e-05 -3.00230e-04 0.00000e+00
39.210000 -3.49234e-05 -3.01082e-04 0.00000e+00
39.220000 -3.89059e-05 -3.04151e-04 0.00000e+00
39.230000 -9.37040e-06 -1.62913e-04 0.00000e+00
39.240000 -2.41788e-05 -1.06685e-05 0.00000e+00
39.250000 -2.83155e-05 1.25861e-04 0.00000e+00
39.260000 -2.10848e-05 2.14570e-04 0.00000e+00
39.270000 -1.20232e-05 3.26378e-04 0.00000e+00
39.280000 -3.69248e-05 5.22260e-04 0.00000e+00
39.290000 -3.99927e-05 5.67686e-04 0.00000e+00
39.300000 -3.36636e-05 5.36412e-04 0.00000e+00
39.310000 -1.34548e-05 4.92767e-04 0.00000e+00
39.320000 -1.68415e-05 4.56465e-04 0.00000e+00
39.330000 4.19499e-06 3.66725e-04 0.00000e+00
39.340000 1.43088e-05 3.12761e-04 0.00000e+00
39.350000 3.72478e-05 2.90173e-04 0.00000e+00
39.360000 4.00177e-05 2.70482e-04 0.00000e+00
39.370000 3.91720e-05 2.75977e-04 0.00000e+00
39.380000 5.14237e-05 2.13321e-04 0.00000e+00
39.390000 5.35061e-05 1.57071e-04 0.00000e+00
39.400000 7.58885e-05 2.39603e-04 0.00000e+00
39.410000 4.86631e-05 2.56839e-04 0.00000e+00
39.420000 5.06346e-05 1.59454e-04 0.00000e+00
39.430000 3.10907e-05 1.43469e-04 0.00000e+00
39.440000 4.03998e-05 1.09661e-04 0.00000e+00
39.450000 1.18954e-05 6.74906e-06 0.00000e+00
39.460000 2.99625e-07 -1.18656e-04 0.00000e+00
39.470000 -8.00054e-07 -1.87951e-04 0.00000e+00
39.480000 9.21861e-07 -1.56047e-04 0.00000e+00
39.490000 1.60070e-05 -1.68470e-04 0.00000e+00
39.500000 4.64289e-06 -1.68135e-04 0.00000e+00
39.510000 3.76550e-05 -1.25810e-04 0.00000e+00
39.520000 3.71394e-05 -6.61077e-05 0.00000e+00
39.530000 3.60871e-05 6.24308e-05 0.00000e+00
39.540000 3.44479e-05 1.00966e-04 0.00000e+00
39.550000 4.25283e-05 1.14848e-04 0.00000e+00
39.560000 4.49145e-05 1.26267e-04 0.00000e+00
39.570000 4.01791e-05 2.09156e-04 0.00000e+00
39.580000 1.85514e-05 2.65907e-04 0.00000e+00
39.590000 3.23394e-05 2.16199e-04 0.00000e+00
39.600000 2.84104e-05 1.57974e-04 0.00000e+00
39.610000 2.24633e-05 1.12345e-04 0.00000e+00
39.620000 4.15775e-05 2.50316e-05 0.00000e+00
39.630000 3.80594e-05 -1.07335e-04 0.00000e+00
39.640000 5.06447e-05 -1.67550e-04 0.00000e+00
39.650000 4.90302e-05 -2.11802e-04 0.00000e+00
39.660000 3.94364e-05 -1.98643e-04 0.00000e+00
39.670000 5.13171e-05 -2.23911e-04 0.00000e+00
39.680000 3.99815e-05 -1.52385e-04 0.00000e+00
39.690000 5.12428e-05 -5.75643e-06 0.00000e+00
39.700000 4.19859e-05 1.27123e-05 0.00000e+00
39.710000 1.71566e-05 5.24260e-05 0.00000e+00
39.720000 2.23629e-05 1.45518e-04 0.00000e+00
39.730000 1.83457e-05 2.16825e-04 0.00000e+00
39.740000 3.38986e-05 2.11964e-04 0.00000e+00
39.750000 1.43779e-05 1.79901e-04 0.00000e+00
39.760000 1.33430e-05 2.26868e-04 0.00000e+00
39.770000 1.75057e-05 2.42192e-04 0.00000e+00
39.780000 2.52564e-05 2.07035e-04 0.00000e+00
39.790000 3.12552e-05 3.48314e-04 0.00000e+00
39.800000 5.10155e-05 5.10016e-04 0.00000e+00
39.810000 5.50987e-05 5.91098e-04 0.00000e+00
39.820000 6.52484e-05 6.63670e-04 0.00000e+00
39.830000 7.66707e-05 6.23991e-04 0.00000e+00
39.840000 8.20619e-05 5.84485e-04 0.00000e+00
39.850000 1.05253e-04 6.12309e-04 0.00000e+00
39.860000 8.98345e-05 6.92594e-04 0.00000e+00
39.870000 9.38024e-05 6.99295e-04 0.00000e+00
39.880000 1.07097e-04 5.96098e-04 0.00000e+00
39.890000 1.00889e-04 5.35029e-04 0.00000e+00
39.900000 9.63945e-05 4.55205e-04 0.00000e+00
39.910000 1.03610e-04 3.72976e-04 0.00000e+00
39.920000 1.25390e-04 2.95648e-04 0.00000e+00
39.930000 1.21417e-04 1.73536e-04 0.00000e+00
39.940000 1.18818e-04 6.12792e-05 0.00000e+00
39.950000 1.47121e-04 -4.67947e-05 0.00000e+00
39.960000 1.53386e-04 -1.85489e-04 0.00000e+00
39.970000 1.20623e-04 -2.87088e-04 0.00000e+00
39.980000 1.10707e-04 -3.44606e-04 0.00000e+00
39.990000 1.00904e-04 -4.44851e-04 0.00000e+00
40.000000 9.22557e-05 -5.28974e-04 0.00000e+00
40.010000 1.09241e-04 -5.87236e-04 0.00000e+00
40.020000 1.15376e-04 -6.25436e-04 0.00000e+00
40.030000 9.95969e-05 -7.04611e-04 0.00000e+00
40.040000 7.12420e-05 -8.74738e-04 0.00000e+00
40.050000 8.17757e-05 -9.25520e-04 0.00000e+00
40.060000 5.82921e-05 -9.52800e-04 0.00000e+00
40.070000 4.82291e-05 -1.04879e-03 0.00000e+00
40.080000 4.36839e-05 -1.10226e-03 0.00000e+00
40.090000 4.32775e-05 -1.07792e-03 0.00000e+00
40.100000 1.69701e-05 -1.08513e-03 0.00000e+00
40.110000 8.24716e-06 -1.11457e-03 0.00000e+00
40.120000 -1.02208e-05 -9.94094e-04 0.00000e+00
40.130000 -1.68573e-05 -8.46028e-04 0.00000e+00
40.140000 -1.94078e-05 -8.42535e-04 0.00000e+00
40.150000 -2.68005e-05 -8.99336e-04 0.00000e+00
40.160000 -4.80116e-05 -8.96490e-04 0.00000e+00
40.170000 -4.32968e-05 -8.84083e-04 0.00000e+00
40.180000 -6.01770e-05 -7.77714e-04 0.00000e+00
40.190000 -6.79867e-05 -5.60493e-04 0.00000e+00
40.200000 -7.71996e-05 -4.23308e-04 0.00000e+00
40.210000 -8.04780e-05 -4.08030e-04 0.00000e+00
40.220000 -6.10915e-05 -2.84038e-04 0.00000e+00
40.230000 -8.28348e-05 -1.93534e-04 0.00000e+00
40.240000 -7.82066e-05 -1.75937e-04 0.00000e+00
40.250000 -8.28929e-05 -7.78581e-05 0.00000e+00
40.260000 -8.01167e-05 8.32613e-05 0.00000e+00
40.270000 -8.46597e-05 2.46410e-04 0.00000e+00
40.280000 -6.32785e-05 3.85552e-04 0.00000e+00
40.290000 -6.93199e-05 5.09578e-04 0.00000e+00
40.300000 -7.58945e-05 5.86705e-04 0.00000e+00
40.310000 -7.28952e-05 7.09305e-04 0.00000e+00
40.320000 -6.39837e-05 8.50682e-04 0.00000e+00
40.330000 -4.70480e-05 8.77948e-04 0.00000e+00
40.340000 -3.88468e-05 8.58767e-04 0.00000e+00
40.350000 -1.79507e-05 8.93444e-04 0.00000e+00
40.360000 -1.65202e-05 8.74743e-04 0.00000e+00
40.370000 -2.11240e-05 8.69283e-04 0.00000e+00
40.380000 -8.55220e-06 9.09854e-04 0.00000e+00
40.390000 1.07799e-05 1.02262e-03 0.00000e+00
40.400000 -1.13460e-06 1.03325e-03 0.00000e+00
40.410000 4.20197e-05 9.32454e-04 0.00000e+00
40.420000 4.99618e-05 8.45407e-04 0.00000e+00
40.430000 8.09971e-05 7.06005e-04 0.00000e+00
40.440000 7.51180e-05 5.62079e-04 0.00000e+00
40.450000 8.14700e-05 4.92358e-04 0.00000e+00
40.460000 6.69499e-05 4.01214e-04 0.00000e+00
40.470000 7.52451e-05 2.17000e-04 0.00000e+00
40.480000 7.50025e-05 5.88344e-05 0.00000e+00
40.490000 7.09449e-05 -9.22626e-05 0.00000e+00
40.500000 5.16421e-05 -2.46442e-04 0.00000e+00
40.510000 7.00766e-05 -4.09728e-04 0.00000e+00
40.520000 7.84658e-05 -5.30352e-04 0.00000e+00
40.530000 7.24861e-05 -5.40054e-04 0.00000e+00
40.540000 8.49491e-05 -5.78226e-04 0.00000e+00
40.550000 7.05906e-05 -6.05651e-04 0.00000e+00
40.560000 5.22829e-05 -5.46572e-04 0.00000e+00
40.570000 1.67678e-05 -5.67295e-04 0.00000e+00
40.580000 1.24940e-05 -4.96928e-04 0.00000e+00
40.590000 2.07637e-07 -3.38086e-04 0.00000e+00
40.600000 -3.22771e-06 -1.66942e-04 0.00000e+00
40.610000 2.04577e-06 3.11936e-05 0.00000e+00
40.620000 -1.84644e-06 1.29681e-04 0.00000e+00
40.630000 -1.50938e-05 1.32202e-04 0.00000e+00
40.640000 -1.20024e-05 1.14515e-04 0.00000e+00
40.650000 -1.25319e-05 7.24740e-05 0.00000e+00
40.660000 -1.70765e-05 3.28426e-05 0.00000e+00
40.670000 -5.92551e-06 -7.23373e-06 0.00000e+00
40.680000 1.37290e-05 -3.53233e-05 0.00000e+00
40.690000 4.53745e-05 1.06480e-04 0.00000e+00
40.700000 6.98705e-05 2.45207e-04 0.00000e+00
40.710000 5.76424e-05 3.79162e-04 0.00000e+00
40.720000 7.19468e-05 4.74644e-04 0.00000e+00
40.730000 6.52234e-05 4.05192e-04 0.00000e+00
40.740000 6.67141e-05 2.01784e-04 0.00000e+00
40.750000 7.68320e-05 3.08497e-05 0.00000e+00
40.760000 6.46594e-05 -2.72808e-05 0.00000e+00
40.770000 6.12432e-05 -1.20150e-04 0.00000e+00
40.780000 3.74236e-05 -1.75732e-04 0.00000e+00
40.790000 5.54398e-06 -2.72096e-04 0.00000e+00
40.800000 -5.35169e-06 -4.28909e-04 0.00000e+00
40.810000 -8.01283e-06 -5.22883e-04 0.00000e+00
40.820000 -9.55362e-06 -5.84138e-04 0.00000e+00
40.830000 1.95055e-05 -7.01806e-04 0.00000e+00
40.840000 1.46644e-05 -7.88032e-04 0.00000e+00
40.850000 2.73047e-05 -7.32603e-04 0.00000e+00
40.860000 4.23117e-05 -5.65110e-04 0.00000e+00
40.870000 1.00133e-05 -3.47460e-04 0.00000e+00
40.880000 -8.44264e-07 -3.15422e-04 0.00000e+00
40.890000 -3.59628e-05 -2.50745e-04 0.00000e+00
40.900000 -4.66280e-05 -1.52733e-04 0.00000e+00
40.910000 -4.50134e-05 -1.24767e-04 0.00000e+00
40.920000 -2.13298e-05 -3.48775e-06 0.00000e+00
40.930000 -2.54426e-05 6.46819e-05 0.00000e+00
40.940000 -3.69593e-05 1.20266e-04 0.00000e+00
40.950000 -3.04577e-05 1.98215e-04 0.00000e+00
40.960000 -4.43676e-05 1.72151e-04 0.00000e+00
40.970000 -1.69207e-05 8.42744e-05 0.00000e+00
40.980000 -1.67630e-05 8.07572e-07 0.00000e+00
40.990000 -1.01396e-05 -4.62183e-05 0.00000e+00
41.000000 -1.18257e-05 9.43497e-05 0.00000e+00
41.010000 1.75076e-05 2.14738e-04 0.00000e+00
41.020000 2.12208e-05 2.68093e-04 0.00000e+00
41.030000 1.83123e-05 4.19731e-04 0.00000e+00
41.040000 -1.27892e-06 4.57696e-04 0.00000e+00
41.050000 -1.44630e-05 3.78413e-04 0.00000e+00
41.060000 1.79091e-05 2.36624e-04 0.00000e+00
41.070000 -1.36806e-05 2.34996e-06 0.00000e+00
41.080000 1.13556e-05 -1.28551e-04 0.00000e+00
41.090000 3.48365e-06 -5.37036e-05 0.00000e+00
41.100000 6.76472e-06 4.89921e-06 0.00000e+00
41.110000 1.42086e-05 -7.61309e-05 0.00000e+00
41.120000 1.14168e-05 -1.43896e-04 0.00000e+00
41.130000 -1.04397e-05 -2.71607e-04 0.00000e+00
41.140000 -1.03511e-05 -2.78679e-04 0.00000e+00
41.150000 -6.11569e-06 -1.99855e-04 0.00000e+00
41.160000 1.80674e-05 -2.25141e-04 0.00000e+00
41.170000 1.95417e-05 -2.32470e-04 0.00000e+00
41.180000 -9.19785e-06 -1.53375e-04 0.00000e+00
41.190000 -1.15267e-06 -5.73793e-05 0.00000e+00
41.200000 -1.35719e-05 -5.36405e-05 0.00000e+00
41.210000 -2.99228e-05 -1.03700e-04 0.00000e+00
41.220000 -3.90693e-05 -2.26107e-04 0.00000e+00
41.230000 -3.84767e-05 -1.43833e-04 0.00000e+00
41.240000 -3.31470e-05 -3.84377e-05 0.00000e+00
41.250000 4.98952e-06 5.54803e-05 0.00000e+00
41.260000 1.64933e-06 1.70720e-04 0.00000e+00
41.270000 -1.88271e-05 2.04706e-04 0.00000e+00
41.280000 -2.14679e-05 3.40199e-04 0.00000e+00
41.290000 -1.47659e-05 3.97760e-04 0.00000e+00
41.300000 -1.47617e-05 3.28876e-04 0.00000e+00
41.310000 2.09424e-05 3.39425e-04 0.00000e+00
41.320000 -8.41532e-06 4.34500e-04 0.00000e+00
41.330000 4.86336e-06 6.08298e-04 0.00000e+00
41.340000 7.20564e-06 7.66254e-04 0.00000e+00
41.350000 1.50269e-05 7.09539e-04 0.00000e+00
41.360000 5.14102e-06 6.37194e-04 0.00000e+00
41.370000 1.92367e-05 5.58411e-04 0.00000e+00
41.380000 2.88229e-05 4.78300e-04 0.00000e+00
41.390000 4.88730e-05 4.25289e-04 0.00000e+00
41.400000 8.50323e-05 3.29469e-04 0.00000e+00
41.410000 6.87586e-05 2.54020e-04 0.00000e+00
41.420000 7.80388e-05 3.20883e-04 0.00000e+00
41.430000 5.34321e-05 3.64027e-04 0.00000e+00
41.440000 7.30005e-05 1.57796e-04 0.00000e+00
41.450000 6.51769e-05 -4.80388e-05 0.00000e+00
41.460000 5.03137e-05 -1.59532e-04 0.00000e+00
41.470000 7.07007e-05 -2.86216e-04 0.00000e+00
41.480000 8.66196e-05 -2.96222e-04 0.00000e+00
41.490000 6.88835e-05 -3.79276e-04 0.00000e+00
41.500000 6.27776e-05 -5.24267e-04 0.00000e+00
41.510000 2.53697e-05 -5.99916e-04 0.00000e+00
41.520000 1.76897e-05 -7.20966e-04 0.00000e+00
41.530000 1.91078e-05 -8.40247e-04 0.00000e+00
41.540000 1.69969e-05 -9.27480e-04 0.00000e+00
41.550000 3.56500e-05 -9.60694e-04 0.00000e+00
41.560000 4.53077e-06 -9.61614e-04 0.00000e+00
41.570000 -2.33320e-06 -8.18958e-04 0.00000e+00
41.580000 -1.01826e-05 -7.22471e-04 0.00000e+00
41.590000 -1.77075e-05 -7.30375e-04 0.00000e+00
41.600000 -5.63199e-05 -7.63485e-04 0.00000e+00
41.610000 -6.26064e-05 -7.25816e-04 0.00000e+00
41.620000 -4.56697e-05 -6.71178e-04 0.00000e+00
41.630000 -5.38774e-05 -6.42027e-04 0.00000e+00
41.640000 -5.53064e-05 -4.04083e-04 0.00000e+00
41.650000 -5.22618e-05 -6.54445e-05 0.00000e+00
41.660000 -7.37976e-05 1.30645e-04 0.00000e+00
41.670000 -6.22199e-05 2.39805e-04 0.00000e+00
41.680000 -7.85779e-05 2.58348e-04 0.00000e+00
41.690000 -6.65233e-05 2.77145e-04 0.00000e+00
41.700000 -5.89221e-05 4.49595e-04 0.00000e+00
41.710000 -5.14226e-05 6.32342e-04 0.00000e+00
41.720000 -4.59678e-05 8.84956e-04 0.00000e+00
41.730000 -3.36950e-05 1.02942e-03 0.00000e+00
41.740000 -2.15935e-05 1.02038e-03 0.00000e+00
41.750000 -3.09924e-05 1.07323e-03 0.00000e+00
41.760000 -1.92834e-05 1.12576e-03 0.00000e+00
41.770000 3.07886e-06 1.04953e-03 0.00000e+00
41.780000 2.93557e-05 9.30823e-04 0.00000e+00
41.790000 4.01412e-05 9.81963e-04 0.00000e+00
41.800000 9.13000e-05 9.73548e-04 0.00000e+00
41.810000 9.45456e-05 8.78881e-04 0.00000e+00
41.820000 7.97834e-05 8.53833e-04 0.00000e+00
41.830000 6.66851e-05 7.48844e-04 0.00000e+00
41.840000 8.10857e-05 6.61894e-04 0.00000e+00
41.850000 8.55440e-05 5.63947e-04 0.00000e+00
41.860000 1.20335e-04 4.36769e-04 0.00000e+00
41.870000 1.18916e-04 4.07857e-04 0.00000e+00
41.880000 1.14895e-04 3.74854e-04 0.00000e+00
41.890000 1.07725e-04 2.78578e-04 0.00000e+00
41.900000 8.14809e-05 1.69219e-04 0.00000e+00
41.910000 8.58654e-05 7.61217e-05 0.00000e+00
41.920000 9.46882e-05 -9.09842e-05 0.00000e+00
41.930000 8.50768e-05 -2.34051e-04 0.00000e+00
41.940000 8.44072e-05 -2.62379e-04 0.00000e+00
41.950000 9.10729e-05 -2.77967e-04 0.00000e+00
41.960000 9.69410e-05 -3.19597e-04 0.00000e+00
41.970000 6.93811e-05 -2.24800e-04 0.00000e+00
41.980000 9.59662e-05 -1.43407e-04 0.00000e+00
41.990000 8.80467e-05 -2.47663e-04 0.00000e+00
42.000000 8.94877e-05 -3.81074e-04 0.00000e+00
42.010000 9.09206e-05 -4.78095e-04 0.00000e+00
42.020000 8.30086e-05 -5.29064e-04 0.00000e+00
42.030000 8.59517e-05 -4.68460e-04 0.00000e+00
42.040000 8.53492e-05 -4.12350e-04 0.00000e+00
42.050000 6.05268e-05 -4.96949e-04 0.00000e+00
42.060000 4.90154e-05 -5.62765e-04 0.00000e+00
42.070000 4.42749e-05 -6.47959e-04 0.00000e+00
42.080000 4.14741e-05 -7.25246e-04 0.00000e+00
42.090000 3.70515e-05 -6.81466e-04 0.00000e+00
42.100000 4.84804e-05 -6.63959e-04 0.00000e+00
42.110000 3.11664e-05 -7.24331e-04 0.00000e+00
42.120000 1.93259e-05 -7.60435e-04 0.00000e+00
42.130000 1.49006e-05 -7.44759e-04 0.00000e+00
42.140000 1.23944e-05 -7.86379e-04 0.00000e+00
42.150000 -2.17305e-05 -6.96362e-04 0.00000e+00
42.160000 -1.59868e-05 -5.16583e-04 0.00000e+00
42.170000 -2.48492e-05 -3.58353e-04 0.00000e+00
42.180000 -2.59106e-05 -9.74043e-05 0.00000e+00
42.190000 -2.43673e-05 1.15970e-04 0.00000e+00
42.200000 -2.25601e-05 3.06604e-04 0.00000e+00
42.210000 -4.26657e-05 5.29424e-04 0.00000e+00
42.220000 -3.41793e-05 6.48640e-04 0.00000e+00
42.230000 -1.68406e-05 6.43788e-04 0.00000e+00
42.240000 -1.39961e-05 6.78912e-04 0.00000e+00
42.250000 -8.00864e-06 7.45983e-04 0.00000e+00
42.260000 1.80565e-06 7.59599e-04 0.00000e+00
42.270000 -9.56371e-06 8.08953e-04 0.00000e+00
42.280000 3.22094e-06 8.29092e-04 0.00000e+00
42.290000 2.49678e-05 8.10067e-04 0.00000e+00
42.300000 5.70433e-05 8.58181e-04 0.00000e+00
42.310000 8.11513e-05 8.70039e-04 0.00000e+00
42.320000 1.22293e-04 7.59804e-04 0.00000e+00
42.330000 1.16689e-04 6.42949e-04 0.00000e+00
42.340000 1.45607e-04 5.36205e-04 0.00000e+00
42.350000 1.30584e-04 3.51017e-04 0.00000e+00
42.360000 1.17119e-04 1.41271e-04 0.00000e+00
42.370000 1.05549e-04 -4.04384e-05 0.00000e+00
42.380000 9.49964e-05 -2.69148e-04 0.00000e+00
42.390000 6.62142e-05 -5.12760e-04 0.00000e+00
42.400000 6.25270e-05 -6.08852e-04 0.00000e+00
42.410000 6.73010e-05 -6.29509e-04 0.00000e+00
42.420000 5.67147e-05 -6.64367e-04 0.00000e+00
42.430000 4.79536e-05 -7.34318e-04 0.00000e+00
42.440000 5.73634e-05 -8.64999e-04 0.00000e+00
42.450000 4.55784e-05 -9.96294e-04 0.00000e+00
42.460000 5.47932e-05 -1.04394e-03 0.00000e+00
42.470000 2.99639e-05 -1.02431e-03 0.00000e+00
42.480000 4.62466e-06 -9.32736e-04 0.00000e+00
42.490000 -1.02391e-05 -7.13258e-04 0.00000e+00
42.500000 -2.42414e-05 -5.24755e-04 0.00000e+00
42.510000 -4.57809e-05 -3.50830e-04 0.00000e+00
42.520000 -5.21780e-05 -2.33344e-04 0.00000e+00
42.530000 -4.96620e-05 -2.81869e-04 0.00000e+00
42.540000 -3.25621e-05 -3.31893e-04 0.00000e+00
42.550000 -3.40881e-05 -3.62885e-04 0.00000e+00
42.560000 -1.38061e-05 -4.33564e-04 0.00000e+00
42.570000 1.42521e-06 -5.11929e-04 0.00000e+00
42.580000 -1.33889e-06 -4.86150e-04 0.00000e+00
42.590000 -2.25986e-05 -4.54457e-04 0.00000e+00
42.600000 -3.42176e-05 -4.71467e-04 0.00000e+00
42.610000 -3.45725e-05 -3.76406e-04 0.00000e+00
42.620000 -3.40783e-05 -1.96085e-04 0.00000e+00
42.630000 -2.94627e-05 8.23025e-06 0.00000e+00
42.640000 -2.67669e-05 1.24503e-04 0.00000e+00
42.650000 -1.73007e-05 8.82474e-05 0.00000e+00
42.660000 -2.60203e-05 2.43799e-05 0.00000e+00
42.670000 -5.11937e-05 -9.57231e-06 0.00000e+00
42.680000 -6.70508e-05 -3.21918e-05 0.00000e+00
42.690000 -9.56874e-05 -5.92122e-05 0.00000e+00
42.700000 -9.26019e-05 -1.51592e-05 0.00000e+00
42.710000 -8.31593e-05 1.43473e-04 0.00000e+00
42.720000 -7.19375e-05 2.67514e-04 0.00000e+00
42.730000 -6.31790e-05 4.44762e-04 0.00000e+00
42.740000 -4.78126e-05 7.76329e-04 0.00000e+00
42.750000 -2.56526e-05 1.06704e-03 0.00000e+00
42.760000 -1.62962e-05 1.19181e-03 0.00000e+00
42.770000 7.54599e-06 1.19366e-03 0.00000e+00
42.780000 3.67522e-05 1.21909e-03 0.00000e+00
42.790000 3.90591e-05 1.27785e-03 0.00000e+00
42.800000 2.94532e-05 1.34362e-03 0.00000e+00
42.810000 1.59988e-05 1.39430e-03 0.00000e+00
42.820000 2.90768e-05 1.49909e-03 0.00000e+00
42.830000 4.73693e-05 1.55285e-03 0.00000e+00
42.840000 8.15915e-05 1.45114e-03 0.00000e+00
42.850000 1.00368e-04 1.30878e-03 0.00000e+00
42.860000 1.23487e-04 1.11190e-03 0.00000e+00
42.870000 1.51304e-04 9.13439e-04 0.00000e+00
42.880000 1.68664e-04 7.93252e-04 0.00000e+00
42.890000 1.71639e-04 6.99860e-04 0.00000e+00
42.900000 2.07522e-04 5.44529e-04 0.00000e+00
42.910000 1.95621e-04 3.98784e-04 0.00000e+00
42.920000 1.76170e-04 3.41454e-04 0.00000e+00
42.930000 1.49732e-04 2.68796e-04 0.00000e+00
42.940000 1.53990e-04 2.08736e-04 0.00000e+00
42.950000 1.60565e-04 2.25527e-04 0.00000e+00
42.960000 1.65594e-04 1.88534e-04 0.00000e+00
42.970000 1.62707e-04 -3.64958e-07 0.00000e+00
42.980000 1.63816e-04 -2.44647e-04 0.00000e+00
42.990000 1.65715e-04 -4.21158e-04 0.00000e+00
43.000000 1.40201e-04 -4.69377e-04 0.00000e+00
43.010000 1.44010e-04 -3.79187e-04 0.00000e+00
43.020000 1.43117e-04 -2.30257e-04 0.00000e+00
43.030000 1.42184e-04 -9.88465e-05 0.00000e+00
43.040000 1.44257e-04 2.28110e-05 0.00000e+00
43.050000 1.46518e-04 1.17108e-04 0.00000e+00
43.060000 1.40952e-04 1.53422e-04 0.00000e+00
43.070000 1.33872e-04 2.71653e-04 0.00000e+00
43.080000 1.55331e-04 3.09327e-04 0.00000e+00
43.090000 1.51948e-04 1.89496e-04 0.00000e+00
43.100000 1.49609e-04 6.43617e-05 0.00000e+00
43.110000 1.49933e-04 -6.77643e-05 0.00000e+00
43.120000 1.46347e-04 -1.81410e-04 0.00000e+00
43.130000 1.35777e-04 -2.31962e-04 0.00000e+00
43.140000 1.40924e-04 -2.44844e-04 0.00000e+00
43.150000 1.65487e-04 -3.19516e-04 0.00000e+00
43.160000 1.82456e-04 -4.12695e-04 0.00000e+00
43.170000 2.01046e-04 -5.62033e-04 0.00000e+00
43.180000 1.96310e-04 -6.98295e-04 0.00000e+00
43.190000 1.77281e-04 -7.80532e-04 0.00000e+00
43.200000 1.46391e-04 -8.99587e-04 0.00000e+00
43.210000 1.20367e-04 -1.06158e-03 0.00000e+00
43.220000 1.00987e-04 -1.20950e-03 0.00000e+00
43.230000 8.49047e-05 -1.28763e-03 0.00000e+00
43.240000 6.94943e-05 -1.31966e-03 0.00000e+00
43.250000 3.36959e-05 -1.23562e-03 0.00000e+00
43.260000 4.30796e-05 -1.17562e-03 0.00000e+00
43.270000 2.39693e-05 -1.17738e-03 0.00000e+00
43.280000 9.01550e-06 -1.12010e-03 0.00000e+00
43.290000 4.29339e-06 -1.12137e-03 0.00000e+00
43.300000 1.49508e-05 -1.14449e-03 0.00000e+00
43.310000 -1.16399e-05 -1.08070e-03 0.00000e+00
43.320000 -2.92257e-05 -8.30029e-04 0.00000e+00
43.330000 -3.46345e-05 -4.53494e-04 0.00000e+00
43.340000 -3.66803e-05 -6.72560e-05 0.00000e+00
43.350000 -4.11145e-05 2.31459e-04 0.00000e+00
43.360000 -5.03816e-05 3.76282e-04 0.00000e+00
43.370000 -5.58036e-05 3.90653e-04 0.00000e+00
43.380000 -4.79705e-05 3.95860e-04 0.00000e+00
43.390000 -1.87150e-05 4.56615e-04 0.00000e+00
43.400000 5.14110e-06 4.80920e-04 0.00000e+00
43.410000 1.13702e-05 4.62688e-04 0.00000e+00
43.420000 1.19202e-05 3.60297e-04 0.00000e+00
43.430000 -5.67688e-06 3.38515e-04 0.00000e+00
43.440000 1.72418e-05 3.30323e-04 0.00000e+00
43.450000 1.46370e-05 1.71443e-04 0.00000e+00
43.460000 2.05799e-05 3.05706e-05 0.00000e+00
43.470000 5.33514e-05 2.94796e-05 0.00000e+00
43.480000 7.25375e-05 -5.23430e-06 0.00000e+00
43.490000 8.55354e-05 -1.78378e-04 0.00000e+00
43.500000 6.17760e-05 -3.28248e-04 0.00000e+00
43.510000 3.18924e-05 -4.77368e-04 0.00000e+00
43.520000 -4.25358e-06 -6.40893e-04 0.00000e+00
43.530000 -1.91682e-05 -7.53930e-04 0.00000e+00
43.540000 -2.67275e-05 -8.08930e-04 0.00000e+00
43.550000 -1.34554e-05 -8.01134e-04 0.00000e+00
43.560000 -3.31431e-05 -6.59082e-04 0.00000e+00
43.570000 -4.95746e-05 -4.62177e-04 0.00000e+00
43.580000 -5.76194e-05 -3.19911e-04 0.00000e+00
43.590000 -6.01278e-05 -2.69328e-04 0.00000e+00
43.600000 -5.77939e-05 -2.69716e-04 0.00000e+00
43.610000 -8.36289e-05 -1.09704e-04 0.00000e+00
43.620000 -7.88202e-05 3.81964e-05 0.00000e+00
43.630000 -6.15964e-05 1.27226e-04 0.00000e+00
43.640000 -4.80506e-05 4.19706e-04 0.00000e+00
43.650000 -6.61455e-05 7.34166e-04 0.00000e+00
43.660000 -6.05873e-05 9.16306e-04 0.00000e+00
43.670000 -4.85649e-05 9.89275e-04 0.00000e+00
43.680000 -3.48840e-05 9.80724e-04 0.00000e+00
43.690000 -1.30723e-06 9.21816e-04 0.00000e+00
43.700000 3.39710e-05 8.47971e-04 0.00000e+00
43.710000 4.92724e-05 8.35499e-04 0.00000e+00
43.720000 6.08329e-05 8.87160e-04 0.00000e+00
43.730000 6.49569e-05 7.92297e-04 0.00000e+00
43.740000 5.18956e-05 5.67732e-04 0.00000e+00
43.750000 5.36101e-05 3.70639e-04 0.00000e+00
43.760000 5.09601e-05 1.57418e-04 0.00000e+00
43.770000 7.91078e-05 -5.64656e-05 0.00000e+00
43.780000 8.09135e-05 -3.33757e-04 0.00000e+00
43.790000 5.36599e-05 -6.19072e-04 0.00000e+00
43.800000 7.29613e-05 -7.98260e-04 0.00000e+00
43.810000 5.71741e-05 -9.45123e-04 0.00000e+00
43.820000 1.42721e-05 -1.19554e-03 0.00000e+00
43.830000 -2.31614e-06 -1.44201e-03 0.00000e+00
43.840000 -4.86139e-07 -1.55304e-03 0.00000e+00
43.850000 -6.52500e-06 -1.57786e-03 0.00000e+00
43.860000 -1.98410e-05 -1.46974e-03 0.00000e+00
43.870000 -3.71213e-05 -1.22184e-03 0.00000e+00
43.880000 -5.28699e-05 -9.86872e-04 0.00000e+00
43.890000 -9.18152e-05 -8.41205e-04 0.00000e+00
43.900000 -1.28345e-04 -7.71480e-04 0.00000e+00
43.910000 -1.24090e-04 -7.54357e-04 0.00000e+00
43.920000 -1.39109e-04 -5.88124e-04 0.00000e+00
43.930000 -1.46296e-04 -3.18212e-04 0.00000e+00
43.940000 -1.46171e-04 1.68150e-05 0.00000e+00
43.950000 -1.41712e-04 3.72460e-04 0.00000e+00
43.960000 -1.33751e-04 5.51625e-04 0.00000e+00
43.970000 -1.22801e-04 7.82935e-04 0.00000e+00
43.980000 -1.13693e-04 1.01494e-03 0.00000e+00
43.990000 -9.27823e-05 1.02311e-03 0.00000e+00
44.000000 -5.28441e-05 1.00260e-03 0.00000e+00
44.010000 -2.54364e-05 1.12845e-03 0.00000e+00
44.020000 -1.23825e-06 1.29140e-03 0.00000e+00
44.030000 1.18406e-05 1.34049e-03 0.00000e+00
44.040000 1.20961e-05 1.30102e-03 0.00000e+00
44.050000 -2.55189e-06 1.22224e-03 0.00000e+00
44.060000 -1.15826e-06 1.05104e-03 0.00000e+00
44.070000 1.48170e-05 8.09663e-04 0.00000e+00
44.080000 5.87921e-05 6.78589e-04 0.00000e+00
44.090000 9.64254e-05 5.58254e-04 0.00000e+00
44.100000 8.00940e-05 3.60797e-04 0.00000e+00
44.110000 7.76003e-05 1.86668e-04 0.00000e+00
44.120000 5.37728e-05 1.53431e-05 0.00000e+00
44.130000 4.57887e-05 -1.44944e-04 0.00000e+00
44.140000 4.39525e-05 -2.75029e-04 0.00000e+00
44.150000 2.02865e-05 -3.84514e-04 0.00000e+00
44.160000 2.34371e-05 -4.23316e-04 0.00000e+00
44.170000 3.37268e-05 -3.30225e-04 0.00000e+00
44.180000 3.65617e-05 -2.24517e-04 0.00000e+00
44.190000 1.09607e-05 -1.28600e-04 0.00000e+00
44.200000 -5.56426e-06 1.28664e-05 0.00000e+00
44.210000 -5.48593e-06 1.49145e-04 0.00000e+00
44.220000 -1.35208e-06 2.21298e-04 0.00000e+00
44.230000 7.00796e-06 1.96740e-04 0.00000e+00
44.240000 2.35453e-05 2.18815e-04 0.00000e+00
44.250000 2.89092e-05 4.30371e-04 0.00000e+00
44.260000 2.05267e-05 8.30523e-04 0.00000e+00
44.270000 3.13215e-05 1.13892e-03 0.00000e+00
44.280000 4.05841e-05 1.26537e-03 0.00000e+00
44.290000 5.14749e-05 1.30313e-03 0.00000e+00
44.300000 7.17868e-05 1.25433e-03 0.00000e+00
44.310000 9.12300e-05 1.20966e-03 0.00000e+00
44.320000 1.12875e-04 1.13653e-03 0.00000e+00
44.330000 1.33892e-04 1.05204e-03 0.00000e+00
44.340000 1.42295e-04 1.00753e-03 0.00000e+00
44.350000 1.43751e-04 9.43833e-04 0.00000e+00
44.360000 1.69256e-04 7.43047e-04 0.00000e+00
44.370000 1.78887e-04 4.41843e-04 0.00000e+00
44.380000 1.82386e-04 2.05639e-04 0.00000e+00
44.390000 1.73003e-04 1.79886e-05 0.00000e+00
44.400000 1.70378e-04 -1.68996e-04 0.00000e+00
44.410000 1.99621e-04 -3.26348e-04 0.00000e+00
44.420000 2.09960e-04 -5.10324e-04 0.00000e+00
44.430000 2.05033e-04 -7.56552e-04 0.00000e+00
44.440000 1.57642e-04 -9.69766e-04 0.00000e+00
44.450000 1.27713e-04 -1.13076e-03 0.00000e+00
44.460000 1.04437e-04 -1.28061e-03 0.00000e+00
44.470000 8.71038e-05 -1.38072e-03 0.00000e+00
44.480000 7.98981e-05 -1.45784e-03 0.00000e+00
44.490000 6.96627e-05 -1.52492e-03 0.00000e+00
44.500000 4.67697e-05 -1.51653e-03 0.00000e+00
44.510000 2.88803e-05 -1.47494e-03 0.00000e+00
44.520000 8.69875e-06 -1.41965e-03 0.00000e+00
44.530000 -7.04467e-06 -1.23332e-03 0.00000e+00
44.540000 -7.30025e-06 -1.02514e-03 0.00000e+00
44.550000 -6.31330e-06 -9.19799e-04 0.00000e+00
44.560000 -2.08106e-05 -8.25864e-04 0.00000e+00
44.570000 -2.81412e-05 -6.91399e-04 0.00000e+00
44.580000 -3.70122e-05 -3.81764e-04 0.00000e+00
44.590000 -4.37049e-05 -9.73967e-07 0.00000e+00
44.600000 -3.69988e-05 3.07458e-04 0.00000e+00
44.610000 -3.34951e-05 4.65526e-04 0.00000e+00
44.620000 -3.27169e-05 5.15954e-04 0.00000e+00
44.630000 -2.94440e-05 6.27724e-04 0.00000e+00
44.640000 -2.40171e-05 7.57253e-04 0.00000e+00
44.650000 -2.05540e-05 8.90995e-04 0.00000e+00
44.660000 3.21132e-07 1.02164e-03 0.00000e+00
44.670000 2.48537e-05 1.07460e-03 0.00000e+00
44.680000 3.91607e-05 1.01772e-03 0.00000e+00
44.690000 5.86200e-05 9.43882e-04 0.00000e+00
44.700000 6.38133e-05 8.79585e-04 0.00000e+00
44.710000 4.98745e-05 8.30532e-04 0.00000e+00
44.720000 6.39728e-05 8.15939e-04 0.00000e+00
44.730000 9.23607e-05 7.48467e-04 0.00000e+00
44.740000 1.09613e-04 5.69709e-04 0.00000e+00
44.750000 1.24060e-04 3.68712e-04 0.00000e+00
44.760000 1.06826e-04 2.24563e-04 0.00000e+00
44.770000 1.10672e-04 1.23050e-04 0.00000e+00
44.780000 9.93060e-05 -6.66543e-06 0.00000e+00
44.790000 1.10608e-04 -1.98781e-04 0.00000e+00
44.800000 1.09564e-04 -3.48767e-04 0.00000e+00
44.810000 9.88819e-05 -4.39686e-04 0.00000e+00
44.820000 8.39548e-05 -5.48017e-04 0.00000e+00
44.830000 7.06137e-05 -6.19605e-04 0.00000e+00
44.840000 4.95389e-05 -6.33284e-04 0.00000e+00
44.850000 4.06024e-05 -6.91866e-04 0.00000e+00
44.860000 4.81710e-05 -7.78882e-04 0.00000e+00
44.870000 3.77805e-05 -9.18952e-04 0.00000e+00
44.880000 2.85862e-05 -1.13518e-03 0.00000e+00
44.890000 1.68765e-05 -1.25154e-03 0.00000e+00
44.900000 -1.99948e-06 -1.15178e-03 0.00000e+00
44.910000 -1.45734e-05 -9.80830e-04 0.00000e+00
44.920000 4.22763e-07 -9.20838e-04 0.00000e+00
44.930000 2.49380e-07 -9.16358e-04 0.00000e+00
44.940000 -1.62835e-05 -8.29516e-04 0.00000e+00
44.950000 -3.06428e-05 -6.88302e-04 0.00000e+00
44.960000 -2.92569e-05 -5.26952e-04 0.00000e+00
44.970000 -1.89553e-05 -4.05467e-04 0.00000e+00
44.980000 -3.56567e-05 -3.54299e-04 0.00000e+00
44.990000 -5.19589e-05 -3.03587e-04 0.00000e+00
45.000000 -6.64201e-05 -2.39897e-04 0.00000e+00
45.010000 -8.78316e-05 -2.07846e-04 0.00000e+00
45.020000 -1.06772e-04 -2.25961e-04 0.00000e+00
45.030000 -1.06861e-04 -1.70606e-04 0.00000e+00
45.040000 -1.05390e-04 -9.62134e-05 0.00000e+00
45.050000 -7.14642e-05 -7.45227e-05 0.00000e+00
45.060000 -4.77960e-05 -4.33451e-05 0.00000e+00
45.070000 -3.53011e-05 -3.60430e-05 0.00000e+00
45.080000 -5.61174e-05 -7.67740e-05 0.00000e+00
45.090000 -6.18267e-05 -1.16697e-05 0.00000e+00
45.100000 -2.89366e-05 1.13361e-04 0.00000e+00
45.110000 -2.49487e-05 1.06497e-04 0.00000e+00
45.120000 -3.39217e-05 2.96990e-05 0.00000e+00
45.130000 -5.23147e-05 3.90529e-05 0.00000e+00
45.140000 -6.81788e-05 2.29932e-04 0.00000e+00
45.150000 -5.64352e-05 3.92867e-04 0.00000e+00
45.160000 -5.50640e-05 3.48760e-04 0.00000e+00
45.170000 -5.50385e-05 2.73270e-04 0.00000e+00
45.180000 -6.66878e-05 2.31958e-04 0.00000e+00
45.190000 -6.57641e-05 1.56659e-04 0.00000e+00
45.200000 -5.46576e-05 8.80238e-05 0.00000e+00
45.210000 -5.72122e-05 2.90322e-05 0.00000e+00
45.220000 -5.21331e-05 1.10202e-04 0.00000e+00
45.230000 -4.49689e-05 3.19921e-04 0.00000e+00
45.240000 -4.61024e-05 4.56943e-04 0.00000e+00
45.250000 -4.12897e-05 4.47769e-04 0.00000e+00
45.260000 -2.46370e-05 4.17228e-04 0.00000e+00
45.270000 -3.42071e-05 6.07932e-04 0.00000e+00
45.280000 -2.93826e-05 7.54448e-04 0.00000e+00
45.290000 -5.20616e-06 7.30878e-04 0.00000e+00
45.300000 2.28922e-05 7.04111e-04 0.00000e+00
45.310000 3.03036e-05 6.66582e-04 0.00000e+00
45.320000 -1.38432e-06 7.13956e-04 0.00000e+00
45.330000 -8.60960e-06 7.51822e-04 0.00000e+00
45.340000 2.01336e-05 6.84881e-04 0.00000e+00
45.350000 2.71399e-05 5.53655e-04 0.00000e+00
45.360000 2.91541e-05 3.52050e-04 0.00000e+00
45.370000 3.56485e-05 2.03739e-04 0.00000e+00
45.380000 4.69888e-05 1.73983e-04 0.00000e+00
45.390000 6.94494e-05 1.59750e-04 0.00000e+00
45.400000 5.58855e-05 9.64095e-05 0.00000e+00
45.410000 4.74944e-05 -2.72421e-05 0.00000e+00
45.420000 5.22182e-05 -1.51619e-04 0.00000e+00
45.430000 7.07914e-05 -2.06010e-04 0.00000e+00
45.440000 6.37095e-05 -2.88421e-04 0.00000e+00
45.450000 2.46450e-05 -4.23387e-04 0.00000e+00
45.460000 4.46394e-05 -4.74657e-04 0.00000e+00
45.470000 4.51817e-05 -3.83817e-04 0.00000e+00
45.480000 3.94405e-05 -3.01502e-04 0.00000e+00
45.490000 2.25850e-05 -4.14783e-04 0.00000e+00
45.500000 -1.11429e-05 -5.50256e-04 0.00000e+00
45.510000 -2.06284e-05 -4.38082e-04 0.00000e+00
45.520000 -2.48924e-05 -3.16621e-04 0.00000e+00
45.530000 -2.23439e-05 -3.07103e-04 0.00000e+00
45.540000 6.73171e-06 -2.47839e-04 0.00000e+00
45.550000 1.55350e-05 -1.48996e-04 0.00000e+00
45.560000 -1.01512e-05 -1.12211e-05 0.00000e+00
45.570000 -2.27311e-05 3.70073e-05 0.00000e+00
45.580000 -2.22742e-05 8.44379e-07 0.00000e+00
45.590000 -1.15295e-05 7.94948e-05 0.00000e+00
45.600000 -9.18538e-06 2.61535e-04 0.00000e+00
45.610000 -8.22784e-06 3.47130e-04 0.00000e+00
45.620000 -2.62433e-06 2.56280e-04 0.00000e+00
45.630000 1.45549e-05 2.75767e-04 0.00000e+00
45.640000 2.44777e-05 3.83809e-04 0.00000e+00
45.650000 1.31645e-05 3.56828e-04 0.00000e+00
45.660000 2.18525e-05 2.37988e-04 0.00000e+00
45.670000 4.77217e-05 5.36599e-05 0.00000e+00
45.680000 5.15337e-05 -1.08843e-04 0.00000e+00
45.690000 1.91081e-05 -2.44724e-04 0.00000e+00
45.700000 3.33863e-05 -3.27558e-04 0.00000e+00
45.710000 3.15100e-05 -1.87497e-04 0.00000e+00
45.720000 2.52021e-05 6.03427e-05 0.00000e+00
45.730000 1.46470e-05 1.13028e-04 0.00000e+00
45.740000 9.72299e-06 1.74460e-05 0.00000e+00
45.750000 2.21435e-05 -4.84033e-05 0.00000e+00
45.760000 2.88820e-05 -5.15904e-05 0.00000e+00
45.770000 3.76483e-06 -6.46114e-05 0.00000e+00
45.780000 -1.54191e-05 -1.78011e-04 0.00000e+00
45.790000 -8.62598e-06 -2.87375e-04 0.00000e+00
45.800000 -6.64000e-06 -2.72674e-04 0.00000e+00
45.810000 -3.37545e-05 -1.76961e-04 0.00000e+00
45.820000 -3.93891e-05 -1.35189e-04 0.00000e+00
45.830000 -2.88741e-05 -1.12667e-04 0.00000e+00
45.840000 -5.31690e-06 9.50991e-05 0.00000e+00
45.850000 8.89697e-06 3.38594e-04 0.00000e+00
45.860000 2.63928e-05 3.70620e-04 0.00000e+00
45.870000 6.03889e-05 4.14613e-04 0.00000e+00
45.880000 7.52869e-05 5.04961e-04 0.00000e+00
45.890000 4.55753e-05 5.10483e-04 0.00000e+00
45.900000 1.36325e-05 4.84105e-04 0.00000e+00
45.910000 7.73106e-06 4.46454e-04 0.00000e+00
45.920000 8.87909e-06 4.70802e-04 0.00000e+00
45.930000 6.54662e-06 5.01696e-04 0.00000e+00
45.940000 -6.16826e-07 4.08954e-04 0.00000e+00
45.950000 4.68251e-06 2.35952e-04 0.00000e+00
45.960000 4.19020e-05 9.28831e-05 0.00000e+00
45.970000 6.33373e-05 -5.19207e-05 0.00000e+00
45.980000 7.46289e-05 -2.21977e-04 0.00000e+00
45.990000 7.41126e-05 -3.55937e-04 0.00000e+00
46.000000 8.70508e-05 -4.19376e-04 0.00000e+00
46.010000 9.65940e-05 -3.94404e-04 0.00000e+00
46.020000 6.28497e-05 -3.95238e-04 0.00000e+00
46.030000 4.83524e-05 -3.78698e-04 0.00000e+00
46.040000 4.47197e-05 -1.77483e-04 0.00000e+00
46.050000 2.17827e-05 8.56404e-05 0.00000e+00
46.060000 1.87259e-05 1.76463e-04 0.00000e+00
46.070000 1.01071e-05 8.10724e-05 0.00000e+00
46.080000 6.65385e-06 -5.37983e-05 0.00000e+00
46.090000 -3.19326e-06 -1.79796e-04 0.00000e+00
46.100000 -1.86517e-05 -2.40917e-04 0.00000e+00
46.110000 -2.13880e-05 -2.50926e-04 0.00000e+00
46.120000 -1.80698e-05 -2.61823e-04 0.00000e+00
46.130000 -1.65461e-05 -1.38029e-04 0.00000e+00
46.140000 4.63832e-07 2.16237e-05 0.00000e+00
46.150000 3.29953e-05 1.29585e-04 0.00000e+00
46.160000 3.68918e-05 1.95957e-04 0.00000e+00
46.170000 4.14568e-05 2.80969e-04 0.00000e+00
46.180000 4.64839e-05 5.18784e-04 0.00000e+00
46.190000 4.40486e-05 5.75480e-04 0.00000e+00
46.200000 7.77148e-05 4.65195e-04 0.00000e+00
46.210000 7.84663e-05 4.49990e-04 0.00000e+00
46.220000 5.84516e-05 4.21339e-04 0.00000e+00
46.230000 3.20714e-05 3.35146e-04 0.00000e+00
46.240000 2.18880e-05 2.09445e-04 0.00000e+00
46.250000 1.78585e-05 1.04793e-04 0.00000e+00
46.260000 3.59029e-05 2.57762e-05 0.00000e+00
46.270000 6.26322e-05 -1.06464e-04 0.00000e+00
46.280000 6.21350e-05 -2.57590e-04 0.00000e+00
46.290000 5.64498e-05 -4.02452e-04 0.00000e+00
46.300000 5.92633e-05 -5.71986e-04 0.00000e+00
46.310000 3.63096e-05 -6.78922e-04 0.00000e+00
46.320000 4.77478e-05 -6.43681e-04 0.00000e+00
46.330000 3.41898e-05 -6.95301e-04 0.00000e+00
46.340000 5.00469e-05 -8.64824e-04 0.00000e+00
46.350000 3.41789e-05 -9.24211e-04 0.00000e+00
46.360000 -1.34499e-05 -9.25878e-04 0.00000e+00
46.370000 -4.25279e-06 -8.03742e-04 0.00000e+00
46.380000 -1.11938e-05 -6.78953e-04 0.00000e+00
46.390000 -2.60515e-05 -6.91467e-04 0.00000e+00
46.400000 -4.77394e-05 -7.79038e-04 0.00000e+00
46.410000 -4.90442e-05 -8.54854e-04 0.00000e+00
46.420000 -4.39856e-05 -8.47676e-04 0.00000e+00
46.430000 -5.74937e-05 -7.60486e-04 0.00000e+00
46.440000 -7.24651e-05 -5.35778e-04 0.00000e+00
46.450000 -8.45594e-05 -4.04848e-04 0.00000e+00
46.460000 -9.46707e-05 -3.76500e-04 0.00000e+00
46.470000 -9.58993e-05 -2.87289e-04 0.00000e+00
46.480000 -8.77293e-05 -2.34441e-04 0.00000e+00
46.490000 -9.77776e-05 -1.11215e-04 0.00000e+00
46.500000 -1.16310e-04 4.43216e-05 0.00000e+00
46.510000 -8.53129e-05 2.00833e-04 0.00000e+00
46.520000 -5.61156e-05 3.39133e-04 0.00000e+00
46.530000 -5.61236e-05 2.69433e-04 0.00000e+00
46.540000 -5.07458e-05 2.38583e-04 0.00000e+00
46.550000 -7.30481e-05 2.93009e-04 0.00000e+00
46.560000 -5.54658e-05 3.00935e-04 0.00000e+00
46.570000 -5.99194e-05 3.02574e-04 0.00000e+00
46.580000 -3.52168e-05 3.76160e-04 0.00000e+00
46.590000 -3.80728e-05 5.53869e-04 0.00000e+00
46.600000 -3.08616e-05 6.73331e-04 0.00000e+00
46.610000 -4.05164e-05 6.63323e-04 0.00000e+00
46.620000 -6.03490e-05 5.88124e-04 0.00000e+00
46.630000 -3.52464e-05 4.79399e-04 0.00000e+00
46.640000 -2.82706e-05 3.88972e-04 0.00000e+00
46.650000 -1.95686e-05 3.45799e-04 0.00000e+00
46.660000 -8.62268e-06 2.48295e-04 0.00000e+00
46.670000 -2.42310e-05 7.13021e-05 0.00000e+00
46.680000 -2.13571e-05 8.05723e-05 0.00000e+00
46.690000 -3.41162e-05 2.88752e-04 0.00000e+00
46.700000 -2.43594e-05 3.71462e-04 0.00000e+00
46.710000 -7.70888e-06 3.48617e-04 0.00000e+00
46.720000 3.16472e-06 2.93227e-04 0.00000e+00
46.730000 2.41103e-05 3.15509e-04 0.00000e+00
46.740000 3.85325e-05 3.91431e-04 0.00000e+00
46.750000 4.58404e-05 4.80249e-04 0.00000e+00
46.760000 3.15810e-05 5.42504e-04 0.00000e+00
46.770000 5.09312e-06 5.06411e-04 0.00000e+00
46.780000 -8.70290e-06 4.27192e-04 0.00000e+00
46.790000 -1.00057e-05 2.70052e-04 0.00000e+00
46.800000 -3.29385e-06 2.75440e-04 0.00000e+00
46.810000 1.00647e-05 3.79633e-04 0.00000e+00
46.820000 1.71396e-05 3.97925e-04 0.00000e+00
46.830000 2.82308e-05 3.74211e-04 0.00000e+00
46.840000 5.68631e-05 3.28511e-04 0.00000e+00
46.850000 8.27114e-05 3.14188e-04 0.00000e+00
46.860000 6.73745e-05 2.71702e-04 0.00000e+00
46.870000 5.03974e-05 1.99404e-04 0.00000e+00
46.880000 6.58126e-05 1.98227e-04 0.00000e+00
46.890000 7.89069e-05 2.92705e-04 0.00000e+00
46.900000 8.86634e-05 4.13268e-04 0.00000e+00
46.910000 7.25426e-05 4.90343e-04 0.00000e+00
46.920000 6.79595e-05 5.63213e-04 0.00000e+00
46.930000 4.70033e-05 6.30124e-04 0.00000e+00
46.940000 5.31477e-05 6.03935e-04 0.00000e+00
46.950000 6.10164e-05 5.28290e-04 0.00000e+00
46.960000 8.39990e-05 4.64814e-04 0.00000e+00
46.970000 1.03223e-04 3.91400e-04 0.00000e+00
46.980000 8.35440e-05 3.33856e-04 0.00000e+00
46.990000 8.13964e-05 2.73217e-04 0.00000e+00
47.000000 8.53029e-05 1.88074e-04 0.00000e+00
47.010000 1.12823e-04 1.55496e-04 0.00000e+00
47.020000 1.08867e-04 2.23765e-04 0.00000e+00
47.030000 1.10154e-04 2.14731e-04 0.00000e+00
47.040000 1.15071e-04 6.04697e-05 0.00000e+00
47.050000 1.35070e-04 -4.24109e-05 0.00000e+00
47.060000 1.42187e-04 -8.16744e-05 0.00000e+00
47.070000 1.23941e-04 -1.39471e-04 0.00000e+00
47.080000 1.23010e-04 -2.86499e-04 0.00000e+00
47.090000 1.32983e-04 -4.96881e-04 0.00000e+00
47.100000 1.27220e-04 -7.03018e-04 0.00000e+00
47.110000 1.07488e-04 -8.59870e-04 0.00000e+00
47.120000 9.32307e-05 -9.44779e-04 0.00000e+00
47.130000 7.29236e-05 -9.42247e-04 0.00000e+00
47.140000 5.76098e-05 -8.83863e-04 0.00000e+00
47.150000 5.03325e-05 -9.42808e-04 0.00000e+00
47.160000 3.79857e-05 -1.02045e-03 0.00000e+00
47.170000 3.14649e-05 -9.82839e-04 0.00000e+00
47.180000 2.90398e-05 -7.96763e-04 0.00000e+00
47.190000 2.56281e-05 -6.31246e-04 0.00000e+00
47.200000 2.42776e-07 -6.01889e-04 0.00000e+00
47.210000 -9.33336e-06 -5.44116e-04 0.00000e+00
47.220000 -1.84647e-05 -3.72841e-04 0.00000e+00
47.230000 -2.89742e-05 -1.61019e-04 0.00000e+00
47.240000 -3.63220e-05 -5.97419e-05 0.00000e+00
47.250000 -3.68577e-05 7.62624e-05 0.00000e+00
47.260000 -2.54350e-05 3.50320e-04 0.00000e+00
47.270000 -5.14651e-06 5.83520e-04 0.00000e+00
47.280000 4.43578e-06 6.86897e-04 0.00000e+00
47.290000 1.60404e-05 6.99256e-04 0.00000e+00
47.300000 2.88043e-05 6.87471e-04 0.00000e+00
47.310000 2.96806e-05 6.72447e-04 0.00000e+00
47.320000 4.38106e-05 6.78834e-04 0.00000e+00
47.330000 7.23116e-05 7.12087e-04 0.00000e+00
47.340000 8.33934e-05 7.42118e-04 0.00000e+00
47.350000 8.71659e-05 8.11265e-04 0.00000e+00
47.360000 6.30741e-05 9.22393e-04 0.00000e+00
47.370000 7.20600e-05 9.24036e-04 0.00000e+00
47.380000 9.09513e-05 8.00330e-04 0.00000e+00
47.390000 1.05833e-04 6.44293e-04 0.00000e+00
47.400000 1.02186e-04 4.68053e-04 0.00000e+00
47.410000 1.10898e-04 2.84338e-04 0.00000e+00
47.420000 1.27858e-04 5.79037e-05 0.00000e+00
47.430000 1.12454e-04 -1.17382e-04 0.00000e+00
47.440000 8.67806e-05 -1.72369e-04 0.00000e+00
47.450000 7.74482e-05 -2.41524e-04 0.00000e+00
47.460000 7.38845e-05 -3.72322e-04 0.00000e+00
47.470000 9.12087e-05 -5.48590e-04 0.00000e+00
47.480000 9.38770e-05 -7.21150e-04 0.00000e+00
47.490000 1.06355e-04 -7.75046e-04 0.00000e+00
47.500000 1.06712e-04 -6.98605e-04 0.00000e+00
47.510000 1.03419e-04 -6.28288e-04 0.00000e+00
47.520000 9.67370e-05 -6.32962e-04 0.00000e+00
47.530000 7.35131e-05 -7.58388e-04 0.00000e+00
47.540000 3.33629e-05 -8.78967e-04 0.00000e+00
47.550000 1.47176e-05 -8.35256e-04 0.00000e+00
47.560000 4.54369e-06 -7.46013e-04 0.00000e+00
47.570000 3.30853e-06 -7.16713e-04 0.00000e+00
47.580000 -7.86427e-06 -6.88596e-04 0.00000e+00
47.590000 -1.41256e-05 -5.78702e-04 0.00000e+00
47.600000 -1.48534e-06 -5.39863e-04 0.00000e+00
47.610000 -1.19429e-05 -6.38648e-04 0.00000e+00
47.620000 -3.30813e-05 -7.00551e-04 0.00000e+00
47.630000 -3.80328e-05 -6.55264e-04 0.00000e+00
47.640000 -3.48850e-05 -5.12307e-04 0.00000e+00
47.650000 -2.87249e-06 -3.12914e-04 0.00000e+00
47.660000 5.28533e-06 -6.76377e-05 0.00000e+00
47.670000 -6.01562e-06 1.99780e-04 0.00000e+00
47.680000 -2.60672e-05 4.18488e-04 0.00000e+00
47.690000 -3.15772e-05 5.78039e-04 0.00000e+00
47.700000 -3.54018e-05 5.97589e-04 0.00000e+00
47.710000 -1.62592e-05 4.59173e-04 0.00000e+00
47.720000 -1.35913e-05 3.23223e-04 0.00000e+00
47.730000 -2.05208e-05 2.67961e-04 0.00000e+00
47.740000 -2.30103e-05 2.48411e-04 0.00000e+00
47.750000 -1.49815e-05 1.92335e-04 0.00000e+00
47.760000 -1.48288e-05 7.40869e-05 0.00000e+00
47.770000 -1.44969e-05 1.68593e-05 0.00000e+00
47.780000 5.63373e-06 -1.79246e-05 0.00000e+00
47.790000 3.54786e-05 -1.35511e-04 0.00000e+00
47.800000 4.97357e-05 -2.65460e-04 0.00000e+00
47.810000 5.56919e-05 -3.53265e-04 0.00000e+00
47.820000 5.60341e-05 -2.86495e-04 0.00000e+00
47.830000 4.74951e-05 -1.88479e-04 0.00000e+00
47.840000 2.20804e-05 -2.00320e-04 0.00000e+00
47.850000 -5.24206e-06 -2.23507e-04 0.00000e+00
47.860000 -3.48800e-05 -2.39962e-04 0.00000e+00
47.870000 -5.47667e-05 -2.57627e-04 0.00000e+00
47.880000 -4.96308e-05 -1.95705e-04 0.00000e+00
47.890000 -3.84420e-05 -1.39824e-04 0.00000e+00
47.900000 -4.04426e-05 -1.40797e-04 0.00000e+00
47.910000 -4.69172e-05 -6.50234e-05 0.00000e+00
47.920000 -5.53487e-05 6.60018e-05 0.00000e+00
47.930000 -5.00805e-05 1.62070e-04 0.00000e+00
47.940000 -3.49072e-05 2.20243e-04 0.00000e+00
47.950000 -2.86693e-05 3.64139e-04 0.00000e+00
47.960000 -2.10740e-05 5.78526e-04 0.00000e+00
47.970000 -9.13567e-06 7.85230e-04 0.00000e+00
47.980000 8.18328e-06 9.74067e-04 0.00000e+00
47.990000 2.94373e-05 1.23443e-03 0.00000e+00
48.000000 2.26591e-05 1.43928e-03 0.00000e+00
48.010000 4.84733e-05 1.48639e-03 0.00000e+00
48.020000 6.16252e-05 1.48762e-03 0.00000e+00
48.030000 6.57756e-05 1.41770e-03 0.00000e+00
48.040000 7.53289e-05 1.28547e-03 0.00000e+00
48.050000 9.40424e-05 1.19333e-03 0.00000e+00
48.060000 9.52742e-05 1.16476e-03 0.00000e+00
48.070000 1.33015e-04 1.06660e-03 0.00000e+00
48.080000 1.45468e-04 8.46096e-04 0.00000e+00
48.090000 1.44235e-04 6.00900e-04 0.00000e+00
48.100000 1.41077e-04 3.75368e-04 0.00000e+00
48.110000 1.56480e-04 1.63302e-04 0.00000e+00
48.120000 1.64092e-04 4.27739e-06 0.00000e+00
48.130000 1.61002e-04 -1.15382e-04 0.00000e+00
48.140000 1.71829e-04 -2.53371e-04 0.00000e+00
48.150000 1.78667e-04 -4.31710e-04 0.00000e+00
48.160000 1.82776e-04 -5.91931e-04 0.00000e+00
48.170000 1.37973e-04 -7.48573e-04 0.00000e+00
48.180000 1.37376e-04 -8.09585e-04 0.00000e+00
48.190000 1.22379e-04 -7.62798e-04 0.00000e+00
48.200000 1.01498e-04 -7.88904e-04 0.00000e+00
48.210000 8.59837e-05 -8.97988e-04 0.00000e+00
48.220000 7.33687e-05 -9.96056e-04 0.00000e+00
48.230000 5.20686e-05 -1.04515e-03 0.00000e+00
48.240000 2.60481e-05 -9.59234e-04 0.00000e+00
48.250000 1.93732e-05 -7.78840e-04 0.00000e+00
48.260000 2.57030e-05 -7.11110e-04 0.00000e+00
48.270000 1.83578e-05 -7.36318e-04 0.00000e+00
48.280000 2.16641e-05 -7.19411e-04 0.00000e+00
48.290000 3.33391e-05 -6.61146e-04 0.00000e+00
48.300000 1.84057e-05 -6.41882e-04 0.00000e+00
48.310000 2.58236e-06 -5.87854e-04 0.00000e+00
48.320000 -1.81916e-06 -4.43796e-04 0.00000e+00
48.330000 1.62596e-05 -2.77955e-04 0.00000e+00
48.340000 2.84245e-05 -3.21350e-04 0.00000e+00
48.350000 3.51629e-05 -4.28131e-04 0.00000e+00
48.360000 1.26444e-05 -4.21006e-04 0.00000e+00
48.370000 -1.07271e-05 -4.66973e-04 0.00000e+00
48.380000 -2.30035e-05 -5.62435e-04 0.00000e+00
48.390000 -9.42143e-06 -6.62969e-04 0.00000e+00
48.400000 8.78649e-09 -8.20980e-04 0.00000e+00
48.410000 -3.53149e-06 -1.06539e-03 0.00000e+00
48.420000 -2.94024e-05 -1.22478e-03 0.00000e+00
48.430000 -6.08641e-05 -1.21640e-03 0.00000e+00
48.440000 -7.32180e-05 -1.21402e-03 0.00000e+00
48.450000 -7.80942e-05 -1.21410e-03 0.00000e+00
48.460000 -8.99188e-05 -1.10080e-03 0.00000e+00
48.470000 -9.54300e-05 -1.05865e-03 0.00000e+00
48.480000 -9.93693e-05 -1.12689e-03 0.00000e+00
48.490000 -1.11145e-04 -1.12574e-03 0.00000e+00
48.500000 -1.42798e-04 -9.66753e-04 0.00000e+00
48.510000 -1.72363e-04 -6.91920e-04 0.00000e+00
48.520000 -1.63721e-04 -4.09344e-04 0.00000e+00
48.530000 -1.73332e-04 -2.35297e-04 0.00000e+00
48.540000 -1.90235e-04 -2.47718e-04 0.00000e+00
48.550000 -2.00358e-04 -2.54579e-04 0.00000e+00
48.560000 -2.00454e-04 -5.06552e-05 0.00000e+00
48.570000 -2.01141e-04 2.43332e-04 0.00000e+00
48.580000 -1.76887e-04 4.79394e-04 0.00000e+00
48.590000 -1.42697e-04 6.47539e-04 0.00000e+00
48.600000 -1.33625e-04 7.10093e-04 0.00000e+00
48.610000 -1.37299e-04 7.55303e-04 0.00000e+00
48.620000 -1.18216e-04 8.21381e-04 0.00000e+00
48.630000 -1.14146e-04 8.96035e-04 0.00000e+00
48.640000 -1.19421e-04 1.00296e-03 0.00000e+00
48.650000 -9.12155e-05 1.08196e-03 0.00000e+00
48.660000 -6.20480e-05 1.16523e-03 0.00000e+00
48.670000 -4.51439e-05 1.14848e-03 0.00000e+00
48.680000 -4.53877e-05 9.85407e-04 0.00000e+00
48.690000 -5.68929e-05 9.29984e-04 0.00000e+00
48.700000 -6.75009e-05 9.72745e-04 0.00000e+00
48.710000 -6.41277e-05 9.05653e-04 0.00000e+00
48.720000 -1.84398e-05 7.23834e-04 0.00000e+00
48.730000 -1.77926e-06 5.40020e-04 0.00000e+00
48.740000 -1.20319e-05 3.78042e-04 0.00000e+00
48.750000 -1.28629e-05 2.97014e-04 0.00000e+00
48.760000 -1.04110e-05 3.87671e-04 0.00000e+00
48.770000 -1.87324e-05 4.52162e-04 0.00000e+00
48.780000 -8.24680e-06 3.65770e-04 0.00000e+00
48.790000 -8.69597e-06 2.91263e-04 0.00000e+00
48.800000 1.25123e-05 2.28749e-04 0.00000e+00
48.810000 6.37236e-06 1.15396e-04 0.00000e+00
48.820000 5.24087e-06 8.07548e-05 0.00000e+00
48.830000 1.27806e-05 1.33535e-04 0.00000e+00
48.840000 -4.03333e-06 1.98172e-04 0.00000e+00
48.850000 8.14103e-06 2.73087e-04 0.00000e+00
48.860000 2.57772e-05 2.42840e-04 0.00000e+00
48.870000 1.64936e-05 1.65479e-04 0.00000e+00
48.880000 -3.61271e-06 1.71840e-04 0.00000e+00
48.890000 -4.32293e-06 3.48516e-04 0.00000e+00
48.900000 1.43713e-05 5.33110e-04 0.00000e+00
48.910000 2.65300e-05 5.35757e-04 0.00000e+00
48.920000 4.44773e-05 5.27915e-04 0.00000e+00
48.930000 4.61465e-05 5.39448e-04 0.00000e+00
48.940000 2.33286e-05 5.30105e-04 0.00000e+00
48.950000 2.38947e-05 5.29972e-04 0.00000e+00
48.960000 3.29139e-05 5.01425e-04 0.00000e+00
48.970000 3.91552e-05 4.88138e-04 0.00000e+00
48.980000 5.59738e-05 4.84198e-04 0.00000e+00
48.990000 6.63296e-05 3.90273e-04 0.00000e+00
49.000000 7.46800e-05 3.09764e-04 0.00000e+00
49.010000 9.08628e-05 2.23042e-04 0.00000e+00
49.020000 9.88774e-05 1.59195e-04 0.00000e+00
49.030000 8.80209e-05 1.95476e-04 0.00000e+00
49.040000 1.14279e-04 1.45246e-04 0.00000e+00
49.050000 1.10488e-04 -1.34519e-05 0.00000e+00
49.060000 1.04885e-04 -1.62930e-04 0.00000e+00
49.070000 7.20657e-05 -2.66701e-04 0.00000e+00
49.080000 7.84922e-05 -3.15176e-04 0.00000e+00
49.090000 7.80501e-05 -3.02080e-04 0.00000e+00
49.100000 6.77286e-05 -3.21574e-04 0.00000e+00
49.110000 6.32741e-05 -4.27728e-04 0.00000e+00
49.120000 4.69611e-05 -5.04377e-04 0.00000e+00
49.130000 3.67654e-05 -5.37097e-04 0.00000e+00
49.140000 3.61008e-05 -6.14144e-04 0.00000e+00
49.150000 2.99728e-05 -6.42433e-04 0.00000e+00
49.160000 2.01383e-05 -6.24440e-04 0.00000e+00
49.170000 3.19324e-05 -5.66332e-04 0.00000e+00
49.180000 3.05461e-05 -3.88241e-04 0.00000e+00
49.190000 2.95440e-05 -2.36266e-04 0.00000e+00
49.200000 1.71470e-05 -2.53162e-04 0.00000e+00
49.210000 1.20069e-06 -1.69567e-04 0.00000e+00
49.220000 7.69540e-06 -2.93137e-05 0.00000e+00
49.230000 2.91946e-07 -2.39527e-05 0.00000e+00
49.240000 3.27773e-06 -1.16761e-04 0.00000e+00
49.250000 1.42900e-05 -1.84219e-04 0.00000e+00
49.260000 1.50313e-05 -1.20547e-04 0.00000e+00
49.270000 6.16678e-06 -9.67773e-05 0.00000e+00
49.280000 1.87567e-05 -1.08316e-04 0.00000e+00
49.290000 1.13564e-05 -1.74385e-04 0.00000e+00
49.300000 2.01390e-06 -2.69367e-04 0.00000e+00
49.310000 1.01546e-06 -3.27928e-04 0.00000e+00
49.320000 2.39157e-05 -3.26614e-04 0.00000e+00
49.330000 2.02025e-05 -3.78748e-04 0.00000e+00
49.340000 3.85763e-05 -3.91485e-04 0.00000e+00
49.350000 1.70121e-05 -3.24346e-04 0.00000e+00
49.360000 -1.48368e-05 -3.04683e-04 0.00000e+00
49.370000 -2.92339e-05 -3.60350e-04 0.00000e+00
49.380000 -8.84347e-06 -4.76161e-04 0.00000e+00
49.390000 -4.78683e-05 -4.64929e-04 0.00000e+00
49.400000 -4.48089e-05 -4.33140e-04 0.00000e+00
49.410000 -5.19312e-05 -4.43465e-04 0.00000e+00
49.420000 -3.30987e-05 -3.25649e-04 0.00000e+00
49.430000 -4.17748e-05 -1.66036e-04 0.00000e+00
49.440000 -5.17017e-05 -1.39812e-04 0.00000e+00
49.450000 -6.05932e-05 -5.44950e-05 0.00000e+00
49.460000 -6.17277e-05 3.69639e-05 0.00000e+00
49.470000 -5.25947e-05 2.75144e-05 0.00000e+00
49.480000 -4.57521e-05 3.20793e-05 0.00000e+00
49.490000 -3.54788e-05 1.94170e-04 0.00000e+00
49.500000 -5.05361e-05 4.17395e-04 0.00000e+00
49.510000 -2.45892e-05 5.68456e-04 0.00000e+00
49.520000 -3.63511e-05 6.81011e-04 0.00000e+00
49.530000 -3.47647e-05 6.35358e-04 0.00000e+00
49.540000 -3.53396e-05 5.74142e-04 0.00000e+00
49.550000 -5.75639e-06 6.69934e-04 0.00000e+00
49.560000 1.30599e-05 7.00105e-04 0.00000e+00
49.570000 6.10239e-06 6.37823e-04 0.00000e+00
49.580000 2.58041e-05 6.19258e-04 0.00000e+00
49.590000 4.03684e-05 6.60687e-04 0.00000e+00
49.600000 2.41537e-05 6.87518e-04 0.00000e+00
49.610000 1.63807e-05 5.97861e-04 0.00000e+00
49.620000 4.14078e-05 4.89994e-04 0.00000e+00
49.630000 1.98588e-05 3.38530e-04 0.00000e+00
49.640000 4.52203e-05 2.40208e-04 0.00000e+00
49.650000 5.12396e-05 2.01539e-04 0.00000e+00
49.660000 8.08407e-05 1.25406e-04 0.00000e+00
49.670000 5.07255e-05 -8.12514e-07 0.00000e+00
49.680000 4.87943e-05 -1.02396e-04 0.00000e+00
49.690000 4.62794e-05 -1.85021e-04 0.00000e+00
49.700000 4.40558e-05 -3.03643e-04 0.00000e+00
49.710000 5.67528e-05 -4.58476e-04 0.00000e+00
49.720000 5.63692e-05 -4.50073e-04 0.00000e+00
49.730000 3.96771e-05 -3.36091e-04 0.00000e+00
49.740000 3.56985e-05 -3.45419e-04 0.00000e+00
49.750000 3.02876e-05 -2.98535e-04 0.00000e+00
49.760000 2.71590e-05 -2.05013e-04 0.00000e+00
49.770000 3.28036e-06 -2.27399e-04 0.00000e+00
49.780000 -1.29681e-06 -3.18758e-04 0.00000e+00
49.790000 -8.13349e-06 -2.96300e-04 0.00000e+00
49.800000 -1.47117e-05 -3.18440e-04 0.00000e+00
49.810000 1.30502e-06 -3.02080e-04 0.00000e+00
49.820000 -1.22065e-05 -2.02151e-04 0.00000e+00
49.830000 -1.62345e-05 -9.92693e-05 0.00000e+00
49.840000 -9.85472e-06 -6.77209e-05 0.00000e+00
49.850000 -1.06084e-05 -1.35402e-04 0.00000e+00
49.860000 2.38539e-06 -1.05080e-04 0.00000e+00
49.870000 2.18819e-06 -9.71455e-05 0.00000e+00
49.880000 9.87341e-06 -1.08850e-04 0.00000e+00
49.890000 4.16432e-05 -8.65971e-05 0.00000e+00
49.900000 9.63417e-06 -4.95650e-05 0.00000e+00
49.910000 1.80391e-05 -3.13796e-05 0.00000e+00
49.920000 1.17469e-05 2.02055e-06 0.00000e+00
49.930000 -4.57114e-06 -4.57809e-06 0.00000e+00
49.940000 -1.01749e-05 -8.58944e-05 0.00000e+00
49.950000 -6.14750e-06 -8.83304e-05 0.00000e+00
49.960000 -3.81347e-06 -6.70960e-05 0.00000e+00
49.970000 -1.11748e-05 -1.57415e-04 0.00000e+00
49.980000 2.31235e-06 -1.24163e-04 0.00000e+00
49.990000 -2.08662e-05 -8.73574e-05 0.00000e+00
50.000000 -1.61310e-05 -1.53286e-04 0.00000e+00
50.010000 -2.84420e-05 -1.08976e-04 0.00000e+00
50.020000 -2.06866e-05 -8.47285e-05 0.00000e+00
50.030000 -1.96968e-05 -4.65333e-05 0.00000e+00
50.040000 -3.31467e-05 1.97406e-05 0.00000e+00
50.050000 -2.32687e-05 2.69021e-05 0.00000e+00
50.060000 -5.84287e-06 1.86029e-04 0.00000e+00
50.070000 3.14358e-06 3.08800e-04 0.00000e+00
50.080000 -1.15062e-05 3.54127e-04 0.00000e+00
50.090000 -2.69616e-06 3.89304e-04 0.00000e+00
50.100000 -1.76253e-05 3.13197e-04 0.00000e+00
50.110000 1.03935e-05 2.82567e-04 0.00000e+00
50.120000 1.39252e-05 2.82115e-04 0.00000e+00
50.130000 -9.25286e-07 2.70604e-04 0.00000e+00
50.140000 -8.67075e-07 2.10548e-04 0.00000e+00
50.150000 3.29799e-05 1.67673e-04 0.00000e+00
50.160000 2.54014e-06 9.56781e-05 0.00000e+00
50.170000 2.85690e-05 1.21742e-05 0.00000e+00
50.180000 2.54473e-05 -4.18236e-05 0.00000e+00
50.190000 1.86946e-05 -9.40092e-05 0.00000e+00
50.200000 2.69347e-05 -1.71697e-04 0.00000e+00
50.210000 2.25680e-05 -3.02435e-04 0.00000e+00
50.220000 2.06455e-05 -3.80416e-04 0.00000e+00
50.230000 4.25318e-05 -3.17008e-04 0.00000e+00
50.240000 9.30417e-06 -2.23822e-04 0.00000e+00
50.250000 7.26890e-06 -2.72266e-04 0.00000e+00
50.260000 -2.63902e-05 -3.55941e-04 0.00000e+00
50.270000 -7.47547e-06 -4.11383e-04 0.00000e+00
50.280000 -1.69857e-05 -3.65780e-04 0.00000e+00
50.290000 -2.54708e-05 -2.44363e-04 0.00000e+00
50.300000 -3.68810e-05 -2.57194e-04 0.00000e+00
50.310000 -3.50752e-05 -3.46436e-04 0.00000e+00
50.320000 -3.53554e-05 -2.03734e-04 0.00000e+00
50.330000 -2.80807e-05 -3.60840e-05 0.00000e+00
50.340000 -2.83262e-05 1.08037e-04 0.00000e+00
50.350000 -2.66594e-05 2.58043e-04 0.00000e+00
50.360000 -3.36575e-05 2.79296e-04 0.00000e+00
50.370000 -3.29271e-05 3.61473e-04 0.00000e+00
50.380000 -1.17120e-05 4.64654e-04 0.00000e+00
50.390000 -3.37932e-07 5.35196e-04 0.00000e+00
50.400000 1.01439e-05 6.82485e-04 0.00000e+00
50.410000 -8.85837e-06 7.79601e-04 0.00000e+00
50.420000 -9.98128e-06 7.16736e-04 0.00000e+00
50.430000 7.12027e-06 6.18394e-04 0.00000e+00
50.440000 2.80877e-05 6.62931e-04 0.00000e+00
50.450000 3.93292e-05 7.26854e-04 0.00000e+00
50.460000 3.83347e-05 6.64437e-04 0.00000e+00
50.470000 3.93751e-05 5.89411e-04 0.00000e+00
50.480000 6.32015e-05 4.88154e-04 0.00000e+00
50.490000 1.03642e-04 3.78802e-04 0.00000e+00
50.500000 8.03558e-05 3.18995e-04 0.00000e+00
50.510000 8.07754e-05 2.81986e-04 0.00000e+00
50.520000 5.09474e-05 1.89863e-04 0.00000e+00
50.530000 7.14490e-05 1.89066e-05 0.00000e+00
50.540000 7.06535e-05 -1.43820e-04 0.00000e+00
50.550000 7.48123e-05 -1.79232e-04 0.00000e+00
50.560000 6.55773e-05 -1.91128e-04 0.00000e+00
50.570000 7.16965e-05 -2.03322e-04 0.00000e+00
50.580000 5.11062e-05 -2.80295e-04 0.00000e+00
50.590000 4.33076e-05 -4.58123e-04 0.00000e+00
50.600000 6.32160e-05 -5.41383e-04 0.00000e+00
50.610000 6.46086e-05 -5.19775e-04 0.00000e+00
50.620000 2.77610e-05 -4.88271e-04 0.00000e+00
50.630000 3.18180e-05 -4.44991e-04 0.00000e+00
50.640000 1.73168e-05 -4.24667e-04 0.00000e+00
50.650000 1.44878e-05 -3.47338e-04 0.00000e+00
50.660000 1.37202e-05 -1.22896e-04 0.00000e+00
50.670000 2.38059e-05 -1.55691e-05 0.00000e+00
50.680000 5.13542e-06 -3.79317e-05 0.00000e+00
50.690000 6.89716e-07 -9.22084e-05 0.00000e+00
50.700000 -2.21949e-06 -6.80064e-05 0.00000e+00
50.710000 2.39019e-05 2.35525e-05 0.00000e+00
50.720000 1.96791e-05 2.64762e-05 0.00000e+00
50.730000 1.77619e-05 -1.94341e-05 0.00000e+00
50.740000 1.87053e-05 -2.40169e-05 0.00000e+00
50.750000 1.22183e-05 2.47022e-05 0.00000e+00
50.760000 1.26777e-05 1.49923e-05 0.00000e+00
50.770000 3.98905e-05 5.79067e-05 0.00000e+00
50.780000 3.85413e-05 1.54093e-04 0.00000e+00
50.790000 5.09095e-05 8.41038e-05 0.00000e+00
50.800000 5.16608e-05 3.82398e-05 0.00000e+00
50.810000 4.27923e-05 8.49027e-05 0.00000e+00
50.820000 4.27356e-05 6.90411e-05 0.00000e+00
50.830000 3.30645e-05 6.09013e-05 0.00000e+00
50.840000 1.16110e-05 6.11416e-05 0.00000e+00
50.850000 1.57050e-05 4.43607e-05 0.00000e+00
50.860000 1.38440e-05 -4.06346e-05 0.00000e+00
50.870000 2.21014e-05 -1.18532e-04 0.00000e+00
50.880000 -1.18043e-06 -5.29050e-05 0.00000e+00
50.890000 3.23811e-06 -2.86619e-05 0.00000e+00
50.900000 8.95473e-06 -7.62213e-05 0.00000e+00
50.910000 3.54846e-05 -3.84991e-05 0.00000e+00
50.920000 3.23343e-05 -5.52880e-05 0.00000e+00
50.930000 2.30161e-05 -1.02260e-04 0.00000e+00
50.940000 2.52110e-05 -1.95613e-06 0.00000e+00
50.950000 3.05239e-05 9.47942e-05 0.00000e+00
50.960000 2.36756e-05 1.13363e-04 0.00000e+00
50.970000 5.10324e-05 1.57907e-04 0.00000e+00
50.980000 3.00947e-05 1.32545e-04 0.00000e+00
50.990000 2.81296e-05 1.08896e-04 0.00000e+00
51.000000 2.05362e-05 1.13291e-04 0.00000e+00
51.010000 2.34588e-05 7.50767e-05 0.00000e+00
51.020000 2.54996e-05 5.41545e-05 0.00000e+00
51.030000 1.82869e-05 -4.53106e-06 0.00000e+00
51.040000 3.29465e-05 -6.03299e-05 0.00000e+00
51.050000 3.68360e-05 -1.55957e-04 0.00000e+00
51.060000 1.71097e-05 -2.81868e-04 0.00000e+00
51.070000 4.34139e-05 -3.14300e-04 0.00000e+00
51.080000 3.42166e-05 -2.14399e-04 0.00000e+00
51.090000 2.42565e-05 -1.28222e-04 0.00000e+00
51.100000 3.12991e-05 -1.98050e-04 0.00000e+00
51.110000 3.37101e-05 -2.49445e-04 0.00000e+00
51.120000 6.52979e-06 -1.90862e-04 0.00000e+00
51.130000 9.64596e-06 -1.48416e-04 0.00000e+00
51.140000 6.66186e-06 -7.03120e-05 0.00000e+00
51.150000 3.64050e-06 -2.85581e-05 0.00000e+00
51.160000 1.42062e-05 -8.27662e-05 0.00000e+00
51.170000 1.04457e-05 -1.30892e-04 0.00000e+00
51.180000 5.26093e-06 -1.51425e-04 0.00000e+00
51.190000 -9.04734e-06 -6.92247e-05 0.00000e+00
51.200000 -2.10943e-05 -3.21179e-05 0.00000e+00
51.210000 -2.34038e-06 -2.77992e-05 0.00000e+00
51.220000 -6.43520e-06 3.27777e-05 0.00000e+00
51.230000 1.31144e-05 6.24223e-05 0.00000e+00
51.240000 2.06618e-05 1.99739e-04 0.00000e+00
51.250000 3.05093e-05 3.86603e-04 0.00000e+00
51.260000 4.47797e-06 4.04449e-04 0.00000e+00
51.270000 1.54281e-05 4.33048e-04 0.00000e+00
51.280000 2.95029e-05 4.53150e-04 0.00000e+00
51.290000 4.19825e-05 3.82049e-04 0.00000e+00
51.300000 2.21950e-05 3.54147e-04 0.00000e+00
51.310000 3.12484e-05 3.84073e-04 0.00000e+00
51.320000 1.75176e-05 3.94679e-04 0.00000e+00
51.330000 3.31644e-05 4.88190e-04 0.00000e+00
51.340000 3.55119e-05 5.49728e-04 0.00000e+00
51.350000 6.38192e-05 5.17728e-04 0.00000e+00
51.360000 6.38184e-05 4.25768e-04 0.00000e+00
51.370000 5.57692e-05 2.52212e-04 0.00000e+00
51.380000 6.42450e-05 2.36199e-04 0.00000e+00
51.390000 8.76725e-05 2.95356e-04 0.00000e+00
51.400000 9.17095e-05 3.22109e-04 0.00000e+00
51.410000 9.92197e-05 3.75587e-04 0.00000e+00
51.420000 7.09865e-05 4.02416e-04 0.00000e+00
51.430000 5.90149e-05 3.01753e-04 0.00000e+00
51.440000 6.50497e-05 1.26667e-04 0.00000e+00
51.450000 5.93390e-05 7.70352e-05 0.00000e+00
51.460000 8.42667e-05 4.31128e-05 0.00000e+00
51.470000 9.02162e-05 -8.87021e-05 0.00000e+00
51.480000 9.22550e-05 -1.91419e-04 0.00000e+00
51.490000 9.07394e-05 -2.81648e-04 0.00000e+00
51.500000 9.20916e-05 -3.68359e-04 0.00000e+00
51.510000 5.85704e-05 -5.14602e-04 0.00000e+00
51.520000 6.55140e-05 -5.91940e-04 0.00000e+00
51.530000 5.30564e-05 -5.97898e-04 0.00000e+00
51.540000 7.15694e-05 -7.70179e-04 0.00000e+00
51.550000 8.71169e-05 -9.51735e-04 0.00000e+00
51.560000 6.36206e-05 -9.40629e-04 0.00000e+00
51.570000 4.54850e-05 -8.57066e-04 0.00000e+00
51.580000 2.93605e-05 -7.83795e-04 0.00000e+00
51.590000 4.78130e-06 -8.15566e-04 0.00000e+00
51.600000 -1.43985e-05 -9.48349e-04 0.00000e+00
51.610000 -2.24797e-05 -9.73712e-04 0.00000e+00
51.620000 -1.30722e-05 -9.80165e-04 0.00000e+00
51.630000 -3.89562e-05 -8.76894e-04 0.00000e+00
51.640000 -3.13192e-05 -7.25199e-04 0.00000e+00
51.650000 -4.40294e-05 -6.92440e-04 0.00000e+00
51.660000 -5.81161e-05 -6.04017e-04 0.00000e+00
51.670000 -7.89926e-05 -4.65528e-04 0.00000e+00
51.680000 -9.58170e-05 -4.75515e-04 0.00000e+00
51.690000 -7.07537e-05 -4.78600e-04 0.00000e+00
51.700000 -9.47516e-05 -4.79566e-04 0.00000e+00
51.710000 -9.58008e-05 -4.22738e-04 0.00000e+00
51.720000 -7.13537e-05 -2.00410e-04 0.00000e+00
51.730000 -4.55944e-05 -8.65594e-05 0.00000e+00
51.740000 -6.19255e-05 -8.86707e-05 0.00000e+00
51.750000 -6.25604e-05 -1.28779e-04 0.00000e+00
51.760000 -8.52961e-05 -1.78574e-04 0.00000e+00
51.770000 -6.97202e-05 -2.25414e-04 0.00000e+00
51.780000 -6.69728e-05 -2.52034e-04 0.00000e+00
51.790000 -6.59338e-05 -1.43072e-04 0.00000e+00
51.800000 -6.09003e-05 -7.29289e-05 0.00000e+00
51.810000 -8.70337e-05 -2.33486e-05 0.00000e+00
51.820000 -8.77064e-05 8.51798e-06 0.00000e+00
51.830000 -7.21760e-05 -6.07768e-05 0.00000e+00
51.840000 -9.87671e-05 -1.08908e-04 0.00000e+00
51.850000 -1.07955e-04 -1.83981e-04 0.00000e+00
51.860000 -1.01579e-04 -1.11783e-04 0.00000e+00
51.870000 -1.11819e-04 -6.35680e-05 0.00000e+00
51.880000 -8.22387e-05 -1.53007e-04 0.00000e+00
51.890000 -9.77561e-05 -5.61774e-05 0.00000e+00
51.900000 -1.07752e-04 1.66231e-04 0.00000e+00
51.910000 -1.10940e-04 3.07201e-04 0.00000e+00
51.920000 -1.03219e-04 4.40737e-04 0.00000e+00
51.930000 -8.22633e-05 4.86978e-04 0.00000e+00
51.940000 -7.48145e-05 5.91897e-04 0.00000e+00
51.950000 -5.99760e-05 8.28287e-04 0.00000e+00
51.960000 -4.62176e-05 9.36470e-04 0.00000e+00
51.970000 -6.47188e-05 1.00863e-03 0.00000e+00
51.980000 -5.34225e-05 1.01446e-03 0.00000e+00
51.990000 -6.97824e-05 1.01295e-03 0.00000e+00
52.000000 -3.81115e-05 1.15700e-03 0.00000e+00
52.010000 -2.48008e-05 1.21261e-03 0.00000e+00
52.020000 -1.01383e-05 1.09948e-03 0.00000e+00
52.030000 9.81310e-06 1.00392e-03 0.00000e+00
52.040000 1.84903e-06 8.87675e-04 0.00000e+00
52.050000 2.85181e-05 8.18107e-04 0.00000e+00
52.060000 6.29057e-05 7.21922e-04 0.00000e+00
52.070000 6.01633e-05 4.87074e-04 0.00000e+00
52.080000 7.52316e-05 2.61412e-04 0.00000e+00
52.090000 7.80846e-05 5.92793e-05 0.00000e+00
52.100000 6.61461e-05 -4.44914e-05 0.00000e+00
52.110000 9.38514e-05 -1.51008e-04 0.00000e+00
52.120000 6.34842e-05 -3.50008e-04 0.00000e+00
52.130000 4.50079e-05 -4.89424e-04 0.00000e+00
52.140000 4.97045e-05 -6.90136e-04 0.00000e+00
52.150000 4.60891e-05 -9.45155e-04 0.00000e+00
52.160000 4.85458e-05 -1.18387e-03 0.00000e+00
52.170000 2.93285e-05 -1.28411e-03 0.00000e+00
52.180000 -1.05103e-05 -1.22542e-03 0.00000e+00
52.190000 -3.45484e-05 -1.20063e-03 0.00000e+00
52.200000 -4.34717e-05 -1.17334e-03 0.00000e+00
52.210000 -5.83181e-05 -1.18437e-03 0.00000e+00
52.220000 -6.83289e-05 -1.15494e-03 0.00000e+00
52.230000 -8.86294e-05 -9.96212e-04 0.00000e+00
52.240000 -9.56448e-05 -8.94239e-04 0.00000e+00
52.250000 -9.81294e-05 -7.82748e-04 0.00000e+00
52.260000 -1.05513e-04 -5.65628e-04 0.00000e+00
52.270000 -1.05029e-04 -4.22875e-04 0.00000e+00
52.280000 -1.34194e-04 -2.04713e-04 0.00000e+00
52.290000 -1.31575e-04 -2.32048e-05 0.00000e+00
52.300000 -1.16308e-04 -6.20715e-05 0.00000e+00
52.310000 -1.21981e-04 5.47302e-05 0.00000e+00
52.320000 -1.02870e-04 3.53139e-04 0.00000e+00
52.330000 -7.74795e-05 6.56405e-04 0.00000e+00
52.340000 -5.07765e-05 8.78429e-04 0.00000e+00
52.350000 -5.72911e-05 9.06237e-04 0.00000e+00
52.360000 -6.50670e-05 7.87769e-04 0.00000e+00
52.370000 -6.46425e-05 7.50301e-04 0.00000e+00
52.380000 -5.62950e-05 7.88836e-04 0.00000e+00
52.390000 -4.86554e-05 7.37585e-04 0.00000e+00
52.400000 -4.17135e-05 6.65847e-04 0.00000e+00
52.410000 -3.41357e-05 6.28676e-04 0.00000e+00
52.420000 -7.51084e-06 6.06777e-04 0.00000e+00
52.430000 -5.84727e-06 5.92054e-04 0.00000e+00
52.440000 -1.24892e-05 5.77510e-04 0.00000e+00
52.450000 8.84203e-07 4.35098e-04 0.00000e+00
52.460000 -1.11863e-05 2.84655e-04 0.00000e+00
52.470000 6.31052e-06 2.82703e-04 0.00000e+00
52.480000 5.56515e-05 2.65355e-04 0.00000e+00
52.490000 4.26828e-05 2.97550e-04 0.00000e+00
52.500000 2.12376e-05 4.54772e-04 0.00000e+00
52.510000 -7.77850e-06 6.18824e-04 0.00000e+00
52.520000 -2.17314e-05 7.23805e-04 0.00000e+00
52.530000 -2.00288e-05 7.09288e-04 0.00000e+00
52.540000 1.60413e-05 5.83886e-04 0.00000e+00
52.550000 5.77035e-06 4.64768e-04 0.00000e+00
52.560000 8.80366e-06 3.84839e-04 0.00000e+00
52.570000 3.30512e-05 2.91858e-04 0.00000e+00
52.580000 3.74895e-05 1.81897e-04 0.00000e+00
52.590000 4.22257e-05 1.07980e-04 0.00000e+00
52.600000 5.11314e-05 4.06991e-05 0.00000e+00
52.610000 4.74405e-05 -1.08627e-04 0.00000e+00
52.620000 5.29353e-05 -2.81097e-04 0.00000e+00
52.630000 8.16616e-05 -4.62410e-04 0.00000e+00
52.640000 8.90896e-05 -6.33587e-04 0.00000e+00
52.650000 9.17678e-05 -5.72474e-04 0.00000e+00
52.660000 9.76200e-05 -4.60772e-04 0.00000e+00
52.670000 7.65913e-05 -5.04939e-04 0.00000e+00
52.680000 4.82066e-05 -6.03210e-04 0.00000e+00
52.690000 2.61935e-05 -7.28052e-04 0.00000e+00
52.700000 -1.60736e-05 -8.20337e-04 0.00000e+00
52.710000 -3.63668e-05 -7.40927e-04 0.00000e+00
52.720000 -3.63583e-05 -6.74867e-04 0.00000e+00
52.730000 -4.88140e-05 -7.89745e-04 0.00000e+00
52.740000 -6.22398e-05 -7.44061e-04 0.00000e+00
52.750000 -7.26887e-05 -5.83917e-04 0.00000e+00
52.760000 -7.92707e-05 -5.04942e-04 0.00000e+00
52.770000 -8.23524e-05 -3.92042e-04 0.00000e+00
52.780000 -8.99842e-05 -3.05455e-04 0.00000e+00
52.790000 -8.42527e-05 -3.16527e-04 0.00000e+00
52.800000 -6.31319e-05 -1.53654e-04 0.00000e+00
52.810000 -4.61546e-05 1.19457e-04 0.00000e+00
52.820000 -1.00792e-05 3.33005e-04 0.00000e+00
52.830000 -1.63214e-05 5.33483e-04 0.00000e+00
52.840000 -1.43913e-05 6.32420e-04 0.00000e+00
52.850000 -1.77068e-05 6.42895e-04 0.00000e+00
52.860000 -1.79963e-05 6.48588e-04 0.00000e+00
52.870000 -1.39872e-05 5.40745e-04 0.00000e+00
52.880000 -3.90584e-06 3.63255e-04 0.00000e+00
52.890000 -2.57802e-05 3.76132e-04 0.00000e+00
52.900000 -1.53402e-05 4.53137e-04 0.00000e+00
52.910000 2.23836e-05 3.79000e-04 0.00000e+00
52.920000 5.85275e-06 2.89108e-04 0.00000e+00
52.930000 1.12266e-08 2.63079e-04 0.00000e+00
52.940000 4.61681e-06 2.26545e-04 0.00000e+00
52.950000 -9.52862e-06 1.47628e-04 0.00000e+00
52.960000 1.27550e-06 6.53156e-05 0.00000e+00
52.970000 3.79281e-05 9.03792e-05 0.00000e+00
52.980000 1.55212e-05 1.33046e-04 0.00000e+00
52.990000 1.28658e-05 2.25673e-04 0.00000e+00
53.000000 -5.71078e-06 3.64754e-04 0.00000e+00
53.010000 -3.80947e-06 4.76254e-04 0.00000e+00
53.020000 1.90709e-06 5.17287e-04 0.00000e+00
53.030000 6.78734e-06 4.98676e-04 0.00000e+00
53.040000 3.10652e-06 5.18951e-04 0.00000e+00
53.050000 3.56808e-05 5.40926e-04 0.00000e+00
53.060000 5.95992e-05 4.76710e-04 0.00000e+00
53.070000 4.09327e-05 3.69827e-04 0.00000e+00
53.080000 3.24207e-05 4.26862e-04 0.00000e+00
53.090000 6.12844e-05 4.26288e-04 0.00000e+00
53.100000 5.82349e-05 1.93917e-04 0.00000e+00
53.110000 5.75750e-05 1.15968e-05 0.00000e+00
53.120000 5.80573e-05 -1.20727e-04 0.00000e+00
53.130000 7.03559e-05 -3.02612e-04 0.00000e+00
53.140000 7.93941e-05 -2.97191e-04 0.00000e+00
53.150000 7.23424e-05 -2.73902e-04 0.00000e+00
53.160000 9.07485e-05 -3.88245e-04 0.00000e+00
53.170000 8.78820e-05 -5.72178e-04 0.00000e+00
53.180000 6.85928e-05 -7.67622e-04 0.00000e+00
53.190000 3.42278e-05 -8.42045e-04 0.00000e+00
53.200000 3.51159e-05 -9.19032e-04 0.00000e+00
53.210000 1.65031e-05 -1.00519e-03 0.00000e+00
53.220000 -2.56210e-06 -8.99842e-04 0.00000e+00
53.230000 -2.04091e-05 -6.51335e-04 0.00000e+00
53.240000 -3.48968e-05 -5.69450e-04 0.00000e+00
53.250000 -4.33848e-05 -6.35207e-04 0.00000e+00
53.260000 -7.76690e-05 -5.62561e-04 0.00000e+00
53.270000 -8.67699e-05 -4.69987e-04 0.00000e+00
53.280000 -5.76910e-05 -5.02589e-04 0.00000e+00
53.290000 -6.36026e-05 -5.84521e-04 0.00000e+00
53.300000 -6.29035e-05 -5.91485e-04 0.00000e+00
53.310000 -3.64064e-05 -4.70164e-04 0.00000e+00
53.320000 -5.95088e-05 -3.89185e-04 0.00000e+00
53.330000 -6.74586e-05 -2.57406e-04 0.00000e+00
53.340000 -7.07863e-05 -8.42704e-05 0.00000e+00
53.350000 -4.49751e-05 4.77319e-05 0.00000e+00
53.360000 -3.32825e-05 9.87728e-05 0.00000e+00
53.370000 -3.22216e-05 1.49402e-04 0.00000e+00
53.380000 -7.22315e-06 2.14234e-04 0.00000e+00
53.390000 -6.64545e-07 2.16062e-04 0.00000e+00
53.400000 -3.09329e-05 2.29321e-04 0.00000e+00
53.410000 -6.18223e-05 2.18131e-04 0.00000e+00
53.420000 -6.83936e-05 1.90758e-04 0.00000e+00
53.430000 -6.91020e-05 8.17396e-05 0.00000e+00
53.440000 -9.44976e-05 -9.73421e-05 0.00000e+00
53.450000 -9.57186e-05 -8.19675e-05 0.00000e+00
53.460000 -8.72799e-05 -2.04135e-05 0.00000e+00
53.470000 -5.03590e-05 -8.74572e-05 0.00000e+00
53.480000 -4.53464e-05 -1.27884e-05 0.00000e+00
53.490000 -4.38750e-05 4.37900e-05 0.00000e+00
53.500000 -2.91114e-05 -6.40508e-05 0.00000e+00
53.510000 -3.22831e-05 -1.70825e-04 0.00000e+00
53.520000 -2.24052e-05 -1.26796e-04 0.00000e+00
53.530000 -4.17790e-05 5.67297e-06 0.00000e+00
53.540000 -3.64654e-05 5.89518e-05 0.00000e+00
53.550000 -4.77662e-05 1.97605e-04 0.00000e+00
53.560000 -3.93146e-05 3.89433e-04 0.00000e+00
53.570000 -4.73781e-05 3.98524e-04 0.00000e+00
53.580000 -5.45279e-05 2.51133e-04 0.00000e+00
53.590000 -5.90867e-05 9.55095e-05 0.00000e+00
53.600000 -5.85361e-05 1.11335e-05 0.00000e+00
53.610000 -5.35970e-05 -9.71880e-05 0.00000e+00
53.620000 -2.85832e-05 -1.76217e-04 0.00000e+00
53.630000 -5.02152e-05 -1.90305e-04 0.00000e+00
53.640000 -3.93741e-05 -3.03512e-05 0.00000e+00
53.650000 -2.59012e-05 2.24559e-04 0.00000e+00
53.660000 -4.32043e-05 3.40657e-04 0.00000e+00
53.670000 -4.44881e-05 4.33768e-04 0.00000e+00
53.680000 -2.41282e-05 4.87077e-04 0.00000e+00
53.690000 -4.73328e-06 6.22928e-04 0.00000e+00
53.700000 -1.34265e-05 7.71776e-04 0.00000e+00
53.710000 -1.26038e-05 8.49723e-04 0.00000e+00
53.720000 -2.68801e-06 9.59725e-04 0.00000e+00
53.730000 -2.33805e-05 1.08730e-03 0.00000e+00
53.740000 -3.00259e-05 1.14944e-03 0.00000e+00
53.750000 -2.34400e-05 1.08068e-03 0.00000e+00
53.760000 -2.97423e-06 9.63910e-04 0.00000e+00
53.770000 2.70448e-05 7.80651e-04 0.00000e+00
53.780000 5.06452e-05 6.12609e-04 0.00000e+00
53.790000 7.98047e-05 5.94512e-04 0.00000e+00
53.800000 9.01826e-05 5.62163e-04 0.00000e+00
53.810000 1.26810e-04 4.67015e-04 0.00000e+00
53.820000 1.04457e-04 3.76666e-04 0.00000e+00
53.830000 9.80646e-05 2.19052e-04 0.00000e+00
53.840000 1.02136e-04 6.46137e-05 0.00000e+00
53.850000 1.17028e-04 1.64161e-05 0.00000e+00
53.860000 1.42527e-04 3.86325e-05 0.00000e+00
53.870000 1.17527e-04 -2.31287e-05 0.00000e+00
53.880000 1.10868e-04 -1.82301e-04 0.00000e+00
53.890000 9.88651e-05 -2.86346e-04 0.00000e+00
53.900000 6.93590e-05 -3.98629e-04 0.00000e+00
53.910000 3.15288e-05 -5.80737e-04 0.00000e+00
53.920000 1.48214e-05 -7.55090e-04 0.00000e+00
53.930000 6.37577e-06 -8.61013e-04 0.00000e+00
53.940000 4.53659e-06 -7.86941e-04 0.00000e+00
53.950000 3.25696e-05 -6.17457e-04 0.00000e+00
53.960000 3.95886e-05 -4.26543e-04 0.00000e+00
53.970000 2.92315e-05 -2.82285e-04 0.00000e+00
53.980000 1.45244e-05 -1.16678e-04 0.00000e+00
53.990000 9.67489e-06 -2.40171e-05 0.00000e+00
54.000000 2.69047e-05 -1.01744e-04 0.00000e+00
54.010000 3.11110e-05 -2.04796e-04 0.00000e+00
54.020000 3.04072e-05 -2.57967e-04 0.00000e+00
54.030000 1.96083e-05 -1.35732e-04 0.00000e+00
54.040000 8.70606e-06 -2.20909e-05 0.00000e+00
54.050000 9.43853e-06 -2.26182e-05 0.00000e+00
54.060000 2.58589e-05 -5.59261e-05 0.00000e+00
54.070000 2.35368e-05 -1.36110e-04 0.00000e+00
54.080000 2.27631e-05 -2.86455e-04 0.00000e+00
54.090000 3.00987e-05 -4.56102e-04 0.00000e+00
54.100000 5.25616e-05 -6.17070e-04 0.00000e+00
54.110000 6.63482e-05 -7.72270e-04 0.00000e+00
54.120000 4.11173e-05 -7.35900e-04 0.00000e+00
54.130000 1.89550e-05 -5.98211e-04 0.00000e+00
54.140000 -1.65866e-05 -5.74119e-04 0.00000e+00
54.150000 -3.03917e-05 -6.45896e-04 0.00000e+00
54.160000 -6.66520e-05 -7.50561e-04 0.00000e+00
54.170000 -7.97418e-05 -7.21816e-04 0.00000e+00
54.180000 -8.58155e-05 -6.33545e-04 0.00000e+00
54.190000 -5.89653e-05 -6.45011e-04 0.00000e+00
54.200000 -5.09638e-05 -7.09758e-04 0.00000e+00
54.210000 -6.61612e-05 -7.50850e-04 0.00000e+00
54.220000 -8.85014e-05 -7.04752e-04 0.00000e+00
54.230000 -8.93333e-05 -5.06793e-04 0.00000e+00
54.240000 -8.71591e-05 -3.04620e-04 0.00000e+00
54.250000 -9.15426e-05 -2.46535e-04 0.00000e+00
54.260000 -9.38174e-05 -1.51119e-04 0.00000e+00
54.270000 -8.98489e-05 9.70746e-05 0.00000e+00
54.280000 -7.08415e-05 4.38912e-04 0.00000e+00
54.290000 -4.74653e-05 6.78018e-04 0.00000e+00
54.300000 -7.01711e-05 7.15802e-04 0.00000e+00
54.310000 -7.78359e-05 7.12533e-04 0.00000e+00
54.320000 -8.46394e-05 7.51920e-04 0.00000e+00
54.330000 -7.10231e-05 7.35555e-04 0.00000e+00
54.340000 -5.50205e-05 6.45745e-04 0.00000e+00
54.350000 -6.46870e-05 5.57091e-04 0.00000e+00
54.360000 -5.95832e-05 6.34733e-04 0.00000e+00
54.370000 -3.02658e-05 8.31779e-04 0.00000e+00
54.380000 -9.54886e-07 9.01456e-04 0.00000e+00
54.390000 1.91784e-05 8.16802e-04 0.00000e+00
54.400000 2.61818e-05 7.15049e-04 0.00000e+00
54.410000 5.86080e-06 6.54276e-04 0.00000e+00
54.420000 7.85557e-06 5.32642e-04 0.00000e+00
54.430000 4.16642e-05 3.53767e-04 0.00000e+00
54.440000 4.71532e-05 1.29094e-04 0.00000e+00
54.450000 4.39830e-05 -2.74727e-05 0.00000e+00
54.460000 1.80167e-05 5.49094e-06 0.00000e+00
54.470000 1.02127e-05 -1.72957e-05 0.00000e+00
54.480000 3.15274e-05 -1.84750e-04 0.00000e+00
54.490000 2.12640e-05 -3.75711e-04 0.00000e+00
54.500000 1.42720e-05 -5.12580e-04 0.00000e+00
54.510000 9.49669e-06 -5.58737e-04 0.00000e+00
54.520000 2.03053e-05 -6.68227e-04 0.00000e+00
54.530000 3.74038e-05 -8.30575e-04 0.00000e+00
54.540000 1.03293e-05 -7.98063e-04 0.00000e+00
54.550000 -1.83273e-05 -5.83194e-04 0.00000e+00
54.560000 -4.15096e-05 -4.01101e-04 0.00000e+00
54.570000 -4.79416e-05 -3.11099e-04 0.00000e+00
54.580000 -6.62626e-05 -3.35197e-04 0.00000e+00
54.590000 -7.92569e-05 -3.80052e-04 0.00000e+00
54.600000 -7.99877e-05 -2.37905e-04 0.00000e+00
54.610000 -7.36691e-05 -4.50035e-05 0.00000e+00
54.620000 -3.95235e-05 3.22428e-05 0.00000e+00
54.630000 -2.89793e-05 3.28400e-05 0.00000e+00
54.640000 -5.05800e-05 6.46050e-05 0.00000e+00
54.650000 -5.58434e-05 3.04772e-04 0.00000e+00
54.660000 -4.96072e-05 5.19133e-04 0.00000e+00
54.670000 -3.15634e-05 5.48309e-04 0.00000e+00
54.680000 -2.44675e-05 5.76833e-04 0.00000e+00
54.690000 -1.63020e-05 6.88692e-04 0.00000e+00
54.700000 7.22769e-06 8.70543e-04 0.00000e+00
54.710000 3.99131e-05 9.28704e-04 0.00000e+00
54.720000 2.40770e-05 8.17303e-04 0.00000e+00
54.730000 4.67630e-06 6.76175e-04 0.00000e+00
54.740000 9.13670e-07 5.02066e-04 0.00000e+00
54.750000 1.04531e-05 2.85540e-04 0.00000e+00
54.760000 2.59466e-05 1.02342e-04 0.00000e+00
54.770000 4.38180e-05 1.52953e-05 0.00000e+00
54.780000 3.44019e-05 -4.15101e-05 0.00000e+00
54.790000 4.36644e-05 8.19715e-05 0.00000e+00
54.800000 6.05966e-05 3.44680e-04 0.00000e+00
54.810000 7.85387e-05 3.98127e-04 0.00000e+00
54.820000 7.29245e-05 3.01736e-04 0.00000e+00
54.830000 3.19272e-05 2.23568e-04 0.00000e+00
54.840000 2.47968e-05 2.00739e-04 0.00000e+00
54.850000 3.36705e-05 1.10452e-04 0.00000e+00
54.860000 2.86235e-05 -1.72827e-05 0.00000e+00
54.870000 1.28699e-05 -1.15418e-05 0.00000e+00
54.880000 -5.93595e-06 8.30670e-05 0.00000e+00
54.890000 -6.63042e-06 3.17415e-05 0.00000e+00
54.900000 -3.49136e-06 -1.67823e-04 0.00000e+00
54.910000 -5.84335e-07 -2.99804e-04 0.00000e+00
54.920000 3.37077e-05 -3.67236e-04 0.00000e+00
54.930000 6.61667e-05 -4.08675e-04 0.00000e+00
54.940000 8.36041e-05 -4.22714e-04 0.00000e+00
54.950000 8.81673e-05 -4.81636e-04 0.00000e+00
54.960000 1.11475e-04 -5.61333e-04 0.00000e+00
54.970000 6.95922e-05 -5.58842e-04 0.00000e+00
54.980000 2.50826e-05 -4.30650e-04 0.00000e+00
54.990000 4.97939e-06 -3.12550e-04 0.00000e+00
55.000000 -6.88283e-06 -4.02130e-04 0.00000e+00
55.010000 -2.12338e-05 -5.45770e-04 0.00000e+00
55.020000 -4.17545e-05 -5.47897e-04 0.00000e+00
55.030000 -2.24162e-05 -5.21714e-04 0.00000e+00
55.040000 -2.77889e-05 -6.27643e-04 0.00000e+00
55.050000 -4.87253e-05 -8.05200e-04 0.00000e+00
55.060000 -6.63404e-05 -8.62243e-04 0.00000e+00
55.070000 -5.20197e-05 -8.04030e-04 0.00000e+00
55.080000 -5.10507e-05 -7.94035e-04 0.00000e+00
55.090000 -6.12366e-05 -6.23910e-04 0.00000e+00
55.100000 -6.50651e-05 -2.26326e-04 0.00000e+00
55.110000 -6.37603e-05 1.46314e-04 0.00000e+00
55.120000 -6.06903e-05 4.22515e-04 0.00000e+00
55.130000 -5.21466e-05 7.25517e-04 0.00000e+00
55.140000 -3.90584e-05 8.87078e-04 0.00000e+00
55.150000 -2.94564e-05 7.46776e-04 0.00000e+00
55.160000 -5.31634e-05 6.01145e-04 0.00000e+00
55.170000 -5.70510e-05 5.53422e-04 0.00000e+00
55.180000 -4.72757e-05 5.08024e-04 0.00000e+00
55.190000 -3.35481e-05 4.06491e-04 0.00000e+00
55.200000 -3.92873e-05 4.16879e-04 0.00000e+00
55.210000 -3.23490e-05 4.39943e-04 0.00000e+00
55.220000 4.61005e-06 3.09480e-04 0.00000e+00
55.230000 4.08447e-05 1.99994e-04 0.00000e+00
55.240000 4.49020e-05 2.17317e-04 0.00000e+00
55.250000 5.31940e-05 2.59791e-04 0.00000e+00
55.260000 9.09176e-05 1.95339e-04 0.00000e+00
55.270000 6.87333e-05 9.50841e-05 0.00000e+00
55.280000 3.81538e-05 -4.05872e-05 0.00000e+00
55.290000 1.14911e-05 -1.50686e-04 0.00000e+00
55.300000 -4.73153e-06 -1.79477e-04 0.00000e+00
55.310000 -4.18364e-05 -1.88782e-04 0.00000e+00
55.320000 -4.73547e-05 -1.21830e-04 0.00000e+00
55.330000 -2.70380e-05 -8.86309e-05 0.00000e+00
55.340000 -2.12101e-05 -1.68996e-04 0.00000e+00
55.350000 -2.15219e-05 -2.02766e-04 0.00000e+00
55.360000 -1.72826e-05 -1.43900e-04 0.00000e+00
55.370000 -6.01726e-06 -1.28791e-04 0.00000e+00
55.380000 -2.44836e-05 -1.62984e-04 0.00000e+00
55.390000 -3.30605e-06 -1.92890e-05 0.00000e+00
55.400000 1.25480e-05 2.42165e-04 0.00000e+00
55.410000 8.03611e-06 4.04487e-04 0.00000e+00
55.420000 -9.17869e-06 5.00793e-04 0.00000e+00
55.430000 -1.30313e-05 7.36996e-04 0.00000e+00
55.440000 -8.62530e-06 9.40810e-04 0.00000e+00
55.450000 -4.13507e-06 9.20436e-04 0.00000e+00
55.460000 3.08334e-05 7.68862e-04 0.00000e+00
55.470000 4.00059e-05 6.14267e-04 0.00000e+00
55.480000 5.31224e-05 4.62834e-04 0.00000e+00
55.490000 7.24543e-05 2.82489e-04 0.00000e+00
55.500000 5.96518e-05 2.38670e-04 0.00000e+00
55.510000 5.40906e-05 2.17619e-04 0.00000e+00
55.520000 7.01242e-05 6.15982e-05 0.00000e+00
55.530000 7.38860e-05 -1.05588e-04 0.00000e+00
55.540000 6.71974e-05 -2.02176e-04 0.00000e+00
55.550000 7.65298e-05 -3.60665e-04 0.00000e+00
55.560000 8.68271e-05 -4.77928e-04 0.00000e+00
55.570000 5.94765e-05 -4.82204e-04 0.00000e+00
55.580000 5.08405e-05 -5.56336e-04 0.00000e+00
55.590000 4.42766e-05 -7.52457e-04 0.00000e+00
55.600000 4.21965e-05 -9.46840e-04 0.00000e+00
55.610000 6.41985e-06 -1.04761e-03 0.00000e+00
55.620000 -1.42483e-05 -1.11041e-03 0.00000e+00
55.630000 -3.03842e-05 -9.64767e-04 0.00000e+00
55.640000 -1.30383e-05 -7.17083e-04 0.00000e+00
55.650000 -2.52377e-05 -5.66354e-04 0.00000e+00
55.660000 -3.51560e-05 -3.85882e-04 0.00000e+00
55.670000 -4.22466e-05 -2.44561e-04 0.00000e+00
55.680000 -6.93662e-05 -2.06272e-04 0.00000e+00
55.690000 -7.93643e-05 -1.78721e-04 0.00000e+00
55.700000 -6.28556e-05 -9.41405e-05 0.00000e+00
55.710000 -6.30737e-05 -7.36132e-06 0.00000e+00
55.720000 -6.08940e-05 9.61395e-05 0.00000e+00
55.730000 -5.02462e-05 2.34299e-04 0.00000e+00
55.740000 -5.37219e-05 2.55958e-04 0.00000e+00
55.750000 -5.36265e-05 2.69411e-04 0.00000e+00
55.760000 -4.02507e-05 2.93501e-04 0.00000e+00
55.770000 -7.96976e-06 3.00183e-04 0.00000e+00
55.780000 1.41689e-05 2.95658e-04 0.00000e+00
55.790000 3.52394e-05 1.75266e-04 0.00000e+00
55.800000 6.11578e-05 3.58598e-05 0.00000e+00
55.810000 2.69060e-05 1.02208e-04 0.00000e+00
55.820000 1.31507e-05 2.45246e-04 0.00000e+00
55.830000 1.42118e-06 2.52618e-04 0.00000e+00
55.840000 -1.44280e-05 2.28156e-04 0.00000e+00
55.850000 -3.53028e-05 1.28848e-04 0.00000e+00
55.860000 -3.52652e-05 -3.25288e-05 0.00000e+00
55.870000 -2.14543e-05 -1.00063e-04 0.00000e+00
55.880000 -2.82885e-05 -1.99337e-04 0.00000e+00
55.890000 -3.33742e-05 -3.42429e-04 0.00000e+00
55.900000 -4.28950e-05 -3.79377e-04 0.00000e+00
55.910000 -4.38644e-05 -4.26106e-04 0.00000e+00
55.920000 -3.15988e-05 -5.16916e-04 0.00000e+00
55.930000 -5.10568e-05 -5.64259e-04 0.00000e+00
55.940000 -2.75107e-05 -4.72359e-04 0.00000e+00
55.950000 -2.92404e-05 -2.83255e-04 0.00000e+00
55.960000 -3.14641e-05 -6.10076e-05 0.00000e+00
55.970000 -7.20950e-06 2.10890e-04 0.00000e+00
55.980000 1.61550e-05 3.13197e-04 0.00000e+00
55.990000 -1.74289e-05 2.77854e-04 0.00000e+00
56.000000 -3.39878e-05 2.99331e-04 0.00000e+00
56.010000 -4.53339e-05 2.93494e-04 0.00000e+00
56.020000 -5.41345e-05 2.06083e-04 0.00000e+00
56.030000 -5.98952e-05 1.28868e-04 0.00000e+00
56.040000 -5.51938e-05 1.96275e-04 0.00000e+00
56.050000 -6.67927e-05 2.34569e-04 0.00000e+00
56.060000 -3.24550e-05 1.00774e-04 0.00000e+00
56.070000 -2.70584e-05 -3.93557e-05 0.00000e+00
56.080000 -2.29280e-05 -9.80040e-05 0.00000e+00
56.090000 -1.35320e-05 -1.24500e-04 0.00000e+00
56.100000 5.91508e-06 -2.26767e-04 0.00000e+00
56.110000 2.08442e-05 -2.05544e-04 0.00000e+00
56.120000 2.15853e-05 -4.21308e-05 0.00000e+00
56.130000 1.43410e-05 4.98737e-05 0.00000e+00
56.140000 -2.40899e-06 2.29937e-04 0.00000e+00
56.150000 -2.43328e-05 5.06715e-04 0.00000e+00
56.160000 -1.81448e-05 6.07928e-04 0.00000e+00
56.170000 -2.41235e-05 5.08908e-04 0.00000e+00
56.180000 -3.28902e-05 3.78003e-04 0.00000e+00
56.190000 -3.88967e-05 1.85446e-04 0.00000e+00
56.200000 -2.87474e-05 -4.95106e-07 0.00000e+00
56.210000 -2.95633e-05 -1.19914e-04 0.00000e+00
56.220000 -5.53123e-05 -2.09237e-04 0.00000e+00
56.230000 -5.32497e-05 -1.49047e-04 0.00000e+00
56.240000 -1.57265e-05 -4.65845e-05 0.00000e+00
56.250000 -4.51517e-06 -2.85540e-05 0.00000e+00
56.260000 4.77321e-06 -1.13382e-06 0.00000e+00
56.270000 2.93124e-05 6.57035e-05 0.00000e+00
56.280000 6.77502e-05 1.42743e-04 0.00000e+00
56.290000 5.57605e-05 1.94030e-04 0.00000e+00
56.300000 4.73731e-05 2.07234e-04 0.00000e+00
56.310000 3.70523e-05 1.20118e-04 0.00000e+00
56.320000 5.48688e-06 1.39501e-05 0.00000e+00
56.330000 -3.10695e-05 2.33608e-05 0.00000e+00
56.340000 -5.10529e-05 3.70362e-05 0.00000e+00
56.350000 -5.33179e-05 -2.75623e-05 0.00000e+00
56.360000 -4.94792e-05 -5.46162e-05 0.00000e+00
56.370000 -1.64304e-05 2.02102e-05 0.00000e+00
56.380000 -3.81155e-06 8.03144e-05 0.00000e+00
56.390000 1.98535e-05 -2.37128e-06 0.00000e+00
56.400000 1.76510e-05 -1.34417e-04 0.00000e+00
56.410000 1.90718e-06 -8.06527e-05 0.00000e+00
56.420000 -1.13836e-06 2.59627e-05 0.00000e+00
56.430000 -5.74285e-06 4.45245e-06 0.00000e+00
56.440000 -8.72422e-06 9.21559e-06 0.00000e+00
56.450000 -1.26519e-05 2.00065e-04 0.00000e+00
56.460000 -6.24107e-06 3.79284e-04 0.00000e+00
56.470000 -8.09737e-06 3.73387e-04 0.00000e+00
56.480000 -2.88155e-06 3.10948e-04 0.00000e+00
56.490000 2.59507e-05 1.52311e-04 0.00000e+00
56.500000 2.50233e-05 -1.42320e-04 0.00000e+00
56.510000 1.69907e-05 -4.38783e-04 0.00000e+00
56.520000 2.52067e-05 -5.83362e-04 0.00000e+00
56.530000 3.80286e-05 -6.20216e-04 0.00000e+00
56.540000 2.57572e-05 -5.28721e-04 0.00000e+00
56.550000 1.50998e-06 -4.09784e-04 0.00000e+00
56.560000 -8.43471e-06 -2.78237e-04 0.00000e+00
56.570000 -1.26436e-05 -1.69229e-04 0.00000e+00
56.580000 -6.82606e-06 -1.80311e-04 0.00000e+00
56.590000 -3.60564e-05 -1.82087e-04 0.00000e+00
56.600000 -4.17093e-05 -2.11725e-04 0.00000e+00
56.610000 -3.37178e-05 -2.43614e-04 0.00000e+00
56.620000 -2.67993e-05 -2.58608e-04 0.00000e+00
56.630000 -6.24608e-05 -2.82290e-04 0.00000e+00
56.640000 -8.30271e-05 -3.44813e-04 0.00000e+00
56.650000 -8.59241e-05 -3.92113e-04 0.00000e+00
56.660000 -8.31361e-05 -2.14644e-04 0.00000e+00
56.670000 -6.64229e-05 4.09567e-05 0.00000e+00
56.680000 -2.89661e-05 2.00360e-04 0.00000e+00
56.690000 8.53738e-07 3.91294e-04 0.00000e+00
56.700000 4.54922e-06 6.23019e-04 0.00000e+00
56.710000 9.61530e-06 7.26796e-04 0.00000e+00
56.720000 -7.71570e-06 6.56617e-04 0.00000e+00
56.730000 1.11014e-06 5.52791e-04 0.00000e+00
56.740000 -2.34601e-05 4.54060e-04 0.00000e+00
56.750000 -1.46716e-05 3.98949e-04 0.00000e+00
56.760000 -2.35985e-05 3.01999e-04 0.00000e+00
56.770000 -2.58525e-05 1.41508e-04 0.00000e+00
56.780000 -1.38967e-05 5.51059e-05 0.00000e+00
56.790000 -1.35476e-05 4.87957e-05 0.00000e+00
56.800000 -7.99720e-06 -7.86046e-05 0.00000e+00
56.810000 9.21314e-06 -3.27515e-04 0.00000e+00
56.820000 4.64658e-05 -5.11851e-04 0.00000e+00
56.830000 7.21052e-05 -6.57189e-04 0.00000e+00
56.840000 4.84413e-05 -7.26099e-04 0.00000e+00
56.850000 3.38366e-05 -6.15811e-04 0.00000e+00
56.860000 8.96785e-06 -4.29496e-04 0.00000e+00
56.870000 -2.65443e-05 -3.14856e-04 0.00000e+00
56.880000 -6.44766e-05 -2.24215e-04 0.00000e+00
56.890000 -7.26758e-05 -1.70039e-04 0.00000e+00
56.900000 -7.74014e-05 -8.42594e-05 0.00000e+00
56.910000 -7.73758e-05 -2.19633e-05 0.00000e+00
56.920000 -6.82611e-05 -2.24145e-05 0.00000e+00
56.930000 -7.00879e-05 4.40793e-05 0.00000e+00
56.940000 -6.65122e-05 1.57323e-04 0.00000e+00
56.950000 -5.47308e-05 3.21739e-04 0.00000e+00
56.960000 -4.72220e-05 4.65163e-04 0.00000e+00
56.970000 -5.42477e-05 5.57832e-04 0.00000e+00
56.980000 -3.36444e-05 6.92713e-04 0.00000e+00
56.990000 -1.67518e-05 9.76767e-04 0.00000e+00
57.000000 4.62234e-06 1.35248e-03 0.00000e+00
57.010000 3.35033e-05 1.55146e-03 0.00000e+00
57.020000 5.24449e-05 1.57252e-03 0.00000e+00
57.030000 4.86461e-05 1.53542e-03 0.00000e+00
57.040000 6.32675e-05 1.39592e-03 0.00000e+00
57.050000 7.64253e-05 1.18026e-03 0.00000e+00
57.060000 8.88096e-05 1.01734e-03 0.00000e+00
57.070000 1.02157e-04 8.98977e-04 0.00000e+00
57.080000 1.03377e-04 7.57848e-04 0.00000e+00
57.090000 1.17748e-04 6.47708e-04 0.00000e+00
57.100000 1.48113e-04 4.78071e-04 0.00000e+00
57.110000 1.51029e-04 2.66446e-04 0.00000e+00
57.120000 1.46062e-04 1.72645e-04 0.00000e+00
57.130000 1.38221e-04 1.22607e-04 0.00000e+00
57.140000 1.40879e-04 4.03986e-06 0.00000e+00
57.150000 1.48452e-04 -1.10233e-04 0.00000e+00
57.160000 1.50242e-04 -2.31712e-04 0.00000e+00
57.170000 1.24545e-04 -3.52317e-04 0.00000e+00
57.180000 9.40777e-05 -3.26095e-04 0.00000e+00
57.190000 8.29724e-05 -2.20940e-04 0.00000e+00
57.200000 8.07300e-05 -1.94947e-04 0.00000e+00
57.210000 8.07538e-05 -1.94745e-04 0.00000e+00
57.220000 8.98620e-05 -1.31753e-04 0.00000e+00
57.230000 9.30325e-05 -5.42213e-05 0.00000e+00
57.240000 8.45950e-05 -6.82638e-06 0.00000e+00
57.250000 8.49339e-05 -3.49882e-05 0.00000e+00
57.260000 8.67114e-05 -5.15048e-05 0.00000e+00
57.270000 8.17185e-05 1.26321e-04 0.00000e+00
57.280000 1.09148e-04 3.29456e-04 0.00000e+00
57.290000 1.23054e-04 3.68232e-04 0.00000e+00
57.300000 1.12321e-04 3.20731e-04 0.00000e+00
57.310000 1.07237e-04 2.41708e-04 0.00000e+00
57.320000 1.03503e-04 1.72101e-04 0.00000e+00
57.330000 1.04860e-04 1.12440e-04 0.00000e+00
57.340000 1.34962e-04 -2.87705e-05 0.00000e+00
57.350000 1.54232e-04 -2.74706e-04 0.00000e+00
57.360000 1.44411e-04 -5.22106e-04 0.00000e+00
57.370000 1.32705e-04 -7.53263e-04 0.00000e+00
57.380000 1.27181e-04 -9.93481e-04 0.00000e+00
57.390000 1.19941e-04 -1.14771e-03 0.00000e+00
57.400000 9.99087e-05 -1.21434e-03 0.00000e+00
57.410000 8.04942e-05 -1.30724e-03 0.00000e+00
57.420000 7.20802e-05 -1.41052e-03 0.00000e+00
57.430000 7.86019e-05 -1.52067e-03 0.00000e+00
57.440000 7.05075e-05 -1.65662e-03 0.00000e+00
57.450000 1.69809e-05 -1.59446e-03 0.00000e+00
57.460000 -2.22395e-05 -1.35724e-03 0.00000e+00
57.470000 -4.80681e-05 -1.24159e-03 0.00000e+00
57.480000 -7.03388e-05 -1.22685e-03 0.00000e+00
57.490000 -8.15651e-05 -1.23363e-03 0.00000e+00
57.500000 -9.30519e-05 -1.20743e-03 0.00000e+00
57.510000 -1.06152e-04 -9.41813e-04 0.00000e+00
57.520000 -1.13548e-04 -4.80394e-04 0.00000e+00
57.530000 -1.18439e-04 -1.21278e-04 0.00000e+00
57.540000 -1.19772e-04 5.58022e-05 0.00000e+00
57.550000 -1.03824e-04 2.54762e-04 0.00000e+00
57.560000 -7.76947e-05 5.83266e-04 0.00000e+00
57.570000 -7.33260e-05 8.39643e-04 0.00000e+00
57.580000 -7.10443e-05 9.14077e-04 0.00000e+00
57.590000 -6.33940e-05 9.61205e-04 0.00000e+00
57.600000 -5.18240e-05 1.18724e-03 0.00000e+00
57.610000 -1.77862e-05 1.46410e-03 0.00000e+00
57.620000 2.09926e-05 1.47317e-03 0.00000e+00
57.630000 8.48597e-06 1.30848e-03 0.00000e+00
57.640000 -2.83365e-06 1.15073e-03 0.00000e+00
57.650000 9.54216e-06 9.73210e-04 0.00000e+00
57.660000 3.31209e-05 7.85837e-04 0.00000e+00
57.670000 7.64528e-05 5.42593e-04 0.00000e+00
57.680000 1.11980e-04 2.41071e-04 0.00000e+00
57.690000 9.69051e-05 -2.28344e-05 0.00000e+00
57.700000 6.84213e-05 -2.37016e-04 0.00000e+00
57.710000 5.96641e-05 -4.28443e-04 0.00000e+00
57.720000 8.21807e-05 -5.73820e-04 0.00000e+00
57.730000 6.73268e-05 -5.66577e-04 0.00000e+00
57.740000 2.48088e-05 -5.43101e-04 0.00000e+00
57.750000 9.24634e-06 -6.57659e-04 0.00000e+00
57.760000 2.39214e-05 -8.33701e-04 0.00000e+00
57.770000 2.79821e-05 -9.77974e-04 0.00000e+00
57.780000 -2.04512e-05 -9.90224e-04 0.00000e+00
57.790000 -5.60135e-05 -8.71017e-04 0.00000e+00
57.800000 -6.39940e-05 -8.34359e-04 0.00000e+00
57.810000 -7.81632e-05 -9.61989e-04 0.00000e+00
57.820000 -8.84940e-05 -1.04133e-03 0.00000e+00
57.830000 -9.72903e-05 -9.85806e-04 0.00000e+00
57.840000 -1.03866e-04 -7.68954e-04 0.00000e+00
57.850000 -8.34212e-05 -4.41542e-04 0.00000e+00
57.860000 -6.37361e-05 -2.52345e-04 0.00000e+00
57.870000 -5.39767e-05 -2.38507e-04 0.00000e+00
57.880000 -4.91586e-05 -2.23669e-04 0.00000e+00
57.890000 -4.52851e-05 -4.38790e-05 0.00000e+00
57.900000 -3.94735e-05 1.24664e-04 0.00000e+00
57.910000 -7.59631e-05 7.08358e-05 0.00000e+00
57.920000 -9.18006e-05 -2.52320e-05 0.00000e+00
57.930000 -9.24791e-05 3.46912e-05 0.00000e+00
57.940000 -7.32858e-05 2.16284e-04 0.00000e+00
57.950000 -6.87177e-05 1.71617e-04 0.00000e+00
57.960000 -7.08750e-05 -1.96464e-05 0.00000e+00
57.970000 -8.37720e-05 -4.58125e-05 0.00000e+00
57.980000 -8.12232e-05 -4.61993e-05 0.00000e+00
57.990000 -6.32156e-05 -1.00636e-04 0.00000e+00
58.000000 -5.18369e-05 -1.62382e-04 0.00000e+00
58.010000 -4.77338e-05 -2.47768e-04 0.00000e+00
58.020000 -6.24500e-05 -1.55423e-04 0.00000e+00
58.030000 -7.92731e-05 1.32155e-04 0.00000e+00
58.040000 -7.52391e-05 3.81653e-04 0.00000e+00
58.050000 -7.32462e-05 5.63232e-04 0.00000e+00
58.060000 -6.78360e-05 7.07608e-04 0.00000e+00
58.070000 -9.17359e-05 8.50015e-04 0.00000e+00
58.080000 -8.42338e-05 8.77584e-04 0.00000e+00
58.090000 -7.14661e-05 8.14752e-04 0.00000e+00
58.100000 -4.97191e-05 8.07583e-04 0.00000e+00
58.110000 -4.98429e-05 8.95828e-04 0.00000e+00
58.120000 -5.82333e-05 9.94053e-04 0.00000e+00
58.130000 -1.38784e-05 9.99776e-04 0.00000e+00
58.140000 2.79844e-06 9.81238e-04 0.00000e+00
58.150000 3.08042e-06 9.88166e-04 0.00000e+00
58.160000 2.31356e-05 1.05596e-03 0.00000e+00
58.170000 4.56634e-05 1.12048e-03 0.00000e+00
58.180000 7.83498e-05 1.08727e-03 0.00000e+00
58.190000 1.24727e-04 9.45505e-04 0.00000e+00
58.200000 1.13899e-04 7.93317e-04 0.00000e+00
58.210000 9.82087e-05 7.75067e-04 0.00000e+00
58.220000 9.14082e-05 8.02370e-04 0.00000e+00
58.230000 8.90562e-05 7.60971e-04 0.00000e+00
58.240000 9.09191e-05 5.67520e-04 0.00000e+00
58.250000 8.84744e-05 3.45079e-04 0.00000e+00
58.260000 9.65750e-05 2.39971e-04 0.00000e+00
58.270000 1.00100e-04 1.87948e-04 0.00000e+00
58.280000 1.05454e-04 1.29248e-04 0.00000e+00
58.290000 9.42226e-05 -1.24915e-05 0.00000e+00
58.300000 9.84437e-05 -4.59805e-05 0.00000e+00
58.310000 1.07912e-04 -3.75236e-05 0.00000e+00
58.320000 1.00754e-04 -1.86504e-04 0.00000e+00
58.330000 9.16422e-05 -2.85556e-04 0.00000e+00
58.340000 7.71986e-05 -2.88762e-04 0.00000e+00
58.350000 7.46834e-05 -2.59334e-04 0.00000e+00
58.360000 9.35209e-05 -1.19660e-04 0.00000e+00
58.370000 1.20309e-04 -1.04210e-04 0.00000e+00
58.380000 1.22375e-04 -2.75488e-04 0.00000e+00
58.390000 9.36878e-05 -3.63767e-04 0.00000e+00
58.400000 7.61459e-05 -3.93546e-04 0.00000e+00
58.410000 6.70079e-05 -4.45680e-04 0.00000e+00
58.420000 8.52637e-05 -5.18854e-04 0.00000e+00
58.430000 8.55406e-05 -5.91442e-04 0.00000e+00
58.440000 8.34462e-05 -6.57917e-04 0.00000e+00
58.450000 7.40123e-05 -6.65936e-04 0.00000e+00
58.460000 6.06970e-05 -6.58278e-04 0.00000e+00
58.470000 5.11342e-05 -6.86260e-04 0.00000e+00
58.480000 2.40597e-05 -6.55837e-04 0.00000e+00
58.490000 2.22262e-05 -6.87557e-04 0.00000e+00
58.500000 3.09823e-05 -8.17990e-04 0.00000e+00
58.510000 1.37255e-05 -8.83379e-04 0.00000e+00
58.520000 3.95663e-06 -8.82014e-04 0.00000e+00
58.530000 -7.96733e-06 -7.92306e-04 0.00000e+00
58.540000 -3.19342e-05 -5.59780e-04 0.00000e+00
58.550000 -1.58544e-05 -3.42332e-04 0.00000e+00
58.560000 -7.11220e-06 -3.18467e-04 0.00000e+00
58.570000 -2.65648e-05 -4.06440e-04 0.00000e+00
58.580000 -3.84044e-05 -4.73908e-04 0.00000e+00
58.590000 -4.30166e-05 -4.03207e-04 0.00000e+00
58.600000 -4.42908e-05 -2.71109e-04 0.00000e+00
58.610000 -3.80067e-05 -2.07402e-04 0.00000e+00
58.620000 -2.60321e-05 -1.78495e-04 0.00000e+00
58.630000 -4.01055e-05 -1.94782e-04 0.00000e+00
58.640000 -4.88440e-05 -2.29571e-04 0.00000e+00
58.650000 -4.92369e-05 -2.87035e-04 0.00000e+00
58.660000 -6.17730e-05 -2.88856e-04 0.00000e+00
58.670000 -3.75226e-05 -1.62241e-04 0.00000e+00
58.680000 -1.10518e-05 -8.49674e-05 0.00000e+00
58.690000 -1.56157e-05 -1.01347e-04 0.00000e+00
58.700000 -1.32250e-05 -1.50853e-04 0.00000e+00
58.710000 -2.40643e-05 -2.45287e-04 0.00000e+00
58.720000 -5.32179e-05 -1.53648e-04 0.00000e+00
58.730000 -7.08714e-05 1.31315e-04 0.00000e+00
58.740000 -6.84371e-05 2.98518e-04 0.00000e+00
58.750000 -5.89888e-05 3.25230e-04 0.00000e+00
58.760000 -4.73438e-05 3.56317e-04 0.00000e+00
58.770000 -6.19127e-05 4.82684e-04 0.00000e+00
58.780000 -6.38555e-05 6.77991e-04 0.00000e+00
58.790000 -6.23299e-05 8.68628e-04 0.00000e+00
58.800000 -5.35749e-05 9.29321e-04 0.00000e+00
58.810000 -3.78395e-05 9.27680e-04 0.00000e+00
58.820000 -1.44128e-05 9.83618e-04 0.00000e+00
58.830000 3.74290e-06 9.90188e-04 0.00000e+00
58.840000 1.07017e-05 1.08971e-03 0.00000e+00
58.850000 6.60763e-06 1.33353e-03 0.00000e+00
58.860000 2.35786e-05 1.44623e-03 0.00000e+00
58.870000 4.70792e-05 1.41741e-03 0.00000e+00
58.880000 9.24776e-05 1.33212e-03 0.00000e+00
58.890000 1.34244e-04 1.12817e-03 0.00000e+00
58.900000 1.28470e-04 8.96419e-04 0.00000e+00
58.910000 1.12908e-04 7.23342e-04 0.00000e+00
58.920000 1.19514e-04 5.80705e-04 0.00000e+00
58.930000 1.40797e-04 4.51637e-04 0.00000e+00
58.940000 1.57513e-04 2.43259e-04 0.00000e+00
58.950000 1.41401e-04 -4.98408e-05 0.00000e+00
58.960000 1.26361e-04 -3.17104e-04 0.00000e+00
58.970000 1.15114e-04 -4.85505e-04 0.00000e+00
58.980000 1.34637e-04 -5.55576e-04 0.00000e+00
58.990000 1.25512e-04 -6.10911e-04 0.00000e+00
59.000000 1.21455e-04 -6.16893e-04 0.00000e+00
59.010000 1.19982e-04 -6.15774e-04 0.00000e+00
59.020000 8.57843e-05 -7.10112e-04 0.00000e+00
59.030000 4.46710e-05 -8.51372e-04 0.00000e+00
59.040000 3.13187e-05 -9.53715e-04 0.00000e+00
59.050000 2.17678e-05 -8.31567e-04 0.00000e+00
59.060000 2.06712e-05 -4.97084e-04 0.00000e+00
59.070000 2.53062e-05 -2.81751e-04 0.00000e+00
59.080000 1.57193e-05 -2.72585e-04 0.00000e+00
59.090000 1.04721e-05 -2.92065e-04 0.00000e+00
59.100000 7.44897e-06 -2.28363e-04 0.00000e+00
59.110000 5.58831e-06 -9.94747e-05 0.00000e+00
59.120000 1.64940e-05 -5.73327e-05 0.00000e+00
59.130000 4.17978e-05 -1.23658e-04 0.00000e+00
59.140000 6.32340e-05 -1.67036e-04 0.00000e+00
59.150000 6.04102e-05 -7.23406e-05 0.00000e+00
59.160000 5.27485e-05 -3.57915e-05 0.00000e+00
59.170000 6.22757e-05 -7.31805e-05 0.00000e+00
59.180000 4.16361e-05 -2.49044e-06 0.00000e+00
59.190000 3.33342e-05 -1.25912e-05 0.00000e+00
59.200000 3.21628e-05 -1.61061e-04 0.00000e+00
59.210000 5.94071e-05 -3.49621e-04 0.00000e+00
59.220000 8.57241e-05 -4.85718e-04 0.00000e+00
59.230000 5.94420e-05 -5.51381e-04 0.00000e+00
59.240000 1.82478e-05 -5.14219e-04 0.00000e+00
59.250000 -2.52785e-06 -4.43618e-04 0.00000e+00
59.260000 -1.27397e-05 -4.60174e-04 0.00000e+00
59.270000 -1.40567e-05 -5.14680e-04 0.00000e+00
59.280000 -2.19750e-05 -5.18688e-04 0.00000e+00
59.290000 -3.32092e-05 -4.12043e-04 0.00000e+00
59.300000 -3.11682e-05 -2.24402e-04 0.00000e+00
59.310000 -2.21233e-05 5.01653e-05 0.00000e+00
59.320000 -2.65569e-05 2.58459e-04 0.00000e+00
59.330000 -4.76832e-05 3.60665e-04 0.00000e+00
59.340000 -1.75097e-05 5.60041e-04 0.00000e+00
59.350000 -1.75298e-05 6.92690e-04 0.00000e+00
59.360000 -2.45202e-05 6.25426e-04 0.00000e+00
59.370000 -1.98637e-05 5.55730e-04 0.00000e+00
59.380000 -1.28294e-05 6.40803e-04 0.00000e+00
59.390000 2.32173e-05 8.95552e-04 0.00000e+00
59.400000 4.14354e-05 1.02050e-03 0.00000e+00
59.410000 6.59706e-05 8.71135e-04 0.00000e+00
59.420000 5.70036e-05 6.44122e-04 0.00000e+00
59.430000 5.70666e-05 4.13599e-04 0.00000e+00
59.440000 7.59943e-05 2.01186e-04 0.00000e+00
59.450000 1.04628e-04 5.38272e-06 0.00000e+00
59.460000 1.10757e-04 -2.29175e-04 0.00000e+00
59.470000 1.04301e-04 -4.80451e-04 0.00000e+00
59.480000 1.02128e-04 -6.85072e-04 0.00000e+00
59.490000 6.91239e-05 -8.97750e-04 0.00000e+00
59.500000 6.78404e-05 -1.18924e-03 0.00000e+00
59.510000 4.78886e-05 -1.37277e-03 0.00000e+00
59.520000 5.68143e-08 -1.48519e-03 0.00000e+00
59.530000 -2.17471e-05 -1.68251e-03 0.00000e+00
59.540000 -9.83207e-06 -1.88353e-03 0.00000e+00
59.550000 -1.52548e-05 -2.04258e-03 0.00000e+00
59.560000 -3.87951e-05 -1.97253e-03 0.00000e+00
59.570000 -9.73732e-05 -1.73560e-03 0.00000e+00
59.580000 -1.26279e-04 -1.45532e-03 0.00000e+00
59.590000 -1.48729e-04 -1.23063e-03 0.00000e+00
59.600000 -1.61112e-04 -1.11702e-03 0.00000e+00
59.610000 -1.66334e-04 -9.12323e-04 0.00000e+00
59.620000 -1.72774e-04 -5.67311e-04 0.00000e+00
59.630000 -1.85676e-04 -2.90577e-04 0.00000e+00
59.640000 -1.87775e-04 -9.86270e-05 0.00000e+00
59.650000 -1.83688e-04 2.21766e-04 0.00000e+00
59.660000 -1.80532e-04 5.04108e-04 0.00000e+00
59.670000 -1.68755e-04 7.44930e-04 0.00000e+00
59.680000 -1.51074e-04 9.80916e-04 0.00000e+00
59.690000 -1.45529e-04 1.06363e-03 0.00000e+00
59.700000 -1.23035e-04 1.10441e-03 0.00000e+00
59.710000 -9.74529e-05 1.30221e-03 0.00000e+00
59.720000 -4.97443e-05 1.56901e-03 0.00000e+00
59.730000 -2.67212e-06 1.73391e-03 0.00000e+00
59.740000 -1.12500e-06 1.69454e-03 0.00000e+00
59.750000 1.45160e-06 1.49762e-03 0.00000e+00
59.760000 -1.51426e-05 1.29116e-03 0.00000e+00
59.770000 -6.95144e-06 1.11892e-03 0.00000e+00
59.780000 8.92939e-06 1.01028e-03 0.00000e+00
59.790000 1.22621e-05 8.79010e-04 0.00000e+00
59.800000 5.25267e-06 7.18004e-04 0.00000e+00
59.810000 4.60217e-05 5.79464e-04 0.00000e+00
59.820000 6.38587e-05 4.49845e-04 0.00000e+00
59.830000 4.55764e-05 2.51290e-04 0.00000e+00
59.840000 4.74283e-05 5.53917e-05 0.00000e+00
59.850000 3.71103e-05 -2.62859e-05 0.00000e+00
59.860000 4.57725e-05 -7.43396e-05 0.00000e+00
59.870000 4.92162e-05 -1.41444e-04 0.00000e+00
59.880000 5.86954e-05 -1.76884e-04 0.00000e+00
59.890000 3.57116e-05 -6.93449e-05 0.00000e+00
59.900000 1.96309e-05 1.63159e-04 0.00000e+00
59.910000 -7.89547e-06 2.74464e-04 0.00000e+00
59.920000 -9.82927e-06 2.11402e-04 0.00000e+00
59.930000 1.28541e-06 9.76141e-06 0.00000e+00
59.940000 2.25798e-05 -1.81799e-04 0.00000e+00
59.950000 2.52875e-05 -2.29371e-04 0.00000e+00
59.960000 2.48403e-05 -2.80197e-04 0.00000e+00
59.970000 3.54297e-05 -3.99773e-04 0.00000e+00
59.980000 3.27354e-05 -3.67284e-04 0.00000e+00
59.990000 2.51104e-05 -2.17611e-04 0.00000e+00
60.000000 2.36616e-05 -2.49487e-04 0.00000e+00
60.010000 4.99219e-05 -3.42214e-04 0.00000e+00
60.020000 5.96111e-05 -3.97240e-04 0.00000e+00
60.030000 5.17541e-05 -3.87605e-04 0.00000e+00
60.040000 3.72062e-05 -3.51629e-04 0.00000e+00
60.050000 3.90060e-05 -2.89266e-04 0.00000e+00
60.060000 3.25897e-05 -2.23751e-04 0.00000e+00
60.070000 -3.15093e-07 -3.01925e-04 0.00000e+00
60.080000 -3.76885e-05 -4.47312e-04 0.00000e+00
60.090000 -5.88090e-05 -5.15613e-04 0.00000e+00
60.100000 -6.28573e-05 -5.03179e-04 0.00000e+00
60.110000 -3.80220e-05 -3.75653e-04 0.00000e+00
60.120000 -3.61390e-05 -1.88766e-04 0.00000e+00
60.130000 -3.87025e-05 -1.02385e-04 0.00000e+00
60.140000 -3.23243e-05 -1.13854e-05 0.00000e+00
60.150000 -1.88896e-05 7.88081e-05 0.00000e+00
60.160000 -3.80692e-05 8.07393e-05 0.00000e+00
60.170000 -4.34485e-05 1.28419e-04 0.00000e+00
60.180000 -2.83807e-05 3.60596e-04 0.00000e+00
60.190000 -1.57129e-05 5.69719e-04 0.00000e+00
60.200000 -4.03996e-06 5.96335e-04 0.00000e+00
60.210000 -9.95813e-06 5.45864e-04 0.00000e+00
60.220000 9.01777e-06 5.36445e-04 0.00000e+00
60.230000 1.06924e-07 5.79979e-04 0.00000e+00
60.240000 -8.31508e-06 4.85239e-04 0.00000e+00
60.250000 1.79979e-05 2.49629e-04 0.00000e+00
60.260000 3.36418e-05 5.28354e-06 0.00000e+00
60.270000 3.58932e-05 -2.27338e-04 0.00000e+00
60.280000 5.39369e-05 -3.12237e-04 0.00000e+00
60.290000 3.29194e-05 -3.53482e-04 0.00000e+00
60.300000 1.63025e-05 -5.83144e-04 0.00000e+00
60.310000 1.60247e-05 -8.02647e-04 0.00000e+00
60.320000 2.89700e-06 -8.93568e-04 0.00000e+00
60.330000 -2.36412e-07 -1.04384e-03 0.00000e+00
60.340000 8.47703e-06 -1.27863e-03 0.00000e+00
60.350000 -1.83143e-05 -1.44437e-03 0.00000e+00
60.360000 -7.19257e-05 -1.54033e-03 0.00000e+00
60.370000 -8.67702e-05 -1.56092e-03 0.00000e+00
60.380000 -9.30226e-05 -1.56370e-03 0.00000e+00
60.390000 -9.94136e-05 -1.53133e-03 0.00000e+00
60.400000 -1.21246e-04 -1.52431e-03 0.00000e+00
60.410000 -1.53340e-04 -1.65594e-03 0.00000e+00
60.420000 -1.59616e-04 -1.61256e-03 0.00000e+00
60.430000 -1.76128e-04 -1.38588e-03 0.00000e+00
60.440000 -1.87207e-04 -1.21432e-03 0.00000e+00
60.450000 -1.89153e-04 -9.84121e-04 0.00000e+00
60.460000 -2.26589e-04 -7.81902e-04 0.00000e+00
60.470000 -2.44392e-04 -7.62625e-04 0.00000e+00
60.480000 -2.18579e-04 -6.19643e-04 0.00000e+00
60.490000 -2.26097e-04 -3.01016e-04 0.00000e+00
60.500000 -2.33960e-04 4.11020e-05 0.00000e+00
60.510000 -2.34270e-04 4.53893e-04 0.00000e+00
60.520000 -2.18403e-04 7.63129e-04 0.00000e+00
60.530000 -2.06324e-04 8.31538e-04 0.00000e+00
60.540000 -1.84926e-04 9.34526e-04 0.00000e+00
60.550000 -1.91173e-04 1.19015e-03 0.00000e+00
60.560000 -1.84290e-04 1.48233e-03 0.00000e+00
60.570000 -1.90818e-04 1.73228e-03 0.00000e+00
60.580000 -1.62708e-04 1.82802e-03 0.00000e+00
60.590000 -1.13542e-04 1.90395e-03 0.00000e+00
60.600000 -1.08025e-04 1.97223e-03 0.00000e+00
60.610000 -9.72886e-05 1.98350e-03 0.00000e+00
60.620000 -6.99055e-05 2.04880e-03 0.00000e+00
60.630000 -6.45661e-05 2.01513e-03 0.00000e+00
60.640000 -3.12458e-05 1.86531e-03 0.00000e+00
60.650000 4.19445e-05 1.86822e-03 0.00000e+00
60.660000 5.96871e-05 1.85681e-03 0.00000e+00
60.670000 6.59745e-05 1.69542e-03 0.00000e+00
60.680000 6.87394e-05 1.54908e-03 0.00000e+00
60.690000 6.10830e-05 1.43253e-03 0.00000e+00
60.700000 8.61508e-05 1.32980e-03 0.00000e+00
60.710000 1.22263e-04 1.24090e-03 0.00000e+00
60.720000 1.32552e-04 1.08269e-03 0.00000e+00
60.730000 1.34217e-04 8.62186e-04 0.00000e+00
60.740000 1.24550e-04 6.39722e-04 0.00000e+00
60.750000 1.12867e-04 4.53139e-04 0.00000e+00
60.760000 1.27082e-04 4.31603e-04 0.00000e+00
60.770000 1.20027e-04 3.78825e-04 0.00000e+00
60.780000 1.38158e-04 1.79500e-04 0.00000e+00
60.790000 1.40341e-04 2.94990e-05 0.00000e+00
60.800000 1.34147e-04 -8.59840e-05 0.00000e+00
60.810000 1.36664e-04 -1.76108e-04 0.00000e+00
60.820000 1.44758e-04 -1.70333e-05 0.00000e+00
60.830000 1.20033e-04 1.50705e-04 0.00000e+00
60.840000 1.32903e-04 1.01839e-04 0.00000e+00
60.850000 1.33193e-04 4.03132e-05 0.00000e+00
60.860000 1.33055e-04 -2.17354e-05 0.00000e+00
60.870000 1.32291e-04 -4.47117e-05 0.00000e+00
60.880000 1.32452e-04 4.75199e-05 0.00000e+00
60.890000 1.27593e-04 1.34872e-04 0.00000e+00
60.900000 1.37954e-04 1.50639e-04 0.00000e+00
60.910000 1.42078e-04 1.28103e-04 0.00000e+00
60.920000 1.45719e-04 7.13316e-05 0.00000e+00
60.930000 1.48881e-04 6.33362e-05 0.00000e+00
60.940000 1.34751e-04 7.09833e-05 0.00000e+00
60.950000 1.36063e-04 5.87106e-05 0.00000e+00
60.960000 1.54391e-04 8.92110e-05 0.00000e+00
60.970000 1.60708e-04 1.01663e-04 0.00000e+00
60.980000 1.64893e-04 7.23385e-05 0.00000e+00
60.990000 1.71045e-04 7.68517e-05 0.00000e+00
61.000000 1.39168e-04 5.87319e-05 0.00000e+00
61.010000 1.41008e-04 9.27219e-05 0.00000e+00
61.020000 1.53732e-04 1.88784e-04 0.00000e+00
61.030000 1.52050e-04 1.67015e-04 0.00000e+00
61.040000 1.49911e-04 1.37368e-04 0.00000e+00
61.050000 1.50693e-04 1.57095e-04 0.00000e+00
61.060000 1.47081e-04 1.42921e-04 0.00000e+00
61.070000 1.48466e-04 1.39014e-04 0.00000e+00
61.080000 1.51486e-04 8.97194e-05 0.00000e+00
61.090000 1.51762e-04 1.69490e-05 0.00000e+00
61.100000 1.53080e-04 3.60139e-06 0.00000e+00
61.110000 1.51010e-04 -6.22177e-05 0.00000e+00
61.120000 1.49425e-04 -1.63618e-04 0.00000e+00
61.130000 1.63468e-04 -1.89685e-04 0.00000e+00
61.140000 1.57867e-04 -2.19041e-04 0.00000e+00
61.150000 1.57982e-04 -2.97898e-04 0.00000e+00
61.160000 1.71436e-04 -3.54975e-04 0.00000e+00
61.170000 1.74485e-04 -4.94130e-04 0.00000e+00
61.180000 1.71646e-04 -6.46283e-04 0.00000e+00
61.190000 1.45953e-04 -7.14525e-04 0.00000e+00
61.200000 1.28317e-04 -7.59966e-04 0.00000e+00
61.210000 1.38730e-04 -8.00474e-04 0.00000e+00
61.220000 1.21582e-04 -8.59560e-04 0.00000e+00
61.230000 1.03316e-04 -9.15590e-04 0.00000e+00
61.240000 8.78261e-05 -9.31290e-04 0.00000e+00
61.250000 6.61611e-05 -9.05779e-04 0.00000e+00
61.260000 7.87435e-05 -8.67367e-04 0.00000e+00
61.270000 6.51476e-05 -8.44934e-04 0.00000e+00
61.280000 4.93491e-05 -8.19757e-04 0.00000e+00
61.290000 3.63280e-05 -7.78617e-04 0.00000e+00
61.300000 2.78274e-05 -6.37914e-04 0.00000e+00
61.310000 9.90562e-06 -4.90690e-04 0.00000e+00
61.320000 1.23823e-05 -4.80705e-04 0.00000e+00
61.330000 1.09352e-05 -3.54511e-04 0.00000e+00
61.340000 1.09875e-05 -1.01442e-04 0.00000e+00
61.350000 1.47247e-05 1.05790e-04 0.00000e+00
61.360000 1.41677e-05 2.10018e-04 0.00000e+00
61.370000 2.78681e-05 1.72839e-04 0.00000e+00
61.380000 2.42886e-05 2.64863e-04 0.00000e+00
61.390000 2.73556e-05 4.16600e-04 0.00000e+00
61.400000 4.03857e-05 4.11916e-04 0.00000e+00
61.410000 4.91385e-05 3.93870e-04 0.00000e+00
61.420000 5.14357e-05 3.53120e-04 0.00000e+00
61.430000 5.33984e-05 4.07761e-04 0.00000e+00
61.440000 5.38256e-05 4.64376e-04 0.00000e+00
61.450000 6.77416e-05 3.90593e-04 0.00000e+00
61.460000 7.23173e-05 2.60528e-04 0.00000e+00
61.470000 8.27406e-05 1.47043e-04 0.00000e+00
61.480000 6.15618e-05 8.68423e-05 0.00000e+00
61.490000 6.68763e-05 4.12322e-05 0.00000e+00
61.500000 1.02398e-04 -2.71146e-06 0.00000e+00
61.510000 8.48718e-05 -1.09892e-04 0.00000e+00
61.520000 6.89932e-05 -1.92116e-04 0.00000e+00
61.530000 5.25428e-05 -2.28776e-04 0.00000e+00
61.540000 4.75841e-05 -2.01173e-04 0.00000e+00
61.550000 7.52988e-05 -2.43252e-04 0.00000e+00
61.560000 4.47460e-05 -3.28624e-04 0.00000e+00
61.570000 4.03396e-05 -3.14152e-04 0.00000e+00
61.580000 4.55049e-05 -2.63180e-04 0.00000e+00
61.590000 4.16630e-05 -1.80252e-04 0.00000e+00
61.600000 4.57730e-05 -1.17774e-04 0.00000e+00
61.610000 1.68714e-05 -1.08053e-04 0.00000e+00
61.620000 2.09900e-05 -1.30703e-04 0.00000e+00
61.630000 1.81200e-05 -1.21847e-04 0.00000e+00
61.640000 4.54720e-05 -8.19477e-05 0.00000e+00
61.650000 4.23531e-05 -1.30621e-04 0.00000e+00
61.660000 3.48789e-05 -1.90602e-04 0.00000e+00
61.670000 2.54865e-05 -6.04774e-05 0.00000e+00
61.680000 2.76175e-05 7.02463e-05 0.00000e+00
61.690000 4.64890e-05 6.44596e-05 0.00000e+00
61.700000 4.75671e-05 -3.18737e-06 0.00000e+00
61.710000 4.76156e-05 -6.31563e-05 0.00000e+00
61.720000 2.74553e-05 4.66543e-05 0.00000e+00
61.730000 5.81444e-05 8.92644e-05 0.00000e+00
61.740000 5.33964e-05 -2.51965e-05 0.00000e+00
61.750000 5.96203e-05 -7.40023e-05 0.00000e+00
61.760000 4.77143e-05 -1.17848e-04 0.00000e+00
61.770000 2.74044e-05 -2.01055e-04 0.00000e+00
61.780000 1.09588e-05 -3.49418e-04 0.00000e+00
61.790000 7.11479e-06 -4.19442e-04 0.00000e+00
61.800000 1.98065e-05 -3.83095e-04 0.00000e+00
61.810000 1.39655e-05 -2.94135e-04 0.00000e+00
61.820000 1.56685e-05 -1.83850e-04 0.00000e+00
61.830000 2.93046e-05 -1.53387e-04 0.00000e+00
61.840000 3.37073e-05 -1.68330e-04 0.00000e+00
61.850000 2.22182e-05 -1.94731e-04 0.00000e+00
61.860000 9.21972e-06 -1.75647e-04 0.00000e+00
61.870000 3.75313e-06 -1.39490e-04 0.00000e+00
61.880000 1.10422e-05 -1.73970e-04 0.00000e+00
61.890000 7.88235e-06 -2.55102e-04 0.00000e+00
61.900000 -2.18249e-05 -1.53315e-04 0.00000e+00
61.910000 -2.35614e-05 -1.25825e-05 0.00000e+00
61.920000 -1.95123e-05 7.45910e-05 0.00000e+00
61.930000 -1.75117e-05 1.47186e-04 0.00000e+00
61.940000 -1.08038e-05 9.63471e-05 0.00000e+00
61.950000 1.65428e-05 1.48822e-05 0.00000e+00
61.960000 3.79656e-05 -6.26832e-05 0.00000e+00
61.970000 3.11539e-05 -2.78110e-05 0.00000e+00
61.980000 2.58774e-05 -1.33726e-05 0.00000e+00
61.990000 1.76783e-05 -9.35394e-05 0.00000e+00
62.000000 4.59104e-06 -7.25038e-05 0.00000e+00
62.010000 -4.68823e-06 -2.17138e-05 0.00000e+00
62.020000 -1.10875e-05 -3.82257e-06 0.00000e+00
62.030000 -1.07399e-05 -7.69834e-05 0.00000e+00
62.040000 -7.04425e-06 -1.88960e-04 0.00000e+00
62.050000 -7.26858e-06 -1.71501e-04 0.00000e+00
62.060000 1.92946e-05 -1.95361e-04 0.00000e+00
62.070000 2.66431e-05 -3.04377e-04 0.00000e+00
62.080000 4.28407e-07 -3.56322e-04 0.00000e+00
62.090000 5.62788e-06 -3.55174e-04 0.00000e+00
62.100000 -2.06307e-05 -3.37781e-04 0.00000e+00
62.110000 -2.11611e-05 -3.40278e-04 0.00000e+00
62.120000 -2.40833e-05 -2.10355e-04 0.00000e+00
62.130000 -2.36748e-05 5.34881e-05 0.00000e+00
62.140000 -1.81619e-05 2.14396e-04 0.00000e+00
62.150000 -4.32559e-05 2.60001e-04 0.00000e+00
62.160000 -3.12606e-05 2.80373e-04 0.00000e+00
62.170000 -1.99578e-05 2.98882e-04 0.00000e+00
62.180000 -2.87553e-05 2.46856e-04 0.00000e+00
62.190000 -2.22243e-05 2.02899e-04 0.00000e+00
62.200000 -3.93364e-05 2.37543e-04 0.00000e+00
62.210000 -1.04744e-05 3.24774e-04 0.00000e+00
62.220000 -1.30671e-06 3.95164e-04 0.00000e+00
62.230000 -8.32092e-06 4.57543e-04 0.00000e+00
62.240000 2.79936e-05 5.91011e-04 0.00000e+00
62.250000 2.87354e-05 6.56331e-04 0.00000e+00
62.260000 3.62002e-05 6.83010e-04 0.00000e+00
62.270000 4.34477e-05 6.57403e-04 0.00000e+00
62.280000 5.04411e-05 5.33373e-04 0.00000e+00
62.290000 7.62062e-05 4.49439e-04 0.00000e+00
62.300000 5.63039e-05 3.83296e-04 0.00000e+00
62.310000 4.02292e-05 3.02650e-04 0.00000e+00
62.320000 3.38333e-05 1.60648e-04 0.00000e+00
62.330000 4.17269e-05 4.08557e-05 0.00000e+00
62.340000 4.32381e-05 4.03621e-05 0.00000e+00
62.350000 3.96037e-05 -6.55552e-06 0.00000e+00
62.360000 6.88304e-05 -1.02107e-04 0.00000e+00
62.370000 6.87606e-05 -2.05717e-04 0.00000e+00
62.380000 6.99551e-05 -2.03122e-04 0.00000e+00
62.390000 5.02777e-05 -1.42336e-04 0.00000e+00
62.400000 5.23981e-05 -2.37097e-04 0.00000e+00
62.410000 6.06058e-05 -2.29339e-04 0.00000e+00
62.420000 4.46905e-05 -1.69789e-04 0.00000e+00
62.430000 2.69609e-05 -2.37222e-04 0.00000e+00
62.440000 1.07850e-05 -2.77528e-04 0.00000e+00
62.450000 2.40702e-06 -2.91534e-04 0.00000e+00
62.460000 1.60573e-05 -2.14948e-04 0.00000e+00
62.470000 8.84260e-06 -1.75625e-04 0.00000e+00
62.480000 1.38033e-05 -2.63396e-04 0.00000e+00
62.490000 2.27315e-05 -3.21440e-04 0.00000e+00
62.500000 3.19253e-05 -3.23934e-04 0.00000e+00
62.510000 3.48190e-05 -2.47062e-04 0.00000e+00
62.520000 2.50904e-05 -2.49040e-04 0.00000e+00
62.530000 2.87012e-05 -1.61370e-04 0.00000e+00
62.540000 3.57224e-05 2.75621e-05 0.00000e+00
62.550000 3.31982e-05 5.20667e-05 0.00000e+00
62.560000 8.15786e-06 3.03531e-05 0.00000e+00
62.570000 2.25598e-06 5.74810e-05 0.00000e+00
62.580000 1.53083e-05 2.25819e-04 0.00000e+00
62.590000 -7.19815e-06 3.72840e-04 0.00000e+00
62.600000 -4.96825e-06 3.27497e-04 0.00000e+00
62.610000 9.49752e-06 2.73017e-04 0.00000e+00
62.620000 1.51497e-05 2.78708e-04 0.00000e+00
62.630000 2.73829e-05 3.73753e-04 0.00000e+00
62.640000 2.04282e-05 4.49952e-04 0.00000e+00
62.650000 3.10585e-05 3.93847e-04 0.00000e+00
62.660000 4.16701e-05 4.13899e-04 0.00000e+00
62.670000 4.98106e-05 4.93034e-04 0.00000e+00
62.680000 6.07980e-05 5.11297e-04 0.00000e+00
62.690000 4.28139e-05 4.59861e-04 0.00000e+00
62.700000 8.14443e-05 4.38019e-04 0.00000e+00
62.710000 5.73436e-05 5.16390e-04 0.00000e+00
62.720000 5.88036e-05 5.32013e-04 0.00000e+00
62.730000 8.86681e-05 4.28635e-04 0.00000e+00
62.740000 9.95495e-05 3.19097e-04 0.00000e+00
62.750000 1.10384e-04 2.72915e-04 0.00000e+00
62.760000 8.15448e-05 1.67300e-04 0.00000e+00
62.770000 7.58295e-05 -4.46308e-05 0.00000e+00
62.780000 1.01259e-04 -1.72721e-04 0.00000e+00
62.790000 9.35125e-05 -2.96919e-04 0.00000e+00
62.800000 9.05758e-05 -4.30786e-04 0.00000e+00
62.810000 5.94109e-05 -5.65857e-04 0.00000e+00
62.820000 5.61463e-05 -6.99960e-04 0.00000e+00
62.830000 7.38048e-05 -7.23374e-04 0.00000e+00
62.840000 5.29323e-05 -7.93648e-04 0.00000e+00
62.850000 4.61764e-05 -8.60815e-04 0.00000e+00
62.860000 4.61224e-05 -9.17707e-04 0.00000e+00
62.870000 5.30458e-05 -8.58058e-04 0.00000e+00
62.880000 3.72457e-05 -8.12371e-04 0.00000e+00
62.890000 6.73657e-06 -9.38203e-04 0.00000e+00
62.900000 5.18830e-06 -9.24932e-04 0.00000e+00
62.910000 -1.18532e-05 -8.20559e-04 0.00000e+00
62.920000 -2.89630e-05 -7.22218e-04 0.00000e+00
62.930000 -5.00762e-05 -7.21854e-04 0.00000e+00
62.940000 -6.56937e-05 -8.02744e-04 0.00000e+00
62.950000 -5.68119e-05 -7.37188e-04 0.00000e+00
62.960000 -7.53049e-05 -6.57514e-04 0.00000e+00
62.970000 -5.90308e-05 -6.59086e-04 0.00000e+00
62.980000 -6.63355e-05 -7.03605e-04 0.00000e+00
62.990000 -5.41167e-05 -7.45341e-04 0.00000e+00
63.000000 -5.75128e-05 -6.00884e-04 0.00000e+00
63.010000 -7.43993e-05 -5.09563e-04 0.00000e+00
63.020000 -5.16322e-05 -4.78143e-04 0.00000e+00
63.030000 -5.74113e-05 -3.37524e-04 0.00000e+00
63.040000 -5.88408e-05 -1.12399e-04 0.00000e+00
63.050000 -9.12430e-05 1.15794e-04 0.00000e+00
63.060000 -9.24567e-05 1.97943e-04 0.00000e+00
63.070000 -8.20188e-05 3.35367e-04 0.00000e+00
63.080000 -8.53808e-05 4.65458e-04 0.00000e+00
63.090000 -9.28657e-05 5.05640e-04 0.00000e+00
63.100000 -1.01459e-04 5.58269e-04 0.00000e+00
63.110000 -9.94386e-05 5.77672e-04 0.00000e+00
63.120000 -8.69303e-05 6.54230e-04 0.00000e+00
63.130000 -9.18006e-05 6.63216e-04 0.00000e+00
63.140000 -7.38099e-05 7.34305e-04 0.00000e+00
63.150000 -5.55738e-05 8.52256e-04 0.00000e+00
63.160000 -3.11873e-05 9.73089e-04 0.00000e+00
63.170000 -7.58139e-06 1.16685e-03 0.00000e+00
63.180000 -1.12376e-05 1.19518e-03 0.00000e+00
63.190000 3.17960e-05 1.27541e-03 0.00000e+00
63.200000 4.19521e-05 1.35377e-03 0.00000e+00
63.210000 6.27347e-05 1.29135e-03 0.00000e+00
63.220000 5.32684e-05 1.08823e-03 0.00000e+00
63.230000 5.71392e-05 8.13454e-04 0.00000e+00
63.240000 7.14589e-05 6.89697e-04 0.00000e+00
63.250000 5.35576e-05 6.68176e-04 0.00000e+00
63.260000 7.58111e-05 5.72073e-04 0.00000e+00
63.270000 7.84094e-05 3.81918e-04 0.00000e+00
63.280000 8.17487e-05 2.00230e-04 0.00000e+00
63.290000 8.90312e-05 3.62060e-05 0.00000e+00
63.300000 8.73868e-05 -1.45078e-04 0.00000e+00
63.310000 1.21276e-04 -3.71831e-04 0.00000e+00
63.320000 9.70121e-05 -5.40931e-04 0.00000e+00
63.330000 1.16288e-04 -6.46042e-04 0.00000e+00
63.340000 7.99752e-05 -7.18965e-04 0.00000e+00
63.350000 5.50906e-05 -8.04632e-04 0.00000e+00
63.360000 4.72558e-05 -8.07469e-04 0.00000e+00
63.370000 7.19830e-06 -7.92336e-04 0.00000e+00
63.380000 -2.18336e-06 -7.62613e-04 0.00000e+00
63.390000 -1.14098e-05 -6.89584e-04 0.00000e+00
63.400000 9.17967e-06 -7.34930e-04 0.00000e+00
63.410000 2.86603e-05 -7.18772e-04 0.00000e+00
63.420000 2.27430e-05 -7.01097e-04 0.00000e+00
63.430000 -1.25263e-05 -6.06758e-04 0.00000e+00
63.440000 -1.67336e-05 -4.41757e-04 0.00000e+00
63.450000 -2.77202e-05 -4.00936e-04 0.00000e+00
63.460000 -3.70432e-05 -3.44379e-04 0.00000e+00
63.470000 -4.09534e-05 -2.51610e-04 0.00000e+00
63.480000 -5.17613e-05 -4.23564e-05 0.00000e+00
63.490000 -2.78134e-05 1.10681e-04 0.00000e+00
63.500000 -3.18907e-05 2.29237e-04 0.00000e+00
63.510000 -1.66820e-05 3.24442e-04 0.00000e+00
63.520000 -1.38843e-05 1.97756e-04 0.00000e+00
63.530000 -7.41736e-06 9.21748e-05 0.00000e+00
63.540000 -1.37163e-05 -1.73919e-06 0.00000e+00
63.550000 1.53407e-05 -4.89176e-05 0.00000e+00
63.560000 -1.91816e-06 7.79319e-07 0.00000e+00
63.570000 -6.46160e-06 1.06225e-04 0.00000e+00
63.580000 1.65160e-05 3.66471e-04 0.00000e+00
63.590000 1.66113e-05 6.06003e-04 0.00000e+00
63.600000 2.52668e-05 6.14277e-04 0.00000e+00
63.610000 -2.15303e-06 5.70938e-04 0.00000e+00
63.620000 -7.09619e-06 4.76566e-04 0.00000e+00
63.630000 7.91310e-06 3.31955e-04 0.00000e+00
63.640000 9.03733e-06 2.19554e-04 0.00000e+00
63.650000 9.65340e-06 8.88545e-05 0.00000e+00
63.660000 -1.12171e-05 5.12923e-05 0.00000e+00
63.670000 -2.42887e-06 3.38694e-05 0.00000e+00
63.680000 -2.05720e-05 3.10585e-06 0.00000e+00
63.690000 -1.55054e-05 -7.56456e-06 0.00000e+00
63.700000 2.17027e-05 -3.19174e-05 0.00000e+00
63.710000 4.94676e-05 -7.59471e-05 0.00000e+00
63.720000 7.14589e-05 -6.70997e-05 0.00000e+00
63.730000 7.13054e-05 -7.35170e-05 0.00000e+00
63.740000 7.03170e-05 -1.57392e-04 0.00000e+00
63.750000 7.05017e-05 -1.57922e-04 0.00000e+00
63.760000 2.49973e-05 -1.37549e-04 0.00000e+00
63.770000 -1.76457e-06 -1.39344e-04 0.00000e+00
63.780000 -1.43053e-05 -2.04274e-04 0.00000e+00
63.790000 -3.71205e-05 -3.15460e-04 0.00000e+00
63.800000 -1.41766e-05 -3.44020e-04 0.00000e+00
63.810000 -2.15581e-05 -3.53119e-04 0.00000e+00
63.820000 -8.69559e-06 -3.89359e-04 0.00000e+00
63.830000 -1.16544e-05 -4.18446e-04 0.00000e+00
63.840000 -1.49220e-05 -4.46303e-04 0.00000e+00
63.850000 -1.84984e-05 -4.72927e-04 0.00000e+00
63.860000 -2.23837e-05 -4.98320e-04 0.00000e+00
63.870000 -2.65778e-05 -5.22481e-04 0.00000e+00
63.880000 -3.10807e-05 -5.45411e-04 0.00000e+00
63.890000 -3.58925e-05 -5.67109e-04 0.00000e+00
63.900000 -4.10130e-05 -5.87575e-04 0.00000e+00
63.910000 -4.64425e-05 -6.06810e-04 0.00000e+00
63.920000 -5.21807e-05 -6.24813e-04 0.00000e+00
63.930000 -5.82278e-05 -6.41585e-04 0.00000e+00
63.940000 -6.45837e-05 -6.57125e-04 0.00000e+00
63.950000 -7.12485e-05 -6.71433e-04 0.00000e+00
63.960000 -7.82221e-05 -6.84510e-04 0.00000e+00
63.970000 -8.55045e-05 -6.96355e-04 0.00000e+00
63.980000 -9.30958e-05 -7.06969e-04 0.00000e+00
63.990000 -1.00996e-04 -7.16351e-04 0.00000e+00
