# focused wave waveinput_round2\waveinput_430012.dat
@v301
# Wavedata CFDwavemaker
[wave type]
piston

[general input data]
depth 0.6

[wave input piston]
# number of timesteps to read
6400
# Time[sec], paddle position[m], paddle velocity[m/s], surface_elevation[m]
0.000000 0.00000e+00 -4.20460e-05 0.00000e+00
0.010000 1.69923e-08 -2.85907e-05 0.00000e+00
0.020000 3.97272e-08 -1.61648e-05 0.00000e+00
0.030000 6.96786e-08 -4.76816e-06 0.00000e+00
0.040000 1.08320e-07 5.59920e-06 0.00000e+00
0.050000 1.57126e-07 1.49373e-05 0.00000e+00
0.060000 2.17570e-07 2.32460e-05 0.00000e+00
0.070000 2.91125e-07 3.05255e-05 0.00000e+00
0.080000 3.79266e-07 3.67757e-05 0.00000e+00
0.090000 4.83467e-07 4.19966e-05 0.00000e+00
0.100000 6.05201e-07 4.61882e-05 0.00000e+00
0.110000 7.45941e-07 4.93506e-05 0.00000e+00
0.120000 9.07163e-07 5.14836e-05 0.00000e+00
0.130000 1.09034e-06 5.25873e-05 0.00000e+00
0.140000 1.29694e-06 5.26618e-05 0.00000e+00
0.150000 1.52845e-06 5.17070e-05 0.00000e+00
0.160000 1.78634e-06 4.97228e-05 0.00000e+00
0.170000 2.07207e-06 4.67094e-05 0.00000e+00
0.180000 3.82294e-06 4.08875e-05 0.00000e+00
0.190000 5.23594e-06 3.22277e-05 0.00000e+00
0.200000 5.22664e-06 2.39441e-05 0.00000e+00
0.210000 5.80238e-06 1.27348e-05 0.00000e+00
0.220000 4.22787e-06 7.37751e-07 0.00000e+00
0.230000 6.18004e-06 -8.42400e-06 0.00000e+00
0.240000 6.34674e-06 -1.71654e-05 0.00000e+00
0.250000 6.45492e-06 -2.47609e-05 0.00000e+00
0.260000 7.10603e-06 -3.73592e-05 0.00000e+00
0.270000 6.80282e-06 -4.76023e-05 0.00000e+00
0.280000 8.47801e-06 -4.52341e-05 0.00000e+00
0.290000 7.24017e-06 -4.56961e-05 0.00000e+00
0.300000 5.04817e-06 -5.39440e-05 0.00000e+00
0.310000 2.85162e-06 -5.29196e-05 0.00000e+00
0.320000 2.53546e-07 -4.23890e-05 0.00000e+00
0.330000 -9.15807e-07 -3.37616e-05 0.00000e+00
0.340000 -1.42368e-06 -2.92753e-05 0.00000e+00
0.350000 -2.64236e-06 -2.19832e-05 0.00000e+00
0.360000 -2.96955e-06 -1.27593e-05 0.00000e+00
0.370000 -3.04382e-06 -5.54006e-07 0.00000e+00
0.380000 -3.56171e-06 1.19222e-05 0.00000e+00
0.390000 -2.08772e-06 1.34432e-05 0.00000e+00
0.400000 -1.70550e-06 1.75465e-05 0.00000e+00
0.410000 -1.01127e-06 2.81655e-05 0.00000e+00
0.420000 -3.71348e-07 3.45105e-05 0.00000e+00
0.430000 2.63825e-07 3.63848e-05 0.00000e+00
0.440000 4.13495e-06 4.91963e-05 0.00000e+00
0.450000 5.03437e-06 6.90303e-05 0.00000e+00
0.460000 3.65227e-06 7.66652e-05 0.00000e+00
0.470000 5.91949e-06 6.12707e-05 0.00000e+00
0.480000 9.03850e-06 4.01996e-05 0.00000e+00
0.490000 8.01686e-06 2.84505e-05 0.00000e+00
0.500000 6.61735e-06 1.10366e-05 0.00000e+00
0.510000 5.81005e-06 -3.14158e-06 0.00000e+00
0.520000 5.97537e-06 -1.53144e-05 0.00000e+00
0.530000 5.45923e-06 -3.98549e-05 0.00000e+00
0.540000 6.53688e-06 -7.57379e-05 0.00000e+00
0.550000 3.24754e-06 -1.06627e-04 0.00000e+00
0.560000 2.80932e-06 -1.12258e-04 0.00000e+00
0.570000 2.39367e-06 -1.13252e-04 0.00000e+00
0.580000 1.87211e-06 -1.15415e-04 0.00000e+00
0.590000 1.89900e-07 -1.13462e-04 0.00000e+00
0.600000 -3.10593e-07 -1.17582e-04 0.00000e+00
0.610000 6.76898e-07 -1.04567e-04 0.00000e+00
0.620000 -5.60987e-06 -9.16271e-05 0.00000e+00
0.630000 -8.33237e-06 -9.48245e-05 0.00000e+00
0.640000 -1.12590e-05 -7.81003e-05 0.00000e+00
0.650000 -7.76270e-06 -4.88791e-05 0.00000e+00
0.660000 -9.25774e-06 -3.36779e-05 0.00000e+00
0.670000 -1.16514e-05 -3.08794e-05 0.00000e+00
0.680000 -1.11454e-05 -3.07904e-05 0.00000e+00
0.690000 -1.39571e-05 -3.29534e-05 0.00000e+00
0.700000 -1.54878e-05 -3.14675e-05 0.00000e+00
0.710000 -1.29164e-05 -1.09355e-05 0.00000e+00
0.720000 -6.53898e-06 -3.84092e-06 0.00000e+00
0.730000 -3.82837e-06 -1.30882e-05 0.00000e+00
0.740000 -6.13158e-06 -1.74058e-05 0.00000e+00
0.750000 -4.19088e-06 -6.29037e-06 0.00000e+00
0.760000 -6.28263e-06 -1.13448e-05 0.00000e+00
0.770000 -5.76637e-06 -2.84568e-05 0.00000e+00
0.780000 -4.53781e-06 -1.62924e-05 0.00000e+00
0.790000 -7.77082e-06 -3.05845e-05 0.00000e+00
0.800000 -5.00464e-06 -4.27232e-05 0.00000e+00
0.810000 -4.68239e-06 -2.42950e-05 0.00000e+00
0.820000 -9.63279e-06 2.45860e-05 0.00000e+00
0.830000 -1.08489e-05 7.16034e-05 0.00000e+00
0.840000 -1.22008e-05 6.65403e-05 0.00000e+00
0.850000 -1.21371e-05 6.55702e-05 0.00000e+00
0.860000 -1.22329e-05 8.49268e-05 0.00000e+00
0.870000 -8.91576e-06 1.03850e-04 0.00000e+00
0.880000 -9.11405e-06 1.27778e-04 0.00000e+00
0.890000 -1.33838e-05 1.78443e-04 0.00000e+00
0.900000 -1.06653e-05 2.34983e-04 0.00000e+00
0.910000 -8.74183e-06 2.48764e-04 0.00000e+00
0.920000 -4.07184e-06 2.62714e-04 0.00000e+00
0.930000 -8.34325e-06 2.72966e-04 0.00000e+00
0.940000 3.50279e-06 2.33763e-04 0.00000e+00
0.950000 7.67633e-06 2.02111e-04 0.00000e+00
0.960000 1.16519e-05 1.79533e-04 0.00000e+00
0.970000 2.49001e-05 1.51157e-04 0.00000e+00
0.980000 2.59407e-05 1.25638e-04 0.00000e+00
0.990000 2.76922e-05 8.02428e-05 0.00000e+00
1.000000 1.82472e-05 3.89599e-05 0.00000e+00
1.010000 1.93188e-05 -2.09828e-05 0.00000e+00
1.020000 2.69876e-05 -1.05760e-04 0.00000e+00
1.030000 2.88500e-05 -1.63356e-04 0.00000e+00
1.040000 2.60384e-05 -1.83437e-04 0.00000e+00
1.050000 2.28292e-05 -1.93489e-04 0.00000e+00
1.060000 1.95664e-05 -2.37396e-04 0.00000e+00
1.070000 9.31842e-06 -3.05050e-04 0.00000e+00
1.080000 6.43179e-07 -3.63016e-04 0.00000e+00
1.090000 -1.73516e-06 -3.79676e-04 0.00000e+00
1.100000 -1.52229e-05 -3.87539e-04 0.00000e+00
1.110000 -2.05777e-05 -3.54382e-04 0.00000e+00
1.120000 -1.50925e-05 -2.97722e-04 0.00000e+00
1.130000 -2.01321e-05 -2.80409e-04 0.00000e+00
1.140000 -2.33374e-05 -2.18116e-04 0.00000e+00
1.150000 -2.60082e-05 -1.55631e-04 0.00000e+00
1.160000 -2.74311e-05 -1.23742e-04 0.00000e+00
1.170000 -2.91556e-05 -1.07334e-04 0.00000e+00
1.180000 -3.66222e-05 -8.67115e-05 0.00000e+00
1.190000 -2.77193e-05 -5.49974e-06 0.00000e+00
1.200000 -1.96745e-05 9.10250e-05 0.00000e+00
1.210000 -1.81390e-05 1.27717e-04 0.00000e+00
1.220000 -2.25860e-05 1.32069e-04 0.00000e+00
1.230000 -2.61242e-05 1.62167e-04 0.00000e+00
1.240000 -2.34374e-05 1.84250e-04 0.00000e+00
1.250000 -1.15291e-05 1.73392e-04 0.00000e+00
1.260000 -1.29404e-06 1.53941e-04 0.00000e+00
1.270000 -3.22070e-07 1.12605e-04 0.00000e+00
1.280000 2.60554e-06 5.55149e-05 0.00000e+00
1.290000 -7.85524e-06 6.37759e-05 0.00000e+00
1.300000 -6.34390e-06 7.86374e-05 0.00000e+00
1.310000 -3.22943e-06 4.75478e-05 0.00000e+00
1.320000 -9.12398e-06 -3.23325e-06 0.00000e+00
1.330000 -4.30792e-06 -6.33390e-05 0.00000e+00
1.340000 -3.40469e-06 -8.93042e-05 0.00000e+00
1.350000 -2.13469e-07 -9.70417e-05 0.00000e+00
1.360000 -2.74356e-06 -3.48027e-05 0.00000e+00
1.370000 -1.12481e-05 1.03088e-04 0.00000e+00
1.380000 -2.06063e-05 1.85211e-04 0.00000e+00
1.390000 -1.18809e-05 2.14323e-04 0.00000e+00
1.400000 -9.41059e-06 2.36872e-04 0.00000e+00
1.410000 -1.21342e-05 2.62786e-04 0.00000e+00
1.420000 -1.57295e-05 3.42268e-04 0.00000e+00
1.430000 -1.33820e-05 4.53299e-04 0.00000e+00
1.440000 -7.80823e-06 5.15480e-04 0.00000e+00
1.450000 -7.17089e-07 5.08689e-04 0.00000e+00
1.460000 8.17394e-06 4.71755e-04 0.00000e+00
1.470000 3.49642e-06 4.49525e-04 0.00000e+00
1.480000 9.78875e-06 4.39927e-04 0.00000e+00
1.490000 1.80990e-05 3.95002e-04 0.00000e+00
1.500000 3.89261e-05 3.86504e-04 0.00000e+00
1.510000 6.03362e-05 3.95833e-04 0.00000e+00
1.520000 7.37517e-05 3.54722e-04 0.00000e+00
1.530000 8.41676e-05 2.69890e-04 0.00000e+00
1.540000 7.45905e-05 1.67279e-04 0.00000e+00
1.550000 6.13675e-05 7.83035e-05 0.00000e+00
1.560000 6.66597e-05 2.83354e-05 0.00000e+00
1.570000 6.28143e-05 -5.88018e-06 0.00000e+00
1.580000 6.11835e-05 -1.23740e-04 0.00000e+00
1.590000 5.72882e-05 -2.51479e-04 0.00000e+00
1.600000 4.20231e-05 -3.31271e-04 0.00000e+00
1.610000 2.70978e-05 -3.95063e-04 0.00000e+00
1.620000 1.94115e-05 -4.50770e-04 0.00000e+00
1.630000 2.72814e-05 -5.22781e-04 0.00000e+00
1.640000 2.11499e-05 -6.03810e-04 0.00000e+00
1.650000 1.62627e-05 -6.56036e-04 0.00000e+00
1.660000 1.37946e-05 -6.69423e-04 0.00000e+00
1.670000 1.64533e-05 -5.99849e-04 0.00000e+00
1.680000 -5.06980e-06 -4.78038e-04 0.00000e+00
1.690000 -1.00596e-05 -3.54053e-04 0.00000e+00
1.700000 -1.32802e-05 -2.37444e-04 0.00000e+00
1.710000 -2.41340e-07 -1.77955e-04 0.00000e+00
1.720000 -5.76723e-06 -1.54875e-04 0.00000e+00
1.730000 -1.04955e-05 -7.63661e-05 0.00000e+00
1.740000 -2.37429e-05 3.75140e-05 0.00000e+00
1.750000 -2.73566e-05 1.20718e-04 0.00000e+00
1.760000 -1.20277e-05 1.76808e-04 0.00000e+00
1.770000 -1.42500e-05 1.57031e-04 0.00000e+00
1.780000 -1.58208e-05 1.19883e-04 0.00000e+00
1.790000 -1.61209e-05 1.06917e-04 0.00000e+00
1.800000 -1.35299e-05 1.60234e-04 0.00000e+00
1.810000 4.74165e-06 2.26697e-04 0.00000e+00
1.820000 9.04876e-06 2.07101e-04 0.00000e+00
1.830000 1.71586e-05 1.49407e-04 0.00000e+00
1.840000 2.22066e-05 1.30131e-04 0.00000e+00
1.850000 1.38883e-05 7.90200e-05 0.00000e+00
1.860000 1.71615e-05 9.48007e-06 0.00000e+00
1.870000 1.14207e-05 -4.47606e-06 0.00000e+00
1.880000 1.67590e-05 3.86082e-05 0.00000e+00
1.890000 2.14479e-05 6.72621e-05 0.00000e+00
1.900000 2.08431e-05 -2.48820e-06 0.00000e+00
1.910000 1.09916e-05 -9.33137e-05 0.00000e+00
1.920000 -4.85620e-07 -2.22418e-04 0.00000e+00
1.930000 -7.33898e-06 -2.38471e-04 0.00000e+00
1.940000 -9.64583e-06 -2.01021e-04 0.00000e+00
1.950000 3.98177e-06 -2.56080e-04 0.00000e+00
1.960000 -4.24793e-06 -3.11068e-04 0.00000e+00
1.970000 -4.80422e-07 -3.53881e-04 0.00000e+00
1.980000 -2.21286e-05 -3.24536e-04 0.00000e+00
1.990000 -2.79367e-05 -2.66283e-04 0.00000e+00
2.000000 -2.67926e-05 -2.31815e-04 0.00000e+00
2.010000 -1.06191e-05 -2.15718e-04 0.00000e+00
2.020000 -1.55782e-05 -2.43980e-04 0.00000e+00
2.030000 -2.74840e-06 -1.85666e-04 0.00000e+00
2.040000 -1.10283e-05 -4.10187e-05 0.00000e+00
2.050000 -1.11267e-05 1.36071e-04 0.00000e+00
2.060000 -3.17012e-05 3.38567e-04 0.00000e+00
2.070000 -3.01253e-05 4.92110e-04 0.00000e+00
2.080000 -2.40080e-05 5.89806e-04 0.00000e+00
2.090000 -2.14725e-05 5.94587e-04 0.00000e+00
2.100000 3.90635e-06 5.82884e-04 0.00000e+00
2.110000 -1.34827e-05 6.26335e-04 0.00000e+00
2.120000 -9.15410e-06 7.37051e-04 0.00000e+00
2.130000 8.18692e-07 8.18147e-04 0.00000e+00
2.140000 1.07393e-05 8.47700e-04 0.00000e+00
2.150000 2.48329e-05 8.20856e-04 0.00000e+00
2.160000 2.80293e-05 7.01396e-04 0.00000e+00
2.170000 4.02867e-05 6.17016e-04 0.00000e+00
2.180000 5.43601e-05 6.68498e-04 0.00000e+00
2.190000 8.90633e-05 7.63338e-04 0.00000e+00
2.200000 1.23756e-04 8.16851e-04 0.00000e+00
2.210000 1.27950e-04 8.16250e-04 0.00000e+00
2.220000 1.26528e-04 7.42548e-04 0.00000e+00
2.230000 1.11789e-04 6.11841e-04 0.00000e+00
2.240000 1.01074e-04 4.78499e-04 0.00000e+00
2.250000 9.64170e-05 3.81213e-04 0.00000e+00
2.260000 8.97956e-05 2.40459e-04 0.00000e+00
2.270000 1.10670e-04 1.90057e-04 0.00000e+00
2.280000 1.10992e-04 1.55600e-04 0.00000e+00
2.290000 1.10920e-04 2.68451e-05 0.00000e+00
2.300000 9.47379e-05 -7.57501e-05 0.00000e+00
2.310000 9.71247e-05 -1.70255e-04 0.00000e+00
2.320000 8.92045e-05 -2.82122e-04 0.00000e+00
2.330000 9.72245e-05 -4.21990e-04 0.00000e+00
2.340000 1.16677e-04 -5.29829e-04 0.00000e+00
2.350000 1.31121e-04 -5.73519e-04 0.00000e+00
2.360000 1.10492e-04 -5.58836e-04 0.00000e+00
2.370000 9.18180e-05 -4.20330e-04 0.00000e+00
2.380000 7.53992e-05 -2.94972e-04 0.00000e+00
2.390000 6.89670e-05 -3.00356e-04 0.00000e+00
2.400000 6.57183e-05 -4.23306e-04 0.00000e+00
2.410000 6.47193e-05 -6.02644e-04 0.00000e+00
2.420000 5.35804e-05 -7.31095e-04 0.00000e+00
2.430000 5.49333e-05 -7.92276e-04 0.00000e+00
2.440000 6.47528e-05 -7.48671e-04 0.00000e+00
2.450000 4.64416e-05 -7.23196e-04 0.00000e+00
2.460000 2.51279e-05 -7.89662e-04 0.00000e+00
2.470000 1.76488e-05 -8.90207e-04 0.00000e+00
2.480000 3.53994e-06 -9.83512e-04 0.00000e+00
2.490000 -3.83348e-06 -1.07883e-03 0.00000e+00
2.500000 -3.38923e-06 -1.19888e-03 0.00000e+00
2.510000 1.86614e-06 -1.17472e-03 0.00000e+00
2.520000 -8.76658e-06 -1.01575e-03 0.00000e+00
2.530000 -1.88790e-05 -9.54273e-04 0.00000e+00
2.540000 -2.69561e-05 -1.04285e-03 0.00000e+00
2.550000 -6.27064e-05 -1.13468e-03 0.00000e+00
2.560000 -9.01059e-05 -1.17798e-03 0.00000e+00
2.570000 -1.03775e-04 -1.18369e-03 0.00000e+00
2.580000 -9.71478e-05 -1.14726e-03 0.00000e+00
2.590000 -9.21343e-05 -1.16480e-03 0.00000e+00
2.600000 -9.65042e-05 -1.14486e-03 0.00000e+00
2.610000 -1.19907e-04 -1.01642e-03 0.00000e+00
2.620000 -1.52141e-04 -8.77241e-04 0.00000e+00
2.630000 -1.61284e-04 -7.98713e-04 0.00000e+00
2.640000 -1.68352e-04 -7.39933e-04 0.00000e+00
2.650000 -1.75925e-04 -7.18699e-04 0.00000e+00
2.660000 -1.83449e-04 -7.02567e-04 0.00000e+00
2.670000 -1.78071e-04 -5.92529e-04 0.00000e+00
2.680000 -1.56921e-04 -4.14517e-04 0.00000e+00
2.690000 -1.74210e-04 -2.66272e-04 0.00000e+00
2.700000 -1.96538e-04 -1.92079e-04 0.00000e+00
2.710000 -2.04772e-04 8.48043e-06 0.00000e+00
2.720000 -1.90232e-04 1.77158e-04 0.00000e+00
2.730000 -1.90722e-04 2.02075e-04 0.00000e+00
2.740000 -1.82663e-04 2.51642e-04 0.00000e+00
2.750000 -1.81164e-04 4.11471e-04 0.00000e+00
2.760000 -1.79206e-04 7.07137e-04 0.00000e+00
2.770000 -1.50061e-04 9.86564e-04 0.00000e+00
2.780000 -1.50429e-04 1.10914e-03 0.00000e+00
2.790000 -1.37883e-04 1.10038e-03 0.00000e+00
2.800000 -1.54760e-04 1.07877e-03 0.00000e+00
2.810000 -1.47542e-04 1.06214e-03 0.00000e+00
2.820000 -1.48596e-04 9.96848e-04 0.00000e+00
2.830000 -1.12608e-04 9.17502e-04 0.00000e+00
2.840000 -1.00995e-04 8.58686e-04 0.00000e+00
2.850000 -8.36034e-05 9.08952e-04 0.00000e+00
2.860000 -8.11785e-05 8.83445e-04 0.00000e+00
2.870000 -5.09240e-05 7.02626e-04 0.00000e+00
2.880000 -1.75834e-05 5.36521e-04 0.00000e+00
2.890000 -3.71348e-05 4.48459e-04 0.00000e+00
2.900000 -2.20169e-05 4.20837e-04 0.00000e+00
2.910000 -6.29784e-06 3.54591e-04 0.00000e+00
2.920000 1.18516e-05 2.54014e-04 0.00000e+00
2.930000 7.21567e-06 1.43940e-04 0.00000e+00
2.940000 -2.50759e-05 1.38917e-04 0.00000e+00
2.950000 -4.72201e-05 1.47652e-04 0.00000e+00
2.960000 -5.27467e-05 1.63334e-04 0.00000e+00
2.970000 -6.16986e-05 1.35489e-04 0.00000e+00
2.980000 -6.75339e-05 1.27944e-05 0.00000e+00
2.990000 -6.77722e-05 -1.04498e-04 0.00000e+00
3.000000 -5.63204e-05 -7.55155e-05 0.00000e+00
3.010000 -5.48913e-05 1.12744e-05 0.00000e+00
3.020000 -4.27088e-05 2.58132e-06 0.00000e+00
3.030000 -6.31591e-05 4.69537e-05 0.00000e+00
3.040000 -3.85574e-05 2.41642e-04 0.00000e+00
3.050000 -3.47817e-05 5.70256e-04 0.00000e+00
3.060000 -1.54207e-05 7.16207e-04 0.00000e+00
3.070000 -1.37786e-05 7.98240e-04 0.00000e+00
3.080000 -1.45969e-05 1.01148e-03 0.00000e+00
3.090000 -2.49148e-06 1.25212e-03 0.00000e+00
3.100000 1.73650e-05 1.46583e-03 0.00000e+00
3.110000 3.30610e-05 1.49349e-03 0.00000e+00
3.120000 3.81916e-05 1.39189e-03 0.00000e+00
3.130000 5.29933e-05 1.29311e-03 0.00000e+00
3.140000 4.10003e-05 1.20677e-03 0.00000e+00
3.150000 5.50341e-05 1.12052e-03 0.00000e+00
3.160000 7.90059e-05 1.01189e-03 0.00000e+00
3.170000 1.12324e-04 9.43464e-04 0.00000e+00
3.180000 1.07473e-04 8.61579e-04 0.00000e+00
3.190000 1.38367e-04 7.52073e-04 0.00000e+00
3.200000 1.75985e-04 6.18659e-04 0.00000e+00
3.210000 1.88884e-04 5.49326e-04 0.00000e+00
3.220000 1.75799e-04 5.09846e-04 0.00000e+00
3.230000 1.58957e-04 4.41886e-04 0.00000e+00
3.240000 1.81642e-04 3.83206e-04 0.00000e+00
3.250000 1.74047e-04 2.54108e-04 0.00000e+00
3.260000 1.68569e-04 1.42020e-04 0.00000e+00
3.270000 1.49093e-04 9.24488e-05 0.00000e+00
3.280000 1.28082e-04 8.48479e-05 0.00000e+00
3.290000 1.28010e-04 7.85115e-05 0.00000e+00
3.300000 1.29018e-04 7.05049e-05 0.00000e+00
3.310000 1.39093e-04 7.06165e-06 0.00000e+00
3.320000 1.38484e-04 -4.31533e-05 0.00000e+00
3.330000 1.39016e-04 -1.42735e-05 0.00000e+00
3.340000 1.49448e-04 1.08426e-04 0.00000e+00
3.350000 1.44903e-04 2.15955e-04 0.00000e+00
3.360000 1.62558e-04 3.12122e-04 0.00000e+00
3.370000 1.74576e-04 5.85818e-04 0.00000e+00
3.380000 1.82112e-04 8.64173e-04 0.00000e+00
3.390000 1.71069e-04 1.00280e-03 0.00000e+00
3.400000 1.86351e-04 1.06024e-03 0.00000e+00
3.410000 1.86349e-04 1.16624e-03 0.00000e+00
3.420000 1.98507e-04 1.27153e-03 0.00000e+00
3.430000 2.12782e-04 1.32166e-03 0.00000e+00
3.440000 2.30399e-04 1.31248e-03 0.00000e+00
3.450000 2.44062e-04 1.20357e-03 0.00000e+00
3.460000 2.56070e-04 1.09132e-03 0.00000e+00
3.470000 2.61220e-04 9.32506e-04 0.00000e+00
3.480000 2.77080e-04 8.03887e-04 0.00000e+00
3.490000 2.94445e-04 6.94991e-04 0.00000e+00
3.500000 3.05044e-04 4.96282e-04 0.00000e+00
3.510000 3.28025e-04 3.13381e-04 0.00000e+00
3.520000 3.27951e-04 1.03379e-04 0.00000e+00
3.530000 3.38523e-04 -1.54885e-04 0.00000e+00
3.540000 3.45807e-04 -3.49004e-04 0.00000e+00
3.550000 3.23377e-04 -5.29063e-04 0.00000e+00
3.560000 3.15154e-04 -8.24437e-04 0.00000e+00
3.570000 3.02013e-04 -1.11520e-03 0.00000e+00
3.580000 2.86077e-04 -1.31950e-03 0.00000e+00
3.590000 2.70003e-04 -1.47131e-03 0.00000e+00
3.600000 2.54004e-04 -1.61378e-03 0.00000e+00
3.610000 2.21382e-04 -1.73020e-03 0.00000e+00
3.620000 1.98609e-04 -1.83072e-03 0.00000e+00
3.630000 1.70544e-04 -1.93569e-03 0.00000e+00
3.640000 1.43397e-04 -2.01560e-03 0.00000e+00
3.650000 1.43396e-04 -2.11259e-03 0.00000e+00
3.660000 1.04212e-04 -2.16508e-03 0.00000e+00
3.670000 8.24907e-05 -2.16497e-03 0.00000e+00
3.680000 6.37347e-05 -2.10893e-03 0.00000e+00
3.690000 3.72284e-05 -2.03967e-03 0.00000e+00
3.700000 1.85198e-05 -2.01639e-03 0.00000e+00
3.710000 1.91567e-05 -1.90818e-03 0.00000e+00
3.720000 -8.64641e-06 -1.77787e-03 0.00000e+00
3.730000 -2.20518e-05 -1.68871e-03 0.00000e+00
3.740000 -1.81768e-05 -1.60671e-03 0.00000e+00
3.750000 -2.06271e-05 -1.52605e-03 0.00000e+00
3.760000 -3.93235e-05 -1.38001e-03 0.00000e+00
3.770000 -6.80086e-05 -1.24759e-03 0.00000e+00
3.780000 -7.50891e-05 -1.19130e-03 0.00000e+00
3.790000 -1.03156e-04 -1.18112e-03 0.00000e+00
3.800000 -1.08938e-04 -1.14892e-03 0.00000e+00
3.810000 -1.29922e-04 -1.09791e-03 0.00000e+00
3.820000 -1.46927e-04 -9.27572e-04 0.00000e+00
3.830000 -1.45427e-04 -8.20191e-04 0.00000e+00
3.840000 -1.52625e-04 -7.91129e-04 0.00000e+00
3.850000 -1.60922e-04 -6.45555e-04 0.00000e+00
3.860000 -1.69395e-04 -5.37402e-04 0.00000e+00
3.870000 -1.75218e-04 -4.95866e-04 0.00000e+00
3.880000 -1.53595e-04 -3.64885e-04 0.00000e+00
3.890000 -1.67884e-04 -1.79311e-04 0.00000e+00
3.900000 -1.74728e-04 -5.38943e-06 0.00000e+00
3.910000 -1.80323e-04 2.90223e-04 0.00000e+00
3.920000 -1.66398e-04 6.23085e-04 0.00000e+00
3.930000 -1.67603e-04 8.41528e-04 0.00000e+00
3.940000 -1.80825e-04 9.68918e-04 0.00000e+00
3.950000 -1.73021e-04 1.13034e-03 0.00000e+00
3.960000 -1.62991e-04 1.22504e-03 0.00000e+00
3.970000 -1.34171e-04 1.29070e-03 0.00000e+00
3.980000 -1.21853e-04 1.33230e-03 0.00000e+00
3.990000 -1.00381e-04 1.24559e-03 0.00000e+00
4.000000 -1.12031e-04 1.16932e-03 0.00000e+00
4.010000 -6.89014e-05 1.12651e-03 0.00000e+00
4.020000 -6.16494e-05 1.03449e-03 0.00000e+00
4.030000 -5.16688e-05 9.09590e-04 0.00000e+00
4.040000 -3.33845e-05 7.61418e-04 0.00000e+00
4.050000 1.04943e-05 6.96883e-04 0.00000e+00
4.060000 2.37618e-05 5.98683e-04 0.00000e+00
4.070000 3.90896e-05 3.45479e-04 0.00000e+00
4.080000 3.94308e-05 1.30757e-04 0.00000e+00
4.090000 2.07400e-05 2.11465e-05 0.00000e+00
4.100000 4.42623e-06 -1.41983e-04 0.00000e+00
4.110000 5.08036e-06 -4.12815e-04 0.00000e+00
4.120000 -1.05469e-05 -6.06040e-04 0.00000e+00
4.130000 -3.53891e-05 -7.04833e-04 0.00000e+00
4.140000 -4.12924e-05 -7.37286e-04 0.00000e+00
4.150000 -7.25046e-05 -7.46408e-04 0.00000e+00
4.160000 -8.13742e-05 -7.39932e-04 0.00000e+00
4.170000 -8.20634e-05 -7.95808e-04 0.00000e+00
4.180000 -8.45333e-05 -7.42685e-04 0.00000e+00
4.190000 -9.87906e-05 -6.03917e-04 0.00000e+00
4.200000 -9.73570e-05 -5.76248e-04 0.00000e+00
4.210000 -1.07180e-04 -5.23650e-04 0.00000e+00
4.220000 -1.00615e-04 -3.15088e-04 0.00000e+00
4.230000 -1.23905e-04 -1.95423e-05 0.00000e+00
4.240000 -1.12730e-04 2.75110e-04 0.00000e+00
4.250000 -9.34769e-05 5.34361e-04 0.00000e+00
4.260000 -9.09914e-05 6.59237e-04 0.00000e+00
4.270000 -1.00952e-04 7.73761e-04 0.00000e+00
4.280000 -6.63902e-05 9.99284e-04 0.00000e+00
4.290000 -4.51667e-05 1.24286e-03 0.00000e+00
4.300000 -3.12656e-05 1.40251e-03 0.00000e+00
4.310000 -2.54455e-05 1.51952e-03 0.00000e+00
4.320000 -1.22014e-05 1.52000e-03 0.00000e+00
4.330000 -1.64364e-06 1.45542e-03 0.00000e+00
4.340000 1.03372e-05 1.46068e-03 0.00000e+00
4.350000 3.69235e-05 1.57103e-03 0.00000e+00
4.360000 3.00459e-05 1.64760e-03 0.00000e+00
4.370000 4.78572e-05 1.63586e-03 0.00000e+00
4.380000 7.31649e-05 1.56344e-03 0.00000e+00
4.390000 1.07779e-04 1.42032e-03 0.00000e+00
4.400000 1.18255e-04 1.25217e-03 0.00000e+00
4.410000 1.30087e-04 1.09756e-03 0.00000e+00
4.420000 1.25311e-04 1.03431e-03 0.00000e+00
4.430000 1.47205e-04 9.39069e-04 0.00000e+00
4.440000 1.76834e-04 6.59091e-04 0.00000e+00
4.450000 1.88136e-04 4.88436e-04 0.00000e+00
4.460000 1.79158e-04 4.38806e-04 0.00000e+00
4.470000 1.70434e-04 3.14287e-04 0.00000e+00
4.480000 1.55246e-04 1.72726e-04 0.00000e+00
4.490000 1.54095e-04 3.56611e-05 0.00000e+00
4.500000 1.70386e-04 -1.13861e-04 0.00000e+00
4.510000 1.84808e-04 -3.33461e-04 0.00000e+00
4.520000 1.91307e-04 -5.20176e-04 0.00000e+00
4.530000 1.51091e-04 -7.13802e-04 0.00000e+00
4.540000 1.35894e-04 -9.23021e-04 0.00000e+00
4.550000 1.15705e-04 -1.07113e-03 0.00000e+00
4.560000 1.14696e-04 -1.14922e-03 0.00000e+00
4.570000 1.21447e-04 -1.19867e-03 0.00000e+00
4.580000 1.08424e-04 -1.26977e-03 0.00000e+00
4.590000 9.77784e-05 -1.36057e-03 0.00000e+00
4.600000 7.18563e-05 -1.36465e-03 0.00000e+00
4.610000 5.77525e-05 -1.20005e-03 0.00000e+00
4.620000 8.06044e-05 -9.92127e-04 0.00000e+00
4.630000 4.43852e-05 -8.97209e-04 0.00000e+00
4.640000 4.16403e-05 -8.70488e-04 0.00000e+00
4.650000 2.01544e-05 -8.80195e-04 0.00000e+00
4.660000 7.08947e-06 -8.51398e-04 0.00000e+00
4.670000 -2.42023e-05 -6.86032e-04 0.00000e+00
4.680000 -3.30094e-05 -4.26623e-04 0.00000e+00
4.690000 -3.27510e-05 -1.79971e-04 0.00000e+00
4.700000 -3.19137e-05 -1.06863e-04 0.00000e+00
4.710000 -3.77695e-05 -7.83537e-05 0.00000e+00
4.720000 -3.27451e-05 -2.48693e-05 0.00000e+00
4.730000 -2.25653e-05 2.73604e-05 0.00000e+00
4.740000 -1.02738e-05 1.86987e-04 0.00000e+00
4.750000 -3.94611e-06 3.06304e-04 0.00000e+00
4.760000 1.53709e-05 3.26227e-04 0.00000e+00
4.770000 3.23944e-05 2.95609e-04 0.00000e+00
4.780000 3.66312e-05 2.14673e-04 0.00000e+00
4.790000 2.50248e-05 2.60088e-04 0.00000e+00
4.800000 1.13825e-05 2.89868e-04 0.00000e+00
4.810000 2.07694e-05 2.76530e-04 0.00000e+00
4.820000 2.29696e-05 2.53532e-04 0.00000e+00
4.830000 4.75108e-05 1.22635e-04 0.00000e+00
4.840000 4.47886e-05 5.32799e-06 0.00000e+00
4.850000 4.34782e-05 -1.11247e-04 0.00000e+00
4.860000 1.89010e-05 -1.74722e-04 0.00000e+00
4.870000 1.85836e-05 -1.51851e-04 0.00000e+00
4.880000 1.99959e-05 -1.79502e-04 0.00000e+00
4.890000 9.79863e-06 -2.51679e-04 0.00000e+00
4.900000 7.99313e-06 -2.74390e-04 0.00000e+00
4.910000 6.08432e-06 -2.53658e-04 0.00000e+00
4.920000 -2.19621e-05 -2.45586e-04 0.00000e+00
4.930000 -2.13671e-05 -1.70135e-04 0.00000e+00
4.940000 -2.49482e-05 -1.09479e-04 0.00000e+00
4.950000 -1.83091e-05 -1.19659e-04 0.00000e+00
4.960000 -6.41792e-06 -1.22895e-04 0.00000e+00
4.970000 -7.21758e-06 -1.75988e-04 0.00000e+00
4.980000 -6.88117e-06 -1.82013e-04 0.00000e+00
4.990000 -2.04451e-05 -1.82478e-04 0.00000e+00
5.000000 -1.04315e-05 -9.77776e-05 0.00000e+00
5.010000 1.30322e-05 5.05458e-05 0.00000e+00
5.020000 2.76768e-06 1.43204e-04 0.00000e+00
5.030000 2.05554e-05 1.57446e-04 0.00000e+00
5.040000 1.13235e-05 1.51156e-04 0.00000e+00
5.050000 -6.48502e-06 1.67600e-04 0.00000e+00
5.060000 -6.51212e-06 6.91691e-05 0.00000e+00
5.070000 -3.36899e-06 -7.53546e-05 0.00000e+00
5.080000 -9.12791e-06 -2.45430e-04 0.00000e+00
5.090000 -1.63887e-05 -5.17487e-04 0.00000e+00
5.100000 -1.74513e-05 -7.51046e-04 0.00000e+00
5.110000 -4.79306e-05 -9.07125e-04 0.00000e+00
5.120000 -2.72694e-05 -1.03892e-03 0.00000e+00
5.130000 -2.84855e-05 -1.09153e-03 0.00000e+00
5.140000 -3.38352e-05 -1.12491e-03 0.00000e+00
5.150000 -3.42254e-05 -1.17942e-03 0.00000e+00
5.160000 -4.53130e-05 -1.26803e-03 0.00000e+00
5.170000 -3.07088e-05 -1.32355e-03 0.00000e+00
5.180000 -6.02996e-05 -1.24476e-03 0.00000e+00
5.190000 -7.96245e-05 -1.22399e-03 0.00000e+00
5.200000 -1.18182e-04 -1.24945e-03 0.00000e+00
5.210000 -1.39397e-04 -1.18506e-03 0.00000e+00
5.220000 -1.87883e-04 -1.18501e-03 0.00000e+00
5.230000 -2.11207e-04 -1.17381e-03 0.00000e+00
5.240000 -2.26012e-04 -1.07731e-03 0.00000e+00
5.250000 -2.35453e-04 -9.91021e-04 0.00000e+00
5.260000 -2.28372e-04 -9.32197e-04 0.00000e+00
5.270000 -2.10687e-04 -8.52968e-04 0.00000e+00
5.280000 -2.14750e-04 -8.22798e-04 0.00000e+00
5.290000 -2.03644e-04 -6.53772e-04 0.00000e+00
5.300000 -2.04372e-04 -3.71565e-04 0.00000e+00
5.310000 -2.04030e-04 -1.83299e-04 0.00000e+00
5.320000 -2.11760e-04 4.10956e-05 0.00000e+00
5.330000 -2.06556e-04 3.72674e-04 0.00000e+00
5.340000 -2.06217e-04 8.63128e-04 0.00000e+00
5.350000 -2.01224e-04 1.28078e-03 0.00000e+00
5.360000 -2.16341e-04 1.51973e-03 0.00000e+00
5.370000 -1.91339e-04 1.66603e-03 0.00000e+00
5.380000 -1.73401e-04 1.73461e-03 0.00000e+00
5.390000 -1.71428e-04 1.80107e-03 0.00000e+00
5.400000 -1.49597e-04 1.84560e-03 0.00000e+00
5.410000 -1.36284e-04 1.91403e-03 0.00000e+00
5.420000 -1.21685e-04 2.02858e-03 0.00000e+00
5.430000 -9.55065e-05 2.20846e-03 0.00000e+00
5.440000 -6.34158e-05 2.47222e-03 0.00000e+00
5.450000 -2.44702e-05 2.66011e-03 0.00000e+00
5.460000 2.49865e-05 2.79227e-03 0.00000e+00
5.470000 3.55297e-05 2.87647e-03 0.00000e+00
5.480000 7.69399e-05 2.83434e-03 0.00000e+00
5.490000 1.24018e-04 2.71582e-03 0.00000e+00
5.500000 1.69200e-04 2.54051e-03 0.00000e+00
5.510000 1.72637e-04 2.34656e-03 0.00000e+00
5.520000 1.56386e-04 2.13867e-03 0.00000e+00
5.530000 1.63718e-04 1.81842e-03 0.00000e+00
5.540000 1.83006e-04 1.53423e-03 0.00000e+00
5.550000 2.11788e-04 1.36585e-03 0.00000e+00
5.560000 2.56016e-04 1.09751e-03 0.00000e+00
5.570000 2.63373e-04 8.10754e-04 0.00000e+00
5.580000 2.94586e-04 5.33592e-04 0.00000e+00
5.590000 3.04753e-04 1.63094e-04 0.00000e+00
5.600000 3.11009e-04 -2.09502e-04 0.00000e+00
5.610000 2.92068e-04 -4.82254e-04 0.00000e+00
5.620000 2.63988e-04 -6.60371e-04 0.00000e+00
5.630000 2.44924e-04 -7.93871e-04 0.00000e+00
5.640000 2.09344e-04 -9.66933e-04 0.00000e+00
5.650000 1.88301e-04 -1.10744e-03 0.00000e+00
5.660000 1.75972e-04 -1.13468e-03 0.00000e+00
5.670000 1.60994e-04 -1.12174e-03 0.00000e+00
5.680000 1.60031e-04 -1.23857e-03 0.00000e+00
5.690000 1.45729e-04 -1.50536e-03 0.00000e+00
5.700000 1.35173e-04 -1.72318e-03 0.00000e+00
5.710000 1.41414e-04 -1.85398e-03 0.00000e+00
5.720000 1.20107e-04 -1.88317e-03 0.00000e+00
5.730000 9.34783e-05 -1.74863e-03 0.00000e+00
5.740000 8.28402e-05 -1.64618e-03 0.00000e+00
5.750000 5.57086e-05 -1.53225e-03 0.00000e+00
5.760000 4.16589e-05 -1.34884e-03 0.00000e+00
5.770000 4.60017e-05 -1.22504e-03 0.00000e+00
5.780000 4.97016e-05 -1.11879e-03 0.00000e+00
5.790000 3.37140e-05 -1.07077e-03 0.00000e+00
5.800000 1.39989e-05 -1.04180e-03 0.00000e+00
5.810000 6.20181e-06 -1.03540e-03 0.00000e+00
5.820000 -1.01744e-05 -1.03211e-03 0.00000e+00
5.830000 -3.31525e-05 -9.89153e-04 0.00000e+00
5.840000 -5.48820e-05 -8.88504e-04 0.00000e+00
5.850000 -7.45280e-05 -6.78302e-04 0.00000e+00
5.860000 -5.94726e-05 -4.63890e-04 0.00000e+00
5.870000 -5.63930e-05 -2.66185e-04 0.00000e+00
5.880000 -5.23899e-05 4.87332e-05 0.00000e+00
5.890000 -4.14271e-05 2.93636e-04 0.00000e+00
5.900000 -4.15652e-05 5.00691e-04 0.00000e+00
5.910000 -5.71774e-05 7.69767e-04 0.00000e+00
5.920000 -3.88128e-05 9.97559e-04 0.00000e+00
5.930000 -4.82859e-05 1.24344e-03 0.00000e+00
5.940000 -3.57205e-05 1.58012e-03 0.00000e+00
5.950000 -1.85815e-05 1.98713e-03 0.00000e+00
5.960000 -7.32106e-06 2.26895e-03 0.00000e+00
5.970000 1.26445e-05 2.34657e-03 0.00000e+00
5.980000 3.92162e-05 2.41370e-03 0.00000e+00
5.990000 6.98301e-05 2.49047e-03 0.00000e+00
6.000000 1.02824e-04 2.44769e-03 0.00000e+00
6.010000 1.49567e-04 2.31789e-03 0.00000e+00
6.020000 1.76992e-04 2.11172e-03 0.00000e+00
6.030000 1.95486e-04 1.93139e-03 0.00000e+00
6.040000 2.30500e-04 1.78115e-03 0.00000e+00
6.050000 2.55634e-04 1.59103e-03 0.00000e+00
6.060000 2.62564e-04 1.41197e-03 0.00000e+00
6.070000 3.15784e-04 1.15127e-03 0.00000e+00
6.080000 3.08314e-04 7.86261e-04 0.00000e+00
6.090000 3.33773e-04 4.57327e-04 0.00000e+00
6.100000 3.32699e-04 8.50546e-05 0.00000e+00
6.110000 3.29424e-04 -3.37319e-04 0.00000e+00
6.120000 2.95471e-04 -7.44256e-04 0.00000e+00
6.130000 2.52152e-04 -1.18136e-03 0.00000e+00
6.140000 2.27175e-04 -1.61165e-03 0.00000e+00
6.150000 2.28653e-04 -2.01579e-03 0.00000e+00
6.160000 1.92897e-04 -2.38683e-03 0.00000e+00
6.170000 1.65535e-04 -2.75093e-03 0.00000e+00
6.180000 1.38276e-04 -2.98371e-03 0.00000e+00
6.190000 1.13019e-04 -3.09381e-03 0.00000e+00
6.200000 9.27603e-05 -3.24317e-03 0.00000e+00
6.210000 6.73836e-05 -3.38853e-03 0.00000e+00
6.220000 3.89319e-05 -3.43822e-03 0.00000e+00
6.230000 4.31734e-06 -3.43785e-03 0.00000e+00
6.240000 -4.10374e-05 -3.28588e-03 0.00000e+00
6.250000 -5.97427e-05 -3.04216e-03 0.00000e+00
6.260000 -1.01505e-04 -2.74766e-03 0.00000e+00
6.270000 -1.39118e-04 -2.39716e-03 0.00000e+00
6.280000 -1.71977e-04 -2.11127e-03 0.00000e+00
6.290000 -2.06445e-04 -1.87589e-03 0.00000e+00
6.300000 -2.27916e-04 -1.73018e-03 0.00000e+00
6.310000 -2.49340e-04 -1.58343e-03 0.00000e+00
6.320000 -2.66983e-04 -1.22763e-03 0.00000e+00
6.330000 -2.74847e-04 -8.16249e-04 0.00000e+00
6.340000 -2.77962e-04 -5.63058e-04 0.00000e+00
6.350000 -2.53164e-04 -3.13215e-04 0.00000e+00
6.360000 -2.64070e-04 1.81822e-05 0.00000e+00
6.370000 -2.67273e-04 4.40909e-04 0.00000e+00
6.380000 -2.58449e-04 8.88197e-04 0.00000e+00
6.390000 -2.19613e-04 1.31533e-03 0.00000e+00
6.400000 -2.02923e-04 1.65323e-03 0.00000e+00
6.410000 -1.72934e-04 1.81306e-03 0.00000e+00
6.420000 -1.57624e-04 2.03285e-03 0.00000e+00
6.430000 -1.44153e-04 2.28143e-03 0.00000e+00
6.440000 -1.50964e-04 2.37132e-03 0.00000e+00
6.450000 -1.33271e-04 2.39559e-03 0.00000e+00
6.460000 -1.13785e-04 2.33321e-03 0.00000e+00
6.470000 -8.45094e-05 2.24494e-03 0.00000e+00
6.480000 -5.05488e-05 2.12382e-03 0.00000e+00
6.490000 -1.60124e-06 1.95208e-03 0.00000e+00
6.500000 -5.88542e-06 1.78417e-03 0.00000e+00
6.510000 1.45044e-05 1.59466e-03 0.00000e+00
6.520000 5.89773e-05 1.47927e-03 0.00000e+00
6.530000 9.84621e-05 1.30729e-03 0.00000e+00
6.540000 1.14228e-04 9.41867e-04 0.00000e+00
6.550000 1.15392e-04 6.01984e-04 0.00000e+00
6.560000 1.07820e-04 4.83701e-04 0.00000e+00
6.570000 9.05069e-05 4.43503e-04 0.00000e+00
6.580000 9.09520e-05 3.54093e-04 0.00000e+00
6.590000 1.18106e-04 3.01113e-04 0.00000e+00
6.600000 8.53628e-05 1.53362e-04 0.00000e+00
6.610000 7.29236e-05 -1.41040e-04 0.00000e+00
6.620000 5.95675e-05 -4.15894e-04 0.00000e+00
6.630000 5.24574e-05 -5.57122e-04 0.00000e+00
6.640000 5.18946e-05 -6.18394e-04 0.00000e+00
6.650000 3.99153e-05 -6.69216e-04 0.00000e+00
6.660000 4.17820e-05 -6.05267e-04 0.00000e+00
6.670000 3.40546e-05 -6.30318e-04 0.00000e+00
6.680000 2.58075e-05 -7.48337e-04 0.00000e+00
6.690000 2.39351e-05 -6.58212e-04 0.00000e+00
6.700000 7.70963e-07 -5.13427e-04 0.00000e+00
6.710000 7.42818e-06 -4.44342e-04 0.00000e+00
6.720000 4.05400e-05 -4.40258e-04 0.00000e+00
6.730000 5.72181e-05 -4.57846e-04 0.00000e+00
6.740000 3.32878e-05 -5.37691e-04 0.00000e+00
6.750000 2.09302e-05 -6.20837e-04 0.00000e+00
6.760000 9.12066e-06 -5.10808e-04 0.00000e+00
6.770000 -2.49572e-05 -4.79020e-04 0.00000e+00
6.780000 -1.37773e-05 -6.12042e-04 0.00000e+00
6.790000 -1.20943e-06 -7.56265e-04 0.00000e+00
6.800000 9.81634e-06 -8.82741e-04 0.00000e+00
6.810000 -8.82510e-06 -8.47596e-04 0.00000e+00
6.820000 -2.04206e-05 -7.60693e-04 0.00000e+00
6.830000 -2.24902e-05 -7.14016e-04 0.00000e+00
6.840000 -5.51375e-05 -6.43142e-04 0.00000e+00
6.850000 -4.36494e-05 -5.46024e-04 0.00000e+00
6.860000 -5.46370e-05 -4.25949e-04 0.00000e+00
6.870000 -8.30137e-05 -3.24716e-04 0.00000e+00
6.880000 -8.56211e-05 -1.77803e-04 0.00000e+00
6.890000 -8.76395e-05 1.32721e-04 0.00000e+00
6.900000 -8.21075e-05 5.68440e-04 0.00000e+00
6.910000 -8.91660e-05 9.43510e-04 0.00000e+00
6.920000 -6.97994e-05 1.19022e-03 0.00000e+00
6.930000 -6.18045e-05 1.42226e-03 0.00000e+00
6.940000 -7.80591e-05 1.59339e-03 0.00000e+00
6.950000 -5.90169e-05 1.80340e-03 0.00000e+00
6.960000 -3.35377e-05 2.15618e-03 0.00000e+00
6.970000 2.18929e-05 2.52381e-03 0.00000e+00
6.980000 6.58881e-05 2.73862e-03 0.00000e+00
6.990000 7.77741e-05 2.83202e-03 0.00000e+00
7.000000 1.02592e-04 2.90974e-03 0.00000e+00
7.010000 1.45749e-04 2.89459e-03 0.00000e+00
7.020000 1.79193e-04 2.88601e-03 0.00000e+00
7.030000 2.13453e-04 2.88403e-03 0.00000e+00
7.040000 2.53147e-04 2.70535e-03 0.00000e+00
7.050000 2.90974e-04 2.51980e-03 0.00000e+00
7.060000 3.24935e-04 2.36693e-03 0.00000e+00
7.070000 3.56221e-04 2.12614e-03 0.00000e+00
7.080000 3.58785e-04 1.87440e-03 0.00000e+00
7.090000 3.62880e-04 1.66824e-03 0.00000e+00
7.100000 3.83895e-04 1.43693e-03 0.00000e+00
7.110000 3.95224e-04 1.03765e-03 0.00000e+00
7.120000 4.08707e-04 5.75983e-04 0.00000e+00
7.130000 4.07154e-04 1.43478e-04 0.00000e+00
7.140000 3.85889e-04 -1.77237e-04 0.00000e+00
7.150000 3.61122e-04 -4.16404e-04 0.00000e+00
7.160000 3.59337e-04 -8.39810e-04 0.00000e+00
7.170000 3.45014e-04 -1.37721e-03 0.00000e+00
7.180000 3.44500e-04 -1.77454e-03 0.00000e+00
7.190000 3.28942e-04 -2.09043e-03 0.00000e+00
7.200000 3.11873e-04 -2.38037e-03 0.00000e+00
7.210000 2.89756e-04 -2.64977e-03 0.00000e+00
7.220000 2.88882e-04 -2.86242e-03 0.00000e+00
7.230000 2.47394e-04 -2.98599e-03 0.00000e+00
7.240000 2.26318e-04 -3.07833e-03 0.00000e+00
7.250000 2.08588e-04 -3.18855e-03 0.00000e+00
7.260000 1.63560e-04 -3.39175e-03 0.00000e+00
7.270000 1.08055e-04 -3.53957e-03 0.00000e+00
7.280000 5.92438e-05 -3.57258e-03 0.00000e+00
7.290000 1.57846e-05 -3.57243e-03 0.00000e+00
7.300000 -2.20516e-05 -3.58118e-03 0.00000e+00
7.310000 -5.41754e-05 -3.62597e-03 0.00000e+00
7.320000 -1.12623e-04 -3.67838e-03 0.00000e+00
7.330000 -1.64359e-04 -3.65268e-03 0.00000e+00
7.340000 -1.78030e-04 -3.57385e-03 0.00000e+00
7.350000 -1.87743e-04 -3.39343e-03 0.00000e+00
7.360000 -2.20594e-04 -3.13899e-03 0.00000e+00
7.370000 -2.41908e-04 -2.89131e-03 0.00000e+00
7.380000 -2.78264e-04 -2.61815e-03 0.00000e+00
7.390000 -2.81719e-04 -2.28657e-03 0.00000e+00
7.400000 -3.13187e-04 -1.88913e-03 0.00000e+00
7.410000 -3.36654e-04 -1.41121e-03 0.00000e+00
7.420000 -3.64127e-04 -8.53227e-04 0.00000e+00
7.430000 -3.88829e-04 -3.56633e-04 0.00000e+00
7.440000 -3.80605e-04 3.87802e-05 0.00000e+00
7.450000 -3.85640e-04 3.52845e-04 0.00000e+00
7.460000 -3.91695e-04 6.61568e-04 0.00000e+00
7.470000 -3.88131e-04 1.05381e-03 0.00000e+00
7.480000 -3.69145e-04 1.51168e-03 0.00000e+00
7.490000 -3.51172e-04 1.87813e-03 0.00000e+00
7.500000 -3.25636e-04 2.11853e-03 0.00000e+00
7.510000 -2.97740e-04 2.37938e-03 0.00000e+00
7.520000 -2.52608e-04 2.76091e-03 0.00000e+00
7.530000 -2.35211e-04 3.09864e-03 0.00000e+00
7.540000 -1.93556e-04 3.31781e-03 0.00000e+00
7.550000 -1.59432e-04 3.43722e-03 0.00000e+00
7.560000 -1.07133e-04 3.57985e-03 0.00000e+00
7.570000 -5.08670e-05 3.71438e-03 0.00000e+00
7.580000 -1.75914e-05 3.67996e-03 0.00000e+00
7.590000 -4.55080e-06 3.60145e-03 0.00000e+00
7.600000 2.11617e-05 3.35932e-03 0.00000e+00
7.610000 4.33389e-05 3.10176e-03 0.00000e+00
7.620000 7.42502e-05 2.87838e-03 0.00000e+00
7.630000 1.22478e-04 2.45690e-03 0.00000e+00
7.640000 1.63408e-04 1.92872e-03 0.00000e+00
7.650000 1.76157e-04 1.40282e-03 0.00000e+00
7.660000 1.81067e-04 8.10350e-04 0.00000e+00
7.670000 1.90152e-04 1.95058e-04 0.00000e+00
7.680000 2.01399e-04 -3.78385e-04 0.00000e+00
7.690000 2.16626e-04 -9.30547e-04 0.00000e+00
7.700000 1.91398e-04 -1.49891e-03 0.00000e+00
7.710000 1.79001e-04 -2.07249e-03 0.00000e+00
7.720000 1.60974e-04 -2.58992e-03 0.00000e+00
7.730000 1.54507e-04 -3.04606e-03 0.00000e+00
7.740000 1.04669e-04 -3.32922e-03 0.00000e+00
7.750000 6.17084e-05 -3.55493e-03 0.00000e+00
7.760000 1.96374e-05 -3.87024e-03 0.00000e+00
7.770000 -5.44481e-05 -4.09644e-03 0.00000e+00
7.780000 -7.78777e-05 -4.20610e-03 0.00000e+00
7.790000 -1.57473e-04 -4.24701e-03 0.00000e+00
7.800000 -2.22886e-04 -4.09204e-03 0.00000e+00
7.810000 -2.68911e-04 -3.79001e-03 0.00000e+00
7.820000 -3.11323e-04 -3.51387e-03 0.00000e+00
7.830000 -3.59154e-04 -3.28201e-03 0.00000e+00
7.840000 -3.70541e-04 -2.99202e-03 0.00000e+00
7.850000 -4.04537e-04 -2.60706e-03 0.00000e+00
7.860000 -4.24053e-04 -2.09787e-03 0.00000e+00
7.870000 -4.39581e-04 -1.55865e-03 0.00000e+00
7.880000 -4.45814e-04 -9.34650e-04 0.00000e+00
7.890000 -4.42110e-04 -1.61179e-04 0.00000e+00
7.900000 -4.28940e-04 6.62631e-04 0.00000e+00
7.910000 -4.03614e-04 1.43012e-03 0.00000e+00
7.920000 -4.02182e-04 2.05698e-03 0.00000e+00
7.930000 -3.76061e-04 2.58093e-03 0.00000e+00
7.940000 -3.31581e-04 3.01668e-03 0.00000e+00
7.950000 -3.11876e-04 3.56097e-03 0.00000e+00
7.960000 -2.71501e-04 3.99281e-03 0.00000e+00
7.970000 -2.33908e-04 4.18455e-03 0.00000e+00
7.980000 -2.09311e-04 4.41215e-03 0.00000e+00
7.990000 -1.78765e-04 4.65301e-03 0.00000e+00
8.000000 -1.26843e-04 4.85995e-03 0.00000e+00
8.010000 -6.30237e-05 5.12627e-03 0.00000e+00
8.020000 7.23262e-06 5.32153e-03 0.00000e+00
8.030000 8.54068e-05 5.33679e-03 0.00000e+00
8.040000 1.58411e-04 5.24854e-03 0.00000e+00
8.050000 2.33989e-04 5.09687e-03 0.00000e+00
8.060000 2.70699e-04 4.92994e-03 0.00000e+00
8.070000 2.97415e-04 4.69809e-03 0.00000e+00
8.080000 3.21475e-04 4.45395e-03 0.00000e+00
8.090000 3.39194e-04 4.10218e-03 0.00000e+00
8.100000 3.78125e-04 3.64144e-03 0.00000e+00
8.110000 4.39295e-04 3.27152e-03 0.00000e+00
8.120000 4.75434e-04 2.91041e-03 0.00000e+00
8.130000 4.78627e-04 2.46612e-03 0.00000e+00
8.140000 5.28244e-04 1.94554e-03 0.00000e+00
8.150000 5.64927e-04 1.34482e-03 0.00000e+00
8.160000 5.92521e-04 7.80646e-04 0.00000e+00
8.170000 6.05809e-04 2.79796e-04 0.00000e+00
8.180000 5.99858e-04 -2.60690e-04 0.00000e+00
8.190000 5.59394e-04 -7.58277e-04 0.00000e+00
8.200000 5.39426e-04 -1.11104e-03 0.00000e+00
8.210000 5.14698e-04 -1.36342e-03 0.00000e+00
8.220000 5.06967e-04 -1.59992e-03 0.00000e+00
8.230000 4.76066e-04 -1.96815e-03 0.00000e+00
8.240000 4.46767e-04 -2.46674e-03 0.00000e+00
8.250000 4.21651e-04 -3.04033e-03 0.00000e+00
8.260000 3.82381e-04 -3.59850e-03 0.00000e+00
8.270000 3.60134e-04 -4.02883e-03 0.00000e+00
8.280000 3.39876e-04 -4.26612e-03 0.00000e+00
8.290000 2.92989e-04 -4.44564e-03 0.00000e+00
8.300000 2.35192e-04 -4.75103e-03 0.00000e+00
8.310000 1.92109e-04 -4.92722e-03 0.00000e+00
8.320000 1.66628e-04 -4.91218e-03 0.00000e+00
8.330000 1.32527e-04 -4.78761e-03 0.00000e+00
8.340000 6.47532e-05 -4.60457e-03 0.00000e+00
8.350000 6.28830e-06 -4.48824e-03 0.00000e+00
8.360000 -1.74386e-05 -4.47811e-03 0.00000e+00
8.370000 -6.69040e-05 -4.47485e-03 0.00000e+00
8.380000 -1.28944e-04 -4.34689e-03 0.00000e+00
8.390000 -2.11214e-04 -4.05429e-03 0.00000e+00
8.400000 -2.71941e-04 -3.73929e-03 0.00000e+00
8.410000 -3.13019e-04 -3.48882e-03 0.00000e+00
8.420000 -3.44358e-04 -3.12168e-03 0.00000e+00
8.430000 -3.41575e-04 -2.69666e-03 0.00000e+00
8.440000 -3.61136e-04 -2.24289e-03 0.00000e+00
8.450000 -3.73433e-04 -1.62473e-03 0.00000e+00
8.460000 -4.03581e-04 -9.81750e-04 0.00000e+00
8.470000 -4.01457e-04 -4.74282e-04 0.00000e+00
8.480000 -3.85348e-04 3.45908e-05 0.00000e+00
8.490000 -3.82947e-04 6.69116e-04 0.00000e+00
8.500000 -3.68168e-04 1.37357e-03 0.00000e+00
8.510000 -3.84967e-04 1.89944e-03 0.00000e+00
8.520000 -3.76065e-04 2.28308e-03 0.00000e+00
8.530000 -3.53490e-04 2.83690e-03 0.00000e+00
8.540000 -3.09338e-04 3.37412e-03 0.00000e+00
8.550000 -2.60476e-04 3.64796e-03 0.00000e+00
8.560000 -2.20255e-04 3.73352e-03 0.00000e+00
8.570000 -2.00154e-04 3.80805e-03 0.00000e+00
8.580000 -1.43696e-04 3.91712e-03 0.00000e+00
8.590000 -7.97899e-05 3.98846e-03 0.00000e+00
8.600000 -3.69322e-05 4.09670e-03 0.00000e+00
8.610000 1.84777e-05 4.17215e-03 0.00000e+00
8.620000 7.64470e-05 4.08202e-03 0.00000e+00
8.630000 9.79235e-05 3.89494e-03 0.00000e+00
8.640000 1.31890e-04 3.70860e-03 0.00000e+00
8.650000 1.80263e-04 3.50694e-03 0.00000e+00
8.660000 2.15221e-04 3.22042e-03 0.00000e+00
8.670000 2.33608e-04 2.91334e-03 0.00000e+00
8.680000 2.36042e-04 2.49331e-03 0.00000e+00
8.690000 2.78403e-04 2.00233e-03 0.00000e+00
8.700000 3.00220e-04 1.59881e-03 0.00000e+00
8.710000 2.79214e-04 1.18186e-03 0.00000e+00
8.720000 2.83814e-04 7.90856e-04 0.00000e+00
8.730000 3.11952e-04 3.62866e-04 0.00000e+00
8.740000 3.33372e-04 -2.37965e-04 0.00000e+00
8.750000 3.19139e-04 -8.66536e-04 0.00000e+00
8.760000 3.10246e-04 -1.33783e-03 0.00000e+00
8.770000 2.91095e-04 -1.81319e-03 0.00000e+00
8.780000 2.63550e-04 -2.35343e-03 0.00000e+00
8.790000 2.29337e-04 -2.79380e-03 0.00000e+00
8.800000 2.22390e-04 -3.28561e-03 0.00000e+00
8.810000 1.79718e-04 -3.85207e-03 0.00000e+00
8.820000 1.38728e-04 -4.31995e-03 0.00000e+00
8.830000 1.07617e-04 -4.74159e-03 0.00000e+00
8.840000 7.53614e-05 -5.14821e-03 0.00000e+00
8.850000 2.06925e-05 -5.53485e-03 0.00000e+00
8.860000 -1.53413e-05 -5.76426e-03 0.00000e+00
8.870000 -8.46473e-05 -5.87945e-03 0.00000e+00
8.880000 -1.65504e-04 -6.06008e-03 0.00000e+00
8.890000 -2.29049e-04 -6.17964e-03 0.00000e+00
8.900000 -3.19728e-04 -6.05999e-03 0.00000e+00
8.910000 -3.89236e-04 -5.72564e-03 0.00000e+00
8.920000 -4.44191e-04 -5.44362e-03 0.00000e+00
8.930000 -4.90548e-04 -5.13091e-03 0.00000e+00
8.940000 -5.69055e-04 -4.68368e-03 0.00000e+00
8.950000 -6.16985e-04 -4.11618e-03 0.00000e+00
8.960000 -6.58063e-04 -3.47110e-03 0.00000e+00
8.970000 -7.12889e-04 -2.72782e-03 0.00000e+00
8.980000 -7.37843e-04 -1.95491e-03 0.00000e+00
8.990000 -7.53676e-04 -1.23373e-03 0.00000e+00
9.000000 -7.58553e-04 -3.85494e-04 0.00000e+00
9.010000 -7.43040e-04 5.70107e-04 0.00000e+00
9.020000 -7.28866e-04 1.51235e-03 0.00000e+00
9.030000 -7.03548e-04 2.51742e-03 0.00000e+00
9.040000 -6.86270e-04 3.48205e-03 0.00000e+00
9.050000 -6.31749e-04 4.24921e-03 0.00000e+00
9.060000 -5.82543e-04 4.99879e-03 0.00000e+00
9.070000 -5.15278e-04 5.64631e-03 0.00000e+00
9.080000 -4.65088e-04 6.16652e-03 0.00000e+00
9.090000 -4.11651e-04 6.66886e-03 0.00000e+00
9.100000 -3.10038e-04 7.13824e-03 0.00000e+00
9.110000 -2.33717e-04 7.42340e-03 0.00000e+00
9.120000 -1.37717e-04 7.55134e-03 0.00000e+00
9.130000 -8.48808e-05 7.60652e-03 0.00000e+00
9.140000 -2.21759e-06 7.49048e-03 0.00000e+00
9.150000 6.04756e-05 7.28465e-03 0.00000e+00
9.160000 1.57879e-04 7.01495e-03 0.00000e+00
9.170000 2.43255e-04 6.62194e-03 0.00000e+00
9.180000 3.18776e-04 6.25243e-03 0.00000e+00
9.190000 3.81304e-04 5.90242e-03 0.00000e+00
9.200000 4.47625e-04 5.43447e-03 0.00000e+00
9.210000 4.71236e-04 4.84483e-03 0.00000e+00
9.220000 5.22334e-04 4.21446e-03 0.00000e+00
9.230000 5.61953e-04 3.56642e-03 0.00000e+00
9.240000 5.85233e-04 2.94096e-03 0.00000e+00
9.250000 6.10632e-04 2.30213e-03 0.00000e+00
9.260000 6.26641e-04 1.56566e-03 0.00000e+00
9.270000 6.33015e-04 9.91140e-04 0.00000e+00
9.280000 6.24162e-04 4.59252e-04 0.00000e+00
9.290000 6.22669e-04 -1.33190e-04 0.00000e+00
9.300000 6.08049e-04 -7.59577e-04 0.00000e+00
9.310000 6.02639e-04 -1.36403e-03 0.00000e+00
9.320000 5.88009e-04 -1.88442e-03 0.00000e+00
9.330000 5.65568e-04 -2.37948e-03 0.00000e+00
9.340000 5.49262e-04 -2.81188e-03 0.00000e+00
9.350000 5.44374e-04 -3.24008e-03 0.00000e+00
9.360000 4.93877e-04 -3.63855e-03 0.00000e+00
9.370000 4.40897e-04 -3.94161e-03 0.00000e+00
9.380000 3.97051e-04 -4.30890e-03 0.00000e+00
9.390000 3.51870e-04 -4.72049e-03 0.00000e+00
9.400000 3.12982e-04 -5.02575e-03 0.00000e+00
9.410000 2.78231e-04 -5.29707e-03 0.00000e+00
9.420000 2.19902e-04 -5.55295e-03 0.00000e+00
9.430000 1.71201e-04 -5.73006e-03 0.00000e+00
9.440000 1.24623e-04 -5.83026e-03 0.00000e+00
9.450000 3.75690e-05 -5.91007e-03 0.00000e+00
9.460000 -1.11890e-05 -5.92647e-03 0.00000e+00
9.470000 -6.98795e-05 -5.89429e-03 0.00000e+00
9.480000 -1.15587e-04 -5.73039e-03 0.00000e+00
9.490000 -1.89848e-04 -5.43235e-03 0.00000e+00
9.500000 -2.58502e-04 -5.09967e-03 0.00000e+00
9.510000 -3.16407e-04 -4.69008e-03 0.00000e+00
9.520000 -3.62525e-04 -4.11677e-03 0.00000e+00
9.530000 -4.05279e-04 -3.55804e-03 0.00000e+00
9.540000 -4.48797e-04 -3.07138e-03 0.00000e+00
9.550000 -5.08687e-04 -2.51892e-03 0.00000e+00
9.560000 -5.27097e-04 -1.89274e-03 0.00000e+00
9.570000 -5.42478e-04 -1.16462e-03 0.00000e+00
9.580000 -5.44314e-04 -3.19878e-04 0.00000e+00
9.590000 -5.49561e-04 5.14417e-04 0.00000e+00
9.600000 -5.17721e-04 1.30403e-03 0.00000e+00
9.610000 -5.07337e-04 2.17423e-03 0.00000e+00
9.620000 -4.71766e-04 2.92590e-03 0.00000e+00
9.630000 -4.40433e-04 3.64460e-03 0.00000e+00
9.640000 -3.87116e-04 4.42454e-03 0.00000e+00
9.650000 -3.25756e-04 5.16547e-03 0.00000e+00
9.660000 -2.79248e-04 5.74671e-03 0.00000e+00
9.670000 -2.26784e-04 6.05929e-03 0.00000e+00
9.680000 -1.63345e-04 6.35411e-03 0.00000e+00
9.690000 -9.92472e-05 6.63542e-03 0.00000e+00
9.700000 -4.52619e-05 6.76640e-03 0.00000e+00
9.710000 3.67417e-05 6.72135e-03 0.00000e+00
9.720000 1.12125e-04 6.54798e-03 0.00000e+00
9.730000 2.00232e-04 6.35069e-03 0.00000e+00
9.740000 2.78266e-04 6.13964e-03 0.00000e+00
9.750000 3.48657e-04 5.82682e-03 0.00000e+00
9.760000 3.99693e-04 5.37697e-03 0.00000e+00
9.770000 4.62702e-04 4.88248e-03 0.00000e+00
9.780000 5.19324e-04 4.29136e-03 0.00000e+00
9.790000 5.47480e-04 3.63403e-03 0.00000e+00
9.800000 5.98910e-04 2.95227e-03 0.00000e+00
9.810000 6.05400e-04 2.27896e-03 0.00000e+00
9.820000 6.13428e-04 1.65343e-03 0.00000e+00
9.830000 5.89603e-04 8.97002e-04 0.00000e+00
9.840000 5.96939e-04 8.12104e-06 0.00000e+00
9.850000 6.14034e-04 -9.04582e-04 0.00000e+00
9.860000 5.82038e-04 -1.76640e-03 0.00000e+00
9.870000 5.56000e-04 -2.59571e-03 0.00000e+00
9.880000 5.37171e-04 -3.38966e-03 0.00000e+00
9.890000 5.30002e-04 -4.18724e-03 0.00000e+00
9.900000 4.83999e-04 -4.87874e-03 0.00000e+00
9.910000 4.33931e-04 -5.42759e-03 0.00000e+00
9.920000 3.59819e-04 -5.96526e-03 0.00000e+00
9.930000 2.99084e-04 -6.46162e-03 0.00000e+00
9.940000 2.28940e-04 -6.88659e-03 0.00000e+00
9.950000 1.60685e-04 -7.18843e-03 0.00000e+00
9.960000 9.88420e-05 -7.44981e-03 0.00000e+00
9.970000 1.78301e-05 -7.65528e-03 0.00000e+00
9.980000 -5.58118e-05 -7.77911e-03 0.00000e+00
9.990000 -1.63393e-04 -7.80462e-03 0.00000e+00
10.000000 -2.66370e-04 -7.78643e-03 0.00000e+00
10.010000 -3.49524e-04 -7.70695e-03 0.00000e+00
10.020000 -4.18611e-04 -7.37175e-03 0.00000e+00
10.030000 -4.79059e-04 -7.00774e-03 0.00000e+00
10.040000 -5.55021e-04 -6.67880e-03 0.00000e+00
10.050000 -6.33923e-04 -6.20419e-03 0.00000e+00
10.060000 -6.97533e-04 -5.53285e-03 0.00000e+00
10.070000 -7.23095e-04 -4.77525e-03 0.00000e+00
10.080000 -7.83484e-04 -4.01601e-03 0.00000e+00
10.090000 -8.22342e-04 -3.27481e-03 0.00000e+00
10.100000 -8.50699e-04 -2.48436e-03 0.00000e+00
10.110000 -8.77317e-04 -1.58714e-03 0.00000e+00
10.120000 -8.85103e-04 -6.04706e-04 0.00000e+00
10.130000 -8.94610e-04 4.05264e-04 0.00000e+00
10.140000 -8.84411e-04 1.38905e-03 0.00000e+00
10.150000 -8.48765e-04 2.43151e-03 0.00000e+00
10.160000 -8.15359e-04 3.36643e-03 0.00000e+00
10.170000 -7.94141e-04 4.09529e-03 0.00000e+00
10.180000 -7.48197e-04 4.82801e-03 0.00000e+00
10.190000 -6.91951e-04 5.65479e-03 0.00000e+00
10.200000 -6.51354e-04 6.48186e-03 0.00000e+00
10.210000 -5.74448e-04 7.12586e-03 0.00000e+00
10.220000 -4.92482e-04 7.59404e-03 0.00000e+00
10.230000 -4.01468e-04 8.03611e-03 0.00000e+00
10.240000 -3.20431e-04 8.52265e-03 0.00000e+00
10.250000 -2.29850e-04 8.86234e-03 0.00000e+00
10.260000 -1.37933e-04 8.96284e-03 0.00000e+00
10.270000 -2.20438e-05 9.03897e-03 0.00000e+00
10.280000 7.48710e-05 8.99356e-03 0.00000e+00
10.290000 1.75752e-04 8.80307e-03 0.00000e+00
10.300000 2.44106e-04 8.45756e-03 0.00000e+00
10.310000 3.50829e-04 8.01257e-03 0.00000e+00
10.320000 4.24881e-04 7.65310e-03 0.00000e+00
10.330000 4.84326e-04 7.24667e-03 0.00000e+00
10.340000 5.56072e-04 6.64659e-03 0.00000e+00
10.350000 6.47215e-04 5.93074e-03 0.00000e+00
10.360000 7.02663e-04 5.17521e-03 0.00000e+00
10.370000 7.37845e-04 4.30953e-03 0.00000e+00
10.380000 7.61121e-04 3.40555e-03 0.00000e+00
10.390000 8.16973e-04 2.53380e-03 0.00000e+00
10.400000 8.42094e-04 1.69287e-03 0.00000e+00
10.410000 8.50056e-04 8.86658e-04 0.00000e+00
10.420000 8.28660e-04 -3.90875e-06 0.00000e+00
10.430000 8.27445e-04 -9.07827e-04 0.00000e+00
10.440000 8.21524e-04 -1.64118e-03 0.00000e+00
10.450000 7.79209e-04 -2.33510e-03 0.00000e+00
10.460000 7.54889e-04 -3.06073e-03 0.00000e+00
10.470000 7.16163e-04 -3.80803e-03 0.00000e+00
10.480000 7.04735e-04 -4.41345e-03 0.00000e+00
10.490000 6.60659e-04 -4.90588e-03 0.00000e+00
10.500000 5.85480e-04 -5.47179e-03 0.00000e+00
10.510000 5.16886e-04 -6.01510e-03 0.00000e+00
10.520000 4.49825e-04 -6.30925e-03 0.00000e+00
10.530000 3.84749e-04 -6.42435e-03 0.00000e+00
10.540000 3.19179e-04 -6.61335e-03 0.00000e+00
10.550000 2.56383e-04 -6.84215e-03 0.00000e+00
10.560000 1.92193e-04 -6.84705e-03 0.00000e+00
10.570000 1.32230e-04 -6.66360e-03 0.00000e+00
10.580000 5.53564e-05 -6.53738e-03 0.00000e+00
10.590000 -3.30861e-05 -6.43447e-03 0.00000e+00
10.600000 -7.68798e-05 -6.24212e-03 0.00000e+00
10.610000 -1.38919e-04 -5.88757e-03 0.00000e+00
10.620000 -2.18522e-04 -5.52802e-03 0.00000e+00
10.630000 -2.69507e-04 -5.17229e-03 0.00000e+00
10.640000 -3.14494e-04 -4.70570e-03 0.00000e+00
10.650000 -3.42262e-04 -3.99333e-03 0.00000e+00
10.660000 -4.03650e-04 -3.22873e-03 0.00000e+00
10.670000 -4.30933e-04 -2.58231e-03 0.00000e+00
10.680000 -4.54592e-04 -1.90093e-03 0.00000e+00
10.690000 -4.35792e-04 -1.18515e-03 0.00000e+00
10.700000 -4.73243e-04 -4.75586e-04 0.00000e+00
10.710000 -4.84946e-04 2.68173e-04 0.00000e+00
10.720000 -4.81027e-04 1.04088e-03 0.00000e+00
10.730000 -4.41052e-04 1.80729e-03 0.00000e+00
10.740000 -4.50647e-04 2.56083e-03 0.00000e+00
10.750000 -4.26774e-04 3.22824e-03 0.00000e+00
10.760000 -3.89641e-04 3.76884e-03 0.00000e+00
10.770000 -3.36428e-04 4.40063e-03 0.00000e+00
10.780000 -2.88738e-04 5.06438e-03 0.00000e+00
10.790000 -2.33289e-04 5.52271e-03 0.00000e+00
10.800000 -1.70085e-04 5.86574e-03 0.00000e+00
10.810000 -7.57734e-05 6.18638e-03 0.00000e+00
10.820000 -3.77192e-06 6.50096e-03 0.00000e+00
10.830000 3.86775e-05 6.67976e-03 0.00000e+00
10.840000 1.22927e-04 6.73072e-03 0.00000e+00
10.850000 1.90665e-04 6.71930e-03 0.00000e+00
10.860000 2.51920e-04 6.73297e-03 0.00000e+00
10.870000 3.19498e-04 6.62440e-03 0.00000e+00
10.880000 3.94019e-04 6.27550e-03 0.00000e+00
10.890000 4.50725e-04 5.94539e-03 0.00000e+00
10.900000 5.10188e-04 5.72851e-03 0.00000e+00
10.910000 5.60790e-04 5.36687e-03 0.00000e+00
10.920000 6.13564e-04 4.77995e-03 0.00000e+00
10.930000 6.70779e-04 4.15679e-03 0.00000e+00
10.940000 7.24386e-04 3.52255e-03 0.00000e+00
10.950000 7.32376e-04 2.77631e-03 0.00000e+00
10.960000 7.50807e-04 1.95546e-03 0.00000e+00
10.970000 7.63460e-04 1.18210e-03 0.00000e+00
10.980000 7.86732e-04 5.03524e-04 0.00000e+00
10.990000 7.87583e-04 -1.90446e-04 0.00000e+00
11.000000 7.80340e-04 -1.06682e-03 0.00000e+00
11.010000 7.64253e-04 -1.89493e-03 0.00000e+00
11.020000 7.45976e-04 -2.67960e-03 0.00000e+00
11.030000 7.28592e-04 -3.52290e-03 0.00000e+00
11.040000 6.84732e-04 -4.33102e-03 0.00000e+00
11.050000 6.49405e-04 -5.07279e-03 0.00000e+00
11.060000 6.19693e-04 -5.78716e-03 0.00000e+00
11.070000 5.49286e-04 -6.48933e-03 0.00000e+00
11.080000 4.51075e-04 -7.07412e-03 0.00000e+00
11.090000 3.63044e-04 -7.54385e-03 0.00000e+00
11.100000 2.80982e-04 -7.95012e-03 0.00000e+00
11.110000 1.94261e-04 -8.23702e-03 0.00000e+00
11.120000 9.70652e-05 -8.47659e-03 0.00000e+00
11.130000 3.45433e-05 -8.66248e-03 0.00000e+00
11.140000 -5.32414e-05 -8.71885e-03 0.00000e+00
11.150000 -1.45896e-04 -8.62660e-03 0.00000e+00
11.160000 -2.57428e-04 -8.44887e-03 0.00000e+00
11.170000 -3.42550e-04 -8.26727e-03 0.00000e+00
11.180000 -4.24911e-04 -8.06601e-03 0.00000e+00
11.190000 -5.22147e-04 -7.77186e-03 0.00000e+00
11.200000 -5.90817e-04 -7.25192e-03 0.00000e+00
11.210000 -6.64622e-04 -6.62095e-03 0.00000e+00
11.220000 -7.24803e-04 -5.91119e-03 0.00000e+00
11.230000 -7.81313e-04 -5.03085e-03 0.00000e+00
11.240000 -8.20292e-04 -4.20542e-03 0.00000e+00
11.250000 -8.45264e-04 -3.58257e-03 0.00000e+00
11.260000 -8.88646e-04 -2.95097e-03 0.00000e+00
11.270000 -9.17666e-04 -2.20943e-03 0.00000e+00
11.280000 -9.19766e-04 -1.43256e-03 0.00000e+00
11.290000 -9.26826e-04 -6.53650e-04 0.00000e+00
11.300000 -9.24912e-04 2.16232e-04 0.00000e+00
11.310000 -9.26397e-04 1.13309e-03 0.00000e+00
11.320000 -9.16112e-04 1.92313e-03 0.00000e+00
11.330000 -9.14549e-04 2.58798e-03 0.00000e+00
11.340000 -8.86235e-04 3.26872e-03 0.00000e+00
11.350000 -8.45564e-04 3.97469e-03 0.00000e+00
11.360000 -7.67175e-04 4.56050e-03 0.00000e+00
11.370000 -6.99796e-04 5.08407e-03 0.00000e+00
11.380000 -6.51647e-04 5.60061e-03 0.00000e+00
11.390000 -5.98251e-04 6.07407e-03 0.00000e+00
11.400000 -5.52707e-04 6.46590e-03 0.00000e+00
11.410000 -5.18902e-04 6.83612e-03 0.00000e+00
11.420000 -4.41362e-04 7.26630e-03 0.00000e+00
11.430000 -3.45409e-04 7.54428e-03 0.00000e+00
11.440000 -2.60587e-04 7.65025e-03 0.00000e+00
11.450000 -1.77372e-04 7.79701e-03 0.00000e+00
11.460000 -9.00568e-05 7.92949e-03 0.00000e+00
11.470000 -1.34464e-05 7.94637e-03 0.00000e+00
11.480000 5.78512e-05 7.80609e-03 0.00000e+00
11.490000 1.19383e-04 7.50592e-03 0.00000e+00
11.500000 2.09487e-04 7.08361e-03 0.00000e+00
11.510000 2.87401e-04 6.60994e-03 0.00000e+00
11.520000 3.49921e-04 6.10998e-03 0.00000e+00
11.530000 4.10997e-04 5.73542e-03 0.00000e+00
11.540000 4.78733e-04 5.43620e-03 0.00000e+00
11.550000 5.40003e-04 4.90367e-03 0.00000e+00
11.560000 5.90123e-04 4.32497e-03 0.00000e+00
11.570000 6.30454e-04 3.70057e-03 0.00000e+00
11.580000 6.83791e-04 2.92679e-03 0.00000e+00
11.590000 7.02961e-04 2.22824e-03 0.00000e+00
11.600000 7.01727e-04 1.70617e-03 0.00000e+00
11.610000 7.23755e-04 1.14924e-03 0.00000e+00
11.620000 7.34344e-04 5.21128e-04 0.00000e+00
11.630000 7.14319e-04 -3.19816e-05 0.00000e+00
11.640000 6.86167e-04 -6.15970e-04 0.00000e+00
11.650000 6.53365e-04 -1.20592e-03 0.00000e+00
11.660000 6.35088e-04 -1.79058e-03 0.00000e+00
11.670000 6.23451e-04 -2.29551e-03 0.00000e+00
11.680000 6.09413e-04 -2.71973e-03 0.00000e+00
11.690000 5.86883e-04 -3.24358e-03 0.00000e+00
11.700000 5.80119e-04 -3.78178e-03 0.00000e+00
11.710000 5.14851e-04 -4.20608e-03 0.00000e+00
11.720000 4.67303e-04 -4.45482e-03 0.00000e+00
11.730000 4.52197e-04 -4.64451e-03 0.00000e+00
11.740000 3.85458e-04 -4.90897e-03 0.00000e+00
11.750000 3.58540e-04 -5.03861e-03 0.00000e+00
11.760000 3.12176e-04 -5.10422e-03 0.00000e+00
11.770000 2.56277e-04 -5.28529e-03 0.00000e+00
11.780000 1.71494e-04 -5.45376e-03 0.00000e+00
11.790000 1.31972e-04 -5.54791e-03 0.00000e+00
11.800000 7.01299e-05 -5.62787e-03 0.00000e+00
11.810000 3.43212e-06 -5.75028e-03 0.00000e+00
11.820000 -4.30830e-05 -5.84646e-03 0.00000e+00
11.830000 -1.12290e-04 -5.86389e-03 0.00000e+00
11.840000 -1.67285e-04 -5.80016e-03 0.00000e+00
11.850000 -2.42965e-04 -5.63413e-03 0.00000e+00
11.860000 -2.98752e-04 -5.37538e-03 0.00000e+00
11.870000 -3.25610e-04 -4.90473e-03 0.00000e+00
11.880000 -3.53029e-04 -4.37317e-03 0.00000e+00
11.890000 -3.84157e-04 -3.91082e-03 0.00000e+00
11.900000 -4.51947e-04 -3.26946e-03 0.00000e+00
11.910000 -4.93288e-04 -2.65114e-03 0.00000e+00
11.920000 -5.08561e-04 -2.02707e-03 0.00000e+00
11.930000 -5.65060e-04 -1.33398e-03 0.00000e+00
11.940000 -5.90575e-04 -7.28195e-04 0.00000e+00
11.950000 -6.12426e-04 -1.86140e-04 0.00000e+00
11.960000 -6.01305e-04 4.16230e-04 0.00000e+00
11.970000 -5.94194e-04 1.11949e-03 0.00000e+00
11.980000 -5.79614e-04 1.74003e-03 0.00000e+00
11.990000 -5.47446e-04 2.37926e-03 0.00000e+00
12.000000 -5.16633e-04 3.01411e-03 0.00000e+00
12.010000 -4.67616e-04 3.50255e-03 0.00000e+00
12.020000 -3.99842e-04 3.91252e-03 0.00000e+00
12.030000 -3.31320e-04 4.29516e-03 0.00000e+00
12.040000 -2.54223e-04 4.80289e-03 0.00000e+00
12.050000 -2.20458e-04 5.38216e-03 0.00000e+00
12.060000 -1.75006e-04 5.85598e-03 0.00000e+00
12.070000 -1.27584e-04 6.11200e-03 0.00000e+00
12.080000 -9.42151e-05 6.14821e-03 0.00000e+00
12.090000 -3.22882e-05 6.18556e-03 0.00000e+00
12.100000 4.97481e-06 6.09749e-03 0.00000e+00
12.110000 7.32219e-05 5.78753e-03 0.00000e+00
12.120000 1.40917e-04 5.43839e-03 0.00000e+00
12.130000 2.10271e-04 5.17199e-03 0.00000e+00
12.140000 2.67472e-04 4.87312e-03 0.00000e+00
12.150000 3.10376e-04 4.43363e-03 0.00000e+00
12.160000 3.68494e-04 3.98541e-03 0.00000e+00
12.170000 4.01139e-04 3.49857e-03 0.00000e+00
12.180000 4.35512e-04 3.05388e-03 0.00000e+00
12.190000 5.00933e-04 2.77638e-03 0.00000e+00
12.200000 5.37907e-04 2.53168e-03 0.00000e+00
12.210000 5.80203e-04 2.30020e-03 0.00000e+00
12.220000 5.65951e-04 1.96368e-03 0.00000e+00
12.230000 5.55782e-04 1.39046e-03 0.00000e+00
12.240000 5.32566e-04 7.97227e-04 0.00000e+00
12.250000 5.21116e-04 2.22093e-04 0.00000e+00
12.260000 5.22848e-04 -3.84821e-04 0.00000e+00
12.270000 5.03637e-04 -1.02495e-03 0.00000e+00
12.280000 4.89893e-04 -1.60675e-03 0.00000e+00
12.290000 5.02912e-04 -2.06530e-03 0.00000e+00
12.300000 4.88324e-04 -2.52266e-03 0.00000e+00
12.310000 4.47704e-04 -2.92024e-03 0.00000e+00
12.320000 4.26622e-04 -3.35547e-03 0.00000e+00
12.330000 4.12877e-04 -3.84226e-03 0.00000e+00
12.340000 3.87384e-04 -4.27971e-03 0.00000e+00
12.350000 3.82080e-04 -4.66685e-03 0.00000e+00
12.360000 3.32215e-04 -4.86224e-03 0.00000e+00
12.370000 2.61913e-04 -5.01229e-03 0.00000e+00
12.380000 1.91520e-04 -5.17677e-03 0.00000e+00
12.390000 1.02604e-04 -5.40014e-03 0.00000e+00
12.400000 2.14123e-05 -5.72771e-03 0.00000e+00
12.410000 -1.28908e-05 -6.05424e-03 0.00000e+00
12.420000 -8.47756e-05 -6.38814e-03 0.00000e+00
12.430000 -1.53226e-04 -6.58438e-03 0.00000e+00
12.440000 -2.08080e-04 -6.71267e-03 0.00000e+00
12.450000 -2.58262e-04 -6.83091e-03 0.00000e+00
12.460000 -3.29792e-04 -6.75563e-03 0.00000e+00
12.470000 -3.98712e-04 -6.59083e-03 0.00000e+00
12.480000 -4.53050e-04 -6.44694e-03 0.00000e+00
12.490000 -5.40849e-04 -6.18958e-03 0.00000e+00
12.500000 -5.87377e-04 -5.77474e-03 0.00000e+00
12.510000 -6.25167e-04 -5.25027e-03 0.00000e+00
12.520000 -6.70620e-04 -4.63139e-03 0.00000e+00
12.530000 -7.25557e-04 -3.99949e-03 0.00000e+00
12.540000 -7.99611e-04 -3.43826e-03 0.00000e+00
12.550000 -8.38606e-04 -2.93269e-03 0.00000e+00
12.560000 -8.88489e-04 -2.45474e-03 0.00000e+00
12.570000 -9.13213e-04 -2.02871e-03 0.00000e+00
12.580000 -9.36327e-04 -1.44350e-03 0.00000e+00
12.590000 -9.41222e-04 -7.68819e-04 0.00000e+00
12.600000 -9.26242e-04 -1.85685e-04 0.00000e+00
12.610000 -9.25022e-04 5.05147e-04 0.00000e+00
12.620000 -9.00055e-04 1.32231e-03 0.00000e+00
12.630000 -8.67970e-04 2.09578e-03 0.00000e+00
12.640000 -8.44227e-04 2.72601e-03 0.00000e+00
12.650000 -7.92071e-04 3.33604e-03 0.00000e+00
12.660000 -7.54066e-04 3.85506e-03 0.00000e+00
12.670000 -7.13181e-04 4.32431e-03 0.00000e+00
12.680000 -6.74329e-04 4.87069e-03 0.00000e+00
12.690000 -6.41402e-04 5.38624e-03 0.00000e+00
12.700000 -5.91396e-04 5.79814e-03 0.00000e+00
12.710000 -5.42745e-04 6.05918e-03 0.00000e+00
12.720000 -4.91721e-04 6.24416e-03 0.00000e+00
12.730000 -4.16320e-04 6.42510e-03 0.00000e+00
12.740000 -3.54117e-04 6.52551e-03 0.00000e+00
12.750000 -2.52115e-04 6.57318e-03 0.00000e+00
12.760000 -1.91212e-04 6.63723e-03 0.00000e+00
12.770000 -1.00823e-04 6.74415e-03 0.00000e+00
12.780000 -1.73583e-05 6.77271e-03 0.00000e+00
12.790000 4.64345e-05 6.77375e-03 0.00000e+00
12.800000 8.66029e-05 6.83202e-03 0.00000e+00
12.810000 1.40058e-04 6.83654e-03 0.00000e+00
12.820000 2.07831e-04 6.80951e-03 0.00000e+00
12.830000 2.68314e-04 6.73519e-03 0.00000e+00
12.840000 3.36567e-04 6.60472e-03 0.00000e+00
12.850000 3.99582e-04 6.41443e-03 0.00000e+00
12.860000 4.56479e-04 6.09093e-03 0.00000e+00
12.870000 5.10180e-04 5.76088e-03 0.00000e+00
12.880000 5.66391e-04 5.35824e-03 0.00000e+00
12.890000 6.19736e-04 4.83611e-03 0.00000e+00
12.900000 6.80420e-04 4.43308e-03 0.00000e+00
12.910000 7.12798e-04 4.01112e-03 0.00000e+00
12.920000 7.78230e-04 3.60053e-03 0.00000e+00
12.930000 8.20039e-04 3.17733e-03 0.00000e+00
12.940000 8.57419e-04 2.75920e-03 0.00000e+00
12.950000 8.76449e-04 2.43879e-03 0.00000e+00
12.960000 9.18083e-04 1.97699e-03 0.00000e+00
12.970000 9.21686e-04 1.32085e-03 0.00000e+00
12.980000 9.27803e-04 5.73536e-04 0.00000e+00
12.990000 9.12389e-04 -1.68161e-04 0.00000e+00
13.000000 9.10400e-04 -9.01262e-04 0.00000e+00
13.010000 8.93369e-04 -1.63408e-03 0.00000e+00
13.020000 8.66797e-04 -2.35997e-03 0.00000e+00
13.030000 8.33747e-04 -3.05180e-03 0.00000e+00
13.040000 8.16637e-04 -3.73741e-03 0.00000e+00
13.050000 7.52960e-04 -4.44810e-03 0.00000e+00
13.060000 7.43593e-04 -5.15707e-03 0.00000e+00
13.070000 7.04407e-04 -5.78584e-03 0.00000e+00
13.080000 6.36323e-04 -6.39059e-03 0.00000e+00
13.090000 5.85989e-04 -6.87231e-03 0.00000e+00
13.100000 5.15810e-04 -7.23121e-03 0.00000e+00
13.110000 4.52679e-04 -7.63882e-03 0.00000e+00
13.120000 3.47374e-04 -7.97060e-03 0.00000e+00
13.130000 2.35186e-04 -8.13896e-03 0.00000e+00
13.140000 1.43031e-04 -8.24130e-03 0.00000e+00
13.150000 5.25232e-05 -8.29423e-03 0.00000e+00
13.160000 -3.14684e-05 -8.26203e-03 0.00000e+00
13.170000 -1.11164e-04 -8.08382e-03 0.00000e+00
13.180000 -1.95219e-04 -7.81263e-03 0.00000e+00
13.190000 -2.71373e-04 -7.57277e-03 0.00000e+00
13.200000 -3.45935e-04 -7.29567e-03 0.00000e+00
13.210000 -4.36396e-04 -6.89694e-03 0.00000e+00
13.220000 -5.10639e-04 -6.43711e-03 0.00000e+00
13.230000 -5.70170e-04 -5.79577e-03 0.00000e+00
13.240000 -6.12863e-04 -5.02769e-03 0.00000e+00
13.250000 -6.62413e-04 -4.36524e-03 0.00000e+00
13.260000 -6.89983e-04 -3.63705e-03 0.00000e+00
13.270000 -7.42313e-04 -2.79662e-03 0.00000e+00
13.280000 -7.62295e-04 -1.85259e-03 0.00000e+00
13.290000 -7.55348e-04 -1.02233e-03 0.00000e+00
13.300000 -7.64141e-04 -4.06763e-04 0.00000e+00
13.310000 -7.60003e-04 2.76368e-04 0.00000e+00
13.320000 -7.43539e-04 1.04469e-03 0.00000e+00
13.330000 -7.28215e-04 1.79158e-03 0.00000e+00
13.340000 -7.06343e-04 2.48321e-03 0.00000e+00
13.350000 -7.09326e-04 3.13136e-03 0.00000e+00
13.360000 -6.77956e-04 3.77689e-03 0.00000e+00
13.370000 -6.33223e-04 4.39000e-03 0.00000e+00
13.380000 -5.74331e-04 4.89203e-03 0.00000e+00
13.390000 -5.12964e-04 5.23978e-03 0.00000e+00
13.400000 -4.52741e-04 5.56388e-03 0.00000e+00
13.410000 -4.17464e-04 5.92503e-03 0.00000e+00
13.420000 -3.40747e-04 6.19561e-03 0.00000e+00
13.430000 -2.63845e-04 6.36351e-03 0.00000e+00
13.440000 -1.85236e-04 6.42443e-03 0.00000e+00
13.450000 -1.27738e-04 6.42416e-03 0.00000e+00
13.460000 -9.00979e-05 6.52381e-03 0.00000e+00
13.470000 -8.16800e-06 6.56073e-03 0.00000e+00
13.480000 8.08153e-05 6.48013e-03 0.00000e+00
13.490000 1.38018e-04 6.37930e-03 0.00000e+00
13.500000 1.93640e-04 6.12727e-03 0.00000e+00
13.510000 2.47556e-04 5.79290e-03 0.00000e+00
13.520000 3.17902e-04 5.39287e-03 0.00000e+00
13.530000 3.68716e-04 4.95531e-03 0.00000e+00
13.540000 4.12263e-04 4.57037e-03 0.00000e+00
13.550000 4.47762e-04 4.13670e-03 0.00000e+00
13.560000 4.80467e-04 3.70218e-03 0.00000e+00
13.570000 5.35143e-04 3.31191e-03 0.00000e+00
13.580000 5.58998e-04 2.84032e-03 0.00000e+00
13.590000 5.76184e-04 2.36034e-03 0.00000e+00
13.600000 5.98013e-04 1.93308e-03 0.00000e+00
13.610000 6.26708e-04 1.49647e-03 0.00000e+00
13.620000 6.44934e-04 9.61622e-04 0.00000e+00
13.630000 6.54612e-04 3.14256e-04 0.00000e+00
13.640000 6.30013e-04 -2.08169e-04 0.00000e+00
13.650000 6.26101e-04 -5.62824e-04 0.00000e+00
13.660000 5.98541e-04 -9.68806e-04 0.00000e+00
13.670000 5.75145e-04 -1.51596e-03 0.00000e+00
13.680000 5.83293e-04 -2.09980e-03 0.00000e+00
13.690000 5.67193e-04 -2.56389e-03 0.00000e+00
13.700000 5.47131e-04 -2.97425e-03 0.00000e+00
13.710000 5.10290e-04 -3.50431e-03 0.00000e+00
13.720000 4.69607e-04 -4.04938e-03 0.00000e+00
13.730000 4.51846e-04 -4.55349e-03 0.00000e+00
13.740000 4.08422e-04 -4.94834e-03 0.00000e+00
13.750000 3.51246e-04 -5.29967e-03 0.00000e+00
13.760000 2.91244e-04 -5.73105e-03 0.00000e+00
13.770000 2.24721e-04 -6.05697e-03 0.00000e+00
13.780000 1.62748e-04 -6.22703e-03 0.00000e+00
13.790000 9.33283e-05 -6.36754e-03 0.00000e+00
13.800000 5.31626e-05 -6.48825e-03 0.00000e+00
13.810000 -1.00026e-05 -6.63585e-03 0.00000e+00
13.820000 -9.27144e-05 -6.77456e-03 0.00000e+00
13.830000 -1.86679e-04 -6.85652e-03 0.00000e+00
13.840000 -2.69861e-04 -6.91230e-03 0.00000e+00
13.850000 -3.29539e-04 -6.78135e-03 0.00000e+00
13.860000 -3.89626e-04 -6.53346e-03 0.00000e+00
13.870000 -4.75727e-04 -6.24999e-03 0.00000e+00
13.880000 -5.49106e-04 -5.92103e-03 0.00000e+00
13.890000 -5.86584e-04 -5.63848e-03 0.00000e+00
13.900000 -6.41420e-04 -5.20483e-03 0.00000e+00
13.910000 -6.80292e-04 -4.56390e-03 0.00000e+00
13.920000 -7.34386e-04 -3.95009e-03 0.00000e+00
13.930000 -7.64353e-04 -3.40304e-03 0.00000e+00
13.940000 -7.77886e-04 -2.88585e-03 0.00000e+00
13.950000 -8.17569e-04 -2.29863e-03 0.00000e+00
13.960000 -8.52125e-04 -1.70728e-03 0.00000e+00
13.970000 -8.65586e-04 -1.02357e-03 0.00000e+00
13.980000 -8.79900e-04 -2.74183e-04 0.00000e+00
13.990000 -8.78157e-04 3.03672e-04 0.00000e+00
14.000000 -8.66846e-04 7.81719e-04 0.00000e+00
14.010000 -8.47946e-04 1.22205e-03 0.00000e+00
14.020000 -8.21458e-04 1.78233e-03 0.00000e+00
14.030000 -8.03764e-04 2.42530e-03 0.00000e+00
14.040000 -7.68353e-04 2.95058e-03 0.00000e+00
14.050000 -7.40886e-04 3.38518e-03 0.00000e+00
14.060000 -6.99096e-04 3.91550e-03 0.00000e+00
14.070000 -6.22645e-04 4.40150e-03 0.00000e+00
14.080000 -5.79895e-04 4.81216e-03 0.00000e+00
14.090000 -5.58575e-04 5.28289e-03 0.00000e+00
14.100000 -5.14861e-04 5.77859e-03 0.00000e+00
14.110000 -4.56656e-04 6.29502e-03 0.00000e+00
14.120000 -3.83766e-04 6.70769e-03 0.00000e+00
14.130000 -3.38770e-04 6.99967e-03 0.00000e+00
14.140000 -2.54459e-04 7.25869e-03 0.00000e+00
14.150000 -2.14871e-04 7.43730e-03 0.00000e+00
14.160000 -1.41261e-04 7.54597e-03 0.00000e+00
14.170000 -5.49337e-05 7.63973e-03 0.00000e+00
14.180000 3.79543e-05 7.67481e-03 0.00000e+00
14.190000 1.39878e-04 7.65151e-03 0.00000e+00
14.200000 2.07535e-04 7.61655e-03 0.00000e+00
14.210000 2.86512e-04 7.54277e-03 0.00000e+00
14.220000 3.68423e-04 7.40773e-03 0.00000e+00
14.230000 4.54709e-04 7.22287e-03 0.00000e+00
14.240000 5.17601e-04 7.09137e-03 0.00000e+00
14.250000 6.25267e-04 7.04218e-03 0.00000e+00
14.260000 7.07984e-04 6.77181e-03 0.00000e+00
14.270000 7.65985e-04 6.33167e-03 0.00000e+00
14.280000 8.08203e-04 5.95092e-03 0.00000e+00
14.290000 8.56176e-04 5.61722e-03 0.00000e+00
14.300000 8.96192e-04 5.14378e-03 0.00000e+00
14.310000 9.29415e-04 4.63991e-03 0.00000e+00
14.320000 9.55600e-04 4.10124e-03 0.00000e+00
14.330000 9.94700e-04 3.43219e-03 0.00000e+00
14.340000 1.02131e-03 2.80208e-03 0.00000e+00
14.350000 1.04870e-03 2.22913e-03 0.00000e+00
14.360000 1.07978e-03 1.78564e-03 0.00000e+00
14.370000 1.11550e-03 1.27175e-03 0.00000e+00
14.380000 1.11524e-03 6.05055e-04 0.00000e+00
14.390000 1.13716e-03 -2.79656e-05 0.00000e+00
14.400000 1.13531e-03 -6.65136e-04 0.00000e+00
14.410000 1.14847e-03 -1.31942e-03 0.00000e+00
14.420000 1.13924e-03 -1.79353e-03 0.00000e+00
14.430000 1.08139e-03 -2.16957e-03 0.00000e+00
14.440000 1.07053e-03 -2.67166e-03 0.00000e+00
14.450000 1.04172e-03 -3.30840e-03 0.00000e+00
14.460000 9.96008e-04 -3.94866e-03 0.00000e+00
14.470000 9.32739e-04 -4.58127e-03 0.00000e+00
14.480000 8.99720e-04 -5.21552e-03 0.00000e+00
14.490000 8.26841e-04 -5.80958e-03 0.00000e+00
14.500000 7.69230e-04 -6.35437e-03 0.00000e+00
14.510000 7.11148e-04 -6.92255e-03 0.00000e+00
14.520000 6.59149e-04 -7.48383e-03 0.00000e+00
14.530000 5.82746e-04 -7.94250e-03 0.00000e+00
14.540000 4.74657e-04 -8.32171e-03 0.00000e+00
14.550000 3.89409e-04 -8.73196e-03 0.00000e+00
14.560000 3.15563e-04 -9.00934e-03 0.00000e+00
14.570000 2.22997e-04 -9.14816e-03 0.00000e+00
14.580000 1.61494e-04 -9.26877e-03 0.00000e+00
14.590000 6.58286e-05 -9.26994e-03 0.00000e+00
14.600000 -5.29653e-05 -9.40991e-03 0.00000e+00
14.610000 -1.68298e-04 -9.51522e-03 0.00000e+00
14.620000 -2.70261e-04 -9.39299e-03 0.00000e+00
14.630000 -3.56022e-04 -9.25929e-03 0.00000e+00
14.640000 -4.56761e-04 -9.17480e-03 0.00000e+00
14.650000 -5.34590e-04 -8.97387e-03 0.00000e+00
14.660000 -6.32138e-04 -8.71728e-03 0.00000e+00
14.670000 -7.27247e-04 -8.47764e-03 0.00000e+00
14.680000 -8.26271e-04 -8.11254e-03 0.00000e+00
14.690000 -8.84547e-04 -7.58968e-03 0.00000e+00
14.700000 -9.62648e-04 -7.01532e-03 0.00000e+00
14.710000 -1.02345e-03 -6.55292e-03 0.00000e+00
14.720000 -1.08208e-03 -6.12304e-03 0.00000e+00
14.730000 -1.10383e-03 -5.53432e-03 0.00000e+00
14.740000 -1.18379e-03 -4.86823e-03 0.00000e+00
14.750000 -1.22296e-03 -4.13509e-03 0.00000e+00
14.760000 -1.26861e-03 -3.32499e-03 0.00000e+00
14.770000 -1.31599e-03 -2.63965e-03 0.00000e+00
14.780000 -1.31854e-03 -1.98525e-03 0.00000e+00
14.790000 -1.33362e-03 -1.24100e-03 0.00000e+00
14.800000 -1.35791e-03 -3.95978e-04 0.00000e+00
14.810000 -1.36079e-03 5.66400e-04 0.00000e+00
14.820000 -1.34803e-03 1.59030e-03 0.00000e+00
14.830000 -1.34187e-03 2.48977e-03 0.00000e+00
14.840000 -1.31192e-03 3.24093e-03 0.00000e+00
14.850000 -1.26953e-03 3.94498e-03 0.00000e+00
14.860000 -1.22773e-03 4.71843e-03 0.00000e+00
14.870000 -1.19808e-03 5.46528e-03 0.00000e+00
14.880000 -1.14938e-03 6.11216e-03 0.00000e+00
14.890000 -1.08262e-03 6.76452e-03 0.00000e+00
14.900000 -9.88721e-04 7.46077e-03 0.00000e+00
14.910000 -9.17310e-04 8.02602e-03 0.00000e+00
14.920000 -8.23390e-04 8.40110e-03 0.00000e+00
14.930000 -7.28921e-04 8.75488e-03 0.00000e+00
14.940000 -6.32594e-04 9.03527e-03 0.00000e+00
14.950000 -5.05848e-04 9.33123e-03 0.00000e+00
14.960000 -3.94356e-04 9.61059e-03 0.00000e+00
14.970000 -2.79456e-04 9.71356e-03 0.00000e+00
14.980000 -1.75496e-04 9.68259e-03 0.00000e+00
14.990000 -1.15216e-04 9.63018e-03 0.00000e+00
15.000000 -5.11545e-05 9.49589e-03 0.00000e+00
15.010000 4.69145e-05 9.23128e-03 0.00000e+00
15.020000 1.41586e-04 8.96594e-03 0.00000e+00
15.030000 2.33820e-04 8.69525e-03 0.00000e+00
15.040000 3.01159e-04 8.29889e-03 0.00000e+00
15.050000 3.93822e-04 7.83324e-03 0.00000e+00
15.060000 4.71429e-04 7.37571e-03 0.00000e+00
15.070000 5.43449e-04 6.96178e-03 0.00000e+00
15.080000 6.00273e-04 6.49784e-03 0.00000e+00
15.090000 6.67585e-04 5.95532e-03 0.00000e+00
15.100000 7.43925e-04 5.47442e-03 0.00000e+00
15.110000 8.04221e-04 4.98381e-03 0.00000e+00
15.120000 8.49892e-04 4.55492e-03 0.00000e+00
15.130000 8.83175e-04 4.19705e-03 0.00000e+00
15.140000 9.07724e-04 3.81760e-03 0.00000e+00
15.150000 9.36416e-04 3.42189e-03 0.00000e+00
15.160000 9.68155e-04 2.81779e-03 0.00000e+00
15.170000 9.81208e-04 2.09132e-03 0.00000e+00
15.180000 9.99079e-04 1.48361e-03 0.00000e+00
15.190000 1.03341e-03 9.64612e-04 0.00000e+00
15.200000 1.04042e-03 4.41106e-04 0.00000e+00
15.210000 1.04292e-03 -1.56146e-04 0.00000e+00
15.220000 1.04508e-03 -7.81818e-04 0.00000e+00
15.230000 1.03389e-03 -1.33724e-03 0.00000e+00
15.240000 1.02023e-03 -1.84733e-03 0.00000e+00
15.250000 9.94544e-04 -2.37309e-03 0.00000e+00
15.260000 9.76879e-04 -2.95268e-03 0.00000e+00
15.270000 9.60608e-04 -3.42892e-03 0.00000e+00
15.280000 9.14275e-04 -3.79911e-03 0.00000e+00
15.290000 8.83238e-04 -4.27033e-03 0.00000e+00
15.300000 8.24338e-04 -4.76654e-03 0.00000e+00
15.310000 7.65394e-04 -5.17118e-03 0.00000e+00
15.320000 6.95117e-04 -5.53988e-03 0.00000e+00
15.330000 6.26694e-04 -5.88737e-03 0.00000e+00
15.340000 5.89062e-04 -6.27328e-03 0.00000e+00
15.350000 5.24297e-04 -6.67533e-03 0.00000e+00
15.360000 4.55932e-04 -6.83907e-03 0.00000e+00
15.370000 3.75019e-04 -6.87114e-03 0.00000e+00
15.380000 3.03557e-04 -6.95071e-03 0.00000e+00
15.390000 2.31748e-04 -6.99707e-03 0.00000e+00
15.400000 1.81590e-04 -7.02238e-03 0.00000e+00
15.410000 1.03485e-04 -7.05127e-03 0.00000e+00
15.420000 2.62974e-05 -7.03968e-03 0.00000e+00
15.430000 -5.61433e-05 -6.95616e-03 0.00000e+00
15.440000 -9.85294e-05 -6.80348e-03 0.00000e+00
15.450000 -1.84038e-04 -6.63560e-03 0.00000e+00
15.460000 -2.55680e-04 -6.42136e-03 0.00000e+00
15.470000 -2.96658e-04 -6.21353e-03 0.00000e+00
15.480000 -3.51201e-04 -5.99741e-03 0.00000e+00
15.490000 -4.30112e-04 -5.70776e-03 0.00000e+00
15.500000 -4.86501e-04 -5.36634e-03 0.00000e+00
15.510000 -5.42197e-04 -4.82914e-03 0.00000e+00
15.520000 -5.60243e-04 -4.25539e-03 0.00000e+00
15.530000 -5.77491e-04 -3.73105e-03 0.00000e+00
15.540000 -6.38201e-04 -3.19805e-03 0.00000e+00
15.550000 -6.87963e-04 -2.69233e-03 0.00000e+00
15.560000 -7.23934e-04 -2.22345e-03 0.00000e+00
15.570000 -7.57153e-04 -1.61988e-03 0.00000e+00
15.580000 -7.76498e-04 -9.58742e-04 0.00000e+00
15.590000 -7.80836e-04 -4.56384e-04 0.00000e+00
15.600000 -7.89018e-04 9.00495e-06 0.00000e+00
15.610000 -7.86800e-04 6.29456e-04 0.00000e+00
15.620000 -7.68920e-04 1.23862e-03 0.00000e+00
15.630000 -7.51507e-04 1.69155e-03 0.00000e+00
15.640000 -7.23044e-04 2.26906e-03 0.00000e+00
15.650000 -6.67380e-04 2.83258e-03 0.00000e+00
15.660000 -6.23789e-04 3.20098e-03 0.00000e+00
15.670000 -5.74550e-04 3.53311e-03 0.00000e+00
15.680000 -5.33218e-04 3.89888e-03 0.00000e+00
15.690000 -5.16097e-04 4.42536e-03 0.00000e+00
15.700000 -4.62489e-04 5.09396e-03 0.00000e+00
15.710000 -4.30504e-04 5.56790e-03 0.00000e+00
15.720000 -3.83343e-04 5.76245e-03 0.00000e+00
15.730000 -3.32857e-04 5.90218e-03 0.00000e+00
15.740000 -2.45418e-04 6.05143e-03 0.00000e+00
15.750000 -2.19929e-04 6.06505e-03 0.00000e+00
15.760000 -1.58285e-04 6.06836e-03 0.00000e+00
15.770000 -8.41814e-05 6.07838e-03 0.00000e+00
15.780000 -7.78952e-06 5.99095e-03 0.00000e+00
15.790000 2.71310e-05 5.89872e-03 0.00000e+00
15.800000 9.77512e-05 5.73363e-03 0.00000e+00
15.810000 1.62898e-04 5.53833e-03 0.00000e+00
15.820000 2.05234e-04 5.50564e-03 0.00000e+00
15.830000 2.81562e-04 5.47239e-03 0.00000e+00
15.840000 3.64856e-04 5.36977e-03 0.00000e+00
15.850000 4.39926e-04 5.24444e-03 0.00000e+00
15.860000 5.11023e-04 4.97003e-03 0.00000e+00
15.870000 5.24231e-04 4.65557e-03 0.00000e+00
15.880000 5.32847e-04 4.31995e-03 0.00000e+00
15.890000 5.48250e-04 3.86014e-03 0.00000e+00
15.900000 6.02954e-04 3.41728e-03 0.00000e+00
15.910000 6.20580e-04 3.18093e-03 0.00000e+00
15.920000 6.37815e-04 2.86661e-03 0.00000e+00
15.930000 6.87503e-04 2.38520e-03 0.00000e+00
15.940000 6.99363e-04 1.98038e-03 0.00000e+00
15.950000 7.17081e-04 1.60162e-03 0.00000e+00
15.960000 7.39345e-04 1.14032e-03 0.00000e+00
15.970000 7.48206e-04 6.57137e-04 0.00000e+00
15.980000 7.89352e-04 2.83407e-04 0.00000e+00
15.990000 7.98957e-04 -1.17655e-04 0.00000e+00
16.000000 7.77307e-04 -4.97905e-04 0.00000e+00
16.010000 7.75066e-04 -6.83260e-04 0.00000e+00
16.020000 7.53411e-04 -7.76531e-04 0.00000e+00
16.030000 7.31623e-04 -8.82252e-04 0.00000e+00
16.040000 7.14155e-04 -1.22611e-03 0.00000e+00
16.050000 6.89434e-04 -1.78090e-03 0.00000e+00
16.060000 6.67514e-04 -2.30382e-03 0.00000e+00
16.070000 6.71517e-04 -2.68035e-03 0.00000e+00
16.080000 6.44605e-04 -3.08686e-03 0.00000e+00
16.090000 5.77087e-04 -3.64792e-03 0.00000e+00
16.100000 5.39287e-04 -4.07863e-03 0.00000e+00
16.110000 5.00151e-04 -4.47815e-03 0.00000e+00
16.120000 4.62281e-04 -4.97257e-03 0.00000e+00
16.130000 4.25371e-04 -5.43104e-03 0.00000e+00
16.140000 3.86409e-04 -5.85269e-03 0.00000e+00
16.150000 3.50359e-04 -6.15030e-03 0.00000e+00
16.160000 2.91112e-04 -6.35380e-03 0.00000e+00
16.170000 2.38352e-04 -6.69741e-03 0.00000e+00
16.180000 1.78208e-04 -7.03382e-03 0.00000e+00
16.190000 7.80592e-05 -7.32826e-03 0.00000e+00
16.200000 -2.62804e-05 -7.70911e-03 0.00000e+00
16.210000 -1.36977e-04 -8.02270e-03 0.00000e+00
16.220000 -1.96910e-04 -8.26682e-03 0.00000e+00
16.230000 -2.79666e-04 -8.46467e-03 0.00000e+00
16.240000 -3.64882e-04 -8.49892e-03 0.00000e+00
16.250000 -4.80294e-04 -8.45641e-03 0.00000e+00
16.260000 -5.51820e-04 -8.50664e-03 0.00000e+00
16.270000 -6.28997e-04 -8.54993e-03 0.00000e+00
16.280000 -7.19703e-04 -8.48411e-03 0.00000e+00
16.290000 -8.03684e-04 -8.32277e-03 0.00000e+00
16.300000 -8.68126e-04 -8.07580e-03 0.00000e+00
16.310000 -9.38556e-04 -7.73479e-03 0.00000e+00
16.320000 -1.00431e-03 -7.18960e-03 0.00000e+00
16.330000 -1.08638e-03 -6.58197e-03 0.00000e+00
16.340000 -1.16562e-03 -5.97286e-03 0.00000e+00
16.350000 -1.21961e-03 -5.22392e-03 0.00000e+00
16.360000 -1.29162e-03 -4.53277e-03 0.00000e+00
16.370000 -1.34100e-03 -4.01956e-03 0.00000e+00
16.380000 -1.36175e-03 -3.48548e-03 0.00000e+00
16.390000 -1.40017e-03 -2.71633e-03 0.00000e+00
16.400000 -1.41524e-03 -1.82799e-03 0.00000e+00
16.410000 -1.43637e-03 -1.05870e-03 0.00000e+00
16.420000 -1.44922e-03 -3.63115e-04 0.00000e+00
16.430000 -1.45560e-03 4.40500e-04 0.00000e+00
16.440000 -1.44766e-03 1.31545e-03 0.00000e+00
16.450000 -1.42494e-03 2.15595e-03 0.00000e+00
16.460000 -1.38728e-03 3.00617e-03 0.00000e+00
16.470000 -1.34873e-03 3.90888e-03 0.00000e+00
16.480000 -1.28453e-03 4.77275e-03 0.00000e+00
16.490000 -1.22222e-03 5.54105e-03 0.00000e+00
16.500000 -1.18741e-03 6.33768e-03 0.00000e+00
16.510000 -1.11888e-03 7.07689e-03 0.00000e+00
16.520000 -1.04864e-03 7.76429e-03 0.00000e+00
16.530000 -9.96789e-04 8.36791e-03 0.00000e+00
16.540000 -9.08789e-04 8.84266e-03 0.00000e+00
16.550000 -7.85601e-04 9.35483e-03 0.00000e+00
16.560000 -6.87620e-04 9.78958e-03 0.00000e+00
16.570000 -6.05297e-04 1.01296e-02 0.00000e+00
16.580000 -5.13060e-04 1.04223e-02 0.00000e+00
16.590000 -3.77449e-04 1.06693e-02 0.00000e+00
16.600000 -2.64414e-04 1.07749e-02 0.00000e+00
16.610000 -1.56803e-04 1.07745e-02 0.00000e+00
16.620000 -3.17509e-05 1.08045e-02 0.00000e+00
16.630000 7.79492e-05 1.07834e-02 0.00000e+00
16.640000 1.84442e-04 1.07135e-02 0.00000e+00
16.650000 2.80721e-04 1.07109e-02 0.00000e+00
16.660000 4.03752e-04 1.07232e-02 0.00000e+00
16.670000 5.30666e-04 1.05245e-02 0.00000e+00
16.680000 6.06125e-04 1.02046e-02 0.00000e+00
16.690000 7.03018e-04 9.85704e-03 0.00000e+00
16.700000 7.80021e-04 9.37476e-03 0.00000e+00
16.710000 8.71962e-04 8.85809e-03 0.00000e+00
16.720000 9.60031e-04 8.50987e-03 0.00000e+00
16.730000 1.03491e-03 8.09111e-03 0.00000e+00
16.740000 1.12112e-03 7.47561e-03 0.00000e+00
16.750000 1.19534e-03 6.84996e-03 0.00000e+00
16.760000 1.26831e-03 6.43787e-03 0.00000e+00
16.770000 1.30628e-03 6.09696e-03 0.00000e+00
16.780000 1.39730e-03 5.60793e-03 0.00000e+00
16.790000 1.45031e-03 5.13172e-03 0.00000e+00
16.800000 1.50300e-03 4.63111e-03 0.00000e+00
16.810000 1.55803e-03 4.04418e-03 0.00000e+00
16.820000 1.60258e-03 3.39899e-03 0.00000e+00
16.830000 1.60318e-03 2.84625e-03 0.00000e+00
16.840000 1.60979e-03 2.42840e-03 0.00000e+00
16.850000 1.62115e-03 1.84160e-03 0.00000e+00
16.860000 1.63272e-03 1.09031e-03 0.00000e+00
16.870000 1.64270e-03 3.25200e-04 0.00000e+00
16.880000 1.65483e-03 -4.54812e-04 0.00000e+00
16.890000 1.65360e-03 -1.19478e-03 0.00000e+00
16.900000 1.62103e-03 -1.91601e-03 0.00000e+00
16.910000 1.63585e-03 -2.65614e-03 0.00000e+00
16.920000 1.63286e-03 -3.39017e-03 0.00000e+00
16.930000 1.62279e-03 -4.09942e-03 0.00000e+00
16.940000 1.54621e-03 -4.86841e-03 0.00000e+00
16.950000 1.49534e-03 -5.41462e-03 0.00000e+00
16.960000 1.43180e-03 -5.86842e-03 0.00000e+00
16.970000 1.36181e-03 -6.42396e-03 0.00000e+00
16.980000 1.29060e-03 -6.87966e-03 0.00000e+00
16.990000 1.22412e-03 -7.29755e-03 0.00000e+00
17.000000 1.14983e-03 -7.79228e-03 0.00000e+00
17.010000 1.03989e-03 -8.36604e-03 0.00000e+00
17.020000 9.16729e-04 -8.90063e-03 0.00000e+00
17.030000 8.20827e-04 -9.40715e-03 0.00000e+00
17.040000 7.29543e-04 -9.86781e-03 0.00000e+00
17.050000 6.33671e-04 -1.02343e-02 0.00000e+00
17.060000 5.41707e-04 -1.05504e-02 0.00000e+00
17.070000 4.41727e-04 -1.09154e-02 0.00000e+00
17.080000 3.29054e-04 -1.10873e-02 0.00000e+00
17.090000 2.43506e-04 -1.10716e-02 0.00000e+00
17.100000 1.44351e-04 -1.09944e-02 0.00000e+00
17.110000 5.62805e-05 -1.09904e-02 0.00000e+00
17.120000 -2.93130e-05 -1.10954e-02 0.00000e+00
17.130000 -1.86101e-04 -1.11160e-02 0.00000e+00
17.140000 -2.83828e-04 -1.11592e-02 0.00000e+00
17.150000 -4.10537e-04 -1.11201e-02 0.00000e+00
17.160000 -5.29729e-04 -1.09309e-02 0.00000e+00
17.170000 -6.57678e-04 -1.07171e-02 0.00000e+00
17.180000 -7.74436e-04 -1.05594e-02 0.00000e+00
17.190000 -8.88564e-04 -1.04868e-02 0.00000e+00
17.200000 -9.93922e-04 -1.03330e-02 0.00000e+00
17.210000 -1.08654e-03 -1.00172e-02 0.00000e+00
17.220000 -1.17546e-03 -9.65501e-03 0.00000e+00
17.230000 -1.26629e-03 -9.24167e-03 0.00000e+00
17.240000 -1.34090e-03 -8.81083e-03 0.00000e+00
17.250000 -1.40402e-03 -8.36197e-03 0.00000e+00
17.260000 -1.50431e-03 -7.74277e-03 0.00000e+00
17.270000 -1.57259e-03 -7.00450e-03 0.00000e+00
17.280000 -1.67089e-03 -6.20846e-03 0.00000e+00
17.290000 -1.73415e-03 -5.31500e-03 0.00000e+00
17.300000 -1.78570e-03 -4.59295e-03 0.00000e+00
17.310000 -1.83320e-03 -3.89789e-03 0.00000e+00
17.320000 -1.84471e-03 -3.06306e-03 0.00000e+00
17.330000 -1.88816e-03 -2.23445e-03 0.00000e+00
17.340000 -1.92006e-03 -1.44734e-03 0.00000e+00
17.350000 -1.93166e-03 -7.78098e-04 0.00000e+00
17.360000 -1.93438e-03 -8.91066e-05 0.00000e+00
17.370000 -1.91623e-03 6.17398e-04 0.00000e+00
17.380000 -1.90625e-03 1.37588e-03 0.00000e+00
17.390000 -1.89107e-03 2.21226e-03 0.00000e+00
17.400000 -1.85845e-03 2.96874e-03 0.00000e+00
17.410000 -1.82116e-03 3.66659e-03 0.00000e+00
17.420000 -1.75058e-03 4.46610e-03 0.00000e+00
17.430000 -1.69217e-03 5.23424e-03 0.00000e+00
17.440000 -1.64223e-03 5.93589e-03 0.00000e+00
17.450000 -1.58586e-03 6.58559e-03 0.00000e+00
17.460000 -1.52795e-03 7.12170e-03 0.00000e+00
17.470000 -1.46749e-03 7.66693e-03 0.00000e+00
17.480000 -1.36966e-03 8.20137e-03 0.00000e+00
17.490000 -1.28901e-03 8.84087e-03 0.00000e+00
17.500000 -1.21030e-03 9.45528e-03 0.00000e+00
17.510000 -1.14225e-03 9.87741e-03 0.00000e+00
17.520000 -1.04893e-03 1.02667e-02 0.00000e+00
17.530000 -9.23447e-04 1.05982e-02 0.00000e+00
17.540000 -8.20729e-04 1.09440e-02 0.00000e+00
17.550000 -6.88874e-04 1.12479e-02 0.00000e+00
17.560000 -5.87626e-04 1.14665e-02 0.00000e+00
17.570000 -4.79503e-04 1.17158e-02 0.00000e+00
17.580000 -3.46157e-04 1.18658e-02 0.00000e+00
17.590000 -1.97509e-04 1.20731e-02 0.00000e+00
17.600000 -8.25772e-05 1.23260e-02 0.00000e+00
17.610000 4.38509e-05 1.24064e-02 0.00000e+00
17.620000 1.59281e-04 1.23515e-02 0.00000e+00
17.630000 2.78546e-04 1.22574e-02 0.00000e+00
17.640000 4.14801e-04 1.21119e-02 0.00000e+00
17.650000 5.44913e-04 1.19868e-02 0.00000e+00
17.660000 6.73378e-04 1.19200e-02 0.00000e+00
17.670000 7.61359e-04 1.17048e-02 0.00000e+00
17.680000 8.64111e-04 1.13163e-02 0.00000e+00
17.690000 9.72224e-04 1.08548e-02 0.00000e+00
17.700000 1.07308e-03 1.04470e-02 0.00000e+00
17.710000 1.19439e-03 1.00091e-02 0.00000e+00
17.720000 1.27991e-03 9.56882e-03 0.00000e+00
17.730000 1.39459e-03 9.06477e-03 0.00000e+00
17.740000 1.47479e-03 8.39730e-03 0.00000e+00
17.750000 1.54971e-03 7.77108e-03 0.00000e+00
17.760000 1.65191e-03 7.24758e-03 0.00000e+00
17.770000 1.69797e-03 6.64794e-03 0.00000e+00
17.780000 1.75754e-03 5.91501e-03 0.00000e+00
17.790000 1.81629e-03 5.18935e-03 0.00000e+00
17.800000 1.89041e-03 4.37713e-03 0.00000e+00
17.810000 1.92890e-03 3.61862e-03 0.00000e+00
17.820000 1.98008e-03 3.00868e-03 0.00000e+00
17.830000 1.99886e-03 2.32280e-03 0.00000e+00
17.840000 1.99205e-03 1.52913e-03 0.00000e+00
17.850000 2.00264e-03 7.11444e-04 0.00000e+00
17.860000 2.00364e-03 -8.20677e-05 0.00000e+00
17.870000 2.00510e-03 -8.89037e-04 0.00000e+00
17.880000 1.99050e-03 -1.61559e-03 0.00000e+00
17.890000 1.97587e-03 -2.36698e-03 0.00000e+00
17.900000 1.92877e-03 -3.02293e-03 0.00000e+00
17.910000 1.90136e-03 -3.58135e-03 0.00000e+00
17.920000 1.86669e-03 -4.31189e-03 0.00000e+00
17.930000 1.81701e-03 -4.87051e-03 0.00000e+00
17.940000 1.74754e-03 -5.37688e-03 0.00000e+00
17.950000 1.69058e-03 -6.01776e-03 0.00000e+00
17.960000 1.63849e-03 -6.61037e-03 0.00000e+00
17.970000 1.55835e-03 -7.06272e-03 0.00000e+00
17.980000 1.52306e-03 -7.51156e-03 0.00000e+00
17.990000 1.43112e-03 -7.92239e-03 0.00000e+00
18.000000 1.32981e-03 -8.30674e-03 0.00000e+00
18.010000 1.25860e-03 -8.79176e-03 0.00000e+00
18.020000 1.16193e-03 -9.23509e-03 0.00000e+00
18.030000 1.06686e-03 -9.62264e-03 0.00000e+00
18.040000 9.72190e-04 -9.94498e-03 0.00000e+00
18.050000 8.85016e-04 -1.01876e-02 0.00000e+00
18.060000 7.77091e-04 -1.04068e-02 0.00000e+00
18.070000 7.03341e-04 -1.07131e-02 0.00000e+00
18.080000 5.62243e-04 -1.09848e-02 0.00000e+00
18.090000 4.50605e-04 -1.11583e-02 0.00000e+00
18.100000 3.65441e-04 -1.13123e-02 0.00000e+00
18.110000 2.18352e-04 -1.14851e-02 0.00000e+00
18.120000 9.78508e-05 -1.16326e-02 0.00000e+00
18.130000 -1.55041e-05 -1.16948e-02 0.00000e+00
18.140000 -1.23764e-04 -1.17782e-02 0.00000e+00
18.150000 -2.57345e-04 -1.17005e-02 0.00000e+00
18.160000 -3.53177e-04 -1.14950e-02 0.00000e+00
18.170000 -4.92611e-04 -1.13809e-02 0.00000e+00
18.180000 -5.87183e-04 -1.11223e-02 0.00000e+00
18.190000 -7.08080e-04 -1.08335e-02 0.00000e+00
18.200000 -8.03374e-04 -1.06089e-02 0.00000e+00
18.210000 -9.10086e-04 -1.03096e-02 0.00000e+00
18.220000 -1.00751e-03 -9.95308e-03 0.00000e+00
18.230000 -1.13262e-03 -9.53856e-03 0.00000e+00
18.240000 -1.22601e-03 -9.00125e-03 0.00000e+00
18.250000 -1.30967e-03 -8.49707e-03 0.00000e+00
18.260000 -1.39594e-03 -8.05943e-03 0.00000e+00
18.270000 -1.47325e-03 -7.41354e-03 0.00000e+00
18.280000 -1.54884e-03 -6.80823e-03 0.00000e+00
18.290000 -1.61392e-03 -6.38157e-03 0.00000e+00
18.300000 -1.67155e-03 -5.85450e-03 0.00000e+00
18.310000 -1.71475e-03 -5.21396e-03 0.00000e+00
18.320000 -1.73422e-03 -4.61206e-03 0.00000e+00
18.330000 -1.78067e-03 -3.96347e-03 0.00000e+00
18.340000 -1.82003e-03 -3.34209e-03 0.00000e+00
18.350000 -1.85149e-03 -2.69051e-03 0.00000e+00
18.360000 -1.90691e-03 -1.99116e-03 0.00000e+00
18.370000 -1.91429e-03 -1.32156e-03 0.00000e+00
18.380000 -1.92507e-03 -6.33767e-04 0.00000e+00
18.390000 -1.92473e-03 -2.94158e-05 0.00000e+00
18.400000 -1.91068e-03 5.38445e-04 0.00000e+00
18.410000 -1.90698e-03 1.14693e-03 0.00000e+00
18.420000 -1.89630e-03 1.80424e-03 0.00000e+00
18.430000 -1.87428e-03 2.42842e-03 0.00000e+00
18.440000 -1.84313e-03 3.08169e-03 0.00000e+00
18.450000 -1.83555e-03 3.71600e-03 0.00000e+00
18.460000 -1.79699e-03 4.35838e-03 0.00000e+00
18.470000 -1.72189e-03 5.04865e-03 0.00000e+00
18.480000 -1.67096e-03 5.72502e-03 0.00000e+00
18.490000 -1.61072e-03 6.47274e-03 0.00000e+00
18.500000 -1.54296e-03 7.23422e-03 0.00000e+00
18.510000 -1.47658e-03 7.87375e-03 0.00000e+00
18.520000 -1.38788e-03 8.40369e-03 0.00000e+00
18.530000 -1.32447e-03 8.80768e-03 0.00000e+00
18.540000 -1.23309e-03 9.18881e-03 0.00000e+00
18.550000 -1.15079e-03 9.60766e-03 0.00000e+00
18.560000 -1.04791e-03 9.98102e-03 0.00000e+00
18.570000 -9.19807e-04 1.03396e-02 0.00000e+00
18.580000 -8.11890e-04 1.06357e-02 0.00000e+00
18.590000 -7.03596e-04 1.09299e-02 0.00000e+00
18.600000 -5.83561e-04 1.12127e-02 0.00000e+00
18.610000 -4.54570e-04 1.14060e-02 0.00000e+00
18.620000 -3.47128e-04 1.14445e-02 0.00000e+00
18.630000 -2.08706e-04 1.13855e-02 0.00000e+00
18.640000 -1.05236e-04 1.14177e-02 0.00000e+00
18.650000 1.08520e-05 1.14537e-02 0.00000e+00
18.660000 1.22628e-04 1.13626e-02 0.00000e+00
18.670000 2.26460e-04 1.12354e-02 0.00000e+00
18.680000 3.05228e-04 1.10931e-02 0.00000e+00
18.690000 4.10429e-04 1.08999e-02 0.00000e+00
18.700000 5.19065e-04 1.05682e-02 0.00000e+00
18.710000 6.31098e-04 1.01844e-02 0.00000e+00
18.720000 7.35515e-04 9.84936e-03 0.00000e+00
18.730000 8.39302e-04 9.47644e-03 0.00000e+00
18.740000 9.38995e-04 9.15613e-03 0.00000e+00
18.750000 1.04118e-03 8.81675e-03 0.00000e+00
18.760000 1.14065e-03 8.38945e-03 0.00000e+00
18.770000 1.19839e-03 7.99534e-03 0.00000e+00
18.780000 1.26902e-03 7.62275e-03 0.00000e+00
18.790000 1.33748e-03 7.18283e-03 0.00000e+00
18.800000 1.41638e-03 6.81313e-03 0.00000e+00
18.810000 1.48720e-03 6.39928e-03 0.00000e+00
18.820000 1.54794e-03 5.82550e-03 0.00000e+00
18.830000 1.59027e-03 5.24896e-03 0.00000e+00
18.840000 1.65205e-03 4.68795e-03 0.00000e+00
18.850000 1.68405e-03 4.04516e-03 0.00000e+00
18.860000 1.71280e-03 3.33536e-03 0.00000e+00
18.870000 1.74318e-03 2.65512e-03 0.00000e+00
18.880000 1.79401e-03 1.99937e-03 0.00000e+00
18.890000 1.81502e-03 1.38471e-03 0.00000e+00
18.900000 1.82300e-03 7.83314e-04 0.00000e+00
18.910000 1.83291e-03 1.68152e-04 0.00000e+00
18.920000 1.82990e-03 -3.97311e-04 0.00000e+00
18.930000 1.82901e-03 -9.23892e-04 0.00000e+00
18.940000 1.82191e-03 -1.57792e-03 0.00000e+00
18.950000 1.79041e-03 -2.27278e-03 0.00000e+00
18.960000 1.76935e-03 -2.88726e-03 0.00000e+00
18.970000 1.73544e-03 -3.42878e-03 0.00000e+00
18.980000 1.66763e-03 -3.91610e-03 0.00000e+00
18.990000 1.62505e-03 -4.35570e-03 0.00000e+00
19.000000 1.58908e-03 -4.81541e-03 0.00000e+00
19.010000 1.54313e-03 -5.22581e-03 0.00000e+00
19.020000 1.47403e-03 -5.60871e-03 0.00000e+00
19.030000 1.41105e-03 -6.12241e-03 0.00000e+00
19.040000 1.35211e-03 -6.55672e-03 0.00000e+00
19.050000 1.29474e-03 -6.76906e-03 0.00000e+00
19.060000 1.23147e-03 -6.99670e-03 0.00000e+00
19.070000 1.15341e-03 -7.28552e-03 0.00000e+00
19.080000 1.07761e-03 -7.48183e-03 0.00000e+00
19.090000 1.00627e-03 -7.65207e-03 0.00000e+00
19.100000 9.14412e-04 -7.80254e-03 0.00000e+00
19.110000 8.35742e-04 -7.90223e-03 0.00000e+00
19.120000 7.71974e-04 -8.02393e-03 0.00000e+00
19.130000 6.95684e-04 -8.08336e-03 0.00000e+00
19.140000 6.17872e-04 -8.10817e-03 0.00000e+00
19.150000 5.32739e-04 -8.27932e-03 0.00000e+00
19.160000 4.54022e-04 -8.47226e-03 0.00000e+00
19.170000 3.50587e-04 -8.57357e-03 0.00000e+00
19.180000 2.70258e-04 -8.63557e-03 0.00000e+00
19.190000 1.62536e-04 -8.73894e-03 0.00000e+00
19.200000 7.90130e-05 -8.87036e-03 0.00000e+00
19.210000 2.41913e-05 -8.95415e-03 0.00000e+00
19.220000 -6.76775e-05 -9.01804e-03 0.00000e+00
19.230000 -1.75613e-04 -9.01429e-03 0.00000e+00
19.240000 -2.39401e-04 -8.95542e-03 0.00000e+00
19.250000 -3.28265e-04 -8.91799e-03 0.00000e+00
19.260000 -4.18095e-04 -8.84999e-03 0.00000e+00
19.270000 -5.05567e-04 -8.78033e-03 0.00000e+00
19.280000 -5.90058e-04 -8.69421e-03 0.00000e+00
19.290000 -6.78621e-04 -8.52039e-03 0.00000e+00
19.300000 -7.58820e-04 -8.27528e-03 0.00000e+00
19.310000 -8.72666e-04 -8.00783e-03 0.00000e+00
19.320000 -9.58164e-04 -7.73910e-03 0.00000e+00
19.330000 -1.03852e-03 -7.37561e-03 0.00000e+00
19.340000 -1.11022e-03 -6.94290e-03 0.00000e+00
19.350000 -1.18157e-03 -6.51293e-03 0.00000e+00
19.360000 -1.24814e-03 -6.11661e-03 0.00000e+00
19.370000 -1.30879e-03 -5.70295e-03 0.00000e+00
19.380000 -1.35762e-03 -5.06542e-03 0.00000e+00
19.390000 -1.40536e-03 -4.40834e-03 0.00000e+00
19.400000 -1.42523e-03 -3.89727e-03 0.00000e+00
19.410000 -1.47245e-03 -3.27495e-03 0.00000e+00
19.420000 -1.50910e-03 -2.60383e-03 0.00000e+00
19.430000 -1.53443e-03 -2.01181e-03 0.00000e+00
19.440000 -1.55026e-03 -1.41355e-03 0.00000e+00
19.450000 -1.56241e-03 -7.67481e-04 0.00000e+00
19.460000 -1.56491e-03 -1.14628e-04 0.00000e+00
19.470000 -1.55598e-03 5.10902e-04 0.00000e+00
19.480000 -1.54930e-03 1.03776e-03 0.00000e+00
19.490000 -1.52576e-03 1.46901e-03 0.00000e+00
19.500000 -1.48949e-03 1.90946e-03 0.00000e+00
19.510000 -1.47356e-03 2.36382e-03 0.00000e+00
19.520000 -1.46121e-03 2.83590e-03 0.00000e+00
19.530000 -1.42613e-03 3.23569e-03 0.00000e+00
19.540000 -1.38008e-03 3.61036e-03 0.00000e+00
19.550000 -1.33270e-03 4.01567e-03 0.00000e+00
19.560000 -1.31347e-03 4.38879e-03 0.00000e+00
19.570000 -1.25945e-03 4.90612e-03 0.00000e+00
19.580000 -1.20860e-03 5.36654e-03 0.00000e+00
19.590000 -1.16655e-03 5.68232e-03 0.00000e+00
19.600000 -1.10563e-03 6.00559e-03 0.00000e+00
19.610000 -1.03976e-03 6.27827e-03 0.00000e+00
19.620000 -9.71076e-04 6.55649e-03 0.00000e+00
19.630000 -9.17460e-04 6.87190e-03 0.00000e+00
19.640000 -8.55332e-04 7.30880e-03 0.00000e+00
19.650000 -7.90707e-04 7.70759e-03 0.00000e+00
19.660000 -7.18973e-04 8.01327e-03 0.00000e+00
19.670000 -6.31236e-04 8.34395e-03 0.00000e+00
19.680000 -5.42198e-04 8.59150e-03 0.00000e+00
19.690000 -4.55574e-04 8.71942e-03 0.00000e+00
19.700000 -3.78070e-04 8.81986e-03 0.00000e+00
19.710000 -2.66239e-04 8.88300e-03 0.00000e+00
19.720000 -1.77706e-04 8.88488e-03 0.00000e+00
19.730000 -7.45748e-05 8.80920e-03 0.00000e+00
19.740000 3.00289e-05 8.71458e-03 0.00000e+00
19.750000 7.92746e-05 8.59853e-03 0.00000e+00
19.760000 1.88191e-04 8.36136e-03 0.00000e+00
19.770000 2.63373e-04 8.08447e-03 0.00000e+00
19.780000 3.65581e-04 7.83398e-03 0.00000e+00
19.790000 4.64474e-04 7.65226e-03 0.00000e+00
19.800000 5.60120e-04 7.35148e-03 0.00000e+00
19.810000 6.33539e-04 6.91586e-03 0.00000e+00
19.820000 6.61044e-04 6.43651e-03 0.00000e+00
19.830000 7.19202e-04 5.91611e-03 0.00000e+00
19.840000 7.65010e-04 5.47940e-03 0.00000e+00
19.850000 8.07208e-04 5.00388e-03 0.00000e+00
19.860000 8.49834e-04 4.49837e-03 0.00000e+00
19.870000 8.82646e-04 3.97156e-03 0.00000e+00
19.880000 9.11588e-04 3.54902e-03 0.00000e+00
19.890000 9.56926e-04 3.19035e-03 0.00000e+00
19.900000 9.98265e-04 2.73831e-03 0.00000e+00
19.910000 1.02103e-03 2.38371e-03 0.00000e+00
19.920000 1.03638e-03 1.90600e-03 0.00000e+00
19.930000 1.06204e-03 1.49351e-03 0.00000e+00
19.940000 1.08867e-03 1.19150e-03 0.00000e+00
19.950000 1.11156e-03 8.58259e-04 0.00000e+00
19.960000 1.12149e-03 7.22523e-04 0.00000e+00
19.970000 1.08760e-03 7.07459e-04 0.00000e+00
19.980000 1.10220e-03 6.84211e-04 0.00000e+00
19.990000 1.08924e-03 3.91971e-04 0.00000e+00
20.000000 1.10591e-03 5.93734e-05 0.00000e+00
20.010000 1.09837e-03 -1.43276e-04 0.00000e+00
20.020000 1.07855e-03 -3.75229e-04 0.00000e+00
20.030000 1.09197e-03 -6.16482e-04 0.00000e+00
20.040000 1.07998e-03 -8.86417e-04 0.00000e+00
20.050000 1.08821e-03 -1.14893e-03 0.00000e+00
20.060000 1.04982e-03 -1.30901e-03 0.00000e+00
20.070000 1.03834e-03 -1.39539e-03 0.00000e+00
20.080000 1.04065e-03 -1.55221e-03 0.00000e+00
20.090000 1.01433e-03 -1.83681e-03 0.00000e+00
20.100000 1.03246e-03 -2.14783e-03 0.00000e+00
20.110000 9.88257e-04 -2.35762e-03 0.00000e+00
20.120000 9.91889e-04 -2.52052e-03 0.00000e+00
20.130000 9.74228e-04 -2.73166e-03 0.00000e+00
20.140000 9.31679e-04 -3.12842e-03 0.00000e+00
20.150000 8.66488e-04 -3.54523e-03 0.00000e+00
20.160000 8.08555e-04 -3.91166e-03 0.00000e+00
20.170000 8.03892e-04 -4.22391e-03 0.00000e+00
20.180000 7.54100e-04 -4.50848e-03 0.00000e+00
20.190000 7.10665e-04 -4.95666e-03 0.00000e+00
20.200000 6.59362e-04 -5.32030e-03 0.00000e+00
20.210000 6.18308e-04 -5.61787e-03 0.00000e+00
20.220000 5.74672e-04 -5.95068e-03 0.00000e+00
20.230000 5.18545e-04 -6.29548e-03 0.00000e+00
20.240000 4.36996e-04 -6.66231e-03 0.00000e+00
20.250000 3.53882e-04 -6.85396e-03 0.00000e+00
20.260000 2.76495e-04 -6.99821e-03 0.00000e+00
20.270000 2.22080e-04 -7.06056e-03 0.00000e+00
20.280000 1.61274e-04 -7.09813e-03 0.00000e+00
20.290000 7.51343e-05 -7.12332e-03 0.00000e+00
20.300000 -9.76455e-06 -7.00965e-03 0.00000e+00
20.310000 -9.19518e-05 -6.94033e-03 0.00000e+00
20.320000 -1.52570e-04 -6.92160e-03 0.00000e+00
20.330000 -2.26538e-04 -6.93010e-03 0.00000e+00
20.340000 -2.88822e-04 -6.72899e-03 0.00000e+00
20.350000 -3.82618e-04 -6.45159e-03 0.00000e+00
20.360000 -4.48816e-04 -6.27327e-03 0.00000e+00
20.370000 -4.95435e-04 -6.03287e-03 0.00000e+00
20.380000 -5.66683e-04 -5.67605e-03 0.00000e+00
20.390000 -6.18484e-04 -5.25866e-03 0.00000e+00
20.400000 -6.54365e-04 -4.90569e-03 0.00000e+00
20.410000 -6.99987e-04 -4.66340e-03 0.00000e+00
20.420000 -7.21091e-04 -4.45713e-03 0.00000e+00
20.430000 -7.79220e-04 -4.23154e-03 0.00000e+00
20.440000 -8.07175e-04 -3.95517e-03 0.00000e+00
20.450000 -8.55959e-04 -3.62226e-03 0.00000e+00
20.460000 -8.78973e-04 -3.41232e-03 0.00000e+00
20.470000 -9.15044e-04 -3.22681e-03 0.00000e+00
20.480000 -9.39205e-04 -3.01373e-03 0.00000e+00
20.490000 -9.65089e-04 -2.78346e-03 0.00000e+00
20.500000 -9.89611e-04 -2.45345e-03 0.00000e+00
20.510000 -1.00263e-03 -2.12497e-03 0.00000e+00
20.520000 -1.04346e-03 -1.90102e-03 0.00000e+00
20.530000 -1.05610e-03 -1.76521e-03 0.00000e+00
20.540000 -1.06159e-03 -1.49940e-03 0.00000e+00
20.550000 -1.07881e-03 -1.17947e-03 0.00000e+00
20.560000 -1.11638e-03 -9.43756e-04 0.00000e+00
20.570000 -1.13907e-03 -5.96163e-04 0.00000e+00
20.580000 -1.14468e-03 -1.57918e-04 0.00000e+00
20.590000 -1.13661e-03 3.05833e-04 0.00000e+00
20.600000 -1.14224e-03 7.33375e-04 0.00000e+00
20.610000 -1.13468e-03 1.08292e-03 0.00000e+00
20.620000 -1.12699e-03 1.45508e-03 0.00000e+00
20.630000 -1.11422e-03 1.85759e-03 0.00000e+00
20.640000 -1.06411e-03 2.18249e-03 0.00000e+00
20.650000 -1.05236e-03 2.55352e-03 0.00000e+00
20.660000 -1.00674e-03 3.02021e-03 0.00000e+00
20.670000 -9.71221e-04 3.35510e-03 0.00000e+00
20.680000 -9.56088e-04 3.64876e-03 0.00000e+00
20.690000 -9.20458e-04 3.89051e-03 0.00000e+00
20.700000 -8.77871e-04 4.06542e-03 0.00000e+00
20.710000 -8.04363e-04 4.24997e-03 0.00000e+00
20.720000 -7.67543e-04 4.44299e-03 0.00000e+00
20.730000 -7.18904e-04 4.58194e-03 0.00000e+00
20.740000 -6.46240e-04 4.61582e-03 0.00000e+00
20.750000 -6.08051e-04 4.66190e-03 0.00000e+00
20.760000 -5.68745e-04 4.73734e-03 0.00000e+00
20.770000 -5.29337e-04 4.74250e-03 0.00000e+00
20.780000 -4.89290e-04 4.71359e-03 0.00000e+00
20.790000 -4.25968e-04 4.70656e-03 0.00000e+00
20.800000 -3.92658e-04 4.67771e-03 0.00000e+00
20.810000 -3.48538e-04 4.72831e-03 0.00000e+00
20.820000 -2.73384e-04 4.78576e-03 0.00000e+00
20.830000 -2.57926e-04 4.84563e-03 0.00000e+00
20.840000 -2.35812e-04 4.90026e-03 0.00000e+00
20.850000 -1.80566e-04 4.86018e-03 0.00000e+00
20.860000 -1.39283e-04 4.83687e-03 0.00000e+00
20.870000 -8.98562e-05 4.79359e-03 0.00000e+00
20.880000 -3.41971e-05 4.86565e-03 0.00000e+00
20.890000 3.67633e-05 4.98348e-03 0.00000e+00
20.900000 7.75694e-05 5.05583e-03 0.00000e+00
20.910000 1.21801e-04 5.20826e-03 0.00000e+00
20.920000 1.76688e-04 5.34250e-03 0.00000e+00
20.930000 2.21401e-04 5.36961e-03 0.00000e+00
20.940000 2.74231e-04 5.32625e-03 0.00000e+00
20.950000 3.37396e-04 5.23457e-03 0.00000e+00
20.960000 3.92450e-04 5.14728e-03 0.00000e+00
20.970000 4.44412e-04 5.01938e-03 0.00000e+00
20.980000 5.00020e-04 4.74650e-03 0.00000e+00
20.990000 5.47689e-04 4.59282e-03 0.00000e+00
21.000000 5.92210e-04 4.41546e-03 0.00000e+00
21.010000 6.21990e-04 4.02611e-03 0.00000e+00
21.020000 6.82622e-04 3.67771e-03 0.00000e+00
21.030000 7.17612e-04 3.32678e-03 0.00000e+00
21.040000 7.54795e-04 2.92695e-03 0.00000e+00
21.050000 8.14438e-04 2.55938e-03 0.00000e+00
21.060000 8.34054e-04 2.30442e-03 0.00000e+00
21.070000 8.62984e-04 1.98664e-03 0.00000e+00
21.080000 8.64773e-04 1.55461e-03 0.00000e+00
21.090000 8.75853e-04 1.17048e-03 0.00000e+00
21.100000 8.59192e-04 8.05501e-04 0.00000e+00
21.110000 8.61934e-04 5.10606e-04 0.00000e+00
21.120000 8.51108e-04 2.97066e-04 0.00000e+00
21.130000 8.51082e-04 6.72118e-05 0.00000e+00
21.140000 8.40931e-04 -2.54815e-04 0.00000e+00
21.150000 8.35355e-04 -5.43041e-04 0.00000e+00
21.160000 8.57433e-04 -6.71077e-04 0.00000e+00
21.170000 8.28280e-04 -7.88926e-04 0.00000e+00
21.180000 8.18463e-04 -9.96408e-04 0.00000e+00
21.190000 8.08933e-04 -1.09476e-03 0.00000e+00
21.200000 7.95871e-04 -1.13228e-03 0.00000e+00
21.210000 7.93096e-04 -1.22395e-03 0.00000e+00
21.220000 7.89265e-04 -1.17476e-03 0.00000e+00
21.230000 7.81792e-04 -1.07944e-03 0.00000e+00
21.240000 7.44844e-04 -1.08748e-03 0.00000e+00
21.250000 7.49876e-04 -1.23365e-03 0.00000e+00
21.260000 7.39309e-04 -1.34464e-03 0.00000e+00
21.270000 7.39162e-04 -1.39179e-03 0.00000e+00
21.280000 7.25857e-04 -1.50545e-03 0.00000e+00
21.290000 6.93500e-04 -1.66642e-03 0.00000e+00
21.300000 6.60566e-04 -1.85409e-03 0.00000e+00
21.310000 6.42716e-04 -2.00670e-03 0.00000e+00
21.320000 6.56092e-04 -2.22351e-03 0.00000e+00
21.330000 6.45979e-04 -2.38514e-03 0.00000e+00
21.340000 5.97163e-04 -2.58874e-03 0.00000e+00
21.350000 5.77790e-04 -2.86231e-03 0.00000e+00
21.360000 5.60811e-04 -3.11218e-03 0.00000e+00
21.370000 5.18011e-04 -3.36353e-03 0.00000e+00
21.380000 4.89579e-04 -3.60112e-03 0.00000e+00
21.390000 4.60294e-04 -3.80993e-03 0.00000e+00
21.400000 4.03367e-04 -3.97573e-03 0.00000e+00
21.410000 3.42684e-04 -4.23048e-03 0.00000e+00
21.420000 3.05015e-04 -4.39759e-03 0.00000e+00
21.430000 2.98496e-04 -4.55891e-03 0.00000e+00
21.440000 2.34910e-04 -4.71011e-03 0.00000e+00
21.450000 1.73269e-04 -4.82776e-03 0.00000e+00
21.460000 1.16246e-04 -5.02030e-03 0.00000e+00
21.470000 7.10705e-05 -5.18750e-03 0.00000e+00
21.480000 1.71155e-05 -5.32747e-03 0.00000e+00
21.490000 -5.19670e-05 -5.29076e-03 0.00000e+00
21.500000 -9.01113e-05 -5.18669e-03 0.00000e+00
21.510000 -1.52377e-04 -5.21811e-03 0.00000e+00
21.520000 -1.90421e-04 -5.24103e-03 0.00000e+00
21.530000 -2.54570e-04 -5.15415e-03 0.00000e+00
21.540000 -2.86444e-04 -5.10201e-03 0.00000e+00
21.550000 -3.51289e-04 -5.04283e-03 0.00000e+00
21.560000 -3.78664e-04 -4.86494e-03 0.00000e+00
21.570000 -4.38643e-04 -4.72808e-03 0.00000e+00
21.580000 -4.81172e-04 -4.65097e-03 0.00000e+00
21.590000 -5.27797e-04 -4.46421e-03 0.00000e+00
21.600000 -5.97217e-04 -4.04535e-03 0.00000e+00
21.610000 -6.11261e-04 -3.68255e-03 0.00000e+00
21.620000 -6.71447e-04 -3.47832e-03 0.00000e+00
21.630000 -6.83095e-04 -3.23842e-03 0.00000e+00
21.640000 -7.20625e-04 -2.97043e-03 0.00000e+00
21.650000 -7.50045e-04 -2.68605e-03 0.00000e+00
21.660000 -7.73285e-04 -2.46792e-03 0.00000e+00
21.670000 -8.17134e-04 -2.18205e-03 0.00000e+00
21.680000 -8.35413e-04 -1.85334e-03 0.00000e+00
21.690000 -8.52513e-04 -1.49197e-03 0.00000e+00
21.700000 -8.63451e-04 -1.11345e-03 0.00000e+00
21.710000 -8.74550e-04 -7.07906e-04 0.00000e+00
21.720000 -8.62804e-04 -3.27383e-04 0.00000e+00
21.730000 -8.59215e-04 3.66280e-05 0.00000e+00
21.740000 -8.60361e-04 4.13363e-04 0.00000e+00
21.750000 -8.40329e-04 7.08158e-04 0.00000e+00
21.760000 -8.24788e-04 9.94194e-04 0.00000e+00
21.770000 -8.19802e-04 1.17013e-03 0.00000e+00
21.780000 -8.39764e-04 1.41206e-03 0.00000e+00
21.790000 -8.15785e-04 1.67690e-03 0.00000e+00
21.800000 -8.04027e-04 1.92672e-03 0.00000e+00
21.810000 -7.81804e-04 2.16182e-03 0.00000e+00
21.820000 -7.55830e-04 2.31039e-03 0.00000e+00
21.830000 -7.23592e-04 2.51317e-03 0.00000e+00
21.840000 -6.77575e-04 2.75043e-03 0.00000e+00
21.850000 -6.49809e-04 3.00341e-03 0.00000e+00
21.860000 -6.06458e-04 3.16081e-03 0.00000e+00
21.870000 -5.86696e-04 3.23137e-03 0.00000e+00
21.880000 -5.51330e-04 3.33043e-03 0.00000e+00
21.890000 -5.40404e-04 3.54148e-03 0.00000e+00
21.900000 -4.98518e-04 3.74686e-03 0.00000e+00
21.910000 -4.79647e-04 3.85381e-03 0.00000e+00
21.920000 -4.43876e-04 4.00303e-03 0.00000e+00
21.930000 -4.09797e-04 4.13068e-03 0.00000e+00
21.940000 -3.63596e-04 4.14801e-03 0.00000e+00
21.950000 -3.13316e-04 4.01192e-03 0.00000e+00
21.960000 -2.74316e-04 3.90362e-03 0.00000e+00
21.970000 -2.33936e-04 3.81803e-03 0.00000e+00
21.980000 -1.96599e-04 3.63473e-03 0.00000e+00
21.990000 -1.33663e-04 3.48168e-03 0.00000e+00
22.000000 -7.66963e-05 3.32770e-03 0.00000e+00
22.010000 -3.03016e-05 3.20500e-03 0.00000e+00
22.020000 -2.11707e-05 3.09997e-03 0.00000e+00
22.030000 -9.63122e-06 3.03334e-03 0.00000e+00
22.040000 4.22310e-05 2.98516e-03 0.00000e+00
22.050000 8.71047e-05 2.81599e-03 0.00000e+00
22.060000 1.19397e-04 2.60539e-03 0.00000e+00
22.070000 1.15492e-04 2.47103e-03 0.00000e+00
22.080000 1.42667e-04 2.38061e-03 0.00000e+00
22.090000 1.50003e-04 2.22659e-03 0.00000e+00
22.100000 1.50398e-04 2.08769e-03 0.00000e+00
22.110000 1.62512e-04 2.04861e-03 0.00000e+00
22.120000 1.80877e-04 2.05883e-03 0.00000e+00
22.130000 2.07758e-04 2.09753e-03 0.00000e+00
22.140000 2.07654e-04 2.13154e-03 0.00000e+00
22.150000 2.35503e-04 2.19168e-03 0.00000e+00
22.160000 2.67749e-04 2.40142e-03 0.00000e+00
22.170000 2.89821e-04 2.65831e-03 0.00000e+00
22.180000 3.30196e-04 2.91785e-03 0.00000e+00
22.190000 3.62304e-04 3.06911e-03 0.00000e+00
22.200000 3.97503e-04 2.99989e-03 0.00000e+00
22.210000 4.12569e-04 3.08762e-03 0.00000e+00
22.220000 4.28256e-04 3.37205e-03 0.00000e+00
22.230000 4.90560e-04 3.54514e-03 0.00000e+00
22.240000 5.22004e-04 3.53575e-03 0.00000e+00
22.250000 5.58408e-04 3.50810e-03 0.00000e+00
22.260000 5.76580e-04 3.44416e-03 0.00000e+00
22.270000 6.37358e-04 3.22932e-03 0.00000e+00
22.280000 6.71421e-04 2.92914e-03 0.00000e+00
22.290000 7.05852e-04 2.59012e-03 0.00000e+00
22.300000 7.43457e-04 2.28687e-03 0.00000e+00
22.310000 7.68524e-04 1.89656e-03 0.00000e+00
22.320000 8.06070e-04 1.48142e-03 0.00000e+00
22.330000 8.22443e-04 1.16538e-03 0.00000e+00
22.340000 8.13926e-04 8.03345e-04 0.00000e+00
22.350000 8.29586e-04 4.34655e-04 0.00000e+00
22.360000 8.04617e-04 8.55888e-05 0.00000e+00
22.370000 8.13203e-04 -3.47098e-04 0.00000e+00
22.380000 8.42154e-04 -8.25609e-04 0.00000e+00
22.390000 8.10302e-04 -1.29100e-03 0.00000e+00
22.400000 7.66873e-04 -1.60816e-03 0.00000e+00
22.410000 7.48737e-04 -1.89874e-03 0.00000e+00
22.420000 7.19195e-04 -2.22070e-03 0.00000e+00
22.430000 6.74357e-04 -2.49711e-03 0.00000e+00
22.440000 6.40914e-04 -2.67568e-03 0.00000e+00
22.450000 6.07976e-04 -2.78959e-03 0.00000e+00
22.460000 5.89535e-04 -2.97123e-03 0.00000e+00
22.470000 5.71841e-04 -3.12055e-03 0.00000e+00
22.480000 5.36397e-04 -3.24876e-03 0.00000e+00
22.490000 5.24848e-04 -3.38344e-03 0.00000e+00
22.500000 4.85155e-04 -3.48213e-03 0.00000e+00
22.510000 4.44682e-04 -3.59094e-03 0.00000e+00
22.520000 4.07383e-04 -3.63696e-03 0.00000e+00
22.530000 3.67973e-04 -3.64850e-03 0.00000e+00
22.540000 3.25780e-04 -3.68073e-03 0.00000e+00
22.550000 3.21552e-04 -3.56540e-03 0.00000e+00
22.560000 2.90447e-04 -3.51811e-03 0.00000e+00
22.570000 2.61861e-04 -3.61019e-03 0.00000e+00
22.580000 2.09537e-04 -3.58048e-03 0.00000e+00
22.590000 1.95100e-04 -3.52929e-03 0.00000e+00
22.600000 1.45684e-04 -3.60487e-03 0.00000e+00
22.610000 1.04323e-04 -3.71064e-03 0.00000e+00
22.620000 3.93369e-05 -3.77100e-03 0.00000e+00
22.630000 -4.56908e-06 -3.69101e-03 0.00000e+00
22.640000 -4.86161e-05 -3.54166e-03 0.00000e+00
22.650000 -8.46065e-05 -3.46881e-03 0.00000e+00
22.660000 -1.25191e-04 -3.38864e-03 0.00000e+00
22.670000 -1.29764e-04 -3.32040e-03 0.00000e+00
22.680000 -1.60910e-04 -3.31668e-03 0.00000e+00
22.690000 -1.78970e-04 -3.31720e-03 0.00000e+00
22.700000 -2.21220e-04 -3.32096e-03 0.00000e+00
22.710000 -2.58711e-04 -3.38001e-03 0.00000e+00
22.720000 -2.88683e-04 -3.27598e-03 0.00000e+00
22.730000 -3.20793e-04 -3.06222e-03 0.00000e+00
22.740000 -3.33129e-04 -2.95326e-03 0.00000e+00
22.750000 -3.58420e-04 -2.90169e-03 0.00000e+00
22.760000 -4.12659e-04 -2.71756e-03 0.00000e+00
22.770000 -4.34511e-04 -2.52681e-03 0.00000e+00
22.780000 -4.53076e-04 -2.45894e-03 0.00000e+00
22.790000 -4.58672e-04 -2.38763e-03 0.00000e+00
22.800000 -4.77674e-04 -2.35792e-03 0.00000e+00
22.810000 -5.27792e-04 -2.37204e-03 0.00000e+00
22.820000 -5.62135e-04 -2.34929e-03 0.00000e+00
22.830000 -5.90949e-04 -2.29745e-03 0.00000e+00
22.840000 -6.16771e-04 -2.10611e-03 0.00000e+00
22.850000 -6.35522e-04 -1.79579e-03 0.00000e+00
22.860000 -6.53951e-04 -1.57490e-03 0.00000e+00
22.870000 -6.64086e-04 -1.37800e-03 0.00000e+00
22.880000 -6.73498e-04 -1.20382e-03 0.00000e+00
22.890000 -6.52195e-04 -1.01303e-03 0.00000e+00
22.900000 -6.87624e-04 -7.89487e-04 0.00000e+00
22.910000 -6.93194e-04 -5.10754e-04 0.00000e+00
22.920000 -6.92061e-04 -1.99477e-04 0.00000e+00
22.930000 -6.79479e-04 -2.88214e-07 0.00000e+00
22.940000 -7.18398e-04 1.50462e-04 0.00000e+00
22.950000 -7.02236e-04 4.32113e-04 0.00000e+00
22.960000 -7.06045e-04 7.45736e-04 0.00000e+00
22.970000 -7.07054e-04 1.03562e-03 0.00000e+00
22.980000 -6.99166e-04 1.22265e-03 0.00000e+00
22.990000 -6.55165e-04 1.33587e-03 0.00000e+00
23.000000 -6.43946e-04 1.44622e-03 0.00000e+00
23.010000 -5.97172e-04 1.54946e-03 0.00000e+00
23.020000 -6.06023e-04 1.66311e-03 0.00000e+00
23.030000 -5.95320e-04 1.71470e-03 0.00000e+00
23.040000 -5.67847e-04 1.74081e-03 0.00000e+00
23.050000 -5.47048e-04 1.76713e-03 0.00000e+00
23.060000 -5.23642e-04 1.88650e-03 0.00000e+00
23.070000 -4.96047e-04 2.00329e-03 0.00000e+00
23.080000 -4.79663e-04 2.04854e-03 0.00000e+00
23.090000 -4.57429e-04 2.12559e-03 0.00000e+00
23.100000 -4.46094e-04 2.28854e-03 0.00000e+00
23.110000 -4.16501e-04 2.35144e-03 0.00000e+00
23.120000 -3.85512e-04 2.37747e-03 0.00000e+00
23.130000 -3.85048e-04 2.50887e-03 0.00000e+00
23.140000 -3.54854e-04 2.56508e-03 0.00000e+00
23.150000 -3.43263e-04 2.59534e-03 0.00000e+00
23.160000 -3.15664e-04 2.78495e-03 0.00000e+00
23.170000 -3.01158e-04 2.98617e-03 0.00000e+00
23.180000 -2.66647e-04 3.18353e-03 0.00000e+00
23.190000 -2.52723e-04 3.31292e-03 0.00000e+00
23.200000 -2.25529e-04 3.26613e-03 0.00000e+00
23.210000 -1.84075e-04 3.32116e-03 0.00000e+00
23.220000 -1.37901e-04 3.41010e-03 0.00000e+00
23.230000 -8.38404e-05 3.45566e-03 0.00000e+00
23.240000 -4.04091e-05 3.51852e-03 0.00000e+00
23.250000 -6.09256e-06 3.57548e-03 0.00000e+00
23.260000 3.67478e-05 3.65068e-03 0.00000e+00
23.270000 8.78432e-05 3.68175e-03 0.00000e+00
23.280000 1.09565e-04 3.58462e-03 0.00000e+00
23.290000 1.60286e-04 3.52061e-03 0.00000e+00
23.300000 1.90361e-04 3.42679e-03 0.00000e+00
23.310000 2.16666e-04 3.31441e-03 0.00000e+00
23.320000 2.52850e-04 3.22919e-03 0.00000e+00
23.330000 2.92188e-04 3.08077e-03 0.00000e+00
23.340000 2.92671e-04 2.84970e-03 0.00000e+00
23.350000 3.23855e-04 2.54004e-03 0.00000e+00
23.360000 3.22623e-04 2.20156e-03 0.00000e+00
23.370000 3.57164e-04 1.90897e-03 0.00000e+00
23.380000 3.90914e-04 1.69733e-03 0.00000e+00
23.390000 4.05203e-04 1.47139e-03 0.00000e+00
23.400000 4.25571e-04 1.25143e-03 0.00000e+00
23.410000 4.48486e-04 1.12657e-03 0.00000e+00
23.420000 4.60728e-04 9.82428e-04 0.00000e+00
23.430000 4.69503e-04 7.81251e-04 0.00000e+00
23.440000 4.50215e-04 6.81074e-04 0.00000e+00
23.450000 4.50221e-04 5.57092e-04 0.00000e+00
23.460000 4.80481e-04 3.71066e-04 0.00000e+00
23.470000 4.78410e-04 2.69414e-04 0.00000e+00
23.480000 4.82048e-04 1.66684e-04 0.00000e+00
23.490000 4.67095e-04 4.41763e-05 0.00000e+00
23.500000 4.45310e-04 -3.53858e-05 0.00000e+00
23.510000 4.32171e-04 -2.09929e-04 0.00000e+00
23.520000 4.31187e-04 -4.51519e-04 0.00000e+00
23.530000 4.50894e-04 -7.22770e-04 0.00000e+00
23.540000 4.59673e-04 -9.66952e-04 0.00000e+00
23.550000 4.43293e-04 -1.10312e-03 0.00000e+00
23.560000 4.29998e-04 -1.23378e-03 0.00000e+00
23.570000 4.35224e-04 -1.31479e-03 0.00000e+00
23.580000 4.39367e-04 -1.34167e-03 0.00000e+00
23.590000 4.05196e-04 -1.40907e-03 0.00000e+00
23.600000 3.97464e-04 -1.50342e-03 0.00000e+00
23.610000 3.89080e-04 -1.67228e-03 0.00000e+00
23.620000 3.55105e-04 -1.87603e-03 0.00000e+00
23.630000 3.36807e-04 -1.93323e-03 0.00000e+00
23.640000 3.33256e-04 -1.92632e-03 0.00000e+00
23.650000 2.89742e-04 -1.94963e-03 0.00000e+00
23.660000 2.60285e-04 -1.97780e-03 0.00000e+00
23.670000 2.27369e-04 -2.06991e-03 0.00000e+00
23.680000 1.91788e-04 -2.21723e-03 0.00000e+00
23.690000 1.67300e-04 -2.29536e-03 0.00000e+00
23.700000 1.54604e-04 -2.25899e-03 0.00000e+00
23.710000 1.47590e-04 -2.09720e-03 0.00000e+00
23.720000 1.34672e-04 -1.98465e-03 0.00000e+00
23.730000 1.27913e-04 -2.03305e-03 0.00000e+00
23.740000 1.10369e-04 -1.95352e-03 0.00000e+00
23.750000 7.74375e-05 -1.68770e-03 0.00000e+00
23.760000 4.90961e-05 -1.56807e-03 0.00000e+00
23.770000 3.54130e-05 -1.49553e-03 0.00000e+00
23.780000 1.61267e-05 -1.31013e-03 0.00000e+00
23.790000 1.33484e-05 -1.25540e-03 0.00000e+00
23.800000 7.27275e-06 -1.24636e-03 0.00000e+00
23.810000 -1.26903e-06 -1.06038e-03 0.00000e+00
23.820000 -2.20043e-05 -9.25246e-04 0.00000e+00
23.830000 -3.14468e-05 -9.86703e-04 0.00000e+00
23.840000 -5.69878e-05 -1.08930e-03 0.00000e+00
23.850000 -6.14725e-05 -1.23682e-03 0.00000e+00
23.860000 -5.74163e-05 -1.38799e-03 0.00000e+00
23.870000 -6.43843e-05 -1.45712e-03 0.00000e+00
23.880000 -6.53637e-05 -1.48262e-03 0.00000e+00
23.890000 -1.04275e-04 -1.54837e-03 0.00000e+00
23.900000 -1.10054e-04 -1.56875e-03 0.00000e+00
23.910000 -8.76795e-05 -1.59228e-03 0.00000e+00
23.920000 -1.17767e-04 -1.69681e-03 0.00000e+00
23.930000 -1.57652e-04 -1.80896e-03 0.00000e+00
23.940000 -1.59615e-04 -1.91526e-03 0.00000e+00
23.950000 -1.91721e-04 -2.01246e-03 0.00000e+00
23.960000 -2.23574e-04 -2.06285e-03 0.00000e+00
23.970000 -2.23888e-04 -2.07249e-03 0.00000e+00
23.980000 -2.46424e-04 -2.09050e-03 0.00000e+00
23.990000 -3.04586e-04 -2.11041e-03 0.00000e+00
24.000000 -3.44125e-04 -2.10350e-03 0.00000e+00
24.010000 -3.54596e-04 -2.07798e-03 0.00000e+00
24.020000 -3.74935e-04 -2.03381e-03 0.00000e+00
24.030000 -3.77152e-04 -1.94844e-03 0.00000e+00
24.040000 -3.92302e-04 -1.82721e-03 0.00000e+00
24.050000 -4.12598e-04 -1.56953e-03 0.00000e+00
24.060000 -4.30763e-04 -1.37469e-03 0.00000e+00
24.070000 -4.27219e-04 -1.28290e-03 0.00000e+00
24.080000 -4.59384e-04 -9.84862e-04 0.00000e+00
24.090000 -4.54538e-04 -6.81697e-04 0.00000e+00
24.100000 -4.73133e-04 -5.73066e-04 0.00000e+00
24.110000 -4.78715e-04 -4.08279e-04 0.00000e+00
24.120000 -4.82731e-04 -2.10968e-04 0.00000e+00
24.130000 -4.78468e-04 -8.03786e-05 0.00000e+00
24.140000 -4.84888e-04 1.59631e-04 0.00000e+00
24.150000 -4.74249e-04 4.33596e-04 0.00000e+00
24.160000 -4.66809e-04 5.33008e-04 0.00000e+00
24.170000 -4.55575e-04 5.09419e-04 0.00000e+00
24.180000 -4.50292e-04 5.86437e-04 0.00000e+00
24.190000 -4.43886e-04 7.09642e-04 0.00000e+00
24.200000 -4.34521e-04 8.10564e-04 0.00000e+00
24.210000 -4.01276e-04 9.55735e-04 0.00000e+00
24.220000 -3.87000e-04 1.10046e-03 0.00000e+00
24.230000 -4.06685e-04 1.23025e-03 0.00000e+00
24.240000 -3.92881e-04 1.41700e-03 0.00000e+00
24.250000 -3.66593e-04 1.54745e-03 0.00000e+00
24.260000 -3.73678e-04 1.64635e-03 0.00000e+00
24.270000 -3.60382e-04 1.75756e-03 0.00000e+00
24.280000 -3.35881e-04 1.78188e-03 0.00000e+00
24.290000 -3.18132e-04 1.81424e-03 0.00000e+00
24.300000 -2.94313e-04 1.87140e-03 0.00000e+00
24.310000 -2.72928e-04 1.88195e-03 0.00000e+00
24.320000 -2.69159e-04 1.87232e-03 0.00000e+00
24.330000 -2.54224e-04 1.97365e-03 0.00000e+00
24.340000 -2.33659e-04 2.09281e-03 0.00000e+00
24.350000 -1.91168e-04 2.19784e-03 0.00000e+00
24.360000 -1.77115e-04 2.29834e-03 0.00000e+00
24.370000 -1.38075e-04 2.36964e-03 0.00000e+00
24.380000 -1.01470e-04 2.53908e-03 0.00000e+00
24.390000 -7.15086e-05 2.69101e-03 0.00000e+00
24.400000 -5.37258e-05 2.65664e-03 0.00000e+00
24.410000 -2.85160e-05 2.66164e-03 0.00000e+00
24.420000 -2.26378e-05 2.79740e-03 0.00000e+00
24.430000 4.48668e-06 2.79183e-03 0.00000e+00
24.440000 1.41244e-05 2.69203e-03 0.00000e+00
24.450000 3.81465e-05 2.68758e-03 0.00000e+00
24.460000 6.88207e-05 2.75212e-03 0.00000e+00
24.470000 9.79800e-05 2.76992e-03 0.00000e+00
24.480000 1.23662e-04 2.71192e-03 0.00000e+00
24.490000 1.70625e-04 2.59102e-03 0.00000e+00
24.500000 2.15226e-04 2.40246e-03 0.00000e+00
24.510000 2.27048e-04 2.15174e-03 0.00000e+00
24.520000 2.61311e-04 1.95744e-03 0.00000e+00
24.530000 2.72633e-04 1.82525e-03 0.00000e+00
24.540000 2.96226e-04 1.69047e-03 0.00000e+00
24.550000 3.16475e-04 1.61781e-03 0.00000e+00
24.560000 3.14369e-04 1.52082e-03 0.00000e+00
24.570000 3.42959e-04 1.33122e-03 0.00000e+00
24.580000 3.68051e-04 1.09190e-03 0.00000e+00
24.590000 3.62276e-04 8.18511e-04 0.00000e+00
24.600000 3.53497e-04 5.19100e-04 0.00000e+00
24.610000 3.76699e-04 2.28419e-04 0.00000e+00
24.620000 3.84753e-04 -5.05387e-05 0.00000e+00
24.630000 3.82662e-04 -2.77753e-04 0.00000e+00
24.640000 3.46194e-04 -4.81950e-04 0.00000e+00
24.650000 3.43456e-04 -6.92262e-04 0.00000e+00
24.660000 3.28848e-04 -8.21871e-04 0.00000e+00
24.670000 3.19110e-04 -8.73402e-04 0.00000e+00
24.680000 3.10152e-04 -9.61372e-04 0.00000e+00
24.690000 3.34495e-04 -9.28536e-04 0.00000e+00
24.700000 3.27191e-04 -8.28646e-04 0.00000e+00
24.710000 3.15326e-04 -7.44475e-04 0.00000e+00
24.720000 2.98064e-04 -6.39293e-04 0.00000e+00
24.730000 2.73063e-04 -5.41959e-04 0.00000e+00
24.740000 2.52548e-04 -3.33056e-04 0.00000e+00
24.750000 2.46209e-04 -9.08102e-05 0.00000e+00
24.760000 2.41303e-04 4.35130e-05 0.00000e+00
24.770000 2.37225e-04 8.93759e-05 0.00000e+00
24.780000 2.46205e-04 2.01630e-04 0.00000e+00
24.790000 2.45484e-04 3.98085e-04 0.00000e+00
24.800000 2.49970e-04 5.32691e-04 0.00000e+00
24.810000 2.53349e-04 4.79570e-04 0.00000e+00
24.820000 2.65483e-04 3.52390e-04 0.00000e+00
24.830000 2.83821e-04 2.38207e-04 0.00000e+00
24.840000 2.98185e-04 1.43833e-04 0.00000e+00
24.850000 3.29048e-04 7.41500e-05 0.00000e+00
24.860000 3.57052e-04 4.98808e-05 0.00000e+00
24.870000 3.42561e-04 7.04338e-05 0.00000e+00
24.880000 3.49470e-04 -3.30630e-07 0.00000e+00
24.890000 3.38855e-04 -1.64073e-04 0.00000e+00
24.900000 3.54394e-04 -3.67167e-04 0.00000e+00
24.910000 3.28435e-04 -6.61132e-04 0.00000e+00
24.920000 2.96453e-04 -9.59402e-04 0.00000e+00
24.930000 2.78904e-04 -1.21343e-03 0.00000e+00
24.940000 2.63345e-04 -1.50634e-03 0.00000e+00
24.950000 2.47420e-04 -1.71780e-03 0.00000e+00
24.960000 2.23245e-04 -1.90368e-03 0.00000e+00
24.970000 1.80704e-04 -2.14389e-03 0.00000e+00
24.980000 1.51243e-04 -2.44442e-03 0.00000e+00
24.990000 1.37078e-04 -2.69783e-03 0.00000e+00
25.000000 1.27819e-04 -2.86365e-03 0.00000e+00
25.010000 1.23034e-04 -2.95372e-03 0.00000e+00
25.020000 9.13449e-05 -2.85143e-03 0.00000e+00
25.030000 6.88128e-05 -2.68183e-03 0.00000e+00
25.040000 4.27131e-05 -2.58854e-03 0.00000e+00
25.050000 -2.72454e-06 -2.54325e-03 0.00000e+00
25.060000 -3.40489e-05 -2.48273e-03 0.00000e+00
25.070000 -6.15060e-05 -2.32240e-03 0.00000e+00
25.080000 -1.04794e-04 -2.19454e-03 0.00000e+00
25.090000 -1.11039e-04 -2.19724e-03 0.00000e+00
25.100000 -1.44618e-04 -2.19511e-03 0.00000e+00
25.110000 -1.61765e-04 -2.15285e-03 0.00000e+00
25.120000 -1.76857e-04 -2.09413e-03 0.00000e+00
25.130000 -2.17650e-04 -2.02343e-03 0.00000e+00
25.140000 -2.42346e-04 -2.01162e-03 0.00000e+00
25.150000 -2.60749e-04 -2.05534e-03 0.00000e+00
25.160000 -2.41565e-04 -2.08633e-03 0.00000e+00
25.170000 -2.53301e-04 -1.97408e-03 0.00000e+00
25.180000 -2.34648e-04 -1.70900e-03 0.00000e+00
25.190000 -2.52254e-04 -1.59434e-03 0.00000e+00
25.200000 -2.89293e-04 -1.52236e-03 0.00000e+00
25.210000 -3.06039e-04 -1.30264e-03 0.00000e+00
25.220000 -3.36331e-04 -1.19364e-03 0.00000e+00
25.230000 -3.40962e-04 -1.16226e-03 0.00000e+00
25.240000 -3.62468e-04 -1.07687e-03 0.00000e+00
25.250000 -3.92990e-04 -1.06547e-03 0.00000e+00
25.260000 -4.05584e-04 -9.14488e-04 0.00000e+00
25.270000 -4.18617e-04 -7.01567e-04 0.00000e+00
25.280000 -4.22873e-04 -6.16540e-04 0.00000e+00
25.290000 -4.31006e-04 -4.53718e-04 0.00000e+00
25.300000 -4.30613e-04 -3.38454e-04 0.00000e+00
25.310000 -4.43697e-04 -3.54273e-04 0.00000e+00
25.320000 -4.38989e-04 -3.05308e-04 0.00000e+00
25.330000 -4.29663e-04 -2.24766e-05 0.00000e+00
25.340000 -3.90523e-04 2.52267e-04 0.00000e+00
25.350000 -4.08990e-04 5.27566e-04 0.00000e+00
25.360000 -4.20571e-04 7.87782e-04 0.00000e+00
25.370000 -3.81900e-04 8.84187e-04 0.00000e+00
25.380000 -3.77926e-04 1.06001e-03 0.00000e+00
25.390000 -3.97946e-04 1.20473e-03 0.00000e+00
25.400000 -3.69355e-04 1.36154e-03 0.00000e+00
25.410000 -3.60030e-04 1.48353e-03 0.00000e+00
25.420000 -3.36399e-04 1.50777e-03 0.00000e+00
25.430000 -3.00258e-04 1.54226e-03 0.00000e+00
25.440000 -3.18430e-04 1.54670e-03 0.00000e+00
25.450000 -3.05614e-04 1.56468e-03 0.00000e+00
25.460000 -2.77290e-04 1.55981e-03 0.00000e+00
25.470000 -2.79777e-04 1.55202e-03 0.00000e+00
25.480000 -2.55260e-04 1.54984e-03 0.00000e+00
25.490000 -2.08362e-04 1.48494e-03 0.00000e+00
25.500000 -1.86959e-04 1.43517e-03 0.00000e+00
25.510000 -2.01515e-04 1.54569e-03 0.00000e+00
25.520000 -1.66499e-04 1.59802e-03 0.00000e+00
25.530000 -1.75215e-04 1.47152e-03 0.00000e+00
25.540000 -1.31636e-04 1.49924e-03 0.00000e+00
25.550000 -1.17620e-04 1.55064e-03 0.00000e+00
25.560000 -1.20308e-04 1.38211e-03 0.00000e+00
25.570000 -1.01365e-04 1.31010e-03 0.00000e+00
25.580000 -1.12619e-04 1.31624e-03 0.00000e+00
25.590000 -8.09883e-05 1.23204e-03 0.00000e+00
25.600000 -8.55411e-05 1.26812e-03 0.00000e+00
25.610000 -6.69907e-05 1.25636e-03 0.00000e+00
25.620000 -5.39334e-05 1.13726e-03 0.00000e+00
25.630000 -4.29290e-05 1.16220e-03 0.00000e+00
25.640000 -2.28737e-05 1.10793e-03 0.00000e+00
25.650000 -1.28389e-05 1.02217e-03 0.00000e+00
25.660000 -1.06373e-05 1.15938e-03 0.00000e+00
25.670000 2.27173e-05 1.23840e-03 0.00000e+00
25.680000 3.86579e-05 1.15850e-03 0.00000e+00
25.690000 3.47422e-05 1.19635e-03 0.00000e+00
25.700000 4.82021e-05 1.25916e-03 0.00000e+00
25.710000 6.65471e-05 1.38576e-03 0.00000e+00
25.720000 5.55669e-05 1.55108e-03 0.00000e+00
25.730000 7.57587e-05 1.57385e-03 0.00000e+00
25.740000 1.05609e-04 1.61167e-03 0.00000e+00
25.750000 9.96325e-05 1.58103e-03 0.00000e+00
25.760000 1.18728e-04 1.59052e-03 0.00000e+00
25.770000 1.53852e-04 1.58315e-03 0.00000e+00
25.780000 1.54293e-04 1.48437e-03 0.00000e+00
25.790000 1.73279e-04 1.43450e-03 0.00000e+00
25.800000 1.95049e-04 1.44620e-03 0.00000e+00
25.810000 1.91165e-04 1.51391e-03 0.00000e+00
25.820000 2.36510e-04 1.48840e-03 0.00000e+00
25.830000 2.48202e-04 1.41392e-03 0.00000e+00
25.840000 2.45878e-04 1.45774e-03 0.00000e+00
25.850000 2.93461e-04 1.51178e-03 0.00000e+00
25.860000 3.15004e-04 1.46398e-03 0.00000e+00
25.870000 3.23473e-04 1.38996e-03 0.00000e+00
25.880000 3.36986e-04 1.31025e-03 0.00000e+00
25.890000 3.19463e-04 1.17455e-03 0.00000e+00
25.900000 3.34333e-04 1.03648e-03 0.00000e+00
25.910000 3.33228e-04 9.79795e-04 0.00000e+00
25.920000 3.37705e-04 8.67721e-04 0.00000e+00
25.930000 3.51738e-04 7.12270e-04 0.00000e+00
25.940000 3.43023e-04 6.51924e-04 0.00000e+00
25.950000 3.66769e-04 5.90937e-04 0.00000e+00
25.960000 3.87320e-04 4.89281e-04 0.00000e+00
25.970000 4.10273e-04 4.00086e-04 0.00000e+00
25.980000 3.95056e-04 2.43787e-04 0.00000e+00
25.990000 3.90554e-04 1.81922e-04 0.00000e+00
26.000000 4.11976e-04 1.73632e-04 0.00000e+00
26.010000 4.09839e-04 1.71396e-05 0.00000e+00
26.020000 3.92913e-04 -4.22351e-05 0.00000e+00
26.030000 3.94043e-04 -1.03792e-05 0.00000e+00
26.040000 3.79806e-04 -4.13393e-05 0.00000e+00
26.050000 3.78158e-04 -1.06437e-04 0.00000e+00
26.060000 3.81745e-04 -3.33629e-04 0.00000e+00
26.070000 3.76727e-04 -5.60574e-04 0.00000e+00
26.080000 3.73970e-04 -7.44947e-04 0.00000e+00
26.090000 3.68150e-04 -9.45616e-04 0.00000e+00
26.100000 3.63559e-04 -1.06007e-03 0.00000e+00
26.110000 3.61315e-04 -1.22687e-03 0.00000e+00
26.120000 3.52620e-04 -1.35717e-03 0.00000e+00
26.130000 3.31873e-04 -1.43220e-03 0.00000e+00
26.140000 3.18536e-04 -1.47052e-03 0.00000e+00
26.150000 3.08489e-04 -1.55186e-03 0.00000e+00
26.160000 3.01769e-04 -1.75129e-03 0.00000e+00
26.170000 2.68284e-04 -1.78459e-03 0.00000e+00
26.180000 2.51114e-04 -1.79402e-03 0.00000e+00
26.190000 2.35587e-04 -1.91254e-03 0.00000e+00
26.200000 2.06207e-04 -1.98013e-03 0.00000e+00
26.210000 1.75195e-04 -2.06723e-03 0.00000e+00
26.220000 1.34829e-04 -2.17570e-03 0.00000e+00
26.230000 1.04056e-04 -2.25316e-03 0.00000e+00
26.240000 1.08236e-04 -2.29075e-03 0.00000e+00
26.250000 7.74057e-05 -2.29383e-03 0.00000e+00
26.260000 7.96297e-05 -2.31943e-03 0.00000e+00
26.270000 4.85052e-05 -2.33451e-03 0.00000e+00
26.280000 2.61834e-05 -2.30092e-03 0.00000e+00
26.290000 5.80276e-06 -2.23226e-03 0.00000e+00
26.300000 -2.31196e-05 -2.18009e-03 0.00000e+00
26.310000 -3.19498e-05 -2.16587e-03 0.00000e+00
26.320000 -6.42337e-05 -2.14258e-03 0.00000e+00
26.330000 -7.97586e-05 -2.07291e-03 0.00000e+00
26.340000 -8.01797e-05 -2.01360e-03 0.00000e+00
26.350000 -1.30475e-04 -1.98527e-03 0.00000e+00
26.360000 -1.32642e-04 -1.91933e-03 0.00000e+00
26.370000 -1.65579e-04 -1.79603e-03 0.00000e+00
26.380000 -1.87978e-04 -1.68309e-03 0.00000e+00
26.390000 -2.08783e-04 -1.72087e-03 0.00000e+00
26.400000 -2.19840e-04 -1.75183e-03 0.00000e+00
26.410000 -2.26998e-04 -1.55091e-03 0.00000e+00
26.420000 -2.46600e-04 -1.34495e-03 0.00000e+00
26.430000 -2.66830e-04 -1.17825e-03 0.00000e+00
26.440000 -2.67189e-04 -9.87478e-04 0.00000e+00
26.450000 -2.81032e-04 -8.48172e-04 0.00000e+00
26.460000 -2.86810e-04 -7.04457e-04 0.00000e+00
26.470000 -3.09322e-04 -6.21496e-04 0.00000e+00
26.480000 -3.19032e-04 -4.52251e-04 0.00000e+00
26.490000 -3.22818e-04 -3.23611e-04 0.00000e+00
26.500000 -3.14477e-04 -2.44249e-04 0.00000e+00
26.510000 -3.16765e-04 2.57624e-05 0.00000e+00
26.520000 -3.14083e-04 1.69601e-04 0.00000e+00
26.530000 -3.04019e-04 2.58347e-04 0.00000e+00
26.540000 -2.88741e-04 3.84375e-04 0.00000e+00
26.550000 -3.07876e-04 3.76870e-04 0.00000e+00
26.560000 -3.04122e-04 3.69435e-04 0.00000e+00
26.570000 -2.62860e-04 4.34997e-04 0.00000e+00
26.580000 -2.54592e-04 5.66162e-04 0.00000e+00
26.590000 -2.71976e-04 6.15755e-04 0.00000e+00
26.600000 -2.64350e-04 5.41508e-04 0.00000e+00
26.610000 -2.61543e-04 5.69375e-04 0.00000e+00
26.620000 -2.60388e-04 6.32131e-04 0.00000e+00
26.630000 -2.58446e-04 6.15435e-04 0.00000e+00
26.640000 -2.50812e-04 5.65686e-04 0.00000e+00
26.650000 -2.25606e-04 4.70517e-04 0.00000e+00
26.660000 -2.45911e-04 3.69990e-04 0.00000e+00
26.670000 -2.06272e-04 3.96700e-04 0.00000e+00
26.680000 -2.09378e-04 4.49685e-04 0.00000e+00
26.690000 -2.28778e-04 4.61381e-04 0.00000e+00
26.700000 -2.17573e-04 5.20963e-04 0.00000e+00
26.710000 -2.24633e-04 5.80669e-04 0.00000e+00
26.720000 -2.23055e-04 5.82853e-04 0.00000e+00
26.730000 -1.95621e-04 5.67765e-04 0.00000e+00
26.740000 -1.85420e-04 8.21829e-04 0.00000e+00
26.750000 -1.84417e-04 1.14307e-03 0.00000e+00
26.760000 -1.99405e-04 1.24041e-03 0.00000e+00
26.770000 -1.77629e-04 1.29697e-03 0.00000e+00
26.780000 -1.51647e-04 1.36913e-03 0.00000e+00
26.790000 -1.60210e-04 1.42277e-03 0.00000e+00
26.800000 -1.49809e-04 1.46496e-03 0.00000e+00
26.810000 -1.31324e-04 1.51241e-03 0.00000e+00
26.820000 -1.16992e-04 1.62176e-03 0.00000e+00
26.830000 -8.43210e-05 1.63028e-03 0.00000e+00
26.840000 -4.53534e-05 1.69696e-03 0.00000e+00
26.850000 -4.77322e-05 1.80368e-03 0.00000e+00
26.860000 -1.76189e-05 1.69314e-03 0.00000e+00
26.870000 -4.77241e-06 1.56813e-03 0.00000e+00
26.880000 1.87935e-05 1.48877e-03 0.00000e+00
26.890000 5.26658e-05 1.42646e-03 0.00000e+00
26.900000 8.32497e-05 1.47504e-03 0.00000e+00
26.910000 1.17308e-04 1.53667e-03 0.00000e+00
26.920000 8.40148e-05 1.47434e-03 0.00000e+00
26.930000 8.84598e-05 1.33201e-03 0.00000e+00
26.940000 9.16804e-05 1.22812e-03 0.00000e+00
26.950000 1.03412e-04 1.23390e-03 0.00000e+00
26.960000 1.12966e-04 1.14823e-03 0.00000e+00
26.970000 1.22530e-04 9.83704e-04 0.00000e+00
26.980000 1.30419e-04 8.69427e-04 0.00000e+00
26.990000 1.37964e-04 7.60103e-04 0.00000e+00
27.000000 1.36987e-04 6.98373e-04 0.00000e+00
27.010000 1.60567e-04 7.83905e-04 0.00000e+00
27.020000 1.41978e-04 8.08042e-04 0.00000e+00
27.030000 1.60619e-04 7.99287e-04 0.00000e+00
27.040000 1.79175e-04 8.14450e-04 0.00000e+00
27.050000 2.14818e-04 8.42761e-04 0.00000e+00
27.060000 2.24498e-04 1.04029e-03 0.00000e+00
27.070000 2.37826e-04 1.27316e-03 0.00000e+00
27.080000 2.22172e-04 1.47893e-03 0.00000e+00
27.090000 2.32144e-04 1.44252e-03 0.00000e+00
27.100000 2.42953e-04 1.29284e-03 0.00000e+00
27.110000 2.57152e-04 1.24990e-03 0.00000e+00
27.120000 2.61791e-04 1.15412e-03 0.00000e+00
27.130000 2.62889e-04 1.11664e-03 0.00000e+00
27.140000 2.78034e-04 1.10744e-03 0.00000e+00
27.150000 2.95940e-04 1.01208e-03 0.00000e+00
27.160000 3.14806e-04 8.59590e-04 0.00000e+00
27.170000 3.40145e-04 6.29468e-04 0.00000e+00
27.180000 3.60639e-04 4.11778e-04 0.00000e+00
27.190000 3.53002e-04 1.63281e-04 0.00000e+00
27.200000 3.71990e-04 -7.52654e-05 0.00000e+00
27.210000 3.70708e-04 -2.08832e-04 0.00000e+00
27.220000 3.96818e-04 -2.70312e-04 0.00000e+00
27.230000 3.87231e-04 -3.66294e-04 0.00000e+00
27.240000 3.52990e-04 -5.28181e-04 0.00000e+00
27.250000 3.25520e-04 -7.46290e-04 0.00000e+00
27.260000 2.96788e-04 -1.01114e-03 0.00000e+00
27.270000 3.09749e-04 -1.18675e-03 0.00000e+00
27.280000 2.90067e-04 -1.32064e-03 0.00000e+00
27.290000 2.74162e-04 -1.41101e-03 0.00000e+00
27.300000 2.76166e-04 -1.49821e-03 0.00000e+00
27.310000 2.30852e-04 -1.60253e-03 0.00000e+00
27.320000 2.01909e-04 -1.67126e-03 0.00000e+00
27.330000 1.78861e-04 -1.71590e-03 0.00000e+00
27.340000 1.64181e-04 -1.69422e-03 0.00000e+00
27.350000 1.62418e-04 -1.62898e-03 0.00000e+00
27.360000 1.58130e-04 -1.64056e-03 0.00000e+00
27.370000 1.54590e-04 -1.63107e-03 0.00000e+00
27.380000 1.37222e-04 -1.56921e-03 0.00000e+00
27.390000 1.19785e-04 -1.42363e-03 0.00000e+00
27.400000 8.85200e-05 -1.26189e-03 0.00000e+00
27.410000 8.32202e-05 -1.27002e-03 0.00000e+00
27.420000 6.57758e-05 -1.38984e-03 0.00000e+00
27.430000 6.31030e-05 -1.48485e-03 0.00000e+00
27.440000 6.52409e-05 -1.37409e-03 0.00000e+00
27.450000 5.37684e-05 -1.25814e-03 0.00000e+00
27.460000 4.95557e-05 -1.27550e-03 0.00000e+00
27.470000 1.69943e-05 -1.22022e-03 0.00000e+00
27.480000 -3.75266e-06 -1.24093e-03 0.00000e+00
27.490000 -1.91647e-05 -1.39979e-03 0.00000e+00
27.500000 -3.26606e-05 -1.49966e-03 0.00000e+00
27.510000 -4.28905e-05 -1.53581e-03 0.00000e+00
27.520000 -6.49556e-05 -1.52140e-03 0.00000e+00
27.530000 -7.81291e-05 -1.42829e-03 0.00000e+00
27.540000 -8.31525e-05 -1.31116e-03 0.00000e+00
27.550000 -9.48991e-05 -1.27085e-03 0.00000e+00
27.560000 -1.04410e-04 -1.27171e-03 0.00000e+00
27.570000 -1.35187e-04 -1.27676e-03 0.00000e+00
27.580000 -1.50522e-04 -1.20051e-03 0.00000e+00
27.590000 -1.59544e-04 -1.14176e-03 0.00000e+00
27.600000 -1.41133e-04 -1.12023e-03 0.00000e+00
27.610000 -1.55001e-04 -8.84155e-04 0.00000e+00
27.620000 -1.93512e-04 -6.12997e-04 0.00000e+00
27.630000 -2.02630e-04 -3.74508e-04 0.00000e+00
27.640000 -2.06798e-04 -2.59831e-04 0.00000e+00
27.650000 -2.23996e-04 -2.41953e-04 0.00000e+00
27.660000 -2.19420e-04 -1.32345e-04 0.00000e+00
27.670000 -2.03819e-04 -9.37591e-05 0.00000e+00
27.680000 -2.03138e-04 -6.93436e-05 0.00000e+00
27.690000 -1.99843e-04 -4.12844e-05 0.00000e+00
27.700000 -1.95166e-04 -6.55580e-05 0.00000e+00
27.710000 -2.09639e-04 -2.13094e-05 0.00000e+00
27.720000 -2.11802e-04 4.51295e-05 0.00000e+00
27.730000 -1.96447e-04 4.46353e-05 0.00000e+00
27.740000 -1.84190e-04 -5.18781e-05 0.00000e+00
27.750000 -1.75388e-04 -2.30567e-04 0.00000e+00
27.760000 -1.89247e-04 -3.70140e-04 0.00000e+00
27.770000 -1.56238e-04 -2.80154e-04 0.00000e+00
27.780000 -1.38341e-04 -1.35500e-04 0.00000e+00
27.790000 -1.76802e-04 -2.55451e-04 0.00000e+00
27.800000 -1.88143e-04 -4.36503e-04 0.00000e+00
27.810000 -2.27867e-04 -5.37344e-04 0.00000e+00
27.820000 -2.12766e-04 -6.50442e-04 0.00000e+00
27.830000 -2.33017e-04 -6.62750e-04 0.00000e+00
27.840000 -2.55262e-04 -5.12636e-04 0.00000e+00
27.850000 -2.44791e-04 -4.18370e-04 0.00000e+00
27.860000 -2.57484e-04 -4.33426e-04 0.00000e+00
27.870000 -2.60907e-04 -4.22585e-04 0.00000e+00
27.880000 -2.57552e-04 -4.41208e-04 0.00000e+00
27.890000 -2.79851e-04 -5.12698e-04 0.00000e+00
27.900000 -2.91755e-04 -4.47547e-04 0.00000e+00
27.910000 -2.93354e-04 -2.84335e-04 0.00000e+00
27.920000 -2.83001e-04 -1.57815e-04 0.00000e+00
27.930000 -2.52087e-04 -8.44871e-05 0.00000e+00
27.940000 -2.30757e-04 1.15551e-04 0.00000e+00
27.950000 -2.66262e-04 4.82402e-04 0.00000e+00
27.960000 -2.78750e-04 6.27448e-04 0.00000e+00
27.970000 -2.56955e-04 6.60655e-04 0.00000e+00
27.980000 -2.40881e-04 6.91492e-04 0.00000e+00
27.990000 -2.17949e-04 7.86571e-04 0.00000e+00
28.000000 -1.96558e-04 9.16310e-04 0.00000e+00
28.010000 -2.09069e-04 8.96759e-04 0.00000e+00
28.020000 -2.33604e-04 9.84988e-04 0.00000e+00
28.030000 -2.26389e-04 1.06718e-03 0.00000e+00
28.040000 -2.07661e-04 1.02559e-03 0.00000e+00
28.050000 -1.98595e-04 1.09665e-03 0.00000e+00
28.060000 -1.75557e-04 1.18422e-03 0.00000e+00
28.070000 -1.40259e-04 1.18785e-03 0.00000e+00
28.080000 -1.39416e-04 1.21236e-03 0.00000e+00
28.090000 -1.23915e-04 1.36502e-03 0.00000e+00
28.100000 -9.96510e-05 1.68903e-03 0.00000e+00
28.110000 -7.26369e-05 2.02936e-03 0.00000e+00
28.120000 -7.28373e-05 2.08238e-03 0.00000e+00
28.130000 -8.21050e-05 1.92842e-03 0.00000e+00
28.140000 -4.66912e-05 2.00793e-03 0.00000e+00
28.150000 -3.62208e-05 2.21931e-03 0.00000e+00
28.160000 -7.84872e-06 2.38869e-03 0.00000e+00
28.170000 -7.93316e-06 2.56303e-03 0.00000e+00
28.180000 2.08324e-05 2.57875e-03 0.00000e+00
28.190000 5.06911e-05 2.36803e-03 0.00000e+00
28.200000 5.69481e-05 2.14549e-03 0.00000e+00
28.210000 9.93416e-05 2.01112e-03 0.00000e+00
28.220000 1.56805e-04 1.85519e-03 0.00000e+00
28.230000 1.72866e-04 1.68777e-03 0.00000e+00
28.240000 2.04573e-04 1.61908e-03 0.00000e+00
28.250000 2.37837e-04 1.48139e-03 0.00000e+00
28.260000 2.76829e-04 1.23557e-03 0.00000e+00
28.270000 2.69224e-04 1.03267e-03 0.00000e+00
28.280000 2.51093e-04 8.49222e-04 0.00000e+00
28.290000 2.34460e-04 6.08403e-04 0.00000e+00
28.300000 2.70373e-04 2.40378e-04 0.00000e+00
28.310000 3.03115e-04 -2.38197e-05 0.00000e+00
28.320000 2.75010e-04 -2.03924e-04 0.00000e+00
28.330000 2.58153e-04 -3.67187e-04 0.00000e+00
28.340000 2.32344e-04 -4.82042e-04 0.00000e+00
28.350000 2.00696e-04 -6.35138e-04 0.00000e+00
28.360000 1.92880e-04 -6.92267e-04 0.00000e+00
28.370000 1.96996e-04 -7.15450e-04 0.00000e+00
28.380000 1.92547e-04 -6.73982e-04 0.00000e+00
28.390000 1.84752e-04 -4.29449e-04 0.00000e+00
28.400000 1.83576e-04 -2.14702e-04 0.00000e+00
28.410000 1.79286e-04 -8.66842e-05 0.00000e+00
28.420000 1.54632e-04 5.56922e-05 0.00000e+00
28.430000 1.55460e-04 2.72345e-04 0.00000e+00
28.440000 1.55705e-04 4.48629e-04 0.00000e+00
28.450000 1.59448e-04 4.12662e-04 0.00000e+00
28.460000 1.68826e-04 3.21629e-04 0.00000e+00
28.470000 1.82816e-04 4.30768e-04 0.00000e+00
28.480000 2.19742e-04 7.95798e-04 0.00000e+00
28.490000 2.28306e-04 1.01674e-03 0.00000e+00
28.500000 2.58955e-04 1.01445e-03 0.00000e+00
28.510000 2.66461e-04 9.46749e-04 0.00000e+00
28.520000 2.71671e-04 7.33943e-04 0.00000e+00
28.530000 3.03435e-04 4.81730e-04 0.00000e+00
28.540000 3.07844e-04 3.25173e-04 0.00000e+00
28.550000 3.12519e-04 2.01076e-04 0.00000e+00
28.560000 3.04002e-04 7.63164e-06 0.00000e+00
28.570000 2.73419e-04 -1.48876e-04 0.00000e+00
28.580000 2.59967e-04 -2.70038e-04 0.00000e+00
28.590000 2.47805e-04 -5.40436e-04 0.00000e+00
28.600000 2.54383e-04 -8.85414e-04 0.00000e+00
28.610000 2.30393e-04 -1.21819e-03 0.00000e+00
28.620000 2.23084e-04 -1.55654e-03 0.00000e+00
28.630000 2.39348e-04 -1.80869e-03 0.00000e+00
28.640000 2.45266e-04 -2.03587e-03 0.00000e+00
28.650000 2.21324e-04 -2.13825e-03 0.00000e+00
28.660000 1.56047e-04 -2.14572e-03 0.00000e+00
28.670000 1.21516e-04 -2.16399e-03 0.00000e+00
28.680000 8.47981e-05 -2.20774e-03 0.00000e+00
28.690000 5.62989e-05 -2.33618e-03 0.00000e+00
28.700000 4.90424e-05 -2.36542e-03 0.00000e+00
28.710000 4.10738e-05 -2.35193e-03 0.00000e+00
28.720000 1.74415e-05 -2.38175e-03 0.00000e+00
28.730000 -8.98171e-06 -2.46076e-03 0.00000e+00
28.740000 -2.05384e-05 -2.60117e-03 0.00000e+00
28.750000 -7.14748e-05 -2.72830e-03 0.00000e+00
28.760000 -1.12404e-04 -2.78918e-03 0.00000e+00
28.770000 -1.35980e-04 -2.74827e-03 0.00000e+00
28.780000 -1.49798e-04 -2.67313e-03 0.00000e+00
28.790000 -1.55809e-04 -2.58995e-03 0.00000e+00
28.800000 -1.57279e-04 -2.34075e-03 0.00000e+00
28.810000 -1.86897e-04 -1.97941e-03 0.00000e+00
28.820000 -1.81415e-04 -1.69366e-03 0.00000e+00
28.830000 -2.28316e-04 -1.58799e-03 0.00000e+00
28.840000 -2.62739e-04 -1.56873e-03 0.00000e+00
28.850000 -3.06259e-04 -1.56877e-03 0.00000e+00
28.860000 -3.21171e-04 -1.52914e-03 0.00000e+00
28.870000 -3.37757e-04 -1.31995e-03 0.00000e+00
28.880000 -3.57443e-04 -9.58614e-04 0.00000e+00
28.890000 -3.73867e-04 -5.93290e-04 0.00000e+00
28.900000 -3.80803e-04 -3.60715e-04 0.00000e+00
28.910000 -3.66580e-04 -9.84063e-05 0.00000e+00
28.920000 -3.60360e-04 9.67076e-05 0.00000e+00
28.930000 -3.41349e-04 1.34423e-04 0.00000e+00
28.940000 -3.29194e-04 2.11391e-04 0.00000e+00
28.950000 -3.14278e-04 3.45677e-04 0.00000e+00
28.960000 -3.07525e-04 4.81369e-04 0.00000e+00
28.970000 -2.93068e-04 6.83187e-04 0.00000e+00
28.980000 -3.05681e-04 8.41314e-04 0.00000e+00
28.990000 -3.10441e-04 1.01346e-03 0.00000e+00
29.000000 -3.13363e-04 1.13454e-03 0.00000e+00
29.010000 -3.03612e-04 1.05980e-03 0.00000e+00
29.020000 -2.82482e-04 8.96505e-04 0.00000e+00
29.030000 -2.30780e-04 7.64086e-04 0.00000e+00
29.040000 -2.08875e-04 7.29786e-04 0.00000e+00
29.050000 -1.95656e-04 7.31514e-04 0.00000e+00
29.060000 -2.19062e-04 7.09974e-04 0.00000e+00
29.070000 -2.28662e-04 6.19965e-04 0.00000e+00
29.080000 -2.16835e-04 6.21474e-04 0.00000e+00
29.090000 -2.33655e-04 6.71700e-04 0.00000e+00
29.100000 -2.24479e-04 7.30894e-04 0.00000e+00
29.110000 -2.11791e-04 7.82605e-04 0.00000e+00
29.120000 -2.05785e-04 8.91988e-04 0.00000e+00
29.130000 -1.99907e-04 1.05015e-03 0.00000e+00
29.140000 -1.77460e-04 1.13969e-03 0.00000e+00
29.150000 -1.86644e-04 1.18081e-03 0.00000e+00
29.160000 -1.69171e-04 1.20544e-03 0.00000e+00
29.170000 -1.84002e-04 1.28076e-03 0.00000e+00
29.180000 -1.69394e-04 1.34983e-03 0.00000e+00
29.190000 -1.46564e-04 1.39004e-03 0.00000e+00
29.200000 -9.75309e-05 1.58232e-03 0.00000e+00
29.210000 -7.35556e-05 1.88363e-03 0.00000e+00
29.220000 -4.54149e-05 2.17220e-03 0.00000e+00
29.230000 -5.06298e-05 2.32480e-03 0.00000e+00
29.240000 -2.54891e-05 2.30510e-03 0.00000e+00
29.250000 5.44369e-06 2.31242e-03 0.00000e+00
29.260000 1.89368e-05 2.25251e-03 0.00000e+00
29.270000 4.36218e-05 2.17675e-03 0.00000e+00
29.280000 6.31274e-05 2.18196e-03 0.00000e+00
29.290000 1.07449e-04 2.13552e-03 0.00000e+00
29.300000 1.05939e-04 2.02804e-03 0.00000e+00
29.310000 1.23679e-04 1.97665e-03 0.00000e+00
29.320000 1.55025e-04 1.86016e-03 0.00000e+00
29.330000 1.79752e-04 1.60254e-03 0.00000e+00
29.340000 1.95922e-04 1.29608e-03 0.00000e+00
29.350000 1.95213e-04 9.45568e-04 0.00000e+00
29.360000 2.17434e-04 6.46175e-04 0.00000e+00
29.370000 2.54214e-04 5.50610e-04 0.00000e+00
29.380000 2.59989e-04 5.26615e-04 0.00000e+00
29.390000 2.57759e-04 3.85616e-04 0.00000e+00
29.400000 2.26610e-04 1.22084e-04 0.00000e+00
29.410000 2.21159e-04 -1.17228e-04 0.00000e+00
29.420000 2.20759e-04 -2.69282e-04 0.00000e+00
29.430000 2.17905e-04 -4.19861e-04 0.00000e+00
29.440000 2.27089e-04 -5.37799e-04 0.00000e+00
29.450000 2.12733e-04 -6.43444e-04 0.00000e+00
29.460000 1.96270e-04 -6.52102e-04 0.00000e+00
29.470000 1.86581e-04 -7.35351e-04 0.00000e+00
29.480000 1.76353e-04 -8.80787e-04 0.00000e+00
29.490000 1.41074e-04 -9.22129e-04 0.00000e+00
29.500000 1.27060e-04 -9.07399e-04 0.00000e+00
29.510000 1.37397e-04 -8.99247e-04 0.00000e+00
29.520000 1.32000e-04 -9.19098e-04 0.00000e+00
29.530000 1.53013e-04 -8.57108e-04 0.00000e+00
29.540000 1.63187e-04 -6.35929e-04 0.00000e+00
29.550000 1.30825e-04 -3.49850e-04 0.00000e+00
29.560000 1.10179e-04 -2.18236e-04 0.00000e+00
29.570000 1.11957e-04 -2.10775e-04 0.00000e+00
29.580000 1.23122e-04 -1.93535e-04 0.00000e+00
29.590000 1.13454e-04 -1.27796e-04 0.00000e+00
29.600000 1.26843e-04 6.09333e-06 0.00000e+00
29.610000 1.15759e-04 2.28087e-04 0.00000e+00
29.620000 1.14572e-04 3.71261e-04 0.00000e+00
29.630000 1.10269e-04 3.73286e-04 0.00000e+00
29.640000 9.34848e-05 3.64646e-04 0.00000e+00
29.650000 1.14986e-04 3.42376e-04 0.00000e+00
29.660000 1.12212e-04 2.28629e-04 0.00000e+00
29.670000 1.32924e-04 9.82544e-05 0.00000e+00
29.680000 1.32046e-04 9.58173e-05 0.00000e+00
29.690000 1.62582e-04 9.57087e-05 0.00000e+00
29.700000 1.67867e-04 1.41148e-04 0.00000e+00
29.710000 1.80446e-04 2.75657e-04 0.00000e+00
29.720000 1.64019e-04 2.54869e-04 0.00000e+00
29.730000 1.40371e-04 1.01697e-04 0.00000e+00
29.740000 1.60147e-04 -1.61848e-06 0.00000e+00
29.750000 1.58333e-04 -1.75748e-05 0.00000e+00
29.760000 1.66577e-04 -7.39661e-05 0.00000e+00
29.770000 1.71862e-04 -9.31385e-05 0.00000e+00
29.780000 1.51295e-04 -1.15434e-04 0.00000e+00
29.790000 1.17844e-04 -2.54029e-04 0.00000e+00
29.800000 1.12017e-04 -3.79855e-04 0.00000e+00
29.810000 1.09825e-04 -5.31485e-04 0.00000e+00
29.820000 1.06639e-04 -6.11830e-04 0.00000e+00
29.830000 1.12805e-04 -6.66430e-04 0.00000e+00
29.840000 1.22010e-04 -6.89961e-04 0.00000e+00
29.850000 1.23683e-04 -6.83083e-04 0.00000e+00
29.860000 1.12284e-04 -6.69377e-04 0.00000e+00
29.870000 1.20271e-04 -6.16198e-04 0.00000e+00
29.880000 9.97135e-05 -5.86952e-04 0.00000e+00
29.890000 8.26124e-05 -6.07674e-04 0.00000e+00
29.900000 7.51748e-05 -7.23949e-04 0.00000e+00
29.910000 7.55639e-05 -6.85682e-04 0.00000e+00
29.920000 6.84850e-05 -5.92228e-04 0.00000e+00
29.930000 5.70991e-05 -6.08149e-04 0.00000e+00
29.940000 5.68424e-05 -5.87383e-04 0.00000e+00
29.950000 2.72948e-05 -5.88670e-04 0.00000e+00
29.960000 2.11497e-05 -6.69202e-04 0.00000e+00
29.970000 2.75604e-05 -7.43495e-04 0.00000e+00
29.980000 2.30145e-05 -7.29833e-04 0.00000e+00
29.990000 2.46806e-05 -6.90603e-04 0.00000e+00
30.000000 1.10400e-05 -6.57642e-04 0.00000e+00
30.010000 1.83341e-05 -5.78401e-04 0.00000e+00
30.020000 -5.27291e-06 -5.13699e-04 0.00000e+00
30.030000 -6.92769e-06 -5.14487e-04 0.00000e+00
30.040000 -1.76887e-05 -4.95198e-04 0.00000e+00
30.050000 -2.06753e-05 -4.94473e-04 0.00000e+00
30.060000 -2.81290e-05 -5.75799e-04 0.00000e+00
30.070000 -2.30809e-05 -6.57173e-04 0.00000e+00
30.080000 -2.17889e-05 -7.19066e-04 0.00000e+00
30.090000 -5.64928e-05 -8.08688e-04 0.00000e+00
30.100000 -6.10914e-05 -8.55883e-04 0.00000e+00
30.110000 -5.09474e-05 -8.47963e-04 0.00000e+00
30.120000 -5.36455e-05 -9.47706e-04 0.00000e+00
30.130000 -5.46191e-05 -1.03592e-03 0.00000e+00
30.140000 -6.42439e-05 -9.66995e-04 0.00000e+00
30.150000 -6.30255e-05 -8.95487e-04 0.00000e+00
30.160000 -8.75304e-05 -8.67127e-04 0.00000e+00
30.170000 -9.99150e-05 -8.69967e-04 0.00000e+00
30.180000 -1.16269e-04 -9.06789e-04 0.00000e+00
30.190000 -1.37414e-04 -9.21961e-04 0.00000e+00
30.200000 -1.49987e-04 -8.85030e-04 0.00000e+00
30.210000 -1.60702e-04 -7.83467e-04 0.00000e+00
30.220000 -1.76290e-04 -6.90032e-04 0.00000e+00
30.230000 -1.88245e-04 -6.23637e-04 0.00000e+00
30.240000 -1.95188e-04 -5.74590e-04 0.00000e+00
30.250000 -1.97677e-04 -4.96885e-04 0.00000e+00
30.260000 -1.92675e-04 -4.29374e-04 0.00000e+00
30.270000 -1.70980e-04 -3.56618e-04 0.00000e+00
30.280000 -1.88302e-04 -1.58074e-04 0.00000e+00
30.290000 -1.82749e-04 7.03175e-05 0.00000e+00
30.300000 -1.64734e-04 2.60035e-04 0.00000e+00
30.310000 -1.67133e-04 4.02091e-04 0.00000e+00
30.320000 -1.85486e-04 5.70794e-04 0.00000e+00
30.330000 -1.86337e-04 6.82161e-04 0.00000e+00
30.340000 -1.85471e-04 6.80476e-04 0.00000e+00
30.350000 -1.74601e-04 7.05757e-04 0.00000e+00
30.360000 -1.40489e-04 7.13363e-04 0.00000e+00
30.370000 -1.35241e-04 6.78939e-04 0.00000e+00
30.380000 -1.28049e-04 6.07113e-04 0.00000e+00
30.390000 -1.40066e-04 5.03841e-04 0.00000e+00
30.400000 -1.31364e-04 4.58471e-04 0.00000e+00
30.410000 -1.25629e-04 4.77588e-04 0.00000e+00
30.420000 -9.16013e-05 4.86724e-04 0.00000e+00
30.430000 -7.41591e-05 5.06902e-04 0.00000e+00
30.440000 -6.61078e-05 6.26353e-04 0.00000e+00
30.450000 -6.07890e-05 6.63326e-04 0.00000e+00
30.460000 -6.93177e-05 6.25929e-04 0.00000e+00
30.470000 -7.64569e-05 7.23033e-04 0.00000e+00
30.480000 -8.08656e-05 8.29858e-04 0.00000e+00
30.490000 -7.56247e-05 8.07962e-04 0.00000e+00
30.500000 -9.40182e-05 7.84109e-04 0.00000e+00
30.510000 -8.39939e-05 8.23506e-04 0.00000e+00
30.520000 -6.94707e-05 8.28776e-04 0.00000e+00
30.530000 -6.78780e-05 9.55079e-04 0.00000e+00
30.540000 -6.11586e-05 1.15020e-03 0.00000e+00
30.550000 -4.38876e-05 1.21650e-03 0.00000e+00
30.560000 -9.77787e-06 1.22741e-03 0.00000e+00
30.570000 2.48894e-05 1.28339e-03 0.00000e+00
30.580000 3.35155e-05 1.33908e-03 0.00000e+00
30.590000 4.21072e-05 1.47620e-03 0.00000e+00
30.600000 5.94700e-05 1.64949e-03 0.00000e+00
30.610000 7.41192e-05 1.67864e-03 0.00000e+00
30.620000 7.16370e-05 1.62424e-03 0.00000e+00
30.630000 1.04299e-04 1.52314e-03 0.00000e+00
30.640000 1.21768e-04 1.37477e-03 0.00000e+00
30.650000 1.30311e-04 1.17590e-03 0.00000e+00
30.660000 1.37025e-04 9.63178e-04 0.00000e+00
30.670000 1.65485e-04 7.14022e-04 0.00000e+00
30.680000 1.67690e-04 4.69613e-04 0.00000e+00
30.690000 1.78056e-04 3.37444e-04 0.00000e+00
30.700000 2.04861e-04 2.10856e-04 0.00000e+00
30.710000 1.96324e-04 8.42064e-05 0.00000e+00
30.720000 1.85907e-04 -1.39429e-05 0.00000e+00
30.730000 2.05344e-04 -2.59283e-05 0.00000e+00
30.740000 1.96537e-04 1.08171e-04 0.00000e+00
30.750000 1.82900e-04 1.67908e-04 0.00000e+00
30.760000 1.77025e-04 1.12615e-04 0.00000e+00
30.770000 1.39802e-04 6.77666e-05 0.00000e+00
30.780000 1.18776e-04 -6.02670e-06 0.00000e+00
30.790000 1.14463e-04 -1.62440e-04 0.00000e+00
30.800000 1.15352e-04 -2.46939e-04 0.00000e+00
30.810000 1.10704e-04 -2.22843e-04 0.00000e+00
30.820000 1.11452e-04 -1.79734e-04 0.00000e+00
30.830000 1.26090e-04 -9.60766e-05 0.00000e+00
30.840000 1.44587e-04 6.39215e-05 0.00000e+00
30.850000 1.63432e-04 1.32302e-04 0.00000e+00
30.860000 1.84707e-04 9.31246e-05 0.00000e+00
30.870000 1.87375e-04 1.82198e-04 0.00000e+00
30.880000 2.00531e-04 2.63128e-04 0.00000e+00
30.890000 1.93480e-04 1.75693e-04 0.00000e+00
30.900000 2.07004e-04 1.03379e-04 0.00000e+00
30.910000 1.90451e-04 -1.47689e-05 0.00000e+00
30.920000 1.55794e-04 -2.49378e-04 0.00000e+00
30.930000 1.44987e-04 -4.45951e-04 0.00000e+00
30.940000 1.32370e-04 -7.10524e-04 0.00000e+00
30.950000 1.21682e-04 -1.04187e-03 0.00000e+00
30.960000 1.30739e-04 -1.33652e-03 0.00000e+00
30.970000 1.46028e-04 -1.60514e-03 0.00000e+00
30.980000 1.49885e-04 -1.86733e-03 0.00000e+00
30.990000 1.47218e-04 -2.16286e-03 0.00000e+00
31.000000 1.24366e-04 -2.36686e-03 0.00000e+00
31.010000 8.52944e-05 -2.41478e-03 0.00000e+00
31.020000 3.33953e-05 -2.33899e-03 0.00000e+00
31.030000 2.27428e-05 -2.13938e-03 0.00000e+00
31.040000 -5.33750e-07 -1.99260e-03 0.00000e+00
31.050000 -4.85844e-05 -1.82643e-03 0.00000e+00
31.060000 -9.57734e-05 -1.62957e-03 0.00000e+00
31.070000 -1.17715e-04 -1.40471e-03 0.00000e+00
31.080000 -1.53731e-04 -1.15697e-03 0.00000e+00
31.090000 -1.52466e-04 -1.09967e-03 0.00000e+00
31.100000 -1.64260e-04 -1.08681e-03 0.00000e+00
31.110000 -1.77359e-04 -9.77259e-04 0.00000e+00
31.120000 -1.85296e-04 -8.18375e-04 0.00000e+00
31.130000 -1.90923e-04 -5.79884e-04 0.00000e+00
31.140000 -1.86628e-04 -2.03301e-04 0.00000e+00
31.150000 -1.74392e-04 2.18341e-04 0.00000e+00
31.160000 -1.58476e-04 5.85391e-04 0.00000e+00
31.170000 -1.09768e-04 8.81476e-04 0.00000e+00
31.180000 -8.81444e-05 9.81490e-04 0.00000e+00
31.190000 -6.33725e-05 9.36464e-04 0.00000e+00
31.200000 -6.85371e-05 9.50173e-04 0.00000e+00
31.210000 -7.96751e-05 9.87610e-04 0.00000e+00
31.220000 -6.05751e-05 8.87161e-04 0.00000e+00
31.230000 -7.27091e-05 6.14524e-04 0.00000e+00
31.240000 -6.56841e-05 3.83429e-04 0.00000e+00
31.250000 -8.20244e-05 1.97574e-04 0.00000e+00
31.260000 -9.05526e-05 7.36842e-05 0.00000e+00
31.270000 -6.67389e-05 -1.15304e-05 0.00000e+00
31.280000 -4.60038e-05 -2.51259e-04 0.00000e+00
31.290000 -3.74911e-05 -5.26574e-04 0.00000e+00
31.300000 -3.44526e-05 -7.80209e-04 0.00000e+00
31.310000 -3.77584e-05 -1.03937e-03 0.00000e+00
31.320000 -6.91265e-05 -1.23564e-03 0.00000e+00
31.330000 -9.98254e-05 -1.36630e-03 0.00000e+00
31.340000 -1.31065e-04 -1.35096e-03 0.00000e+00
31.350000 -1.69169e-04 -1.27769e-03 0.00000e+00
31.360000 -1.63693e-04 -1.21231e-03 0.00000e+00
31.370000 -1.83274e-04 -1.13113e-03 0.00000e+00
31.380000 -1.97659e-04 -1.17010e-03 0.00000e+00
31.390000 -2.15646e-04 -1.08522e-03 0.00000e+00
31.400000 -2.19150e-04 -9.44248e-04 0.00000e+00
31.410000 -1.99523e-04 -9.06195e-04 0.00000e+00
31.420000 -2.11707e-04 -8.94832e-04 0.00000e+00
31.430000 -2.18316e-04 -9.16162e-04 0.00000e+00
31.440000 -2.55472e-04 -8.08129e-04 0.00000e+00
31.450000 -2.73549e-04 -5.08368e-04 0.00000e+00
31.460000 -2.64232e-04 -1.88099e-04 0.00000e+00
31.470000 -2.65410e-04 3.54931e-05 0.00000e+00
31.480000 -2.58955e-04 2.33384e-04 0.00000e+00
31.490000 -2.40808e-04 3.49033e-04 0.00000e+00
31.500000 -2.34470e-04 3.67163e-04 0.00000e+00
31.510000 -2.20499e-04 3.32046e-04 0.00000e+00
31.520000 -2.26008e-04 2.62307e-04 0.00000e+00
31.530000 -2.08090e-04 3.26154e-04 0.00000e+00
31.540000 -2.09317e-04 4.45493e-04 0.00000e+00
31.550000 -2.09652e-04 5.36725e-04 0.00000e+00
31.560000 -1.82436e-04 6.05242e-04 0.00000e+00
31.570000 -2.09165e-04 6.08608e-04 0.00000e+00
31.580000 -2.05985e-04 7.60915e-04 0.00000e+00
31.590000 -1.93414e-04 9.05560e-04 0.00000e+00
31.600000 -1.72962e-04 9.85934e-04 0.00000e+00
31.610000 -1.51460e-04 1.06071e-03 0.00000e+00
31.620000 -1.38810e-04 1.03995e-03 0.00000e+00
31.630000 -1.62893e-04 1.08398e-03 0.00000e+00
31.640000 -1.67127e-04 1.12604e-03 0.00000e+00
31.650000 -1.57630e-04 1.13219e-03 0.00000e+00
31.660000 -1.53370e-04 1.23163e-03 0.00000e+00
31.670000 -1.36313e-04 1.34102e-03 0.00000e+00
31.680000 -1.16870e-04 1.39832e-03 0.00000e+00
31.690000 -7.77913e-05 1.41881e-03 0.00000e+00
31.700000 -5.13444e-05 1.42601e-03 0.00000e+00
31.710000 -3.99667e-05 1.46363e-03 0.00000e+00
31.720000 -2.16539e-05 1.46408e-03 0.00000e+00
31.730000 -2.17914e-05 1.53164e-03 0.00000e+00
31.740000 -7.25302e-07 1.52598e-03 0.00000e+00
31.750000 3.75854e-05 1.37393e-03 0.00000e+00
31.760000 3.19892e-05 1.28698e-03 0.00000e+00
31.770000 6.98166e-05 1.24762e-03 0.00000e+00
31.780000 6.74015e-05 1.20831e-03 0.00000e+00
31.790000 6.97681e-05 1.18315e-03 0.00000e+00
31.800000 7.75390e-05 1.05789e-03 0.00000e+00
31.810000 7.90669e-05 9.04893e-04 0.00000e+00
31.820000 9.74248e-05 8.49976e-04 0.00000e+00
31.830000 1.10437e-04 7.47419e-04 0.00000e+00
31.840000 1.02466e-04 6.16667e-04 0.00000e+00
31.850000 1.06281e-04 5.11442e-04 0.00000e+00
31.860000 1.14639e-04 5.14652e-04 0.00000e+00
31.870000 1.20505e-04 5.58255e-04 0.00000e+00
31.880000 1.35899e-04 5.31989e-04 0.00000e+00
31.890000 1.29132e-04 4.76511e-04 0.00000e+00
31.900000 1.35753e-04 3.26229e-04 0.00000e+00
31.910000 1.17122e-04 1.63490e-04 0.00000e+00
31.920000 1.20821e-04 2.03858e-04 0.00000e+00
31.930000 1.32469e-04 2.45476e-04 0.00000e+00
31.940000 1.37990e-04 2.54874e-04 0.00000e+00
31.950000 1.45176e-04 2.64964e-04 0.00000e+00
31.960000 1.65418e-04 1.99892e-04 0.00000e+00
31.970000 1.65549e-04 1.90379e-04 0.00000e+00
31.980000 1.85420e-04 2.04627e-04 0.00000e+00
31.990000 1.68511e-04 2.47253e-04 0.00000e+00
32.000000 1.58814e-04 2.88663e-04 0.00000e+00
32.010000 1.59497e-04 2.22397e-04 0.00000e+00
32.020000 1.64732e-04 3.91049e-05 0.00000e+00
32.030000 1.69254e-04 -1.16250e-04 0.00000e+00
32.040000 1.49512e-04 -1.85232e-04 0.00000e+00
32.050000 1.46193e-04 -1.63391e-04 0.00000e+00
32.060000 1.33297e-04 -1.48803e-04 0.00000e+00
32.070000 1.35048e-04 -2.13638e-04 0.00000e+00
32.080000 1.57873e-04 -3.49361e-04 0.00000e+00
32.090000 1.77810e-04 -5.28654e-04 0.00000e+00
32.100000 1.56559e-04 -6.01052e-04 0.00000e+00
32.110000 1.53933e-04 -6.16831e-04 0.00000e+00
32.120000 1.47789e-04 -6.51469e-04 0.00000e+00
32.130000 1.53015e-04 -6.14705e-04 0.00000e+00
32.140000 1.48548e-04 -5.12791e-04 0.00000e+00
32.150000 1.34479e-04 -3.58254e-04 0.00000e+00
32.160000 1.10720e-04 -3.34070e-04 0.00000e+00
32.170000 8.43009e-05 -4.36603e-04 0.00000e+00
32.180000 6.60990e-05 -4.42418e-04 0.00000e+00
32.190000 5.94204e-05 -4.10857e-04 0.00000e+00
32.200000 8.71974e-05 -3.80219e-04 0.00000e+00
32.210000 9.39773e-05 -4.18892e-04 0.00000e+00
32.220000 9.41214e-05 -4.69113e-04 0.00000e+00
32.230000 6.91632e-05 -4.79714e-04 0.00000e+00
32.240000 5.69864e-05 -4.99596e-04 0.00000e+00
32.250000 5.63838e-05 -4.49860e-04 0.00000e+00
32.260000 6.52464e-05 -2.67766e-04 0.00000e+00
32.270000 8.55072e-05 -1.28865e-04 0.00000e+00
32.280000 8.33591e-05 -5.26754e-05 0.00000e+00
32.290000 8.81834e-05 1.15089e-04 0.00000e+00
32.300000 9.87219e-05 2.92879e-04 0.00000e+00
32.310000 9.57460e-05 4.46096e-04 0.00000e+00
32.320000 7.55341e-05 5.05479e-04 0.00000e+00
32.330000 4.57611e-05 4.75370e-04 0.00000e+00
32.340000 6.76095e-05 4.21114e-04 0.00000e+00
32.350000 6.97553e-05 3.06747e-04 0.00000e+00
32.360000 6.55703e-05 2.06350e-04 0.00000e+00
32.370000 6.72317e-05 2.73445e-04 0.00000e+00
32.380000 7.34072e-05 3.71861e-04 0.00000e+00
32.390000 8.87061e-05 2.89351e-04 0.00000e+00
32.400000 9.57111e-05 1.32379e-04 0.00000e+00
32.410000 1.00603e-04 -5.79340e-05 0.00000e+00
32.420000 1.19512e-04 -2.21599e-04 0.00000e+00
32.430000 1.39508e-04 -2.77941e-04 0.00000e+00
32.440000 1.32894e-04 -2.57730e-04 0.00000e+00
32.450000 1.37319e-04 -2.80213e-04 0.00000e+00
32.460000 1.34555e-04 -4.11813e-04 0.00000e+00
32.470000 1.03050e-04 -4.96225e-04 0.00000e+00
32.480000 9.22804e-05 -5.81282e-04 0.00000e+00
32.490000 6.39485e-05 -7.34630e-04 0.00000e+00
32.500000 6.81652e-05 -9.25730e-04 0.00000e+00
32.510000 5.11577e-05 -1.02655e-03 0.00000e+00
32.520000 3.75673e-05 -1.06883e-03 0.00000e+00
32.530000 3.56338e-05 -1.22808e-03 0.00000e+00
32.540000 2.23168e-05 -1.38254e-03 0.00000e+00
32.550000 -2.07956e-05 -1.52592e-03 0.00000e+00
32.560000 -4.20560e-05 -1.62226e-03 0.00000e+00
32.570000 -2.95956e-05 -1.63959e-03 0.00000e+00
32.580000 -4.86372e-05 -1.67656e-03 0.00000e+00
32.590000 -4.04223e-05 -1.67204e-03 0.00000e+00
32.600000 -5.32353e-05 -1.59184e-03 0.00000e+00
32.610000 -7.67562e-05 -1.50901e-03 0.00000e+00
32.620000 -1.07637e-04 -1.42880e-03 0.00000e+00
32.630000 -1.24811e-04 -1.34733e-03 0.00000e+00
32.640000 -1.19690e-04 -1.33701e-03 0.00000e+00
32.650000 -1.40664e-04 -1.28795e-03 0.00000e+00
32.660000 -1.37272e-04 -1.24840e-03 0.00000e+00
32.670000 -1.56712e-04 -1.12808e-03 0.00000e+00
32.680000 -1.72822e-04 -9.43906e-04 0.00000e+00
32.690000 -2.04788e-04 -9.00630e-04 0.00000e+00
32.700000 -2.19247e-04 -7.64110e-04 0.00000e+00
32.710000 -2.19560e-04 -5.69478e-04 0.00000e+00
32.720000 -2.31948e-04 -4.81678e-04 0.00000e+00
32.730000 -2.18427e-04 -3.88365e-04 0.00000e+00
32.740000 -2.23867e-04 -1.53691e-04 0.00000e+00
32.750000 -2.30639e-04 4.37898e-05 0.00000e+00
32.760000 -2.23884e-04 2.95500e-04 0.00000e+00
32.770000 -2.20934e-04 6.28285e-04 0.00000e+00
32.780000 -2.11207e-04 8.30680e-04 0.00000e+00
32.790000 -2.13474e-04 9.53393e-04 0.00000e+00
32.800000 -2.02952e-04 9.86848e-04 0.00000e+00
32.810000 -1.85759e-04 1.10271e-03 0.00000e+00
32.820000 -1.62432e-04 1.24463e-03 0.00000e+00
32.830000 -1.63641e-04 1.37696e-03 0.00000e+00
32.840000 -1.27760e-04 1.49780e-03 0.00000e+00
32.850000 -1.45590e-04 1.46327e-03 0.00000e+00
32.860000 -1.23416e-04 1.32274e-03 0.00000e+00
32.870000 -8.43741e-05 1.15356e-03 0.00000e+00
32.880000 -7.66783e-05 1.03537e-03 0.00000e+00
32.890000 -5.38466e-05 8.64952e-04 0.00000e+00
32.900000 -3.47003e-05 7.43811e-04 0.00000e+00
32.910000 -2.85033e-05 6.57704e-04 0.00000e+00
32.920000 -2.45707e-05 4.20132e-04 0.00000e+00
32.930000 4.73822e-06 2.06870e-04 0.00000e+00
32.940000 -1.85129e-05 3.03894e-05 0.00000e+00
32.950000 -2.76638e-05 -9.81737e-05 0.00000e+00
32.960000 -3.59755e-05 -1.98775e-04 0.00000e+00
32.970000 -4.52743e-05 -2.56574e-04 0.00000e+00
32.980000 -2.27953e-05 -1.91512e-04 0.00000e+00
32.990000 -4.32957e-05 -1.17921e-04 0.00000e+00
33.000000 -4.66566e-05 -8.39352e-05 0.00000e+00
33.010000 -8.06749e-05 -3.43709e-05 0.00000e+00
33.020000 -9.68611e-05 -3.51881e-05 0.00000e+00
33.030000 -9.71772e-05 -2.76691e-05 0.00000e+00
33.040000 -9.26578e-05 1.70618e-04 0.00000e+00
33.050000 -9.34146e-05 3.59645e-04 0.00000e+00
33.060000 -9.29142e-05 5.21058e-04 0.00000e+00
33.070000 -7.24961e-05 6.78520e-04 0.00000e+00
33.080000 -8.28588e-05 7.90030e-04 0.00000e+00
33.090000 -7.39727e-05 9.65942e-04 0.00000e+00
33.100000 -3.28437e-05 1.24822e-03 0.00000e+00
33.110000 -1.48936e-05 1.41763e-03 0.00000e+00
33.120000 3.12032e-05 1.40613e-03 0.00000e+00
33.130000 4.29655e-05 1.38639e-03 0.00000e+00
33.140000 8.08186e-05 1.34209e-03 0.00000e+00
33.150000 7.90736e-05 1.40553e-03 0.00000e+00
33.160000 8.03310e-05 1.46959e-03 0.00000e+00
33.170000 8.96755e-05 1.39700e-03 0.00000e+00
33.180000 9.49319e-05 1.22737e-03 0.00000e+00
33.190000 1.15084e-04 9.62395e-04 0.00000e+00
33.200000 1.35812e-04 7.61517e-04 0.00000e+00
33.210000 1.42819e-04 6.39496e-04 0.00000e+00
33.220000 1.36594e-04 4.46121e-04 0.00000e+00
33.230000 1.40642e-04 2.48891e-04 0.00000e+00
33.240000 1.34202e-04 1.88906e-04 0.00000e+00
33.250000 1.57275e-04 9.28484e-05 0.00000e+00
33.260000 1.65710e-04 -5.42154e-05 0.00000e+00
33.270000 1.45306e-04 8.80762e-07 0.00000e+00
33.280000 1.19616e-04 1.11972e-04 0.00000e+00
33.290000 1.14264e-04 2.22380e-04 0.00000e+00
33.300000 1.22015e-04 3.80235e-04 0.00000e+00
33.310000 1.25703e-04 5.55963e-04 0.00000e+00
33.320000 1.38618e-04 6.57939e-04 0.00000e+00
33.330000 1.18290e-04 6.60610e-04 0.00000e+00
33.340000 1.11713e-04 7.23647e-04 0.00000e+00
33.350000 1.16839e-04 7.23856e-04 0.00000e+00
33.360000 1.30210e-04 7.90277e-04 0.00000e+00
33.370000 1.56356e-04 9.11120e-04 0.00000e+00
33.380000 1.67681e-04 9.33228e-04 0.00000e+00
33.390000 1.75984e-04 9.25644e-04 0.00000e+00
33.400000 2.23016e-04 8.42221e-04 0.00000e+00
33.410000 2.36555e-04 7.06546e-04 0.00000e+00
33.420000 2.45484e-04 6.75810e-04 0.00000e+00
33.430000 2.66141e-04 6.41655e-04 0.00000e+00
33.440000 2.87744e-04 4.15810e-04 0.00000e+00
33.450000 2.67934e-04 2.32517e-05 0.00000e+00
33.460000 2.76014e-04 -3.29444e-04 0.00000e+00
33.470000 2.67675e-04 -5.35993e-04 0.00000e+00
33.480000 2.53068e-04 -7.81111e-04 0.00000e+00
33.490000 2.27224e-04 -1.07143e-03 0.00000e+00
33.500000 2.30713e-04 -1.41324e-03 0.00000e+00
33.510000 2.08640e-04 -1.81474e-03 0.00000e+00
33.520000 1.82699e-04 -2.10694e-03 0.00000e+00
33.530000 1.83260e-04 -2.29899e-03 0.00000e+00
33.540000 1.28974e-04 -2.47636e-03 0.00000e+00
33.550000 1.09447e-04 -2.62348e-03 0.00000e+00
33.560000 8.02577e-05 -2.74169e-03 0.00000e+00
33.570000 3.55956e-05 -2.68574e-03 0.00000e+00
33.580000 2.22662e-05 -2.51333e-03 0.00000e+00
33.590000 -1.02746e-05 -2.41623e-03 0.00000e+00
33.600000 -6.59134e-05 -2.34157e-03 0.00000e+00
33.610000 -9.35539e-05 -2.20744e-03 0.00000e+00
33.620000 -1.11670e-04 -2.07546e-03 0.00000e+00
33.630000 -1.04145e-04 -1.92293e-03 0.00000e+00
33.640000 -1.33412e-04 -1.69359e-03 0.00000e+00
33.650000 -1.68787e-04 -1.48819e-03 0.00000e+00
33.660000 -1.75638e-04 -1.29962e-03 0.00000e+00
33.670000 -1.78734e-04 -1.04251e-03 0.00000e+00
33.680000 -1.75857e-04 -8.40239e-04 0.00000e+00
33.690000 -1.63648e-04 -7.95722e-04 0.00000e+00
33.700000 -1.78982e-04 -6.09057e-04 0.00000e+00
33.710000 -1.84957e-04 -4.29511e-04 0.00000e+00
33.720000 -1.69581e-04 -3.47244e-04 0.00000e+00
33.730000 -1.66252e-04 -2.45610e-04 0.00000e+00
33.740000 -1.59111e-04 -2.97327e-04 0.00000e+00
33.750000 -1.79570e-04 -2.41483e-04 0.00000e+00
33.760000 -2.00397e-04 -1.35034e-04 0.00000e+00
33.770000 -2.08661e-04 -2.04389e-04 0.00000e+00
33.780000 -1.93224e-04 -3.37401e-04 0.00000e+00
33.790000 -1.87215e-04 -3.97466e-04 0.00000e+00
33.800000 -1.85690e-04 -2.61298e-04 0.00000e+00
33.810000 -1.88093e-04 -2.10328e-04 0.00000e+00
33.820000 -1.99542e-04 -3.43555e-04 0.00000e+00
33.830000 -2.06268e-04 -4.29821e-04 0.00000e+00
33.840000 -2.28021e-04 -4.24405e-04 0.00000e+00
33.850000 -2.53168e-04 -3.80576e-04 0.00000e+00
33.860000 -2.45472e-04 -3.04628e-04 0.00000e+00
33.870000 -2.18862e-04 -2.59684e-04 0.00000e+00
33.880000 -2.46068e-04 -2.57588e-04 0.00000e+00
33.890000 -2.46230e-04 -1.17956e-04 0.00000e+00
33.900000 -2.59331e-04 1.22176e-05 0.00000e+00
33.910000 -2.51298e-04 1.11673e-04 0.00000e+00
33.920000 -2.19683e-04 2.44452e-04 0.00000e+00
33.930000 -2.48792e-04 2.36533e-04 0.00000e+00
33.940000 -2.36766e-04 1.84553e-04 0.00000e+00
33.950000 -2.38789e-04 2.95135e-04 0.00000e+00
33.960000 -2.04237e-04 4.75728e-04 0.00000e+00
33.970000 -2.07111e-04 5.91069e-04 0.00000e+00
33.980000 -2.32386e-04 6.66509e-04 0.00000e+00
33.990000 -2.12740e-04 6.82082e-04 0.00000e+00
34.000000 -2.00883e-04 6.94856e-04 0.00000e+00
34.010000 -1.85603e-04 6.55438e-04 0.00000e+00
34.020000 -1.84445e-04 5.38757e-04 0.00000e+00
34.030000 -1.74491e-04 5.02707e-04 0.00000e+00
34.040000 -1.66593e-04 6.28664e-04 0.00000e+00
34.050000 -1.53210e-04 6.60899e-04 0.00000e+00
34.060000 -1.40818e-04 5.82465e-04 0.00000e+00
34.070000 -1.60603e-04 5.32648e-04 0.00000e+00
34.080000 -1.31058e-04 4.99790e-04 0.00000e+00
34.090000 -1.36635e-04 6.21469e-04 0.00000e+00
34.100000 -1.46423e-04 6.63878e-04 0.00000e+00
34.110000 -1.23879e-04 6.40461e-04 0.00000e+00
34.120000 -1.05189e-04 6.73047e-04 0.00000e+00
34.130000 -1.21460e-04 8.12069e-04 0.00000e+00
34.140000 -1.21682e-04 9.65225e-04 0.00000e+00
34.150000 -1.22229e-04 9.06678e-04 0.00000e+00
34.160000 -1.12321e-04 8.96800e-04 0.00000e+00
34.170000 -9.76635e-05 9.52599e-04 0.00000e+00
34.180000 -9.18152e-05 1.04020e-03 0.00000e+00
34.190000 -6.60396e-05 1.15155e-03 0.00000e+00
34.200000 -4.72207e-05 1.24892e-03 0.00000e+00
34.210000 -3.34750e-05 1.40484e-03 0.00000e+00
34.220000 -3.60671e-05 1.56023e-03 0.00000e+00
34.230000 -1.06324e-05 1.65506e-03 0.00000e+00
34.240000 1.02994e-05 1.67322e-03 0.00000e+00
34.250000 3.60520e-05 1.82116e-03 0.00000e+00
34.260000 5.93676e-05 1.98786e-03 0.00000e+00
34.270000 6.43779e-05 2.00842e-03 0.00000e+00
34.280000 9.22783e-05 2.08943e-03 0.00000e+00
34.290000 1.06624e-04 2.18394e-03 0.00000e+00
34.300000 1.35748e-04 2.15249e-03 0.00000e+00
34.310000 1.26779e-04 2.09809e-03 0.00000e+00
34.320000 1.51242e-04 2.10918e-03 0.00000e+00
34.330000 1.79428e-04 2.11137e-03 0.00000e+00
34.340000 2.01149e-04 2.07427e-03 0.00000e+00
34.350000 2.42371e-04 1.97396e-03 0.00000e+00
34.360000 2.56189e-04 1.86838e-03 0.00000e+00
34.370000 2.80824e-04 1.75337e-03 0.00000e+00
34.380000 2.96112e-04 1.57103e-03 0.00000e+00
34.390000 2.97313e-04 1.31831e-03 0.00000e+00
34.400000 3.11138e-04 1.05804e-03 0.00000e+00
34.410000 3.45453e-04 8.19137e-04 0.00000e+00
34.420000 3.62985e-04 5.67627e-04 0.00000e+00
34.430000 3.45716e-04 3.34449e-04 0.00000e+00
34.440000 3.56415e-04 5.10622e-05 0.00000e+00
34.450000 3.53031e-04 -2.29872e-04 0.00000e+00
34.460000 3.47088e-04 -4.72671e-04 0.00000e+00
34.470000 3.57097e-04 -7.14250e-04 0.00000e+00
34.480000 3.64773e-04 -1.04381e-03 0.00000e+00
34.490000 3.50687e-04 -1.39087e-03 0.00000e+00
34.500000 3.18218e-04 -1.54254e-03 0.00000e+00
34.510000 2.89447e-04 -1.59987e-03 0.00000e+00
34.520000 2.65277e-04 -1.59024e-03 0.00000e+00
34.530000 2.41318e-04 -1.59497e-03 0.00000e+00
34.540000 2.12456e-04 -1.69831e-03 0.00000e+00
34.550000 1.92243e-04 -1.75314e-03 0.00000e+00
34.560000 1.72405e-04 -1.73747e-03 0.00000e+00
34.570000 1.50742e-04 -1.69556e-03 0.00000e+00
34.580000 1.33046e-04 -1.52923e-03 0.00000e+00
34.590000 1.19437e-04 -1.34689e-03 0.00000e+00
34.600000 1.09174e-04 -1.29382e-03 0.00000e+00
34.610000 9.29568e-05 -1.19017e-03 0.00000e+00
34.620000 8.76326e-05 -1.08293e-03 0.00000e+00
34.630000 7.73693e-05 -9.87899e-04 0.00000e+00
34.640000 6.94809e-05 -7.41870e-04 0.00000e+00
34.650000 6.91602e-05 -4.69735e-04 0.00000e+00
34.660000 9.13519e-05 -2.35886e-04 0.00000e+00
34.670000 1.10135e-04 -8.57041e-05 0.00000e+00
34.680000 9.65261e-05 -5.40995e-05 0.00000e+00
34.690000 8.22685e-05 -8.67695e-05 0.00000e+00
34.700000 6.10153e-05 -1.24858e-04 0.00000e+00
34.710000 5.87622e-05 -1.96424e-04 0.00000e+00
34.720000 8.62590e-05 -2.67848e-04 0.00000e+00
34.730000 8.83223e-05 -2.75236e-04 0.00000e+00
34.740000 7.72250e-05 -3.70650e-04 0.00000e+00
34.750000 7.37596e-05 -4.79008e-04 0.00000e+00
34.760000 4.84315e-05 -5.38537e-04 0.00000e+00
34.770000 5.77995e-05 -6.31296e-04 0.00000e+00
34.780000 5.68374e-05 -7.60298e-04 0.00000e+00
34.790000 4.39491e-05 -8.72246e-04 0.00000e+00
34.800000 6.41504e-05 -1.00238e-03 0.00000e+00
34.810000 5.19291e-05 -1.15965e-03 0.00000e+00
34.820000 1.91031e-05 -1.27839e-03 0.00000e+00
34.830000 9.33653e-06 -1.31904e-03 0.00000e+00
34.840000 -3.00324e-05 -1.20629e-03 0.00000e+00
34.850000 -5.25732e-05 -1.12201e-03 0.00000e+00
34.860000 -6.92290e-05 -1.16996e-03 0.00000e+00
34.870000 -6.55104e-05 -1.25073e-03 0.00000e+00
34.880000 -8.16124e-05 -1.34545e-03 0.00000e+00
34.890000 -7.37528e-05 -1.24678e-03 0.00000e+00
34.900000 -9.36456e-05 -1.03080e-03 0.00000e+00
34.910000 -1.17743e-04 -9.70736e-04 0.00000e+00
34.920000 -1.09013e-04 -9.44784e-04 0.00000e+00
34.930000 -1.31708e-04 -9.31730e-04 0.00000e+00
34.940000 -1.46341e-04 -9.12499e-04 0.00000e+00
34.950000 -1.53910e-04 -7.81681e-04 0.00000e+00
34.960000 -1.57714e-04 -6.97980e-04 0.00000e+00
34.970000 -1.70723e-04 -5.03754e-04 0.00000e+00
34.980000 -1.59860e-04 -2.84962e-04 0.00000e+00
34.990000 -1.58135e-04 -2.40724e-04 0.00000e+00
35.000000 -1.47860e-04 -6.84368e-05 0.00000e+00
35.010000 -1.38546e-04 4.44088e-05 0.00000e+00
35.020000 -1.63401e-04 4.38110e-05 0.00000e+00
35.030000 -1.68426e-04 1.11039e-04 0.00000e+00
35.040000 -1.63914e-04 2.40780e-04 0.00000e+00
35.050000 -1.61134e-04 3.57277e-04 0.00000e+00
35.060000 -1.33595e-04 4.45232e-04 0.00000e+00
35.070000 -1.60145e-04 5.01963e-04 0.00000e+00
35.080000 -1.73158e-04 4.51054e-04 0.00000e+00
35.090000 -1.60657e-04 4.92612e-04 0.00000e+00
35.100000 -1.56333e-04 4.98386e-04 0.00000e+00
35.110000 -1.46206e-04 3.23411e-04 0.00000e+00
35.120000 -1.24838e-04 1.54656e-04 0.00000e+00
35.130000 -1.30186e-04 1.93551e-05 0.00000e+00
35.140000 -9.79294e-05 -1.49697e-04 0.00000e+00
35.150000 -1.24180e-04 -3.14878e-04 0.00000e+00
35.160000 -9.36229e-05 -4.57704e-04 0.00000e+00
35.170000 -8.58933e-05 -4.98166e-04 0.00000e+00
35.180000 -1.18657e-04 -3.69565e-04 0.00000e+00
35.190000 -1.05567e-04 -3.32625e-04 0.00000e+00
35.200000 -1.13078e-04 -4.21809e-04 0.00000e+00
35.210000 -1.22438e-04 -4.81755e-04 0.00000e+00
35.220000 -1.45146e-04 -5.49577e-04 0.00000e+00
35.230000 -1.59024e-04 -4.71531e-04 0.00000e+00
35.240000 -1.74074e-04 -3.98820e-04 0.00000e+00
35.250000 -1.85103e-04 -4.88902e-04 0.00000e+00
35.260000 -1.93622e-04 -4.76715e-04 0.00000e+00
35.270000 -2.34326e-04 -4.15549e-04 0.00000e+00
35.280000 -2.39265e-04 -3.63919e-04 0.00000e+00
35.290000 -2.28893e-04 -1.79817e-04 0.00000e+00
35.300000 -2.24019e-04 -3.44482e-06 0.00000e+00
35.310000 -2.16694e-04 2.15609e-04 0.00000e+00
35.320000 -1.98134e-04 4.16280e-04 0.00000e+00
35.330000 -1.68725e-04 6.48507e-04 0.00000e+00
35.340000 -1.26736e-04 1.01189e-03 0.00000e+00
35.350000 -1.25936e-04 1.18888e-03 0.00000e+00
35.360000 -1.47915e-04 1.41018e-03 0.00000e+00
35.370000 -1.45195e-04 1.67672e-03 0.00000e+00
35.380000 -1.29913e-04 1.81062e-03 0.00000e+00
35.390000 -1.08879e-04 1.90026e-03 0.00000e+00
35.400000 -6.88612e-05 1.90955e-03 0.00000e+00
35.410000 -7.60143e-05 1.94301e-03 0.00000e+00
35.420000 -5.40658e-05 2.07947e-03 0.00000e+00
35.430000 -2.52388e-05 2.19912e-03 0.00000e+00
35.440000 -7.57314e-06 2.16248e-03 0.00000e+00
35.450000 2.74487e-05 2.03474e-03 0.00000e+00
35.460000 6.37566e-05 1.98044e-03 0.00000e+00
35.470000 7.09662e-05 1.95496e-03 0.00000e+00
35.480000 1.08019e-04 1.86084e-03 0.00000e+00
35.490000 1.18455e-04 1.78246e-03 0.00000e+00
35.500000 1.53645e-04 1.83965e-03 0.00000e+00
35.510000 1.52544e-04 2.05692e-03 0.00000e+00
35.520000 1.65007e-04 2.19594e-03 0.00000e+00
35.530000 1.87218e-04 2.08222e-03 0.00000e+00
35.540000 1.75553e-04 1.89984e-03 0.00000e+00
35.550000 1.92839e-04 1.72548e-03 0.00000e+00
35.560000 2.15445e-04 1.53553e-03 0.00000e+00
35.570000 2.31818e-04 1.38507e-03 0.00000e+00
35.580000 2.80513e-04 1.15181e-03 0.00000e+00
35.590000 2.88021e-04 8.49234e-04 0.00000e+00
35.600000 2.76891e-04 6.19067e-04 0.00000e+00
35.610000 2.74822e-04 3.67864e-04 0.00000e+00
35.620000 2.80036e-04 1.18983e-04 0.00000e+00
35.630000 2.98004e-04 -1.35064e-04 0.00000e+00
35.640000 3.04234e-04 -4.03894e-04 0.00000e+00
35.650000 3.09264e-04 -5.66943e-04 0.00000e+00
35.660000 3.37066e-04 -6.88721e-04 0.00000e+00
35.670000 3.46159e-04 -7.97920e-04 0.00000e+00
35.680000 3.30219e-04 -9.34253e-04 0.00000e+00
35.690000 2.78009e-04 -1.17027e-03 0.00000e+00
35.700000 2.50158e-04 -1.31937e-03 0.00000e+00
35.710000 2.22012e-04 -1.41875e-03 0.00000e+00
35.720000 1.94056e-04 -1.52024e-03 0.00000e+00
35.730000 1.72787e-04 -1.53122e-03 0.00000e+00
35.740000 1.55115e-04 -1.51015e-03 0.00000e+00
35.750000 1.33875e-04 -1.34840e-03 0.00000e+00
35.760000 1.21845e-04 -1.08311e-03 0.00000e+00
35.770000 1.06230e-04 -9.54501e-04 0.00000e+00
35.780000 9.19921e-05 -9.04031e-04 0.00000e+00
35.790000 8.37034e-05 -8.16485e-04 0.00000e+00
35.800000 8.04552e-05 -6.43349e-04 0.00000e+00
35.810000 1.10681e-04 -4.06515e-04 0.00000e+00
35.820000 1.09069e-04 -2.11059e-04 0.00000e+00
35.830000 1.05506e-04 7.26128e-05 0.00000e+00
35.840000 9.82023e-05 4.86390e-04 0.00000e+00
35.850000 9.79397e-05 8.85049e-04 0.00000e+00
35.860000 1.03970e-04 1.09661e-03 0.00000e+00
35.870000 1.42422e-04 1.13737e-03 0.00000e+00
35.880000 1.52447e-04 1.14547e-03 0.00000e+00
35.890000 1.60594e-04 1.10414e-03 0.00000e+00
35.900000 1.75657e-04 9.88488e-04 0.00000e+00
35.910000 1.90765e-04 8.87697e-04 0.00000e+00
35.920000 2.11325e-04 7.87823e-04 0.00000e+00
35.930000 2.10861e-04 6.75090e-04 0.00000e+00
35.940000 1.93686e-04 5.77398e-04 0.00000e+00
35.950000 2.03206e-04 4.11361e-04 0.00000e+00
35.960000 2.14887e-04 1.75149e-04 0.00000e+00
35.970000 2.31344e-04 -3.71676e-05 0.00000e+00
35.980000 2.35946e-04 -5.36095e-05 0.00000e+00
35.990000 2.36145e-04 -8.22064e-05 0.00000e+00
36.000000 2.57925e-04 -2.86191e-04 0.00000e+00
36.010000 2.52526e-04 -5.71472e-04 0.00000e+00
36.020000 2.28396e-04 -8.26865e-04 0.00000e+00
36.030000 1.79187e-04 -1.04562e-03 0.00000e+00
36.040000 1.52904e-04 -1.09587e-03 0.00000e+00
36.050000 1.37624e-04 -1.11214e-03 0.00000e+00
36.060000 1.25190e-04 -1.25445e-03 0.00000e+00
36.070000 1.12658e-04 -1.31653e-03 0.00000e+00
36.080000 1.25995e-04 -1.36954e-03 0.00000e+00
36.090000 1.05515e-04 -1.39153e-03 0.00000e+00
36.100000 1.04948e-04 -1.43652e-03 0.00000e+00
36.110000 8.05329e-05 -1.55494e-03 0.00000e+00
36.120000 6.13613e-05 -1.62963e-03 0.00000e+00
36.130000 4.89073e-05 -1.65801e-03 0.00000e+00
36.140000 5.86455e-05 -1.70238e-03 0.00000e+00
36.150000 4.08541e-05 -1.69515e-03 0.00000e+00
36.160000 -9.08737e-06 -1.65251e-03 0.00000e+00
36.170000 -2.86303e-05 -1.55431e-03 0.00000e+00
36.180000 -3.75928e-05 -1.34793e-03 0.00000e+00
36.190000 -2.66939e-05 -1.23358e-03 0.00000e+00
36.200000 -4.52726e-05 -1.26460e-03 0.00000e+00
36.210000 -3.63645e-05 -1.30614e-03 0.00000e+00
36.220000 -9.02468e-05 -1.34689e-03 0.00000e+00
36.230000 -8.74483e-05 -1.34913e-03 0.00000e+00
36.240000 -1.05583e-04 -1.31527e-03 0.00000e+00
36.250000 -1.28848e-04 -1.18949e-03 0.00000e+00
36.260000 -1.37830e-04 -1.05814e-03 0.00000e+00
36.270000 -1.59210e-04 -9.32588e-04 0.00000e+00
36.280000 -1.61511e-04 -8.72553e-04 0.00000e+00
36.290000 -1.80631e-04 -9.30817e-04 0.00000e+00
36.300000 -1.92046e-04 -9.45491e-04 0.00000e+00
36.310000 -1.95808e-04 -8.03516e-04 0.00000e+00
36.320000 -1.72100e-04 -5.88669e-04 0.00000e+00
36.330000 -1.81778e-04 -5.97658e-04 0.00000e+00
36.340000 -1.71636e-04 -6.12068e-04 0.00000e+00
36.350000 -1.71044e-04 -4.95792e-04 0.00000e+00
36.360000 -2.00039e-04 -2.85131e-04 0.00000e+00
36.370000 -1.98203e-04 -1.12003e-04 0.00000e+00
36.380000 -2.09224e-04 5.58860e-05 0.00000e+00
36.390000 -2.16498e-04 1.29583e-04 0.00000e+00
36.400000 -1.99498e-04 1.20355e-04 0.00000e+00
36.410000 -2.06291e-04 2.11516e-04 0.00000e+00
36.420000 -1.98245e-04 2.32873e-04 0.00000e+00
36.430000 -2.16016e-04 2.51226e-04 0.00000e+00
36.440000 -2.12153e-04 2.56025e-04 0.00000e+00
36.450000 -2.39790e-04 2.61225e-04 0.00000e+00
36.460000 -2.08123e-04 2.88193e-04 0.00000e+00
36.470000 -1.91647e-04 2.65034e-04 0.00000e+00
36.480000 -1.55807e-04 2.17237e-04 0.00000e+00
36.490000 -1.69838e-04 3.44167e-04 0.00000e+00
36.500000 -1.65892e-04 5.49219e-04 0.00000e+00
36.510000 -1.36372e-04 7.20514e-04 0.00000e+00
36.520000 -1.36866e-04 9.43131e-04 0.00000e+00
36.530000 -1.32249e-04 1.04194e-03 0.00000e+00
36.540000 -1.47378e-04 1.08287e-03 0.00000e+00
36.550000 -1.34078e-04 1.08887e-03 0.00000e+00
36.560000 -1.48214e-04 1.03593e-03 0.00000e+00
36.570000 -1.30775e-04 1.12316e-03 0.00000e+00
36.580000 -1.19227e-04 1.27056e-03 0.00000e+00
36.590000 -1.14315e-04 1.35605e-03 0.00000e+00
36.600000 -9.86635e-05 1.35311e-03 0.00000e+00
36.610000 -8.72573e-05 1.29252e-03 0.00000e+00
36.620000 -6.50322e-05 1.16815e-03 0.00000e+00
36.630000 -4.66038e-05 1.11703e-03 0.00000e+00
36.640000 -3.14506e-05 1.21845e-03 0.00000e+00
36.650000 9.20214e-07 1.39313e-03 0.00000e+00
36.660000 4.89669e-05 1.47411e-03 0.00000e+00
36.670000 4.71541e-05 1.32451e-03 0.00000e+00
36.680000 5.83172e-05 1.29365e-03 0.00000e+00
36.690000 5.57053e-05 1.29479e-03 0.00000e+00
36.700000 4.69850e-05 1.14966e-03 0.00000e+00
36.710000 5.04350e-05 9.38473e-04 0.00000e+00
36.720000 5.45728e-05 6.97212e-04 0.00000e+00
36.730000 8.47778e-05 3.69010e-04 0.00000e+00
36.740000 1.06574e-04 6.32382e-05 0.00000e+00
36.750000 9.79397e-05 -5.03269e-05 0.00000e+00
36.760000 8.37424e-05 -1.95380e-04 0.00000e+00
36.770000 8.12836e-05 -4.07720e-04 0.00000e+00
36.780000 8.42906e-05 -6.41757e-04 0.00000e+00
36.790000 9.33470e-05 -8.20174e-04 0.00000e+00
36.800000 1.05548e-04 -8.47464e-04 0.00000e+00
36.810000 9.89320e-05 -8.98625e-04 0.00000e+00
36.820000 7.83976e-05 -9.18634e-04 0.00000e+00
36.830000 3.38326e-05 -7.16269e-04 0.00000e+00
36.840000 1.02954e-05 -5.10374e-04 0.00000e+00
36.850000 2.53369e-05 -4.10622e-04 0.00000e+00
36.860000 -1.74761e-05 -3.46383e-04 0.00000e+00
36.870000 -2.95983e-05 -3.17081e-04 0.00000e+00
36.880000 -3.95138e-05 -2.68659e-04 0.00000e+00
36.890000 -4.52085e-05 -1.56337e-04 0.00000e+00
36.900000 -3.96813e-05 5.02674e-05 0.00000e+00
36.910000 -1.52684e-06 3.37622e-04 0.00000e+00
36.920000 7.04184e-06 6.10494e-04 0.00000e+00
36.930000 -1.31259e-05 7.51700e-04 0.00000e+00
36.940000 -3.10176e-06 8.05710e-04 0.00000e+00
36.950000 1.64787e-05 9.59590e-04 0.00000e+00
36.960000 5.91978e-05 1.19828e-03 0.00000e+00
36.970000 8.21804e-05 1.41427e-03 0.00000e+00
36.980000 8.00642e-05 1.60116e-03 0.00000e+00
36.990000 1.21715e-04 1.67054e-03 0.00000e+00
37.000000 1.40287e-04 1.62672e-03 0.00000e+00
37.010000 1.35915e-04 1.54048e-03 0.00000e+00
37.020000 1.34142e-04 1.58618e-03 0.00000e+00
37.030000 1.47928e-04 1.56297e-03 0.00000e+00
37.040000 1.67990e-04 1.32166e-03 0.00000e+00
37.050000 1.84382e-04 1.03595e-03 0.00000e+00
37.060000 2.05796e-04 7.65914e-04 0.00000e+00
37.070000 2.10067e-04 5.58926e-04 0.00000e+00
37.080000 2.21371e-04 4.57772e-04 0.00000e+00
37.090000 2.16594e-04 3.51442e-04 0.00000e+00
37.100000 1.98728e-04 5.69263e-05 0.00000e+00
37.110000 2.09939e-04 -2.69852e-04 0.00000e+00
37.120000 2.33273e-04 -5.26077e-04 0.00000e+00
37.130000 2.14162e-04 -6.68155e-04 0.00000e+00
37.140000 2.03308e-04 -7.73440e-04 0.00000e+00
37.150000 1.98211e-04 -1.02815e-03 0.00000e+00
37.160000 1.80115e-04 -1.16952e-03 0.00000e+00
37.170000 1.85710e-04 -1.15758e-03 0.00000e+00
37.180000 1.61458e-04 -1.29797e-03 0.00000e+00
37.190000 1.53732e-04 -1.47786e-03 0.00000e+00
37.200000 9.93454e-05 -1.57776e-03 0.00000e+00
37.210000 7.56199e-05 -1.66845e-03 0.00000e+00
37.220000 6.44861e-05 -1.72505e-03 0.00000e+00
37.230000 7.52163e-05 -1.70660e-03 0.00000e+00
37.240000 5.27872e-05 -1.71015e-03 0.00000e+00
37.250000 3.69796e-05 -1.65316e-03 0.00000e+00
37.260000 -2.09302e-07 -1.54969e-03 0.00000e+00
37.270000 -1.37384e-05 -1.56326e-03 0.00000e+00
37.280000 -2.79938e-05 -1.59459e-03 0.00000e+00
37.290000 -3.45546e-05 -1.40540e-03 0.00000e+00
37.300000 -4.33413e-05 -1.19437e-03 0.00000e+00
37.310000 -6.15084e-05 -1.11023e-03 0.00000e+00
37.320000 -7.04844e-05 -9.82403e-04 0.00000e+00
37.330000 -4.97615e-05 -8.16169e-04 0.00000e+00
37.340000 -7.88804e-05 -5.67029e-04 0.00000e+00
37.350000 -9.67554e-05 -4.03439e-04 0.00000e+00
37.360000 -9.22874e-05 -3.40568e-04 0.00000e+00
37.370000 -1.06860e-04 -3.17132e-04 0.00000e+00
37.380000 -1.17874e-04 -3.35961e-04 0.00000e+00
37.390000 -1.03247e-04 -3.07934e-04 0.00000e+00
37.400000 -1.06594e-04 -1.68853e-04 0.00000e+00
37.410000 -1.04200e-04 -1.97099e-05 0.00000e+00
37.420000 -8.82162e-05 4.32187e-05 0.00000e+00
37.430000 -1.05823e-04 2.32021e-05 0.00000e+00
37.440000 -1.10498e-04 4.05643e-06 0.00000e+00
37.450000 -9.66151e-05 4.25546e-05 0.00000e+00
37.460000 -6.30906e-05 6.50601e-05 0.00000e+00
37.470000 -8.90644e-05 8.79029e-05 0.00000e+00
37.480000 -8.24750e-05 8.00564e-05 0.00000e+00
37.490000 -7.87954e-05 6.17424e-05 0.00000e+00
37.500000 -7.26904e-05 1.67252e-04 0.00000e+00
37.510000 -9.09463e-05 2.31838e-04 0.00000e+00
37.520000 -1.16790e-04 1.44726e-04 0.00000e+00
37.530000 -1.04978e-04 1.68176e-04 0.00000e+00
37.540000 -9.42708e-05 1.96491e-04 0.00000e+00
37.550000 -9.46947e-05 7.39863e-05 0.00000e+00
37.560000 -9.12899e-05 6.80040e-05 0.00000e+00
37.570000 -7.74736e-05 1.07726e-04 0.00000e+00
37.580000 -8.81124e-05 7.94103e-05 0.00000e+00
37.590000 -8.80631e-05 1.50520e-04 0.00000e+00
37.600000 -8.91415e-05 1.95052e-04 0.00000e+00
37.610000 -7.19462e-05 2.09628e-04 0.00000e+00
37.620000 -7.89370e-05 2.62319e-04 0.00000e+00
37.630000 -7.31450e-05 4.75587e-04 0.00000e+00
37.640000 -6.97447e-05 6.38024e-04 0.00000e+00
37.650000 -5.91846e-05 6.48136e-04 0.00000e+00
37.660000 -5.41711e-05 6.98524e-04 0.00000e+00
37.670000 -4.18256e-05 7.60656e-04 0.00000e+00
37.680000 -5.57704e-05 7.11904e-04 0.00000e+00
37.690000 -4.52276e-05 5.62128e-04 0.00000e+00
37.700000 -3.31434e-05 5.26684e-04 0.00000e+00
37.710000 -4.74578e-05 5.94358e-04 0.00000e+00
37.720000 -4.08372e-05 6.08764e-04 0.00000e+00
37.730000 -2.38468e-06 5.44660e-04 0.00000e+00
37.740000 -1.67394e-05 5.21744e-04 0.00000e+00
37.750000 1.26190e-05 5.32627e-04 0.00000e+00
37.760000 2.35043e-05 4.98928e-04 0.00000e+00
37.770000 3.32978e-05 4.14332e-04 0.00000e+00
37.780000 4.01193e-05 4.18542e-04 0.00000e+00
37.790000 3.84736e-05 4.04982e-04 0.00000e+00
37.800000 5.54012e-05 3.19491e-04 0.00000e+00
37.810000 2.03867e-05 2.64333e-04 0.00000e+00
37.820000 1.69335e-05 1.87990e-04 0.00000e+00
37.830000 1.44127e-05 1.24285e-04 0.00000e+00
37.840000 1.64617e-05 9.86945e-05 0.00000e+00
37.850000 6.56736e-06 4.73098e-05 0.00000e+00
37.860000 3.65789e-05 1.42969e-05 0.00000e+00
37.870000 3.73817e-05 3.81132e-05 0.00000e+00
37.880000 3.59974e-05 -5.40862e-05 0.00000e+00
37.890000 1.93911e-05 -1.88493e-04 0.00000e+00
37.900000 2.71356e-05 -9.38498e-05 0.00000e+00
37.910000 3.91810e-05 2.73493e-05 0.00000e+00
37.920000 4.64297e-05 2.30746e-04 0.00000e+00
37.930000 2.88241e-05 5.31832e-04 0.00000e+00
37.940000 3.48581e-05 6.95618e-04 0.00000e+00
37.950000 4.55568e-05 8.18289e-04 0.00000e+00
37.960000 2.68270e-05 8.73465e-04 0.00000e+00
37.970000 3.75004e-05 1.00020e-03 0.00000e+00
37.980000 3.90366e-05 1.09622e-03 0.00000e+00
37.990000 4.64970e-05 1.05015e-03 0.00000e+00
38.000000 6.75153e-05 9.59308e-04 0.00000e+00
38.010000 7.97693e-05 8.27414e-04 0.00000e+00
38.020000 9.38516e-05 6.64097e-04 0.00000e+00
38.030000 1.04158e-04 6.17571e-04 0.00000e+00
38.040000 1.07882e-04 6.50732e-04 0.00000e+00
38.050000 1.19774e-04 5.48999e-04 0.00000e+00
38.060000 1.59881e-04 3.33378e-04 0.00000e+00
38.070000 1.96946e-04 1.01125e-04 0.00000e+00
38.080000 1.98315e-04 -1.01475e-04 0.00000e+00
38.090000 2.12496e-04 -3.03025e-04 0.00000e+00
38.100000 1.62402e-04 -5.60578e-04 0.00000e+00
38.110000 1.43369e-04 -8.62188e-04 0.00000e+00
38.120000 1.26631e-04 -1.13083e-03 0.00000e+00
38.130000 1.15331e-04 -1.44981e-03 0.00000e+00
38.140000 1.12803e-04 -1.75504e-03 0.00000e+00
38.150000 7.06505e-05 -2.01613e-03 0.00000e+00
38.160000 2.88226e-05 -2.29028e-03 0.00000e+00
38.170000 1.92882e-06 -2.50951e-03 0.00000e+00
38.180000 -7.88290e-06 -2.62546e-03 0.00000e+00
38.190000 -1.87372e-05 -2.66703e-03 0.00000e+00
38.200000 -2.73283e-05 -2.68141e-03 0.00000e+00
38.210000 -7.17072e-05 -2.70143e-03 0.00000e+00
38.220000 -1.17249e-04 -2.71222e-03 0.00000e+00
38.230000 -1.45254e-04 -2.49412e-03 0.00000e+00
38.240000 -1.70731e-04 -2.06925e-03 0.00000e+00
38.250000 -1.94262e-04 -1.68869e-03 0.00000e+00
38.260000 -2.08977e-04 -1.29935e-03 0.00000e+00
38.270000 -2.30960e-04 -9.89541e-04 0.00000e+00
38.280000 -2.50749e-04 -7.33647e-04 0.00000e+00
38.290000 -2.57306e-04 -3.99621e-04 0.00000e+00
38.300000 -2.58936e-04 1.17767e-05 0.00000e+00
38.310000 -2.57177e-04 5.11666e-04 0.00000e+00
38.320000 -2.57728e-04 8.93953e-04 0.00000e+00
38.330000 -2.44100e-04 1.05759e-03 0.00000e+00
38.340000 -2.22551e-04 1.23212e-03 0.00000e+00
38.350000 -1.87516e-04 1.57330e-03 0.00000e+00
38.360000 -1.77200e-04 1.94459e-03 0.00000e+00
38.370000 -1.55770e-04 2.27845e-03 0.00000e+00
38.380000 -1.33877e-04 2.48043e-03 0.00000e+00
38.390000 -9.15181e-05 2.45195e-03 0.00000e+00
38.400000 -3.82656e-05 2.31423e-03 0.00000e+00
38.410000 -2.73309e-05 2.23368e-03 0.00000e+00
38.420000 -7.08455e-06 2.11201e-03 0.00000e+00
38.430000 1.95034e-05 1.97350e-03 0.00000e+00
38.440000 4.00545e-05 1.86445e-03 0.00000e+00
38.450000 6.84664e-05 1.63929e-03 0.00000e+00
38.460000 8.32572e-05 1.36161e-03 0.00000e+00
38.470000 1.08246e-04 1.03159e-03 0.00000e+00
38.480000 9.44018e-05 6.97109e-04 0.00000e+00
38.490000 8.57082e-05 3.79594e-04 0.00000e+00
38.500000 8.30964e-05 3.36581e-05 0.00000e+00
38.510000 1.21781e-04 -2.66515e-04 0.00000e+00
38.520000 1.15728e-04 -4.58769e-04 0.00000e+00
38.530000 9.12427e-05 -6.07821e-04 0.00000e+00
38.540000 6.39834e-05 -7.98249e-04 0.00000e+00
38.550000 3.38721e-05 -9.89547e-04 0.00000e+00
38.560000 4.95091e-06 -1.10452e-03 0.00000e+00
38.570000 1.02634e-05 -1.07548e-03 0.00000e+00
38.580000 2.05930e-05 -1.07645e-03 0.00000e+00
38.590000 -2.98077e-06 -1.12553e-03 0.00000e+00
38.600000 7.06655e-06 -1.10051e-03 0.00000e+00
38.610000 -2.08149e-05 -9.83611e-04 0.00000e+00
38.620000 -5.05600e-05 -8.22437e-04 0.00000e+00
38.630000 -6.07940e-05 -7.19877e-04 0.00000e+00
38.640000 -7.57693e-05 -5.43149e-04 0.00000e+00
38.650000 -5.77108e-05 -4.24667e-04 0.00000e+00
38.660000 -6.81428e-05 -4.09663e-04 0.00000e+00
38.670000 -6.26250e-05 -3.17772e-04 0.00000e+00
38.680000 -5.04216e-05 -7.14816e-05 0.00000e+00
38.690000 -3.73285e-05 1.73371e-04 0.00000e+00
38.700000 -4.19865e-05 2.23744e-04 0.00000e+00
38.710000 -5.18748e-05 1.98470e-04 0.00000e+00
38.720000 -4.72421e-05 1.30941e-04 0.00000e+00
38.730000 -3.68951e-05 6.48151e-05 0.00000e+00
38.740000 -3.01487e-05 9.56959e-05 0.00000e+00
38.750000 -3.17931e-05 2.71799e-04 0.00000e+00
38.760000 -1.86002e-05 3.76326e-04 0.00000e+00
38.770000 -1.34153e-05 4.74949e-04 0.00000e+00
38.780000 -2.98599e-06 5.15048e-04 0.00000e+00
38.790000 -2.57237e-05 4.06523e-04 0.00000e+00
38.800000 -2.35421e-05 3.59407e-04 0.00000e+00
38.810000 -9.91871e-06 3.05836e-04 0.00000e+00
38.820000 -2.92494e-05 3.76558e-04 0.00000e+00
38.830000 -6.66166e-06 4.57901e-04 0.00000e+00
38.840000 -5.71277e-06 4.19332e-04 0.00000e+00
38.850000 -5.67993e-06 4.77582e-04 0.00000e+00
38.860000 -2.49704e-05 6.16038e-04 0.00000e+00
38.870000 -1.87089e-05 7.33910e-04 0.00000e+00
38.880000 -5.34519e-06 7.48661e-04 0.00000e+00
38.890000 1.42572e-05 7.26469e-04 0.00000e+00
38.900000 3.94775e-05 7.46635e-04 0.00000e+00
38.910000 5.27865e-05 7.56599e-04 0.00000e+00
38.920000 6.50209e-05 7.35867e-04 0.00000e+00
38.930000 5.09284e-05 7.13998e-04 0.00000e+00
38.940000 6.62811e-05 7.07237e-04 0.00000e+00
38.950000 4.91400e-05 7.57813e-04 0.00000e+00
38.960000 8.31509e-05 6.89721e-04 0.00000e+00
38.970000 9.01386e-05 5.58348e-04 0.00000e+00
38.980000 1.04366e-04 5.53696e-04 0.00000e+00
38.990000 1.22489e-04 4.76783e-04 0.00000e+00
39.000000 1.02804e-04 4.35122e-04 0.00000e+00
39.010000 1.14955e-04 4.32907e-04 0.00000e+00
39.020000 1.36798e-04 3.03670e-04 0.00000e+00
39.030000 1.29238e-04 1.57851e-04 0.00000e+00
39.040000 1.21317e-04 7.16754e-05 0.00000e+00
39.050000 9.92600e-05 1.70552e-05 0.00000e+00
39.060000 1.03564e-04 -6.33228e-06 0.00000e+00
39.070000 9.74854e-05 3.26694e-05 0.00000e+00
39.080000 9.78609e-05 2.35388e-05 0.00000e+00
39.090000 9.78827e-05 8.24872e-06 0.00000e+00
39.100000 9.96753e-05 -1.12722e-05 0.00000e+00
39.110000 1.06272e-04 -6.65717e-05 0.00000e+00
39.120000 1.10758e-04 -1.42609e-04 0.00000e+00
39.130000 8.77846e-05 -1.24281e-04 0.00000e+00
39.140000 1.14102e-04 -9.30880e-05 0.00000e+00
39.150000 1.06954e-04 -1.16323e-04 0.00000e+00
39.160000 1.07728e-04 -4.90122e-05 0.00000e+00
39.170000 1.09354e-04 -8.23261e-05 0.00000e+00
39.180000 9.70928e-05 -1.40015e-04 0.00000e+00
39.190000 9.74007e-05 -4.73286e-05 0.00000e+00
39.200000 1.23569e-04 -1.12372e-05 0.00000e+00
39.210000 1.10576e-04 -5.43291e-05 0.00000e+00
39.220000 1.05825e-04 -1.08658e-04 0.00000e+00
39.230000 1.04157e-04 -1.95966e-04 0.00000e+00
39.240000 1.00259e-04 -2.59169e-04 0.00000e+00
39.250000 8.60926e-05 -3.00795e-04 0.00000e+00
39.260000 1.06145e-04 -3.52675e-04 0.00000e+00
39.270000 9.08388e-05 -3.78680e-04 0.00000e+00
39.280000 8.52297e-05 -3.45489e-04 0.00000e+00
39.290000 8.46948e-05 -3.46591e-04 0.00000e+00
39.300000 8.35994e-05 -4.30417e-04 0.00000e+00
39.310000 5.48542e-05 -4.12048e-04 0.00000e+00
39.320000 7.45278e-05 -3.82814e-04 0.00000e+00
39.330000 6.02234e-05 -4.14503e-04 0.00000e+00
39.340000 5.58093e-05 -3.77521e-04 0.00000e+00
39.350000 5.72655e-05 -4.16599e-04 0.00000e+00
39.360000 5.86791e-05 -4.83893e-04 0.00000e+00
39.370000 3.46691e-05 -3.83764e-04 0.00000e+00
39.380000 4.71547e-05 -3.08348e-04 0.00000e+00
39.390000 3.06454e-05 -3.49426e-04 0.00000e+00
39.400000 2.66989e-05 -3.56019e-04 0.00000e+00
39.410000 3.06369e-05 -4.06347e-04 0.00000e+00
39.420000 3.18273e-05 -5.00327e-04 0.00000e+00
39.430000 2.26280e-05 -4.65447e-04 0.00000e+00
39.440000 3.55975e-05 -4.29425e-04 0.00000e+00
39.450000 1.83094e-05 -4.99220e-04 0.00000e+00
39.460000 9.98163e-06 -5.17390e-04 0.00000e+00
39.470000 1.24393e-05 -5.43484e-04 0.00000e+00
39.480000 1.47906e-05 -6.53405e-04 0.00000e+00
39.490000 -1.01163e-05 -6.57176e-04 0.00000e+00
39.500000 4.81042e-06 -6.32715e-04 0.00000e+00
39.510000 -1.39006e-05 -6.81609e-04 0.00000e+00
39.520000 -2.34732e-05 -6.54147e-04 0.00000e+00
39.530000 -2.22586e-05 -6.38249e-04 0.00000e+00
39.540000 -1.98810e-05 -6.93710e-04 0.00000e+00
39.550000 -5.61279e-05 -6.76620e-04 0.00000e+00
39.560000 -5.49501e-05 -6.40531e-04 0.00000e+00
39.570000 -7.02254e-05 -5.92939e-04 0.00000e+00
39.580000 -7.66605e-05 -4.38749e-04 0.00000e+00
39.590000 -6.97646e-05 -2.90514e-04 0.00000e+00
39.600000 -6.43347e-05 -1.70180e-04 0.00000e+00
39.610000 -9.09147e-05 4.04137e-06 0.00000e+00
39.620000 -8.60959e-05 1.28096e-04 0.00000e+00
39.630000 -8.83007e-05 1.33437e-04 0.00000e+00
39.640000 -9.11001e-05 1.66176e-04 0.00000e+00
39.650000 -8.00981e-05 2.46835e-04 0.00000e+00
39.660000 -6.66183e-05 2.98581e-04 0.00000e+00
39.670000 -8.16155e-05 3.98435e-04 0.00000e+00
39.680000 -6.23936e-05 4.72649e-04 0.00000e+00
39.690000 -6.14218e-05 4.16518e-04 0.00000e+00
39.700000 -5.73850e-05 4.30593e-04 0.00000e+00
39.710000 -3.73424e-05 5.02087e-04 0.00000e+00
39.720000 -1.57863e-05 4.57731e-04 0.00000e+00
39.730000 -1.10766e-05 3.87205e-04 0.00000e+00
39.740000 1.71583e-05 3.23972e-04 0.00000e+00
39.750000 4.72750e-06 1.64368e-04 0.00000e+00
39.760000 1.79742e-06 1.24700e-04 0.00000e+00
39.770000 -4.71252e-06 1.90048e-04 0.00000e+00
39.780000 -1.02695e-05 1.30377e-04 0.00000e+00
39.790000 -3.55120e-05 5.31463e-05 0.00000e+00
39.800000 -3.17582e-05 2.66032e-05 0.00000e+00
39.810000 -2.75598e-05 -7.41284e-05 0.00000e+00
39.820000 -1.64939e-05 -1.02810e-04 0.00000e+00
39.830000 -1.95616e-05 -2.81192e-05 0.00000e+00
39.840000 -2.38852e-05 -6.14573e-05 0.00000e+00
39.850000 -4.51821e-05 -6.16807e-05 0.00000e+00
39.860000 -3.80135e-05 -2.52852e-07 0.00000e+00
39.870000 -2.61310e-05 -7.21115e-06 0.00000e+00
39.880000 -3.28672e-05 1.09505e-04 0.00000e+00
39.890000 -3.68699e-05 3.34281e-04 0.00000e+00
39.900000 -3.28192e-05 4.89228e-04 0.00000e+00
39.910000 -3.56273e-05 6.76571e-04 0.00000e+00
39.920000 -1.96085e-05 8.05491e-04 0.00000e+00
39.930000 1.78290e-05 8.89497e-04 0.00000e+00
39.940000 6.42549e-06 1.01628e-03 0.00000e+00
39.950000 8.54438e-06 1.02326e-03 0.00000e+00
39.960000 1.82127e-05 9.00097e-04 0.00000e+00
39.970000 2.24427e-05 7.55182e-04 0.00000e+00
39.980000 3.04862e-05 6.53267e-04 0.00000e+00
39.990000 6.52329e-05 6.51147e-04 0.00000e+00
40.000000 5.92967e-05 6.56805e-04 0.00000e+00
40.010000 6.66068e-05 5.03151e-04 0.00000e+00
40.020000 8.77511e-05 2.73159e-04 0.00000e+00
40.030000 8.80353e-05 7.12736e-05 0.00000e+00
40.040000 9.96212e-05 -8.55033e-05 0.00000e+00
40.050000 1.21316e-04 -2.98339e-04 0.00000e+00
40.060000 9.78163e-05 -5.92307e-04 0.00000e+00
40.070000 8.59675e-05 -8.93664e-04 0.00000e+00
40.080000 7.73168e-05 -1.19027e-03 0.00000e+00
40.090000 5.51904e-05 -1.44175e-03 0.00000e+00
40.100000 5.35657e-05 -1.52515e-03 0.00000e+00
40.110000 9.90079e-06 -1.64440e-03 0.00000e+00
40.120000 -2.81021e-05 -1.88902e-03 0.00000e+00
40.130000 -4.05276e-05 -2.06869e-03 0.00000e+00
40.140000 -5.29498e-05 -2.18645e-03 0.00000e+00
40.150000 -5.87791e-05 -2.25252e-03 0.00000e+00
40.160000 -6.75347e-05 -2.16187e-03 0.00000e+00
40.170000 -1.18405e-04 -2.06550e-03 0.00000e+00
40.180000 -1.53048e-04 -2.02881e-03 0.00000e+00
40.190000 -1.59680e-04 -1.87909e-03 0.00000e+00
40.200000 -1.88434e-04 -1.66244e-03 0.00000e+00
40.210000 -2.09864e-04 -1.38142e-03 0.00000e+00
40.220000 -2.34129e-04 -9.85915e-04 0.00000e+00
40.230000 -2.45462e-04 -6.64454e-04 0.00000e+00
40.240000 -2.49227e-04 -4.28254e-04 0.00000e+00
40.250000 -2.42725e-04 -1.30198e-04 0.00000e+00
40.260000 -2.38544e-04 2.23900e-04 0.00000e+00
40.270000 -2.28685e-04 6.70780e-04 0.00000e+00
40.280000 -2.44775e-04 9.94093e-04 0.00000e+00
40.290000 -2.27496e-04 1.13308e-03 0.00000e+00
40.300000 -2.04541e-04 1.34184e-03 0.00000e+00
40.310000 -1.75530e-04 1.61757e-03 0.00000e+00
40.320000 -1.54328e-04 1.90015e-03 0.00000e+00
40.330000 -1.27107e-04 2.21644e-03 0.00000e+00
40.340000 -1.23390e-04 2.33112e-03 0.00000e+00
40.350000 -8.68719e-05 2.25184e-03 0.00000e+00
40.360000 -5.82619e-05 2.33706e-03 0.00000e+00
40.370000 -1.94992e-05 2.44591e-03 0.00000e+00
40.380000 -2.03715e-07 2.37519e-03 0.00000e+00
40.390000 2.11513e-05 2.22054e-03 0.00000e+00
40.400000 2.77413e-05 2.04013e-03 0.00000e+00
40.410000 6.58871e-05 1.86673e-03 0.00000e+00
40.420000 9.04271e-05 1.70919e-03 0.00000e+00
40.430000 1.24548e-04 1.49098e-03 0.00000e+00
40.440000 1.16834e-04 1.25851e-03 0.00000e+00
40.450000 1.06735e-04 1.00800e-03 0.00000e+00
40.460000 1.21068e-04 7.17664e-04 0.00000e+00
40.470000 1.45273e-04 4.95670e-04 0.00000e+00
40.480000 1.43866e-04 3.32477e-04 0.00000e+00
40.490000 1.50061e-04 1.57872e-04 0.00000e+00
40.500000 1.39757e-04 -9.97961e-05 0.00000e+00
40.510000 1.17629e-04 -3.83162e-04 0.00000e+00
40.520000 1.33288e-04 -6.06655e-04 0.00000e+00
40.530000 1.51166e-04 -7.74136e-04 0.00000e+00
40.540000 1.09217e-04 -8.02592e-04 0.00000e+00
40.550000 8.96662e-05 -7.42438e-04 0.00000e+00
40.560000 8.24400e-05 -7.49611e-04 0.00000e+00
40.570000 7.78376e-05 -8.53465e-04 0.00000e+00
40.580000 6.74481e-05 -9.29695e-04 0.00000e+00
40.590000 5.77543e-05 -8.86321e-04 0.00000e+00
40.600000 3.91534e-05 -7.14362e-04 0.00000e+00
40.610000 5.31550e-05 -5.25927e-04 0.00000e+00
40.620000 3.78702e-05 -4.78393e-04 0.00000e+00
40.630000 2.82639e-05 -4.61847e-04 0.00000e+00
40.640000 2.38199e-05 -3.89768e-04 0.00000e+00
40.650000 1.51291e-05 -3.22282e-04 0.00000e+00
40.660000 -5.36132e-06 -2.59301e-04 0.00000e+00
40.670000 -1.00611e-05 -2.57461e-04 0.00000e+00
40.680000 1.42241e-05 -3.22377e-04 0.00000e+00
40.690000 1.72415e-05 -2.52999e-04 0.00000e+00
40.700000 3.55624e-05 -6.83950e-05 0.00000e+00
40.710000 5.69254e-05 -7.60785e-05 0.00000e+00
40.720000 3.34573e-05 -2.69686e-04 0.00000e+00
40.730000 1.30543e-05 -3.97132e-04 0.00000e+00
40.740000 6.18522e-06 -4.93225e-04 0.00000e+00
40.750000 2.54998e-05 -6.51593e-04 0.00000e+00
40.760000 3.97939e-05 -8.36080e-04 0.00000e+00
40.770000 4.49746e-05 -1.00467e-03 0.00000e+00
40.780000 1.31137e-05 -1.00385e-03 0.00000e+00
40.790000 -1.99692e-05 -9.68127e-04 0.00000e+00
40.800000 -4.27496e-05 -1.00617e-03 0.00000e+00
40.810000 -4.87546e-05 -9.90772e-04 0.00000e+00
40.820000 -5.79150e-05 -1.01102e-03 0.00000e+00
40.830000 -6.75868e-05 -1.09361e-03 0.00000e+00
40.840000 -8.91294e-05 -1.19168e-03 0.00000e+00
40.850000 -7.78798e-05 -1.12938e-03 0.00000e+00
40.860000 -9.72347e-05 -1.04688e-03 0.00000e+00
40.870000 -1.29124e-04 -9.49720e-04 0.00000e+00
40.880000 -1.67475e-04 -7.09128e-04 0.00000e+00
40.890000 -1.73472e-04 -5.69764e-04 0.00000e+00
40.900000 -1.72624e-04 -5.49921e-04 0.00000e+00
40.910000 -1.79857e-04 -5.02870e-04 0.00000e+00
40.920000 -1.77079e-04 -2.48982e-04 0.00000e+00
40.930000 -1.50523e-04 1.66279e-04 0.00000e+00
40.940000 -1.26721e-04 5.16837e-04 0.00000e+00
40.950000 -1.02022e-04 7.37186e-04 0.00000e+00
40.960000 -1.25212e-04 7.73877e-04 0.00000e+00
40.970000 -1.09906e-04 7.22329e-04 0.00000e+00
40.980000 -1.21585e-04 7.35387e-04 0.00000e+00
40.990000 -1.22095e-04 7.50396e-04 0.00000e+00
41.000000 -1.16416e-04 6.95490e-04 0.00000e+00
41.010000 -1.02032e-04 6.03431e-04 0.00000e+00
41.020000 -8.13930e-05 6.40381e-04 0.00000e+00
41.030000 -8.74836e-05 6.81798e-04 0.00000e+00
41.040000 -5.28777e-05 5.20512e-04 0.00000e+00
41.050000 -5.30643e-05 2.65817e-04 0.00000e+00
41.060000 -4.99398e-05 6.63353e-05 0.00000e+00
41.070000 -3.33159e-05 -7.66344e-05 0.00000e+00
41.080000 -1.21726e-05 -2.26717e-04 0.00000e+00
41.090000 1.15908e-05 -2.95403e-04 0.00000e+00
41.100000 -1.97705e-05 -1.96420e-04 0.00000e+00
41.110000 -5.25418e-05 2.63340e-05 0.00000e+00
41.120000 -7.53197e-05 2.65602e-04 0.00000e+00
41.130000 -1.07214e-04 3.57378e-04 0.00000e+00
41.140000 -1.04245e-04 3.90543e-04 0.00000e+00
41.150000 -1.03674e-04 3.83839e-04 0.00000e+00
41.160000 -1.14105e-04 2.86335e-04 0.00000e+00
41.170000 -1.06869e-04 2.30099e-04 0.00000e+00
41.180000 -8.83783e-05 1.64656e-04 0.00000e+00
41.190000 -7.39750e-05 1.34906e-04 0.00000e+00
41.200000 -9.65764e-05 1.05593e-04 0.00000e+00
41.210000 -8.77316e-05 1.77205e-04 0.00000e+00
41.220000 -6.54664e-05 2.83994e-04 0.00000e+00
41.230000 -3.95718e-05 2.85365e-04 0.00000e+00
41.240000 -2.35709e-05 3.58134e-04 0.00000e+00
41.250000 1.79484e-05 5.07109e-04 0.00000e+00
41.260000 4.70506e-05 7.62218e-04 0.00000e+00
41.270000 6.06027e-05 9.26961e-04 0.00000e+00
41.280000 4.80832e-05 8.64678e-04 0.00000e+00
41.290000 2.46445e-05 7.31943e-04 0.00000e+00
41.300000 -1.11261e-06 5.71967e-04 0.00000e+00
41.310000 -1.25431e-05 4.29780e-04 0.00000e+00
41.320000 -3.50519e-05 3.54309e-04 0.00000e+00
41.330000 -2.70558e-05 2.91394e-04 0.00000e+00
41.340000 -2.84455e-05 2.42177e-04 0.00000e+00
41.350000 -2.50200e-05 2.36620e-04 0.00000e+00
41.360000 -2.72800e-06 1.90866e-04 0.00000e+00
41.370000 1.29188e-05 6.58213e-05 0.00000e+00
41.380000 2.82300e-05 -3.87332e-05 0.00000e+00
41.390000 1.91195e-05 -3.10118e-05 0.00000e+00
41.400000 3.12620e-05 3.43494e-05 0.00000e+00
41.410000 4.65700e-05 6.56974e-05 0.00000e+00
41.420000 4.92163e-05 1.56813e-04 0.00000e+00
41.430000 5.65010e-05 3.07639e-04 0.00000e+00
41.440000 2.43304e-05 3.81633e-04 0.00000e+00
41.450000 1.55625e-05 3.04121e-04 0.00000e+00
41.460000 1.36208e-05 1.05191e-04 0.00000e+00
41.470000 2.75682e-05 -7.88985e-05 0.00000e+00
41.480000 2.38595e-05 -2.23005e-04 0.00000e+00
41.490000 4.33300e-05 -3.91384e-04 0.00000e+00
41.500000 3.72076e-05 -5.89858e-04 0.00000e+00
41.510000 3.21968e-05 -7.39620e-04 0.00000e+00
41.520000 1.51596e-05 -8.43991e-04 0.00000e+00
41.530000 1.16500e-05 -8.96834e-04 0.00000e+00
41.540000 2.33559e-05 -8.67183e-04 0.00000e+00
41.550000 1.78003e-05 -8.07830e-04 0.00000e+00
41.560000 6.36058e-06 -8.31491e-04 0.00000e+00
41.570000 -1.41809e-05 -8.36279e-04 0.00000e+00
41.580000 -3.70633e-05 -7.04329e-04 0.00000e+00
41.590000 -4.70415e-05 -5.46357e-04 0.00000e+00
41.600000 -7.79784e-05 -4.22122e-04 0.00000e+00
41.610000 -9.49674e-05 -4.26002e-04 0.00000e+00
41.620000 -1.09654e-04 -4.65908e-04 0.00000e+00
41.630000 -9.07575e-05 -3.90938e-04 0.00000e+00
41.640000 -8.15881e-05 -2.15944e-04 0.00000e+00
41.650000 -8.62985e-05 -6.20803e-05 0.00000e+00
41.660000 -9.39174e-05 9.50238e-05 0.00000e+00
41.670000 -9.44631e-05 2.29499e-04 0.00000e+00
41.680000 -7.12660e-05 2.49218e-04 0.00000e+00
41.690000 -6.53172e-05 2.37505e-04 0.00000e+00
41.700000 -5.93129e-05 2.47751e-04 0.00000e+00
41.710000 -4.36521e-05 3.82376e-04 0.00000e+00
41.720000 -4.87598e-05 4.98147e-04 0.00000e+00
41.730000 -4.04044e-05 4.77039e-04 0.00000e+00
41.740000 -1.98770e-05 3.64937e-04 0.00000e+00
41.750000 -1.22579e-05 1.80352e-04 0.00000e+00
41.760000 -2.11032e-05 2.96015e-05 0.00000e+00
41.770000 -2.93711e-05 -1.18815e-04 0.00000e+00
41.780000 -2.76466e-05 -3.20605e-04 0.00000e+00
41.790000 -8.93721e-06 -5.12990e-04 0.00000e+00
41.800000 -8.39843e-06 -5.06326e-04 0.00000e+00
41.810000 -1.75313e-05 -3.45937e-04 0.00000e+00
41.820000 -4.60741e-05 -3.27372e-04 0.00000e+00
41.830000 -5.26817e-05 -3.95500e-04 0.00000e+00
41.840000 -8.10314e-05 -4.06367e-04 0.00000e+00
41.850000 -8.11997e-05 -2.66937e-04 0.00000e+00
41.860000 -8.06539e-05 -1.42765e-04 0.00000e+00
41.870000 -7.75797e-05 -1.08222e-04 0.00000e+00
41.880000 -8.90979e-05 4.89004e-05 0.00000e+00
41.890000 -1.20811e-04 1.92338e-04 0.00000e+00
41.900000 -1.31853e-04 2.57193e-04 0.00000e+00
41.910000 -1.27094e-04 3.88692e-04 0.00000e+00
41.920000 -1.11343e-04 5.15770e-04 0.00000e+00
41.930000 -8.21420e-05 5.12862e-04 0.00000e+00
41.940000 -6.73842e-05 5.04550e-04 0.00000e+00
41.950000 -4.52484e-05 6.35769e-04 0.00000e+00
41.960000 -1.25928e-05 8.52395e-04 0.00000e+00
41.970000 2.61989e-05 9.94872e-04 0.00000e+00
41.980000 8.28008e-06 1.03641e-03 0.00000e+00
41.990000 -2.47863e-07 1.02959e-03 0.00000e+00
42.000000 2.40481e-05 9.96512e-04 0.00000e+00
42.010000 4.30193e-05 9.30745e-04 0.00000e+00
42.020000 4.75333e-05 8.51277e-04 0.00000e+00
42.030000 2.62322e-05 7.76167e-04 0.00000e+00
42.040000 4.50336e-05 6.68309e-04 0.00000e+00
42.050000 5.40986e-05 5.29406e-04 0.00000e+00
42.060000 2.86491e-05 2.77547e-04 0.00000e+00
42.070000 2.85364e-05 -2.01583e-05 0.00000e+00
42.080000 2.79534e-05 -2.51228e-04 0.00000e+00
42.090000 2.41003e-05 -4.16409e-04 0.00000e+00
42.100000 3.08973e-05 -4.87023e-04 0.00000e+00
42.110000 6.67286e-05 -5.40167e-04 0.00000e+00
42.120000 6.65304e-05 -6.09504e-04 0.00000e+00
42.130000 4.38051e-05 -5.84393e-04 0.00000e+00
42.140000 2.05047e-05 -4.13183e-04 0.00000e+00
42.150000 2.58176e-05 -3.32715e-04 0.00000e+00
42.160000 1.91245e-05 -4.19415e-04 0.00000e+00
42.170000 7.16366e-06 -3.73577e-04 0.00000e+00
42.180000 -2.37562e-06 -2.66759e-04 0.00000e+00
42.190000 -1.71760e-05 -2.43285e-04 0.00000e+00
42.200000 -3.25641e-05 -2.47851e-04 0.00000e+00
42.210000 -3.28318e-05 -1.03619e-04 0.00000e+00
42.220000 -3.31231e-05 1.43458e-04 0.00000e+00
42.230000 -3.34349e-05 1.79955e-04 0.00000e+00
42.240000 -2.39893e-05 1.68278e-04 0.00000e+00
42.250000 -1.31188e-05 2.69799e-04 0.00000e+00
42.260000 -2.58670e-06 3.59213e-04 0.00000e+00
42.270000 8.80826e-06 3.95212e-04 0.00000e+00
42.280000 1.02878e-05 5.61751e-04 0.00000e+00
42.290000 2.60749e-05 8.24246e-04 0.00000e+00
42.300000 4.36562e-05 9.57000e-04 0.00000e+00
42.310000 5.21447e-05 1.01418e-03 0.00000e+00
42.320000 3.69600e-05 1.12521e-03 0.00000e+00
42.330000 4.71059e-05 1.20423e-03 0.00000e+00
42.340000 6.34279e-05 1.12096e-03 0.00000e+00
42.350000 5.63307e-05 9.88605e-04 0.00000e+00
42.360000 8.28281e-05 8.34991e-04 0.00000e+00
42.370000 1.13769e-04 6.19375e-04 0.00000e+00
42.380000 1.26589e-04 4.17206e-04 0.00000e+00
42.390000 1.02049e-04 2.29266e-04 0.00000e+00
42.400000 9.21124e-05 -3.69657e-06 0.00000e+00
42.410000 1.18289e-04 -2.31725e-04 0.00000e+00
42.420000 1.19662e-04 -4.78422e-04 0.00000e+00
42.430000 1.15102e-04 -7.07404e-04 0.00000e+00
42.440000 1.13364e-04 -8.57435e-04 0.00000e+00
42.450000 1.40554e-04 -1.01971e-03 0.00000e+00
42.460000 1.26860e-04 -1.15313e-03 0.00000e+00
42.470000 1.08346e-04 -1.17875e-03 0.00000e+00
42.480000 8.58983e-05 -1.13221e-03 0.00000e+00
42.490000 5.46403e-05 -1.14681e-03 0.00000e+00
42.500000 5.96841e-06 -1.19598e-03 0.00000e+00
42.510000 -1.86340e-05 -1.17527e-03 0.00000e+00
42.520000 -2.63812e-05 -1.18947e-03 0.00000e+00
42.530000 -4.38462e-05 -1.11710e-03 0.00000e+00
42.540000 -5.79636e-05 -9.27237e-04 0.00000e+00
42.550000 -6.67377e-05 -7.35981e-04 0.00000e+00
42.560000 -8.49348e-05 -6.33260e-04 0.00000e+00
42.570000 -9.37803e-05 -6.16649e-04 0.00000e+00
42.580000 -9.47551e-05 -4.34321e-04 0.00000e+00
42.590000 -9.44435e-05 -1.94253e-04 0.00000e+00
42.600000 -6.51532e-05 -6.20634e-05 0.00000e+00
42.610000 -5.40895e-05 2.88367e-05 0.00000e+00
42.620000 -4.42716e-05 2.36285e-04 0.00000e+00
42.630000 -2.24849e-05 5.20737e-04 0.00000e+00
42.640000 -6.01986e-06 7.37575e-04 0.00000e+00
42.650000 -1.33387e-06 8.51007e-04 0.00000e+00
42.660000 -1.39941e-05 8.82024e-04 0.00000e+00
42.670000 -1.18372e-05 8.57119e-04 0.00000e+00
42.680000 -7.16389e-06 8.05886e-04 0.00000e+00
42.690000 1.78274e-06 8.12937e-04 0.00000e+00
42.700000 1.78145e-05 7.56704e-04 0.00000e+00
42.710000 6.83175e-06 6.13147e-04 0.00000e+00
42.720000 2.03846e-05 4.67443e-04 0.00000e+00
42.730000 1.35364e-05 2.37436e-04 0.00000e+00
42.740000 2.16271e-05 -4.31163e-05 0.00000e+00
42.750000 3.11361e-05 -2.55984e-04 0.00000e+00
42.760000 1.44194e-05 -3.83599e-04 0.00000e+00
42.770000 1.39455e-05 -3.42481e-04 0.00000e+00
42.780000 2.19181e-05 -3.08657e-04 0.00000e+00
42.790000 4.47776e-05 -3.44727e-04 0.00000e+00
42.800000 4.33310e-05 -2.39485e-04 0.00000e+00
42.810000 2.73946e-05 -9.46765e-05 0.00000e+00
42.820000 4.01621e-06 -6.15585e-05 0.00000e+00
42.830000 1.23753e-05 -1.29655e-04 0.00000e+00
42.840000 1.31297e-06 -2.48003e-04 0.00000e+00
42.850000 -1.13631e-05 -3.14555e-04 0.00000e+00
42.860000 -3.23794e-05 -3.03236e-04 0.00000e+00
42.870000 -5.68796e-05 -2.76998e-04 0.00000e+00
42.880000 -5.92163e-05 -3.48843e-04 0.00000e+00
42.890000 -6.14620e-05 -3.81730e-04 0.00000e+00
42.900000 -6.26974e-05 -3.41506e-04 0.00000e+00
42.910000 -3.36380e-05 -3.27392e-04 0.00000e+00
42.920000 -8.46009e-06 -2.73971e-04 0.00000e+00
42.930000 1.34342e-05 -2.80275e-04 0.00000e+00
42.940000 1.34847e-05 -3.55424e-04 0.00000e+00
42.950000 -1.24099e-05 -4.35122e-04 0.00000e+00
42.960000 4.09488e-06 -4.06104e-04 0.00000e+00
42.970000 -1.85111e-06 -2.79381e-04 0.00000e+00
42.980000 -3.88032e-05 -2.03864e-04 0.00000e+00
42.990000 -6.14860e-05 -2.54280e-04 0.00000e+00
43.000000 -6.66680e-05 -2.74454e-04 0.00000e+00
43.010000 -7.34527e-05 -2.86997e-04 0.00000e+00
43.020000 -5.91336e-05 -4.21494e-04 0.00000e+00
43.030000 -6.97492e-05 -5.95324e-04 0.00000e+00
43.040000 -8.28365e-05 -7.96836e-04 0.00000e+00
43.050000 -8.69325e-05 -9.42546e-04 0.00000e+00
43.060000 -6.74599e-05 -1.08674e-03 0.00000e+00
43.070000 -8.57176e-05 -1.20606e-03 0.00000e+00
43.080000 -9.55185e-05 -1.11889e-03 0.00000e+00
43.090000 -1.09963e-04 -9.30724e-04 0.00000e+00
43.100000 -1.22261e-04 -6.89519e-04 0.00000e+00
43.110000 -1.35140e-04 -4.78175e-04 0.00000e+00
43.120000 -1.28578e-04 -3.60016e-04 0.00000e+00
43.130000 -1.08391e-04 -9.80719e-05 0.00000e+00
43.140000 -1.12904e-04 2.07794e-04 0.00000e+00
43.150000 -1.37110e-04 3.04464e-04 0.00000e+00
43.160000 -1.61666e-04 2.73161e-04 0.00000e+00
43.170000 -1.62045e-04 3.28602e-04 0.00000e+00
43.180000 -1.85140e-04 5.09630e-04 0.00000e+00
43.190000 -1.79112e-04 7.89228e-04 0.00000e+00
43.200000 -1.63804e-04 1.00768e-03 0.00000e+00
43.210000 -1.44298e-04 1.05860e-03 0.00000e+00
43.220000 -1.24418e-04 1.09171e-03 0.00000e+00
43.230000 -1.08783e-04 1.23917e-03 0.00000e+00
43.240000 -5.49980e-05 1.38242e-03 0.00000e+00
43.250000 -2.90090e-05 1.38886e-03 0.00000e+00
43.260000 -2.04411e-05 1.30246e-03 0.00000e+00
43.270000 6.01215e-06 1.16224e-03 0.00000e+00
43.280000 5.47983e-06 1.00766e-03 0.00000e+00
43.290000 3.86586e-05 8.91000e-04 0.00000e+00
43.300000 4.25474e-05 8.73832e-04 0.00000e+00
43.310000 2.22518e-05 7.92998e-04 0.00000e+00
43.320000 1.90671e-05 5.46354e-04 0.00000e+00
43.330000 3.54526e-05 2.70209e-04 0.00000e+00
43.340000 6.73905e-05 8.20057e-05 0.00000e+00
43.350000 7.16742e-05 -1.05631e-04 0.00000e+00
43.360000 5.47235e-05 -3.00385e-04 0.00000e+00
43.370000 1.85729e-05 -4.61012e-04 0.00000e+00
43.380000 1.05119e-05 -5.99021e-04 0.00000e+00
43.390000 1.18552e-05 -6.81555e-04 0.00000e+00
43.400000 8.68082e-06 -7.18683e-04 0.00000e+00
43.410000 -1.82245e-05 -5.56176e-04 0.00000e+00
43.420000 -4.56017e-05 -3.37982e-04 0.00000e+00
43.430000 -5.69476e-05 -2.89580e-04 0.00000e+00
43.440000 -5.27699e-05 -2.08951e-04 0.00000e+00
43.450000 -5.06303e-05 -8.91144e-05 0.00000e+00
43.460000 -4.58286e-05 1.11878e-04 0.00000e+00
43.470000 -4.81311e-05 3.23762e-04 0.00000e+00
43.480000 -5.74681e-05 3.38563e-04 0.00000e+00
43.490000 -3.76441e-05 2.57240e-04 0.00000e+00
43.500000 -1.03382e-05 2.60809e-04 0.00000e+00
43.510000 9.94695e-07 4.31352e-04 0.00000e+00
43.520000 3.73507e-06 6.36833e-04 0.00000e+00
43.530000 6.88636e-06 7.12509e-04 0.00000e+00
43.540000 9.39422e-06 5.88450e-04 0.00000e+00
43.550000 3.42739e-05 4.83224e-04 0.00000e+00
43.560000 5.13505e-05 4.81900e-04 0.00000e+00
43.570000 7.03720e-05 4.36686e-04 0.00000e+00
43.580000 7.54174e-05 2.82681e-04 0.00000e+00
43.590000 4.44315e-05 2.75051e-05 0.00000e+00
43.600000 4.22545e-05 -2.16376e-04 0.00000e+00
43.610000 5.48970e-05 -3.98476e-04 0.00000e+00
43.620000 4.80950e-05 -5.97003e-04 0.00000e+00
43.630000 3.87848e-05 -8.24051e-04 0.00000e+00
43.640000 -1.02987e-06 -1.02318e-03 0.00000e+00
43.650000 -1.56712e-05 -1.21732e-03 0.00000e+00
43.660000 -2.42500e-05 -1.30072e-03 0.00000e+00
43.670000 -7.59306e-06 -1.24958e-03 0.00000e+00
43.680000 -1.68588e-05 -1.19221e-03 0.00000e+00
43.690000 -3.52139e-05 -1.17937e-03 0.00000e+00
43.700000 -6.96487e-05 -1.24730e-03 0.00000e+00
43.710000 -8.39272e-05 -1.31090e-03 0.00000e+00
43.720000 -7.94648e-05 -1.19737e-03 0.00000e+00
43.730000 -1.08441e-04 -8.98196e-04 0.00000e+00
43.740000 -1.28789e-04 -5.45142e-04 0.00000e+00
43.750000 -1.41235e-04 -2.65877e-04 0.00000e+00
43.760000 -1.46465e-04 -1.56479e-04 0.00000e+00
43.770000 -1.47105e-04 -1.00188e-04 0.00000e+00
43.780000 -1.53300e-04 8.37425e-05 0.00000e+00
43.790000 -1.56615e-04 3.28859e-04 0.00000e+00
43.800000 -1.37727e-04 4.97950e-04 0.00000e+00
43.810000 -1.13951e-04 4.98154e-04 0.00000e+00
43.820000 -9.66603e-05 4.40852e-04 0.00000e+00
43.830000 -7.77527e-05 4.68506e-04 0.00000e+00
43.840000 -8.13104e-05 6.42342e-04 0.00000e+00
43.850000 -7.64363e-05 7.73112e-04 0.00000e+00
43.860000 -7.65267e-05 8.44837e-04 0.00000e+00
43.870000 -6.32237e-05 9.29903e-04 0.00000e+00
43.880000 -1.88388e-05 9.31768e-04 0.00000e+00
43.890000 1.46404e-05 1.01389e-03 0.00000e+00
43.900000 2.04570e-05 1.01461e-03 0.00000e+00
43.910000 -4.57970e-06 8.54913e-04 0.00000e+00
43.920000 -2.67763e-05 6.64338e-04 0.00000e+00
43.930000 -2.88084e-05 4.71087e-04 0.00000e+00
43.940000 -2.21692e-05 2.89761e-04 0.00000e+00
43.950000 -8.99690e-06 8.94266e-05 0.00000e+00
43.960000 -1.53344e-05 -6.78442e-05 0.00000e+00
43.970000 -3.33006e-05 -6.39250e-05 0.00000e+00
43.980000 -3.10919e-05 6.82835e-05 0.00000e+00
43.990000 -9.58180e-06 1.64625e-04 0.00000e+00
44.000000 9.62288e-06 1.98386e-04 0.00000e+00
44.010000 2.20091e-05 1.76996e-04 0.00000e+00
44.020000 5.42762e-06 1.65286e-04 0.00000e+00
44.030000 4.03013e-05 1.39789e-04 0.00000e+00
44.040000 1.61460e-05 5.83726e-05 0.00000e+00
44.050000 2.65275e-06 1.67579e-04 0.00000e+00
44.060000 -3.49748e-06 4.34703e-04 0.00000e+00
44.070000 -3.40568e-05 5.97823e-04 0.00000e+00
44.080000 -3.36572e-05 5.43300e-04 0.00000e+00
44.090000 -3.10846e-05 3.77546e-04 0.00000e+00
44.100000 -1.06474e-05 3.11904e-04 0.00000e+00
44.110000 5.93086e-06 3.17108e-04 0.00000e+00
44.120000 3.67024e-05 3.13086e-04 0.00000e+00
44.130000 6.96339e-05 2.55441e-04 0.00000e+00
44.140000 8.47521e-05 1.09766e-04 0.00000e+00
44.150000 6.80841e-05 -1.85471e-05 0.00000e+00
44.160000 4.62296e-05 -4.89882e-05 0.00000e+00
44.170000 4.12287e-05 -8.56337e-05 0.00000e+00
44.180000 4.57232e-05 -1.66908e-04 0.00000e+00
44.190000 4.96032e-05 -2.56374e-04 0.00000e+00
44.200000 3.32344e-05 -1.58530e-04 0.00000e+00
44.210000 4.09111e-05 -7.07745e-05 0.00000e+00
44.220000 6.03413e-05 -1.75394e-04 0.00000e+00
44.230000 3.31764e-05 -2.41567e-04 0.00000e+00
44.240000 7.49112e-06 -3.70646e-04 0.00000e+00
44.250000 -7.46542e-06 -5.43395e-04 0.00000e+00
44.260000 6.59356e-06 -6.99526e-04 0.00000e+00
44.270000 8.00698e-06 -7.56853e-04 0.00000e+00
44.280000 -1.27210e-05 -6.87628e-04 0.00000e+00
44.290000 -2.65365e-05 -5.53790e-04 0.00000e+00
44.300000 -3.21872e-05 -3.37295e-04 0.00000e+00
44.310000 -3.37097e-05 -1.22859e-04 0.00000e+00
44.320000 -3.26448e-05 -3.54791e-05 0.00000e+00
44.330000 -4.00285e-05 -8.58871e-05 0.00000e+00
44.340000 -4.63732e-05 -1.81290e-04 0.00000e+00
44.350000 -2.36027e-05 -2.01459e-04 0.00000e+00
44.360000 2.25073e-06 -1.48438e-04 0.00000e+00
44.370000 9.38374e-06 -1.63851e-04 0.00000e+00
44.380000 -2.60499e-05 -1.76358e-04 0.00000e+00
44.390000 -2.56926e-05 -6.79104e-05 0.00000e+00
44.400000 -2.77456e-05 -3.52122e-05 0.00000e+00
44.410000 -3.58328e-05 -1.69418e-04 0.00000e+00
44.420000 -3.53487e-05 -2.68325e-04 0.00000e+00
44.430000 -2.52021e-05 -2.14760e-04 0.00000e+00
44.440000 3.82072e-06 -8.77154e-05 0.00000e+00
44.450000 4.78584e-07 -5.29531e-05 0.00000e+00
44.460000 -4.86931e-06 -4.14984e-05 0.00000e+00
44.470000 -1.99345e-05 2.35236e-05 0.00000e+00
44.480000 -3.79040e-05 5.08581e-05 0.00000e+00
44.490000 -5.94258e-05 5.14723e-05 0.00000e+00
44.500000 -6.72726e-05 5.06995e-05 0.00000e+00
44.510000 -6.86266e-05 4.67206e-05 0.00000e+00
44.520000 -4.77394e-05 1.45760e-04 0.00000e+00
44.530000 -5.31728e-05 3.90963e-04 0.00000e+00
44.540000 -5.14416e-05 5.93090e-04 0.00000e+00
44.550000 -4.23916e-05 5.76260e-04 0.00000e+00
44.560000 -3.43933e-05 5.01490e-04 0.00000e+00
44.570000 -3.73159e-05 4.76724e-04 0.00000e+00
44.580000 -2.08917e-05 3.88785e-04 0.00000e+00
44.590000 1.09609e-05 2.52364e-04 0.00000e+00
44.600000 2.40354e-05 1.15313e-04 0.00000e+00
44.610000 2.72914e-05 9.43653e-05 0.00000e+00
44.620000 2.66400e-05 1.27735e-04 0.00000e+00
44.630000 3.86198e-05 1.11073e-04 0.00000e+00
44.640000 2.62962e-05 7.41252e-05 0.00000e+00
44.650000 1.59104e-05 6.46322e-05 0.00000e+00
44.660000 2.43995e-05 4.41052e-05 0.00000e+00
44.670000 3.23553e-05 -5.20743e-05 0.00000e+00
44.680000 3.67563e-05 -1.56489e-04 0.00000e+00
44.690000 3.58925e-05 -1.63162e-04 0.00000e+00
44.700000 1.84649e-05 -1.80893e-04 0.00000e+00
44.710000 -2.13694e-05 -3.18676e-04 0.00000e+00
44.720000 -3.95871e-05 -4.80140e-04 0.00000e+00
44.730000 -4.98087e-05 -6.16527e-04 0.00000e+00
44.740000 -6.32124e-05 -7.34016e-04 0.00000e+00
44.750000 -7.42667e-05 -7.75315e-04 0.00000e+00
44.760000 -7.19033e-05 -6.38495e-04 0.00000e+00
44.770000 -5.80962e-05 -4.08109e-04 0.00000e+00
44.780000 -2.71630e-05 -1.76648e-04 0.00000e+00
44.790000 -1.91848e-05 1.64873e-05 0.00000e+00
44.800000 -9.16799e-06 1.95968e-04 0.00000e+00
44.810000 -4.86210e-06 2.73760e-04 0.00000e+00
44.820000 2.54134e-06 2.31763e-04 0.00000e+00
44.830000 -2.80822e-05 2.44889e-04 0.00000e+00
44.840000 -4.25782e-05 2.92107e-04 0.00000e+00
44.850000 -4.74518e-05 2.84836e-04 0.00000e+00
44.860000 -4.75002e-05 2.66495e-04 0.00000e+00
44.870000 -7.23123e-05 2.51428e-04 0.00000e+00
44.880000 -7.35260e-05 1.23768e-04 0.00000e+00
44.890000 -6.17182e-05 -7.39788e-05 0.00000e+00
44.900000 -2.80059e-05 -2.65733e-04 0.00000e+00
44.910000 -2.80221e-06 -4.38899e-04 0.00000e+00
44.920000 2.90791e-05 -6.11453e-04 0.00000e+00
44.930000 4.31370e-05 -7.29020e-04 0.00000e+00
44.940000 4.24401e-05 -6.88791e-04 0.00000e+00
44.950000 2.01719e-05 -5.24120e-04 0.00000e+00
44.960000 -1.24234e-05 -2.98164e-04 0.00000e+00
44.970000 -4.42331e-05 -8.17723e-05 0.00000e+00
44.980000 -7.62341e-05 4.73400e-05 0.00000e+00
44.990000 -8.25919e-05 1.87651e-04 0.00000e+00
45.000000 -8.83256e-05 2.79058e-04 0.00000e+00
45.010000 -1.04214e-04 2.30057e-04 0.00000e+00
45.020000 -1.07307e-04 2.20717e-04 0.00000e+00
45.030000 -9.49973e-05 2.58928e-04 0.00000e+00
45.040000 -9.15691e-05 2.10068e-04 0.00000e+00
45.050000 -9.87911e-05 6.70873e-05 0.00000e+00
45.060000 -8.91819e-05 2.25568e-05 0.00000e+00
45.070000 -7.43207e-05 1.51708e-04 0.00000e+00
45.080000 -3.77053e-05 4.06961e-04 0.00000e+00
45.090000 -1.84010e-05 7.42193e-04 0.00000e+00
45.100000 2.64018e-05 1.02132e-03 0.00000e+00
45.110000 4.74146e-05 1.14157e-03 0.00000e+00
45.120000 5.49420e-05 1.10355e-03 0.00000e+00
45.130000 5.72647e-05 9.93294e-04 0.00000e+00
45.140000 3.83169e-05 8.65464e-04 0.00000e+00
45.150000 2.26497e-05 6.60211e-04 0.00000e+00
45.160000 3.87067e-05 4.34172e-04 0.00000e+00
45.170000 1.69659e-05 2.24656e-04 0.00000e+00
45.180000 1.38033e-05 -3.11434e-05 0.00000e+00
45.190000 2.16497e-05 -2.85112e-04 0.00000e+00
45.200000 1.59596e-05 -4.64522e-04 0.00000e+00
45.210000 9.26182e-06 -6.71296e-04 0.00000e+00
45.220000 1.59933e-05 -9.61073e-04 0.00000e+00
45.230000 4.75543e-05 -1.19969e-03 0.00000e+00
45.240000 5.00208e-05 -1.33407e-03 0.00000e+00
45.250000 4.47476e-05 -1.32113e-03 0.00000e+00
45.260000 7.67027e-06 -1.25891e-03 0.00000e+00
45.270000 -3.92814e-05 -1.15136e-03 0.00000e+00
45.280000 -6.87581e-05 -9.96488e-04 0.00000e+00
45.290000 -8.00554e-05 -9.11979e-04 0.00000e+00
45.300000 -7.71359e-05 -7.92398e-04 0.00000e+00
45.310000 -9.81591e-05 -7.01771e-04 0.00000e+00
45.320000 -1.19176e-04 -6.87746e-04 0.00000e+00
45.330000 -1.29868e-04 -5.68114e-04 0.00000e+00
45.340000 -1.35006e-04 -4.34636e-04 0.00000e+00
45.350000 -1.35593e-04 -3.51169e-04 0.00000e+00
45.360000 -1.32463e-04 -1.63292e-04 0.00000e+00
45.370000 -1.35415e-04 3.30772e-05 0.00000e+00
45.380000 -1.40136e-04 1.57161e-04 0.00000e+00
45.390000 -1.17742e-04 2.81594e-04 0.00000e+00
45.400000 -9.12564e-05 5.45002e-04 0.00000e+00
45.410000 -7.29435e-05 8.80326e-04 0.00000e+00
45.420000 -5.81080e-05 1.19455e-03 0.00000e+00
45.430000 -6.48458e-05 1.38682e-03 0.00000e+00
45.440000 -5.07368e-05 1.37030e-03 0.00000e+00
45.450000 -4.89281e-05 1.24650e-03 0.00000e+00
45.460000 -2.95172e-05 1.19049e-03 0.00000e+00
45.470000 -7.63993e-06 1.28820e-03 0.00000e+00
45.480000 -6.25207e-06 1.35678e-03 0.00000e+00
45.490000 9.36239e-06 1.33410e-03 0.00000e+00
45.500000 3.00072e-05 1.25728e-03 0.00000e+00
45.510000 3.61989e-05 1.17296e-03 0.00000e+00
45.520000 5.02175e-05 1.09549e-03 0.00000e+00
45.530000 6.20372e-05 9.76112e-04 0.00000e+00
45.540000 5.78780e-05 7.62610e-04 0.00000e+00
45.550000 6.42420e-05 4.96723e-04 0.00000e+00
45.560000 7.95669e-05 3.89817e-04 0.00000e+00
45.570000 1.03118e-04 4.19156e-04 0.00000e+00
45.580000 1.04308e-04 3.78866e-04 0.00000e+00
45.590000 1.01543e-04 2.70570e-04 0.00000e+00
45.600000 7.37795e-05 9.69330e-05 0.00000e+00
45.610000 7.15975e-05 -9.50529e-05 0.00000e+00
45.620000 7.52750e-05 -2.55055e-04 0.00000e+00
45.630000 1.10368e-04 -4.29376e-04 0.00000e+00
45.640000 1.06892e-04 -5.42009e-04 0.00000e+00
45.650000 9.22073e-05 -6.49012e-04 0.00000e+00
45.660000 7.59594e-05 -8.24330e-04 0.00000e+00
45.670000 5.58826e-05 -9.30642e-04 0.00000e+00
45.680000 5.00203e-05 -9.69099e-04 0.00000e+00
45.690000 2.93051e-05 -9.33769e-04 0.00000e+00
45.700000 1.26234e-05 -8.58595e-04 0.00000e+00
45.710000 5.31867e-06 -8.71261e-04 0.00000e+00
45.720000 2.37523e-05 -9.11038e-04 0.00000e+00
45.730000 3.23839e-05 -9.07642e-04 0.00000e+00
45.740000 -1.07415e-06 -8.17815e-04 0.00000e+00
45.750000 -3.22556e-05 -7.19366e-04 0.00000e+00
45.760000 -4.21284e-05 -6.94578e-04 0.00000e+00
45.770000 -5.25856e-05 -7.63868e-04 0.00000e+00
45.780000 -5.69950e-05 -8.76960e-04 0.00000e+00
45.790000 -6.10153e-05 -9.08898e-04 0.00000e+00
45.800000 -7.16083e-05 -6.80400e-04 0.00000e+00
45.810000 -5.97866e-05 -3.13588e-04 0.00000e+00
45.820000 -6.85028e-05 -5.00993e-05 0.00000e+00
45.830000 -6.72749e-05 1.06043e-04 0.00000e+00
45.840000 -3.99311e-05 1.60099e-04 0.00000e+00
45.850000 -3.31038e-05 2.39608e-04 0.00000e+00
45.860000 -2.94467e-05 2.96049e-04 0.00000e+00
45.870000 -5.64483e-05 2.11643e-04 0.00000e+00
45.880000 -6.45720e-05 1.63180e-04 0.00000e+00
45.890000 -6.70393e-05 3.09679e-04 0.00000e+00
45.900000 -6.40057e-05 5.19814e-04 0.00000e+00
45.910000 -5.81132e-05 5.04367e-04 0.00000e+00
45.920000 -6.36497e-05 3.32880e-04 0.00000e+00
45.930000 -6.24597e-05 2.53640e-04 0.00000e+00
45.940000 -5.02116e-05 1.79214e-04 0.00000e+00
45.950000 -2.68445e-05 4.56472e-05 0.00000e+00
45.960000 1.62809e-05 -7.02736e-05 0.00000e+00
45.970000 5.27864e-05 -1.49021e-04 0.00000e+00
45.980000 3.33773e-05 -1.20108e-04 0.00000e+00
45.990000 6.12624e-06 -1.20978e-04 0.00000e+00
46.000000 -2.54270e-05 -1.72270e-04 0.00000e+00
46.010000 -3.31325e-05 -4.79969e-05 0.00000e+00
46.020000 -3.57516e-05 9.96608e-05 0.00000e+00
46.030000 -5.50234e-05 1.91685e-04 0.00000e+00
46.040000 -5.81731e-05 1.60861e-04 0.00000e+00
46.050000 -2.84451e-05 6.86996e-06 0.00000e+00
46.060000 -3.42849e-05 -1.22901e-04 0.00000e+00
46.070000 -6.15061e-05 -2.24094e-04 0.00000e+00
46.080000 -8.53689e-05 -3.12956e-04 0.00000e+00
46.090000 -6.40768e-05 -4.71468e-04 0.00000e+00
46.100000 -6.24080e-05 -5.82475e-04 0.00000e+00
46.110000 -7.15386e-05 -5.63969e-04 0.00000e+00
46.120000 -5.98259e-05 -4.41385e-04 0.00000e+00
46.130000 -3.49594e-05 -1.52747e-04 0.00000e+00
46.140000 -1.72817e-05 2.28822e-04 0.00000e+00
46.150000 -1.06451e-05 4.62176e-04 0.00000e+00
46.160000 -2.87344e-05 4.72013e-04 0.00000e+00
46.170000 -8.65926e-06 3.95151e-04 0.00000e+00
46.180000 -1.36810e-05 3.28485e-04 0.00000e+00
46.190000 -3.99675e-05 2.69413e-04 0.00000e+00
46.200000 -5.20731e-05 1.63023e-04 0.00000e+00
46.210000 -8.09169e-05 7.85943e-05 0.00000e+00
46.220000 -8.05406e-05 1.99812e-04 0.00000e+00
46.230000 -7.43520e-05 3.19022e-04 0.00000e+00
46.240000 -6.32027e-05 2.34384e-04 0.00000e+00
46.250000 -5.52307e-05 1.20250e-04 0.00000e+00
46.260000 -3.33182e-05 1.51387e-04 0.00000e+00
46.270000 1.30531e-05 2.02527e-04 0.00000e+00
46.280000 2.38994e-05 9.54606e-05 0.00000e+00
46.290000 3.85017e-05 3.95037e-05 0.00000e+00
46.300000 3.22895e-05 2.11937e-04 0.00000e+00
46.310000 1.01883e-05 4.64877e-04 0.00000e+00
46.320000 -1.70261e-05 6.23271e-04 0.00000e+00
46.330000 -3.09277e-05 6.67954e-04 0.00000e+00
46.340000 -2.78453e-05 7.44419e-04 0.00000e+00
46.350000 -2.83246e-05 8.15942e-04 0.00000e+00
46.360000 -2.26491e-05 7.23519e-04 0.00000e+00
46.370000 -1.34887e-07 5.64683e-04 0.00000e+00
46.380000 2.07204e-05 3.45036e-04 0.00000e+00
46.390000 3.56884e-05 1.30397e-04 0.00000e+00
46.400000 1.20503e-05 2.22340e-06 0.00000e+00
46.410000 2.79105e-05 -8.16546e-05 0.00000e+00
46.420000 4.18358e-05 -1.91753e-04 0.00000e+00
46.430000 4.53936e-05 -2.79463e-04 0.00000e+00
46.440000 2.99558e-05 -1.68648e-04 0.00000e+00
46.450000 4.76669e-05 -4.22852e-05 0.00000e+00
46.460000 8.15868e-05 3.62404e-05 0.00000e+00
46.470000 9.47473e-05 1.17178e-04 0.00000e+00
46.480000 6.13293e-05 7.47826e-05 0.00000e+00
46.490000 3.96502e-05 -1.01074e-05 0.00000e+00
46.500000 2.59128e-05 -9.14742e-05 0.00000e+00
46.510000 1.25189e-05 -1.72466e-04 0.00000e+00
46.520000 -1.47374e-05 -2.99996e-04 0.00000e+00
46.530000 -2.15466e-05 -4.03773e-04 0.00000e+00
46.540000 -2.81054e-05 -3.46782e-04 0.00000e+00
46.550000 -2.33946e-05 -1.83998e-04 0.00000e+00
46.560000 -1.46503e-05 -3.43874e-05 0.00000e+00
46.570000 -6.93356e-06 -4.63710e-05 0.00000e+00
46.580000 -4.82999e-06 -1.22282e-04 0.00000e+00
46.590000 -3.95070e-06 -8.52044e-05 0.00000e+00
46.600000 1.89716e-05 -4.27794e-05 0.00000e+00
46.610000 3.37999e-05 -4.79740e-05 0.00000e+00
46.620000 2.04682e-05 3.73323e-05 0.00000e+00
46.630000 3.38894e-05 2.77381e-04 0.00000e+00
46.640000 2.27356e-05 5.28125e-04 0.00000e+00
46.650000 2.14383e-05 5.14106e-04 0.00000e+00
46.660000 2.71231e-05 3.68385e-04 0.00000e+00
46.670000 1.27466e-05 2.91606e-04 0.00000e+00
46.680000 7.33703e-06 1.79324e-04 0.00000e+00
46.690000 1.16227e-05 -5.82318e-06 0.00000e+00
46.700000 4.37644e-05 -2.13337e-04 0.00000e+00
46.710000 4.95096e-05 -4.10022e-04 0.00000e+00
46.720000 3.70656e-05 -5.71050e-04 0.00000e+00
46.730000 1.09892e-05 -6.70715e-04 0.00000e+00
46.740000 -3.30683e-06 -7.89726e-04 0.00000e+00
46.750000 -2.01498e-06 -9.21291e-04 0.00000e+00
46.760000 1.31924e-05 -1.02130e-03 0.00000e+00
46.770000 6.96614e-06 -1.01579e-03 0.00000e+00
46.780000 1.66965e-05 -9.16837e-04 0.00000e+00
46.790000 5.22974e-06 -8.84912e-04 0.00000e+00
46.800000 -1.85296e-05 -8.48854e-04 0.00000e+00
46.810000 -5.69758e-05 -7.73106e-04 0.00000e+00
46.820000 -9.21921e-05 -6.85357e-04 0.00000e+00
46.830000 -8.00784e-05 -5.06325e-04 0.00000e+00
46.840000 -9.87694e-05 -3.72804e-04 0.00000e+00
46.850000 -1.12794e-04 -3.45513e-04 0.00000e+00
46.860000 -1.18630e-04 -2.87267e-04 0.00000e+00
46.870000 -1.21802e-04 -5.56860e-05 0.00000e+00
46.880000 -1.18748e-04 2.49208e-04 0.00000e+00
46.890000 -1.07667e-04 4.81389e-04 0.00000e+00
46.900000 -1.04914e-04 6.10187e-04 0.00000e+00
46.910000 -9.95439e-05 6.45857e-04 0.00000e+00
46.920000 -7.20460e-05 7.62471e-04 0.00000e+00
46.930000 -4.95537e-05 1.03693e-03 0.00000e+00
46.940000 -2.62800e-05 1.24502e-03 0.00000e+00
46.950000 -1.55829e-05 1.38310e-03 0.00000e+00
46.960000 -3.92935e-06 1.47758e-03 0.00000e+00
46.970000 1.59539e-05 1.48623e-03 0.00000e+00
46.980000 3.52523e-05 1.44086e-03 0.00000e+00
46.990000 4.96953e-05 1.28627e-03 0.00000e+00
47.000000 5.43193e-05 1.22009e-03 0.00000e+00
47.010000 4.29868e-05 1.08267e-03 0.00000e+00
47.020000 5.30609e-05 7.67827e-04 0.00000e+00
47.030000 7.99157e-05 5.37436e-04 0.00000e+00
47.040000 1.01677e-04 3.53766e-04 0.00000e+00
47.050000 9.76619e-05 1.27840e-04 0.00000e+00
47.060000 9.70373e-05 -1.00160e-04 0.00000e+00
47.070000 8.19915e-05 -3.52200e-04 0.00000e+00
47.080000 8.56171e-05 -6.57850e-04 0.00000e+00
47.090000 9.95394e-05 -8.61138e-04 0.00000e+00
47.100000 8.50018e-05 -9.72332e-04 0.00000e+00
47.110000 4.49238e-05 -1.10556e-03 0.00000e+00
47.120000 4.13076e-05 -1.25784e-03 0.00000e+00
47.130000 1.89610e-05 -1.45818e-03 0.00000e+00
47.140000 2.37516e-05 -1.61829e-03 0.00000e+00
47.150000 -3.65882e-06 -1.58094e-03 0.00000e+00
47.160000 -2.54481e-05 -1.41587e-03 0.00000e+00
47.170000 -4.69839e-05 -1.30084e-03 0.00000e+00
47.180000 -8.93866e-05 -1.29461e-03 0.00000e+00
47.190000 -8.00060e-05 -1.30918e-03 0.00000e+00
47.200000 -7.47805e-05 -1.16741e-03 0.00000e+00
47.210000 -1.00932e-04 -9.37747e-04 0.00000e+00
47.220000 -1.21039e-04 -6.85200e-04 0.00000e+00
47.230000 -1.31221e-04 -3.93387e-04 0.00000e+00
47.240000 -1.41088e-04 -1.87895e-04 0.00000e+00
47.250000 -1.39790e-04 -5.93710e-05 0.00000e+00
47.260000 -1.25296e-04 1.66287e-04 0.00000e+00
47.270000 -1.37209e-04 3.66243e-04 0.00000e+00
47.280000 -1.36139e-04 4.43965e-04 0.00000e+00
47.290000 -1.25937e-04 6.25474e-04 0.00000e+00
47.300000 -1.07864e-04 8.40051e-04 0.00000e+00
47.310000 -6.29334e-05 1.03915e-03 0.00000e+00
47.320000 -2.31774e-05 1.10815e-03 0.00000e+00
47.330000 -3.42394e-05 1.05158e-03 0.00000e+00
47.340000 -4.60900e-05 1.04196e-03 0.00000e+00
47.350000 -4.29677e-05 9.39286e-04 0.00000e+00
47.360000 -2.33456e-05 8.99081e-04 0.00000e+00
47.370000 6.67262e-06 9.80725e-04 0.00000e+00
47.380000 1.09455e-05 8.69730e-04 0.00000e+00
47.390000 3.48923e-05 6.31905e-04 0.00000e+00
47.400000 1.37525e-05 4.45656e-04 0.00000e+00
47.410000 -3.62777e-06 2.43619e-04 0.00000e+00
47.420000 -3.68561e-06 2.86540e-05 0.00000e+00
47.430000 1.86793e-05 -1.17577e-04 0.00000e+00
47.440000 1.12777e-05 -2.99487e-04 0.00000e+00
47.450000 3.70422e-05 -5.43625e-04 0.00000e+00
47.460000 3.21608e-05 -7.21083e-04 0.00000e+00
47.470000 6.43419e-06 -8.41535e-04 0.00000e+00
47.480000 -1.64063e-05 -8.13473e-04 0.00000e+00
47.490000 -4.59626e-05 -6.19146e-04 0.00000e+00
47.500000 -2.65333e-05 -5.35252e-04 0.00000e+00
47.510000 -3.28291e-05 -6.52163e-04 0.00000e+00
47.520000 -4.22954e-05 -7.31661e-04 0.00000e+00
47.530000 -4.53540e-05 -6.57503e-04 0.00000e+00
47.540000 -7.36316e-05 -4.72189e-04 0.00000e+00
47.550000 -1.01309e-04 -3.04787e-04 0.00000e+00
47.560000 -8.62732e-05 -1.32804e-04 0.00000e+00
47.570000 -9.01456e-05 -2.52775e-05 0.00000e+00
47.580000 -9.41709e-05 9.18797e-06 0.00000e+00
47.590000 -8.98348e-05 1.24339e-04 0.00000e+00
47.600000 -7.98137e-05 3.64227e-04 0.00000e+00
47.610000 -8.03173e-05 6.24869e-04 0.00000e+00
47.620000 -6.22338e-05 9.02666e-04 0.00000e+00
47.630000 -4.26238e-05 1.15008e-03 0.00000e+00
47.640000 -2.53670e-05 1.20409e-03 0.00000e+00
47.650000 -1.59735e-06 1.13903e-03 0.00000e+00
47.660000 8.14068e-07 1.05664e-03 0.00000e+00
47.670000 -9.92115e-06 1.12538e-03 0.00000e+00
47.680000 1.37864e-06 1.23576e-03 0.00000e+00
47.690000 3.90550e-05 1.26454e-03 0.00000e+00
47.700000 5.54043e-05 1.25430e-03 0.00000e+00
47.710000 6.36117e-05 1.20877e-03 0.00000e+00
47.720000 6.79614e-05 1.11125e-03 0.00000e+00
47.730000 8.32037e-05 1.07181e-03 0.00000e+00
47.740000 9.23276e-05 1.02746e-03 0.00000e+00
47.750000 1.23487e-04 8.47401e-04 0.00000e+00
47.760000 1.28125e-04 6.54350e-04 0.00000e+00
47.770000 1.38341e-04 4.78395e-04 0.00000e+00
47.780000 1.22549e-04 2.54922e-04 0.00000e+00
47.790000 1.12677e-04 3.70018e-05 0.00000e+00
47.800000 8.47208e-05 -1.15805e-04 0.00000e+00
47.810000 8.53247e-05 -2.67943e-04 0.00000e+00
47.820000 8.91109e-05 -4.07430e-04 0.00000e+00
47.830000 1.18793e-04 -5.73875e-04 0.00000e+00
47.840000 1.17700e-04 -8.47854e-04 0.00000e+00
47.850000 1.08564e-04 -1.07960e-03 0.00000e+00
47.860000 1.03566e-04 -1.08052e-03 0.00000e+00
47.870000 9.45137e-05 -1.02285e-03 0.00000e+00
47.880000 9.98219e-05 -1.05086e-03 0.00000e+00
47.890000 7.40361e-05 -1.11307e-03 0.00000e+00
47.900000 5.19025e-05 -1.14337e-03 0.00000e+00
47.910000 1.23145e-05 -1.08815e-03 0.00000e+00
47.920000 -4.88837e-06 -9.10665e-04 0.00000e+00
47.930000 -1.52310e-05 -7.21432e-04 0.00000e+00
47.940000 -2.93539e-05 -6.06038e-04 0.00000e+00
47.950000 -4.08653e-05 -4.78687e-04 0.00000e+00
47.960000 -4.14132e-05 -3.56795e-04 0.00000e+00
47.970000 -4.75028e-05 -3.12141e-04 0.00000e+00
47.980000 -5.37942e-05 -2.85224e-04 0.00000e+00
47.990000 -5.30228e-05 -2.14733e-04 0.00000e+00
48.000000 -4.94777e-05 -5.30537e-06 0.00000e+00
48.010000 -3.74663e-05 2.43317e-04 0.00000e+00
48.020000 -6.37396e-06 4.10704e-04 0.00000e+00
48.030000 6.87115e-06 5.72916e-04 0.00000e+00
48.040000 -7.42123e-06 6.72404e-04 0.00000e+00
48.050000 -2.40565e-06 8.07232e-04 0.00000e+00
48.060000 7.10230e-06 8.77158e-04 0.00000e+00
48.070000 2.97168e-05 8.03653e-04 0.00000e+00
48.080000 4.79759e-05 6.46252e-04 0.00000e+00
48.090000 5.22308e-05 4.56030e-04 0.00000e+00
48.100000 4.26796e-05 3.34641e-04 0.00000e+00
48.110000 4.85061e-05 2.13810e-04 0.00000e+00
48.120000 6.45803e-05 7.00893e-05 0.00000e+00
48.130000 5.18420e-05 -3.92512e-05 0.00000e+00
48.140000 4.61095e-05 -1.54266e-04 0.00000e+00
48.150000 4.68223e-05 -3.18612e-04 0.00000e+00
48.160000 5.23861e-05 -4.60580e-04 0.00000e+00
48.170000 6.62064e-05 -5.56834e-04 0.00000e+00
48.180000 4.44560e-05 -5.92875e-04 0.00000e+00
48.190000 4.09371e-05 -4.93409e-04 0.00000e+00
48.200000 1.52973e-05 -3.99209e-04 0.00000e+00
48.210000 -4.62454e-07 -4.34319e-04 0.00000e+00
48.220000 -6.81581e-06 -4.69074e-04 0.00000e+00
48.230000 -3.60181e-05 -4.01195e-04 0.00000e+00
48.240000 -3.81655e-05 -1.98107e-04 0.00000e+00
48.250000 -3.89913e-05 8.32146e-05 0.00000e+00
48.260000 -2.72680e-05 3.79741e-04 0.00000e+00
48.270000 -1.81934e-05 6.13426e-04 0.00000e+00
48.280000 -1.56002e-05 7.78340e-04 0.00000e+00
48.290000 -7.72962e-06 9.88585e-04 0.00000e+00
48.300000 6.14880e-07 1.11204e-03 0.00000e+00
48.310000 3.69182e-06 1.05546e-03 0.00000e+00
48.320000 2.04656e-05 1.03111e-03 0.00000e+00
48.330000 4.47514e-05 1.06175e-03 0.00000e+00
48.340000 6.49371e-05 1.09728e-03 0.00000e+00
48.350000 8.64628e-05 1.07151e-03 0.00000e+00
48.360000 9.95706e-05 9.78564e-04 0.00000e+00
48.370000 9.61212e-05 8.32961e-04 0.00000e+00
48.380000 1.26664e-04 6.51501e-04 0.00000e+00
48.390000 1.52026e-04 4.66919e-04 0.00000e+00
48.400000 1.84314e-04 1.79417e-04 0.00000e+00
48.410000 1.95462e-04 -1.09727e-04 0.00000e+00
48.420000 1.90330e-04 -3.21566e-04 0.00000e+00
48.430000 1.76949e-04 -4.05967e-04 0.00000e+00
48.440000 1.41094e-04 -4.26531e-04 0.00000e+00
48.450000 1.11611e-04 -5.70012e-04 0.00000e+00
48.460000 8.85562e-05 -7.42578e-04 0.00000e+00
48.470000 4.80204e-05 -8.69343e-04 0.00000e+00
48.480000 3.28151e-05 -1.01665e-03 0.00000e+00
48.490000 4.36953e-05 -1.13222e-03 0.00000e+00
48.500000 2.18586e-05 -1.22816e-03 0.00000e+00
48.510000 1.33328e-05 -1.28779e-03 0.00000e+00
48.520000 -4.65268e-07 -1.28402e-03 0.00000e+00
48.530000 -1.12540e-05 -1.29895e-03 0.00000e+00
48.540000 -2.03468e-05 -1.36189e-03 0.00000e+00
48.550000 -2.06515e-05 -1.31765e-03 0.00000e+00
48.560000 -3.76322e-05 -1.12617e-03 0.00000e+00
48.570000 -2.86394e-05 -8.78183e-04 0.00000e+00
48.580000 -1.68438e-05 -6.91781e-04 0.00000e+00
48.590000 -6.20898e-06 -6.06589e-04 0.00000e+00
48.600000 -2.26839e-06 -5.03903e-04 0.00000e+00
48.610000 -3.93846e-05 -4.26541e-04 0.00000e+00
48.620000 -6.45578e-05 -4.07754e-04 0.00000e+00
48.630000 -6.01501e-05 -4.02472e-04 0.00000e+00
48.640000 -7.25266e-05 -4.46130e-04 0.00000e+00
48.650000 -8.22766e-05 -5.17629e-04 0.00000e+00
48.660000 -8.91139e-05 -4.38573e-04 0.00000e+00
48.670000 -1.03147e-04 -3.99846e-04 0.00000e+00
48.680000 -8.85832e-05 -4.32796e-04 0.00000e+00
48.690000 -9.90114e-05 -4.21058e-04 0.00000e+00
48.700000 -1.00589e-04 -4.59476e-04 0.00000e+00
48.710000 -9.38647e-05 -4.67751e-04 0.00000e+00
48.720000 -8.23911e-05 -3.79230e-04 0.00000e+00
48.730000 -9.40104e-05 -3.00651e-04 0.00000e+00
48.740000 -1.07136e-04 -2.09664e-04 0.00000e+00
48.750000 -1.27504e-04 2.09321e-05 0.00000e+00
48.760000 -1.07504e-04 2.93051e-04 0.00000e+00
48.770000 -9.71652e-05 5.31845e-04 0.00000e+00
48.780000 -9.60322e-05 5.83667e-04 0.00000e+00
48.790000 -1.04653e-04 4.78330e-04 0.00000e+00
48.800000 -1.02329e-04 5.56889e-04 0.00000e+00
48.810000 -1.01655e-04 6.65122e-04 0.00000e+00
48.820000 -9.64052e-05 6.80964e-04 0.00000e+00
48.830000 -8.30340e-05 7.18307e-04 0.00000e+00
48.840000 -9.79370e-05 6.90797e-04 0.00000e+00
48.850000 -6.86990e-05 7.27435e-04 0.00000e+00
48.860000 -6.52468e-05 7.72734e-04 0.00000e+00
48.870000 -4.54440e-05 7.05180e-04 0.00000e+00
48.880000 -1.52925e-05 6.40292e-04 0.00000e+00
48.890000 3.84653e-06 6.18586e-04 0.00000e+00
48.900000 5.09267e-06 5.73331e-04 0.00000e+00
48.910000 2.17906e-05 4.52671e-04 0.00000e+00
48.920000 2.73252e-05 2.35856e-04 0.00000e+00
48.930000 9.54248e-06 1.72964e-04 0.00000e+00
48.940000 -3.87079e-06 2.76390e-04 0.00000e+00
48.950000 -1.75797e-05 2.51085e-04 0.00000e+00
48.960000 2.40390e-06 1.14888e-04 0.00000e+00
48.970000 2.53143e-05 3.64014e-05 0.00000e+00
48.980000 -7.56475e-06 2.96688e-05 0.00000e+00
48.990000 3.48745e-06 -4.36436e-05 0.00000e+00
49.000000 -1.06996e-05 -9.41821e-05 0.00000e+00
49.010000 -1.50424e-05 -1.65509e-04 0.00000e+00
49.020000 -1.43362e-05 -2.10901e-04 0.00000e+00
49.030000 -3.60051e-05 -2.37677e-04 0.00000e+00
49.040000 -4.46222e-05 -2.58854e-04 0.00000e+00
49.050000 -3.75824e-05 -1.41727e-04 0.00000e+00
49.060000 -3.15261e-05 -2.15508e-05 0.00000e+00
49.070000 -2.67364e-05 7.11174e-06 0.00000e+00
49.080000 -2.50057e-05 2.29234e-06 0.00000e+00
49.090000 -1.25290e-05 3.40818e-05 0.00000e+00
49.100000 2.28458e-05 -4.34378e-05 0.00000e+00
49.110000 -3.50827e-06 -1.51007e-04 0.00000e+00
49.120000 -1.89407e-05 -2.21403e-04 0.00000e+00
49.130000 -8.19932e-06 -1.94975e-04 0.00000e+00
49.140000 1.00632e-05 1.68819e-05 0.00000e+00
49.150000 -5.45436e-06 7.17620e-05 0.00000e+00
49.160000 -1.87191e-05 5.71916e-05 0.00000e+00
49.170000 -6.36702e-06 8.39527e-05 0.00000e+00
49.180000 -1.66291e-05 -5.76261e-06 0.00000e+00
49.190000 -1.59907e-05 -5.99044e-05 0.00000e+00
49.200000 -2.56286e-05 -7.50238e-05 0.00000e+00
49.210000 -1.11955e-05 -1.50509e-04 0.00000e+00
49.220000 -2.58323e-05 -2.03120e-04 0.00000e+00
49.230000 -4.42322e-05 -2.05350e-04 0.00000e+00
49.240000 -5.56141e-05 -2.50773e-04 0.00000e+00
49.250000 -5.49802e-05 -3.18396e-04 0.00000e+00
49.260000 -4.60882e-05 -3.26712e-04 0.00000e+00
49.270000 -4.79700e-05 -1.70409e-04 0.00000e+00
49.280000 -1.36016e-05 -8.18733e-05 0.00000e+00
49.290000 -1.59247e-05 -1.72949e-04 0.00000e+00
49.300000 4.75745e-06 -9.27517e-05 0.00000e+00
49.310000 -8.44376e-06 1.27201e-04 0.00000e+00
49.320000 -3.47175e-05 2.02513e-04 0.00000e+00
49.330000 -3.11246e-05 1.92695e-04 0.00000e+00
49.340000 -4.49506e-05 3.30083e-04 0.00000e+00
49.350000 -4.80346e-05 4.51376e-04 0.00000e+00
49.360000 -2.45285e-05 4.89057e-04 0.00000e+00
49.370000 -2.54640e-05 5.29565e-04 0.00000e+00
49.380000 -3.94165e-05 5.79801e-04 0.00000e+00
49.390000 -3.17999e-05 5.76580e-04 0.00000e+00
49.400000 -3.21878e-05 4.48553e-04 0.00000e+00
49.410000 -3.06902e-05 3.63665e-04 0.00000e+00
49.420000 -6.17793e-06 3.05343e-04 0.00000e+00
49.430000 1.33493e-05 2.82539e-04 0.00000e+00
49.440000 3.17374e-05 3.01893e-04 0.00000e+00
49.450000 2.29446e-05 4.05166e-04 0.00000e+00
49.460000 4.43977e-05 4.80978e-04 0.00000e+00
49.470000 7.11506e-05 5.52889e-04 0.00000e+00
49.480000 4.90917e-05 6.03402e-04 0.00000e+00
49.490000 4.25077e-05 4.61954e-04 0.00000e+00
49.500000 6.19523e-05 3.44047e-04 0.00000e+00
49.510000 6.26071e-05 2.49115e-04 0.00000e+00
49.520000 3.40347e-05 1.06621e-04 0.00000e+00
49.530000 3.55102e-05 4.17433e-05 0.00000e+00
49.540000 2.64167e-05 1.09412e-05 0.00000e+00
49.550000 1.96927e-05 -1.55041e-04 0.00000e+00
49.560000 1.38301e-05 -3.65608e-04 0.00000e+00
49.570000 2.53800e-05 -5.03171e-04 0.00000e+00
49.580000 4.35194e-05 -5.88098e-04 0.00000e+00
49.590000 3.23844e-05 -5.85931e-04 0.00000e+00
49.600000 5.06537e-05 -5.23656e-04 0.00000e+00
49.610000 4.24819e-05 -5.02774e-04 0.00000e+00
49.620000 3.74804e-05 -5.98847e-04 0.00000e+00
49.630000 1.26088e-05 -6.71286e-04 0.00000e+00
49.640000 2.05885e-05 -4.97761e-04 0.00000e+00
49.650000 -1.65663e-05 -3.48328e-04 0.00000e+00
49.660000 -1.53962e-05 -3.18424e-04 0.00000e+00
49.670000 -2.04029e-05 -1.54086e-04 0.00000e+00
49.680000 -2.40692e-05 -3.17897e-06 0.00000e+00
49.690000 -3.56962e-05 -4.99367e-05 0.00000e+00
49.700000 -3.13581e-05 -1.27105e-04 0.00000e+00
49.710000 -4.36719e-05 -1.21397e-04 0.00000e+00
49.720000 -5.06878e-05 -8.76876e-05 0.00000e+00
49.730000 -3.80201e-05 -8.36515e-05 0.00000e+00
49.740000 -1.22022e-05 -1.81637e-05 0.00000e+00
49.750000 -1.06074e-05 1.77289e-04 0.00000e+00
49.760000 -1.06363e-05 2.74927e-04 0.00000e+00
49.770000 -2.27849e-05 3.46017e-04 0.00000e+00
49.780000 -2.67224e-05 4.28367e-04 0.00000e+00
49.790000 -1.43517e-05 3.91777e-04 0.00000e+00
49.800000 2.41045e-05 2.65654e-04 0.00000e+00
49.810000 4.86812e-05 2.01655e-04 0.00000e+00
49.820000 2.67308e-05 1.36793e-04 0.00000e+00
49.830000 2.39818e-05 2.67635e-05 0.00000e+00
49.840000 1.68271e-05 -6.29026e-05 0.00000e+00
49.850000 -1.50144e-05 -1.83802e-04 0.00000e+00
49.860000 -1.20025e-05 -3.32578e-04 0.00000e+00
49.870000 -1.14191e-06 -4.52933e-04 0.00000e+00
49.880000 1.67959e-05 -4.85756e-04 0.00000e+00
49.890000 1.04575e-05 -5.64511e-04 0.00000e+00
49.900000 4.34550e-06 -6.06656e-04 0.00000e+00
49.910000 9.54381e-06 -5.19831e-04 0.00000e+00
49.920000 -9.49855e-06 -4.35023e-04 0.00000e+00
49.930000 -4.44315e-05 -4.40240e-04 0.00000e+00
49.940000 -4.66219e-05 -5.12186e-04 0.00000e+00
49.950000 -7.38770e-05 -6.42444e-04 0.00000e+00
49.960000 -8.17377e-05 -6.59171e-04 0.00000e+00
49.970000 -7.93800e-05 -4.27427e-04 0.00000e+00
49.980000 -6.27885e-05 -9.85837e-05 0.00000e+00
49.990000 -7.66476e-05 1.31622e-05 0.00000e+00
50.000000 -7.73683e-05 1.56660e-05 0.00000e+00
50.010000 -8.74312e-05 1.43185e-04 0.00000e+00
50.020000 -6.93215e-05 1.46611e-04 0.00000e+00
50.030000 -6.52846e-05 1.61400e-04 0.00000e+00
50.040000 -3.47748e-05 3.51892e-04 0.00000e+00
50.050000 -2.82718e-05 6.11828e-04 0.00000e+00
50.060000 -3.61311e-05 8.03193e-04 0.00000e+00
50.070000 -2.32555e-05 8.09614e-04 0.00000e+00
50.080000 -2.30140e-05 8.91452e-04 0.00000e+00
50.090000 -3.05952e-05 9.47630e-04 0.00000e+00
50.100000 -3.36213e-05 8.41897e-04 0.00000e+00
50.110000 -2.06861e-05 7.53090e-04 0.00000e+00
50.120000 -1.57474e-06 6.19533e-04 0.00000e+00
50.130000 4.39944e-05 4.91769e-04 0.00000e+00
50.140000 4.88572e-05 4.43915e-04 0.00000e+00
50.150000 3.37742e-05 4.83774e-04 0.00000e+00
50.160000 1.45733e-05 4.23296e-04 0.00000e+00
50.170000 4.61964e-05 2.59638e-04 0.00000e+00
50.180000 5.48232e-05 1.31109e-04 0.00000e+00
50.190000 4.28911e-05 3.90603e-05 0.00000e+00
50.200000 7.42857e-05 -7.22678e-05 0.00000e+00
50.210000 6.10993e-05 -1.00309e-04 0.00000e+00
50.220000 4.79466e-05 -6.06967e-05 0.00000e+00
50.230000 1.07159e-05 -1.80660e-04 0.00000e+00
50.240000 3.69556e-06 -3.20360e-04 0.00000e+00
50.250000 2.36577e-05 -4.80465e-04 0.00000e+00
50.260000 -8.77122e-06 -6.06198e-04 0.00000e+00
50.270000 3.36707e-06 -7.40585e-04 0.00000e+00
50.280000 -6.33995e-06 -8.45357e-04 0.00000e+00
50.290000 1.05389e-06 -8.40620e-04 0.00000e+00
50.300000 1.10207e-05 -7.17314e-04 0.00000e+00
50.310000 1.22242e-06 -5.60432e-04 0.00000e+00
50.320000 -7.26262e-06 -5.28440e-04 0.00000e+00
50.330000 -4.26540e-05 -5.73226e-04 0.00000e+00
50.340000 -2.85994e-05 -5.05697e-04 0.00000e+00
50.350000 -3.88244e-05 -3.53803e-04 0.00000e+00
50.360000 -4.38735e-05 -3.37692e-04 0.00000e+00
50.370000 -5.89025e-05 -2.14074e-04 0.00000e+00
50.380000 -3.97857e-05 -9.31337e-05 0.00000e+00
50.390000 -7.52300e-05 -1.08856e-04 0.00000e+00
50.400000 -8.30131e-05 -2.20053e-04 0.00000e+00
50.410000 -8.36955e-05 -3.31734e-04 0.00000e+00
50.420000 -7.36620e-05 -2.10133e-04 0.00000e+00
50.430000 -4.59313e-05 -2.06740e-04 0.00000e+00
50.440000 -6.34283e-05 -1.92669e-04 0.00000e+00
50.450000 -3.33637e-05 -6.01888e-05 0.00000e+00
50.460000 -3.82575e-05 3.67263e-05 0.00000e+00
50.470000 -2.58525e-05 2.16289e-04 0.00000e+00
50.480000 -3.73709e-05 2.60748e-04 0.00000e+00
50.490000 -3.83216e-05 2.45852e-04 0.00000e+00
50.500000 -4.74313e-05 2.32588e-04 0.00000e+00
50.510000 -4.25258e-05 2.43175e-04 0.00000e+00
50.520000 -6.01900e-05 3.09216e-04 0.00000e+00
50.530000 -6.07702e-05 2.72749e-04 0.00000e+00
50.540000 -5.16619e-05 2.21435e-04 0.00000e+00
50.550000 -7.42264e-05 3.26211e-04 0.00000e+00
50.560000 -5.87485e-05 3.51136e-04 0.00000e+00
50.570000 -5.81154e-05 1.69594e-04 0.00000e+00
50.580000 -2.22466e-05 6.50783e-05 0.00000e+00
50.590000 -1.51547e-05 4.15386e-05 0.00000e+00
50.600000 -2.84590e-05 1.45930e-04 0.00000e+00
50.610000 1.21612e-05 2.09920e-04 0.00000e+00
50.620000 -1.18100e-05 2.62228e-04 0.00000e+00
50.630000 -6.14478e-06 2.85601e-04 0.00000e+00
50.640000 -2.22202e-05 2.58561e-04 0.00000e+00
50.650000 -3.87358e-05 2.71808e-04 0.00000e+00
50.660000 -8.46613e-06 2.26777e-04 0.00000e+00
50.670000 -1.17822e-05 1.82681e-04 0.00000e+00
50.680000 -1.33262e-05 1.14385e-04 0.00000e+00
50.690000 -1.61244e-05 -1.63492e-05 0.00000e+00
50.700000 -2.33857e-05 -1.47407e-04 0.00000e+00
50.710000 1.09833e-06 -2.39973e-04 0.00000e+00
50.720000 -5.04586e-06 -3.82547e-04 0.00000e+00
50.730000 -3.50584e-05 -4.39447e-04 0.00000e+00
50.740000 -3.70360e-05 -4.69216e-04 0.00000e+00
50.750000 -8.28526e-06 -4.36437e-04 0.00000e+00
50.760000 -1.31338e-05 -3.57187e-04 0.00000e+00
50.770000 -1.99007e-06 -4.41910e-04 0.00000e+00
50.780000 -3.55460e-05 -3.60927e-04 0.00000e+00
50.790000 -3.57230e-05 -2.44856e-04 0.00000e+00
50.800000 -6.83786e-05 -2.76437e-04 0.00000e+00
50.810000 -4.27405e-05 -3.09345e-04 0.00000e+00
50.820000 -6.49415e-05 -4.01621e-04 0.00000e+00
50.830000 -6.54082e-05 -3.24020e-04 0.00000e+00
50.840000 -7.98932e-05 -2.62457e-04 0.00000e+00
50.850000 -8.54279e-05 -3.50279e-04 0.00000e+00
50.860000 -8.75201e-05 -2.84153e-04 0.00000e+00
50.870000 -7.31037e-05 -1.60859e-04 0.00000e+00
50.880000 -8.13722e-05 -2.88896e-06 0.00000e+00
50.890000 -5.54540e-05 1.70051e-04 0.00000e+00
50.900000 -5.68718e-05 1.64872e-04 0.00000e+00
50.910000 -6.52972e-05 1.13143e-04 0.00000e+00
50.920000 -5.62836e-05 2.42149e-04 0.00000e+00
50.930000 -6.56861e-05 3.37217e-04 0.00000e+00
50.940000 -6.03909e-05 4.25048e-04 0.00000e+00
50.950000 -3.22297e-05 4.63153e-04 0.00000e+00
50.960000 -6.17483e-05 4.16875e-04 0.00000e+00
50.970000 -5.66472e-05 4.11406e-04 0.00000e+00
50.980000 -5.33613e-05 4.90740e-04 0.00000e+00
50.990000 -3.85760e-05 5.67218e-04 0.00000e+00
51.000000 -2.90449e-05 5.30411e-04 0.00000e+00
51.010000 -4.68332e-05 5.13963e-04 0.00000e+00
51.020000 -8.70945e-06 4.07384e-04 0.00000e+00
51.030000 2.80926e-05 2.77817e-04 0.00000e+00
51.040000 6.21755e-06 3.19729e-04 0.00000e+00
51.050000 6.86123e-06 3.96725e-04 0.00000e+00
51.060000 -8.76663e-06 4.77278e-04 0.00000e+00
51.070000 -1.43572e-05 5.57321e-04 0.00000e+00
51.080000 -7.02496e-06 4.80146e-04 0.00000e+00
51.090000 6.28867e-06 3.65685e-04 0.00000e+00
51.100000 -1.07724e-05 2.21150e-04 0.00000e+00
51.110000 2.38889e-05 9.97196e-05 0.00000e+00
51.120000 3.92193e-07 1.70260e-04 0.00000e+00
51.130000 2.87028e-05 1.46147e-04 0.00000e+00
51.140000 2.85703e-05 -1.38086e-05 0.00000e+00
51.150000 3.17842e-05 -1.02135e-04 0.00000e+00
51.160000 7.28952e-06 -1.97258e-04 0.00000e+00
51.170000 1.37401e-05 -3.07880e-04 0.00000e+00
51.180000 8.33583e-06 -4.34518e-04 0.00000e+00
51.190000 4.02163e-06 -3.81646e-04 0.00000e+00
51.200000 2.93402e-05 -1.39524e-04 0.00000e+00
51.210000 5.04936e-05 -5.66180e-05 0.00000e+00
51.220000 1.79359e-05 -1.40239e-04 0.00000e+00
51.230000 7.90210e-06 -2.25218e-04 0.00000e+00
51.240000 -2.67546e-05 -3.86381e-04 0.00000e+00
51.250000 -3.85893e-05 -4.92425e-04 0.00000e+00
51.260000 -4.23183e-05 -4.96597e-04 0.00000e+00
51.270000 -2.93478e-05 -5.73635e-04 0.00000e+00
51.280000 -1.58372e-05 -5.10951e-04 0.00000e+00
51.290000 -1.30913e-05 -4.19627e-04 0.00000e+00
51.300000 -5.09640e-05 -3.14074e-04 0.00000e+00
51.310000 -4.45924e-05 -1.70365e-04 0.00000e+00
51.320000 -5.07299e-05 -1.42922e-04 0.00000e+00
51.330000 -4.77832e-05 -1.57556e-04 0.00000e+00
51.340000 -3.58557e-05 -1.86829e-04 0.00000e+00
51.350000 -5.46798e-06 -1.25912e-04 0.00000e+00
51.360000 -6.68207e-06 -9.52063e-05 0.00000e+00
51.370000 -2.93606e-05 4.46882e-07 0.00000e+00
51.380000 -6.15546e-05 2.40911e-04 0.00000e+00
51.390000 -6.94728e-05 3.12848e-04 0.00000e+00
51.400000 -6.51703e-05 2.27433e-04 0.00000e+00
51.410000 -6.94749e-05 1.19093e-04 0.00000e+00
51.420000 -3.48184e-05 -1.77849e-06 0.00000e+00
51.430000 -3.37306e-05 -1.98502e-05 0.00000e+00
51.440000 -1.55545e-05 3.10655e-05 0.00000e+00
51.450000 6.51950e-06 1.99386e-04 0.00000e+00
51.460000 -1.00885e-05 3.96383e-04 0.00000e+00
51.470000 -4.07563e-06 3.79376e-04 0.00000e+00
51.480000 -3.59000e-05 3.44468e-04 0.00000e+00
51.490000 -2.50187e-05 3.34830e-04 0.00000e+00
51.500000 -2.28864e-05 2.91433e-04 0.00000e+00
51.510000 -1.43528e-05 3.22345e-04 0.00000e+00
51.520000 -2.08511e-06 4.56586e-04 0.00000e+00
51.530000 -1.51748e-05 5.40961e-04 0.00000e+00
51.540000 -1.19433e-07 4.55403e-04 0.00000e+00
51.550000 -9.39382e-06 3.25687e-04 0.00000e+00
51.560000 -2.88776e-05 2.02656e-04 0.00000e+00
51.570000 -1.61688e-05 9.33418e-05 0.00000e+00
51.580000 3.85230e-06 7.32367e-06 0.00000e+00
51.590000 2.35904e-05 9.51116e-05 0.00000e+00
51.600000 4.54642e-05 1.92035e-04 0.00000e+00
51.610000 4.67487e-05 2.01089e-04 0.00000e+00
51.620000 6.36632e-05 3.20355e-04 0.00000e+00
51.630000 3.01982e-05 3.75217e-04 0.00000e+00
51.640000 1.86833e-05 3.21559e-04 0.00000e+00
51.650000 2.12845e-05 1.81413e-04 0.00000e+00
51.660000 7.68855e-06 3.34931e-05 0.00000e+00
51.670000 2.24647e-05 9.93054e-06 0.00000e+00
51.680000 2.06173e-05 -3.26965e-05 0.00000e+00
51.690000 1.98955e-05 -3.52009e-05 0.00000e+00
51.700000 5.56582e-07 -2.29619e-05 0.00000e+00
51.710000 1.54503e-05 -3.80104e-05 0.00000e+00
51.720000 2.48128e-05 -4.64699e-05 0.00000e+00
51.730000 2.09606e-05 -1.94796e-04 0.00000e+00
51.740000 2.74197e-05 -2.70861e-04 0.00000e+00
51.750000 4.89299e-05 -2.14137e-04 0.00000e+00
51.760000 5.17059e-05 -1.05389e-04 0.00000e+00
51.770000 2.34402e-05 9.05276e-05 0.00000e+00
51.780000 2.66796e-05 1.90076e-04 0.00000e+00
51.790000 2.51894e-05 2.45191e-04 0.00000e+00
51.800000 1.95046e-06 2.46262e-04 0.00000e+00
51.810000 -6.64198e-06 1.09557e-04 0.00000e+00
51.820000 -1.42716e-06 3.42735e-05 0.00000e+00
51.830000 1.16416e-05 6.64823e-06 0.00000e+00
51.840000 2.40879e-05 1.84543e-06 0.00000e+00
51.850000 1.49513e-05 -3.34557e-05 0.00000e+00
51.860000 3.83222e-05 -1.09718e-04 0.00000e+00
51.870000 2.75694e-05 -1.83574e-04 0.00000e+00
51.880000 2.37120e-05 -2.32719e-04 0.00000e+00
51.890000 2.49818e-05 -1.92742e-04 0.00000e+00
51.900000 2.12310e-05 -2.31287e-04 0.00000e+00
51.910000 5.20223e-05 -3.20494e-04 0.00000e+00
51.920000 3.58681e-05 -2.70367e-04 0.00000e+00
51.930000 4.76948e-05 -1.87625e-04 0.00000e+00
51.940000 2.04265e-05 -2.80131e-04 0.00000e+00
51.950000 -5.02552e-06 -4.50343e-04 0.00000e+00
51.960000 -7.53037e-06 -4.99794e-04 0.00000e+00
51.970000 -1.52163e-05 -5.29071e-04 0.00000e+00
51.980000 -2.96507e-05 -6.32881e-04 0.00000e+00
51.990000 -1.10362e-05 -6.61046e-04 0.00000e+00
52.000000 -2.24190e-05 -5.94252e-04 0.00000e+00
52.010000 -3.14578e-05 -4.52011e-04 0.00000e+00
52.020000 -4.77887e-05 -3.76635e-04 0.00000e+00
52.030000 -3.06740e-05 -3.19252e-04 0.00000e+00
52.040000 -3.86903e-05 -2.22867e-04 0.00000e+00
52.050000 -4.19184e-05 -1.91308e-04 0.00000e+00
52.060000 -5.09385e-05 -1.48886e-04 0.00000e+00
52.070000 -6.75128e-05 -1.34135e-04 0.00000e+00
52.080000 -5.65596e-05 -2.43151e-05 0.00000e+00
52.090000 -4.64837e-05 1.30968e-04 0.00000e+00
52.100000 -6.62424e-05 2.92678e-04 0.00000e+00
52.110000 -6.90271e-05 4.16341e-04 0.00000e+00
52.120000 -5.54526e-05 3.66111e-04 0.00000e+00
52.130000 -1.67828e-05 3.43577e-04 0.00000e+00
52.140000 -2.13807e-05 4.28179e-04 0.00000e+00
52.150000 -1.52732e-05 4.36195e-04 0.00000e+00
52.160000 4.40223e-06 5.03950e-04 0.00000e+00
52.170000 5.68910e-06 5.56645e-04 0.00000e+00
52.180000 8.45183e-06 4.77636e-04 0.00000e+00
52.190000 -1.40158e-05 4.10097e-04 0.00000e+00
52.200000 -2.03115e-06 3.75022e-04 0.00000e+00
52.210000 -1.57834e-06 3.63088e-04 0.00000e+00
52.220000 -2.87335e-06 3.38984e-04 0.00000e+00
52.230000 1.54096e-06 2.69428e-04 0.00000e+00
52.240000 7.57995e-06 1.53577e-04 0.00000e+00
52.250000 3.04233e-05 1.26239e-04 0.00000e+00
52.260000 3.33768e-05 1.43533e-04 0.00000e+00
52.270000 3.28659e-05 4.37596e-05 0.00000e+00
52.280000 1.31724e-05 -1.20879e-04 0.00000e+00
52.290000 1.09728e-05 -1.97169e-04 0.00000e+00
52.300000 2.39338e-05 -1.10023e-04 0.00000e+00
52.310000 2.54845e-05 -4.79421e-05 0.00000e+00
52.320000 -1.33866e-06 -1.33182e-04 0.00000e+00
52.330000 1.30105e-05 -1.45257e-04 0.00000e+00
52.340000 -2.35653e-05 -1.58504e-04 0.00000e+00
52.350000 -3.57945e-06 -2.13000e-04 0.00000e+00
52.360000 -9.13038e-06 -3.29720e-04 0.00000e+00
52.370000 -4.68469e-06 -4.93428e-04 0.00000e+00
52.380000 -2.94522e-06 -5.45131e-04 0.00000e+00
52.390000 1.05242e-06 -5.61943e-04 0.00000e+00
52.400000 -1.40873e-05 -5.36089e-04 0.00000e+00
52.410000 4.39931e-06 -4.54160e-04 0.00000e+00
52.420000 -8.05543e-06 -3.17202e-04 0.00000e+00
52.430000 -1.93935e-05 -1.15004e-04 0.00000e+00
52.440000 -3.20267e-05 -5.31385e-06 0.00000e+00
52.450000 -2.30411e-05 6.56808e-07 0.00000e+00
52.460000 -2.33077e-05 -1.75626e-05 0.00000e+00
52.470000 -2.38778e-05 1.53281e-05 0.00000e+00
52.480000 -5.53034e-05 7.61150e-05 0.00000e+00
52.490000 -5.97011e-05 3.11732e-05 0.00000e+00
52.500000 -5.41145e-05 2.02530e-05 0.00000e+00
52.510000 -6.33169e-05 -2.39463e-05 0.00000e+00
52.520000 -5.41511e-05 -3.77191e-05 0.00000e+00
52.530000 -5.42629e-05 3.74220e-05 0.00000e+00
52.540000 -3.64854e-05 6.55195e-05 0.00000e+00
52.550000 1.97261e-06 1.51340e-04 0.00000e+00
52.560000 5.34459e-06 2.36875e-04 0.00000e+00
52.570000 2.50751e-05 2.40922e-04 0.00000e+00
52.580000 1.74168e-05 2.98576e-04 0.00000e+00
52.590000 2.08601e-05 4.26054e-04 0.00000e+00
52.600000 9.56184e-06 4.61674e-04 0.00000e+00
52.610000 -1.91925e-05 4.61491e-04 0.00000e+00
52.620000 -1.50041e-05 5.27557e-04 0.00000e+00
52.630000 -2.33766e-05 5.96174e-04 0.00000e+00
52.640000 -1.48685e-05 6.17019e-04 0.00000e+00
52.650000 -1.33713e-05 5.47853e-04 0.00000e+00
52.660000 -6.84346e-06 3.84324e-04 0.00000e+00
52.670000 7.52136e-06 2.80943e-04 0.00000e+00
52.680000 1.17250e-05 1.89986e-04 0.00000e+00
52.690000 3.29380e-05 9.94419e-05 0.00000e+00
52.700000 2.82405e-05 1.44409e-05 0.00000e+00
52.710000 4.10874e-05 -6.37886e-05 0.00000e+00
52.720000 4.70146e-05 3.34375e-05 0.00000e+00
52.730000 4.23476e-05 2.02888e-04 0.00000e+00
52.740000 4.84632e-05 3.33952e-04 0.00000e+00
52.750000 6.59183e-05 3.71644e-04 0.00000e+00
52.760000 6.41052e-05 3.30232e-04 0.00000e+00
52.770000 5.11073e-05 2.72745e-04 0.00000e+00
52.780000 5.39881e-05 1.11074e-04 0.00000e+00
52.790000 4.63223e-05 -3.01457e-05 0.00000e+00
52.800000 2.81113e-05 -1.33512e-04 0.00000e+00
52.810000 2.32960e-05 -2.30605e-04 0.00000e+00
52.820000 1.15455e-05 -2.82439e-04 0.00000e+00
52.830000 6.49103e-06 -3.35500e-04 0.00000e+00
52.840000 2.25454e-05 -3.80126e-04 0.00000e+00
52.850000 2.33604e-05 -3.93977e-04 0.00000e+00
52.860000 2.92733e-05 -3.48391e-04 0.00000e+00
52.870000 3.24422e-05 -2.94183e-04 0.00000e+00
52.880000 4.70718e-05 -2.41509e-04 0.00000e+00
52.890000 6.33935e-05 -1.74333e-04 0.00000e+00
52.900000 4.70063e-05 -1.33028e-04 0.00000e+00
52.910000 2.10493e-05 -1.94394e-05 0.00000e+00
52.920000 -8.80388e-07 2.01459e-04 0.00000e+00
52.930000 8.37743e-07 4.42457e-04 0.00000e+00
52.940000 -1.98588e-06 5.73697e-04 0.00000e+00
52.950000 2.54291e-06 6.62412e-04 0.00000e+00
52.960000 1.15928e-05 7.55172e-04 0.00000e+00
52.970000 1.64819e-05 7.16781e-04 0.00000e+00
52.980000 2.75422e-05 6.69516e-04 0.00000e+00
52.990000 3.71366e-05 6.28606e-04 0.00000e+00
53.000000 4.18580e-05 5.67607e-04 0.00000e+00
53.010000 5.55080e-05 6.29176e-04 0.00000e+00
53.020000 7.93324e-05 7.69475e-04 0.00000e+00
53.030000 9.00864e-05 8.73112e-04 0.00000e+00
53.040000 1.05729e-04 8.96543e-04 0.00000e+00
53.050000 1.14289e-04 9.17365e-04 0.00000e+00
53.060000 1.30107e-04 1.01618e-03 0.00000e+00
53.070000 1.52454e-04 1.04576e-03 0.00000e+00
53.080000 1.74101e-04 9.36823e-04 0.00000e+00
53.090000 1.68203e-04 7.73751e-04 0.00000e+00
53.100000 1.62339e-04 6.08833e-04 0.00000e+00
53.110000 1.34858e-04 4.28035e-04 0.00000e+00
53.120000 1.38638e-04 2.20102e-04 0.00000e+00
53.130000 1.24591e-04 2.59191e-05 0.00000e+00
53.140000 1.23536e-04 -2.06790e-04 0.00000e+00
53.150000 1.42782e-04 -4.35791e-04 0.00000e+00
53.160000 1.44131e-04 -6.18941e-04 0.00000e+00
53.170000 1.63283e-04 -8.27215e-04 0.00000e+00
53.180000 1.71294e-04 -1.04022e-03 0.00000e+00
53.190000 1.58768e-04 -1.17782e-03 0.00000e+00
53.200000 1.28562e-04 -1.28082e-03 0.00000e+00
53.210000 1.09171e-04 -1.40144e-03 0.00000e+00
53.220000 1.07662e-04 -1.55082e-03 0.00000e+00
53.230000 9.44314e-05 -1.65615e-03 0.00000e+00
53.240000 6.70415e-05 -1.61590e-03 0.00000e+00
53.250000 4.57011e-05 -1.45020e-03 0.00000e+00
53.260000 2.05458e-05 -1.36667e-03 0.00000e+00
53.270000 -8.37587e-06 -1.34528e-03 0.00000e+00
53.280000 -2.93306e-05 -1.30891e-03 0.00000e+00
53.290000 -4.67616e-05 -1.28353e-03 0.00000e+00
53.300000 -6.10021e-05 -1.23588e-03 0.00000e+00
53.310000 -7.79242e-05 -1.17877e-03 0.00000e+00
53.320000 -7.38256e-05 -9.70487e-04 0.00000e+00
53.330000 -8.62968e-05 -7.63750e-04 0.00000e+00
53.340000 -9.42962e-05 -5.03478e-04 0.00000e+00
53.350000 -9.69440e-05 -1.11177e-04 0.00000e+00
53.360000 -9.06566e-05 2.17357e-04 0.00000e+00
53.370000 -9.58671e-05 3.91035e-04 0.00000e+00
53.380000 -9.32358e-05 4.71988e-04 0.00000e+00
53.390000 -8.24431e-05 6.19280e-04 0.00000e+00
53.400000 -4.69783e-05 8.04127e-04 0.00000e+00
53.410000 -2.97463e-05 9.32200e-04 0.00000e+00
53.420000 -2.28512e-05 9.97643e-04 0.00000e+00
53.430000 -3.85599e-05 1.01468e-03 0.00000e+00
53.440000 -5.91941e-06 9.70863e-04 0.00000e+00
53.450000 -6.57633e-06 8.95401e-04 0.00000e+00
53.460000 2.45040e-06 7.59002e-04 0.00000e+00
53.470000 1.79865e-05 5.96667e-04 0.00000e+00
53.480000 3.79672e-05 4.59934e-04 0.00000e+00
53.490000 5.42511e-05 4.39676e-04 0.00000e+00
53.500000 4.69610e-05 4.25267e-04 0.00000e+00
53.510000 7.94132e-05 3.69636e-04 0.00000e+00
53.520000 6.13178e-05 3.56229e-04 0.00000e+00
53.530000 4.61102e-05 3.16371e-04 0.00000e+00
53.540000 2.25128e-05 2.45998e-04 0.00000e+00
53.550000 3.05729e-05 1.37865e-04 0.00000e+00
53.560000 3.29911e-05 5.26456e-05 0.00000e+00
53.570000 3.37979e-05 6.13132e-05 0.00000e+00
53.580000 2.11370e-05 1.40121e-04 0.00000e+00
53.590000 1.20916e-05 1.74900e-04 0.00000e+00
53.600000 4.19939e-06 7.84965e-05 0.00000e+00
53.610000 4.31014e-06 6.22662e-05 0.00000e+00
53.620000 2.26284e-06 6.56471e-05 0.00000e+00
53.630000 6.58314e-06 -6.66024e-05 0.00000e+00
53.640000 3.60564e-05 -1.57570e-04 0.00000e+00
53.650000 5.95398e-05 -1.96419e-04 0.00000e+00
53.660000 7.90796e-05 -2.18151e-04 0.00000e+00
53.670000 6.28064e-05 -2.93161e-04 0.00000e+00
53.680000 7.63880e-05 -2.58078e-04 0.00000e+00
53.690000 5.69138e-05 -2.23264e-04 0.00000e+00
53.700000 4.61085e-05 -3.90286e-04 0.00000e+00
53.710000 4.07908e-05 -5.64491e-04 0.00000e+00
53.720000 3.37024e-05 -6.46718e-04 0.00000e+00
53.730000 3.51935e-05 -6.75399e-04 0.00000e+00
53.740000 2.94516e-05 -6.63030e-04 0.00000e+00
53.750000 2.24878e-05 -6.68594e-04 0.00000e+00
53.760000 -4.84160e-06 -7.72621e-04 0.00000e+00
53.770000 -2.17747e-05 -8.50632e-04 0.00000e+00
53.780000 -2.93445e-05 -8.45307e-04 0.00000e+00
53.790000 -6.64966e-05 -8.32867e-04 0.00000e+00
53.800000 -7.28457e-05 -8.03357e-04 0.00000e+00
53.810000 -6.96692e-05 -6.09281e-04 0.00000e+00
53.820000 -7.23897e-05 -3.18911e-04 0.00000e+00
53.830000 -7.13812e-05 -1.63142e-06 0.00000e+00
53.840000 -6.73550e-05 2.62128e-04 0.00000e+00
53.850000 -5.58460e-05 5.05695e-04 0.00000e+00
53.860000 -7.73169e-05 6.89043e-04 0.00000e+00
53.870000 -7.00956e-05 7.91720e-04 0.00000e+00
53.880000 -4.06227e-05 9.61426e-04 0.00000e+00
53.890000 -3.15956e-05 1.05739e-03 0.00000e+00
53.900000 -1.82068e-05 1.12136e-03 0.00000e+00
53.910000 7.94679e-07 1.22658e-03 0.00000e+00
53.920000 -1.88166e-06 1.41193e-03 0.00000e+00
53.930000 1.44845e-05 1.51873e-03 0.00000e+00
53.940000 5.32293e-05 1.52454e-03 0.00000e+00
53.950000 7.23258e-05 1.55111e-03 0.00000e+00
53.960000 8.97820e-05 1.43628e-03 0.00000e+00
53.970000 1.19449e-04 1.25710e-03 0.00000e+00
53.980000 1.44437e-04 1.15781e-03 0.00000e+00
53.990000 1.41312e-04 1.04390e-03 0.00000e+00
54.000000 1.53700e-04 8.22155e-04 0.00000e+00
54.010000 1.39674e-04 6.04826e-04 0.00000e+00
54.020000 1.38792e-04 4.47241e-04 0.00000e+00
54.030000 1.21284e-04 1.84938e-04 0.00000e+00
54.040000 1.39357e-04 -1.38855e-04 0.00000e+00
54.050000 1.28729e-04 -3.16171e-04 0.00000e+00
54.060000 1.18789e-04 -4.83900e-04 0.00000e+00
54.070000 1.37698e-04 -7.97040e-04 0.00000e+00
54.080000 1.49497e-04 -1.10607e-03 0.00000e+00
54.090000 1.52136e-04 -1.35148e-03 0.00000e+00
54.100000 1.08325e-04 -1.52558e-03 0.00000e+00
54.110000 1.02800e-04 -1.53691e-03 0.00000e+00
54.120000 6.88220e-05 -1.54784e-03 0.00000e+00
54.130000 4.68886e-05 -1.58682e-03 0.00000e+00
54.140000 3.24807e-05 -1.52760e-03 0.00000e+00
54.150000 1.67016e-05 -1.44353e-03 0.00000e+00
54.160000 -1.51087e-05 -1.45385e-03 0.00000e+00
54.170000 -3.77210e-05 -1.44860e-03 0.00000e+00
54.180000 -3.38128e-05 -1.35142e-03 0.00000e+00
54.190000 -5.79567e-05 -1.25360e-03 0.00000e+00
54.200000 -7.82333e-05 -1.16642e-03 0.00000e+00
54.210000 -8.91481e-05 -1.00864e-03 0.00000e+00
54.220000 -9.49461e-05 -8.60158e-04 0.00000e+00
54.230000 -1.26637e-04 -8.13417e-04 0.00000e+00
54.240000 -1.33367e-04 -6.12403e-04 0.00000e+00
54.250000 -1.04429e-04 -2.76712e-04 0.00000e+00
54.260000 -8.17466e-05 2.03934e-05 0.00000e+00
54.270000 -7.74838e-05 1.66404e-04 0.00000e+00
54.280000 -7.94535e-05 2.87802e-04 0.00000e+00
54.290000 -9.93555e-05 3.76322e-04 0.00000e+00
54.300000 -8.22275e-05 3.71954e-04 0.00000e+00
54.310000 -9.12663e-05 4.23558e-04 0.00000e+00
54.320000 -9.18962e-05 4.54248e-04 0.00000e+00
54.330000 -8.44759e-05 4.18431e-04 0.00000e+00
54.340000 -4.91287e-05 3.73176e-04 0.00000e+00
54.350000 -3.75205e-05 4.42688e-04 0.00000e+00
54.360000 -4.04331e-05 4.91236e-04 0.00000e+00
54.370000 -3.74645e-05 4.30790e-04 0.00000e+00
54.380000 -3.74465e-05 3.80993e-04 0.00000e+00
54.390000 -4.60966e-05 3.42614e-04 0.00000e+00
54.400000 -2.80537e-05 2.18324e-04 0.00000e+00
54.410000 -7.04253e-06 8.25195e-05 0.00000e+00
54.420000 -2.14367e-05 1.87956e-04 0.00000e+00
54.430000 -3.35876e-05 4.33081e-04 0.00000e+00
54.440000 -4.09633e-05 5.72252e-04 0.00000e+00
54.450000 -4.01887e-05 6.46834e-04 0.00000e+00
54.460000 -5.45180e-05 6.93044e-04 0.00000e+00
54.470000 -3.79633e-05 7.95616e-04 0.00000e+00
54.480000 -3.13717e-05 8.54620e-04 0.00000e+00
54.490000 -2.63172e-05 8.34658e-04 0.00000e+00
54.500000 -5.83550e-06 8.92312e-04 0.00000e+00
54.510000 1.19331e-05 1.01696e-03 0.00000e+00
54.520000 2.52294e-05 1.22161e-03 0.00000e+00
54.530000 1.91826e-05 1.34941e-03 0.00000e+00
54.540000 3.57585e-05 1.37289e-03 0.00000e+00
54.550000 5.03267e-05 1.36906e-03 0.00000e+00
54.560000 7.01606e-05 1.29750e-03 0.00000e+00
54.570000 9.34574e-05 1.20541e-03 0.00000e+00
54.580000 1.34156e-04 1.15131e-03 0.00000e+00
54.590000 1.62703e-04 1.03325e-03 0.00000e+00
54.600000 1.53625e-04 8.36768e-04 0.00000e+00
54.610000 1.49277e-04 6.27201e-04 0.00000e+00
54.620000 1.67913e-04 4.08106e-04 0.00000e+00
54.630000 1.70238e-04 1.42111e-04 0.00000e+00
54.640000 1.70339e-04 -1.40907e-04 0.00000e+00
54.650000 1.51397e-04 -3.69557e-04 0.00000e+00
54.660000 1.72774e-04 -5.53316e-04 0.00000e+00
54.670000 1.66860e-04 -6.60354e-04 0.00000e+00
54.680000 1.60289e-04 -7.32725e-04 0.00000e+00
54.690000 1.54703e-04 -8.43246e-04 0.00000e+00
54.700000 1.12191e-04 -1.00148e-03 0.00000e+00
54.710000 9.00566e-05 -1.16062e-03 0.00000e+00
54.720000 6.84837e-05 -1.25598e-03 0.00000e+00
54.730000 4.60355e-05 -1.29339e-03 0.00000e+00
54.740000 2.83538e-05 -1.28083e-03 0.00000e+00
54.750000 2.18317e-05 -1.15535e-03 0.00000e+00
54.760000 1.58766e-05 -9.82330e-04 0.00000e+00
54.770000 8.10361e-06 -9.09449e-04 0.00000e+00
54.780000 -3.03300e-06 -8.39155e-04 0.00000e+00
54.790000 -1.06070e-05 -6.23553e-04 0.00000e+00
54.800000 -1.32202e-05 -3.98031e-04 0.00000e+00
54.810000 -1.13952e-05 -2.57458e-04 0.00000e+00
54.820000 1.01052e-05 -1.97841e-04 0.00000e+00
54.830000 1.71909e-05 2.46478e-06 0.00000e+00
54.840000 1.44726e-05 2.68118e-04 0.00000e+00
54.850000 2.27048e-06 4.14788e-04 0.00000e+00
54.860000 3.66522e-07 6.57634e-04 0.00000e+00
54.870000 7.25061e-06 8.47086e-04 0.00000e+00
54.880000 1.18888e-05 9.42147e-04 0.00000e+00
54.890000 3.03325e-05 1.02247e-03 0.00000e+00
54.900000 3.93766e-05 1.03784e-03 0.00000e+00
54.910000 5.06413e-05 1.02064e-03 0.00000e+00
54.920000 6.30498e-05 1.01002e-03 0.00000e+00
54.930000 6.42490e-05 1.00122e-03 0.00000e+00
54.940000 8.56211e-05 9.44519e-04 0.00000e+00
54.950000 1.07794e-04 7.67200e-04 0.00000e+00
54.960000 1.09978e-04 5.83909e-04 0.00000e+00
54.970000 9.58785e-05 4.82302e-04 0.00000e+00
54.980000 1.04489e-04 3.76319e-04 0.00000e+00
54.990000 1.19286e-04 3.44855e-04 0.00000e+00
55.000000 1.54039e-04 3.29213e-04 0.00000e+00
55.010000 1.32345e-04 1.64930e-04 0.00000e+00
55.020000 1.55034e-04 -6.52100e-05 0.00000e+00
55.030000 1.66777e-04 -2.50857e-04 0.00000e+00
55.040000 1.45381e-04 -4.14872e-04 0.00000e+00
55.050000 1.30906e-04 -6.10713e-04 0.00000e+00
55.060000 1.10401e-04 -7.57014e-04 0.00000e+00
55.070000 9.79955e-05 -8.11401e-04 0.00000e+00
55.080000 8.57841e-05 -8.42555e-04 0.00000e+00
55.090000 7.20759e-05 -8.66097e-04 0.00000e+00
55.100000 5.40379e-05 -9.19941e-04 0.00000e+00
55.110000 3.49845e-05 -9.46949e-04 0.00000e+00
55.120000 2.37272e-05 -9.09315e-04 0.00000e+00
55.130000 4.76027e-05 -9.16344e-04 0.00000e+00
55.140000 3.64929e-05 -1.05851e-03 0.00000e+00
55.150000 2.38205e-05 -1.20381e-03 0.00000e+00
55.160000 1.47329e-05 -1.16467e-03 0.00000e+00
55.170000 -1.47123e-05 -8.93163e-04 0.00000e+00
55.180000 -3.03980e-05 -6.94686e-04 0.00000e+00
55.190000 -1.59966e-05 -5.69003e-04 0.00000e+00
55.200000 -1.93277e-05 -2.95822e-04 0.00000e+00
55.210000 -2.81397e-05 -6.13232e-05 0.00000e+00
55.220000 -2.54822e-05 8.52455e-05 0.00000e+00
55.230000 -7.63989e-06 1.28635e-04 0.00000e+00
55.240000 -4.71957e-06 1.30818e-04 0.00000e+00
55.250000 -1.50406e-05 1.76050e-04 0.00000e+00
55.260000 -2.58629e-05 2.05390e-04 0.00000e+00
55.270000 -3.36084e-05 1.82127e-04 0.00000e+00
55.280000 -3.65102e-05 1.32607e-04 0.00000e+00
55.290000 -4.20815e-05 7.70712e-05 0.00000e+00
55.300000 -4.29390e-05 1.59099e-04 0.00000e+00
55.310000 -3.23829e-05 2.46474e-04 0.00000e+00
55.320000 8.22278e-06 1.83585e-04 0.00000e+00
55.330000 4.63897e-05 1.07442e-04 0.00000e+00
55.340000 5.29941e-05 -5.85381e-06 0.00000e+00
55.350000 2.55458e-05 -1.46460e-04 0.00000e+00
55.360000 3.61720e-05 -1.88157e-04 0.00000e+00
55.370000 3.49467e-05 -1.69926e-04 0.00000e+00
55.380000 1.80458e-05 -2.11026e-04 0.00000e+00
55.390000 -1.05072e-05 -2.31757e-04 0.00000e+00
55.400000 -2.73655e-05 -1.32279e-04 0.00000e+00
55.410000 -2.00494e-05 3.45957e-05 0.00000e+00
55.420000 -2.12052e-05 1.11365e-04 0.00000e+00
55.430000 -3.02136e-05 8.02554e-05 0.00000e+00
55.440000 -3.16021e-05 -9.80872e-06 0.00000e+00
55.450000 -2.78604e-05 -1.11620e-04 0.00000e+00
55.460000 -2.84254e-05 -1.22225e-04 0.00000e+00
55.470000 -2.08980e-05 -7.50551e-05 0.00000e+00
55.480000 -4.42254e-05 -6.02052e-05 0.00000e+00
55.490000 -3.78570e-05 8.99553e-05 0.00000e+00
55.500000 -2.70082e-05 4.47604e-04 0.00000e+00
55.510000 -1.06011e-05 7.40571e-04 0.00000e+00
55.520000 1.22709e-06 8.95478e-04 0.00000e+00
55.530000 2.03504e-05 1.08939e-03 0.00000e+00
55.540000 3.12252e-05 1.29041e-03 0.00000e+00
55.550000 4.21225e-05 1.39663e-03 0.00000e+00
55.560000 6.29322e-05 1.39330e-03 0.00000e+00
55.570000 7.44069e-05 1.31428e-03 0.00000e+00
55.580000 7.08867e-05 1.28363e-03 0.00000e+00
55.590000 5.23971e-05 1.23025e-03 0.00000e+00
55.600000 5.70160e-05 1.08043e-03 0.00000e+00
55.610000 6.89418e-05 8.91580e-04 0.00000e+00
55.620000 1.04116e-04 6.92981e-04 0.00000e+00
55.630000 1.37979e-04 4.59958e-04 0.00000e+00
55.640000 1.40275e-04 1.88667e-04 0.00000e+00
55.650000 1.48103e-04 -1.19507e-04 0.00000e+00
55.660000 1.83463e-04 -4.45248e-04 0.00000e+00
55.670000 1.83309e-04 -7.31644e-04 0.00000e+00
55.680000 1.64695e-04 -9.55721e-04 0.00000e+00
55.690000 1.68502e-04 -1.14009e-03 0.00000e+00
55.700000 1.42524e-04 -1.30288e-03 0.00000e+00
55.710000 1.11976e-04 -1.46526e-03 0.00000e+00
55.720000 8.91230e-05 -1.59280e-03 0.00000e+00
55.730000 5.60265e-05 -1.64406e-03 0.00000e+00
55.740000 2.96005e-05 -1.69233e-03 0.00000e+00
55.750000 1.13292e-06 -1.75620e-03 0.00000e+00
55.760000 -3.81783e-05 -1.88138e-03 0.00000e+00
55.770000 -5.93005e-05 -1.94410e-03 0.00000e+00
55.780000 -8.52318e-05 -1.91759e-03 0.00000e+00
55.790000 -1.02803e-04 -1.73027e-03 0.00000e+00
55.800000 -1.21973e-04 -1.33017e-03 0.00000e+00
55.810000 -1.28141e-04 -1.03509e-03 0.00000e+00
55.820000 -1.25295e-04 -8.38430e-04 0.00000e+00
55.830000 -1.36796e-04 -5.16023e-04 0.00000e+00
55.840000 -1.30389e-04 -8.35503e-05 0.00000e+00
55.850000 -1.21420e-04 2.88503e-04 0.00000e+00
55.860000 -1.20931e-04 6.37020e-04 0.00000e+00
55.870000 -1.16035e-04 8.84142e-04 0.00000e+00
55.880000 -1.08125e-04 9.83659e-04 0.00000e+00
55.890000 -8.55575e-05 1.17715e-03 0.00000e+00
55.900000 -8.27127e-05 1.33088e-03 0.00000e+00
55.910000 -6.78605e-05 1.36152e-03 0.00000e+00
55.920000 -4.46433e-05 1.36117e-03 0.00000e+00
55.930000 -2.57172e-05 1.26424e-03 0.00000e+00
55.940000 1.13698e-05 1.15621e-03 0.00000e+00
55.950000 2.13146e-05 9.83023e-04 0.00000e+00
55.960000 6.31910e-05 7.69703e-04 0.00000e+00
55.970000 5.04931e-05 5.50993e-04 0.00000e+00
55.980000 3.31660e-05 3.39711e-04 0.00000e+00
55.990000 4.92975e-05 2.45934e-04 0.00000e+00
56.000000 6.57047e-05 1.16637e-04 0.00000e+00
56.010000 7.54328e-05 -2.64620e-05 0.00000e+00
56.020000 4.84052e-05 -1.18726e-04 0.00000e+00
56.030000 2.94081e-05 -2.56126e-04 0.00000e+00
56.040000 3.99619e-06 -4.46444e-04 0.00000e+00
56.050000 1.59567e-05 -6.44057e-04 0.00000e+00
56.060000 1.81557e-05 -7.47378e-04 0.00000e+00
56.070000 -2.62981e-05 -7.78331e-04 0.00000e+00
56.080000 -3.37775e-05 -8.11303e-04 0.00000e+00
56.090000 -4.84437e-05 -7.85337e-04 0.00000e+00
56.100000 -5.69288e-05 -7.02501e-04 0.00000e+00
56.110000 -5.99265e-05 -5.31136e-04 0.00000e+00
56.120000 -7.73967e-05 -3.96266e-04 0.00000e+00
56.130000 -5.34863e-05 -2.23884e-04 0.00000e+00
56.140000 -5.82916e-05 -7.90085e-05 0.00000e+00
56.150000 -3.20014e-05 -1.29043e-04 0.00000e+00
56.160000 -3.32351e-05 -1.31990e-04 0.00000e+00
56.170000 -4.46296e-05 -4.74061e-05 0.00000e+00
56.180000 -4.24106e-05 1.15802e-04 0.00000e+00
56.190000 -5.08420e-05 1.76921e-04 0.00000e+00
56.200000 -5.58391e-05 1.80654e-04 0.00000e+00
56.210000 -4.98983e-05 2.34669e-04 0.00000e+00
56.220000 -3.09042e-05 3.21353e-04 0.00000e+00
56.230000 -4.05434e-06 4.86126e-04 0.00000e+00
56.240000 3.44417e-06 5.20553e-04 0.00000e+00
56.250000 2.33050e-06 5.35427e-04 0.00000e+00
56.260000 7.88906e-06 5.74475e-04 0.00000e+00
56.270000 6.39083e-06 5.31022e-04 0.00000e+00
56.280000 -1.74946e-06 4.88916e-04 0.00000e+00
56.290000 -2.31974e-05 4.06611e-04 0.00000e+00
56.300000 -1.46448e-05 4.14194e-04 0.00000e+00
56.310000 -3.73064e-05 4.34959e-04 0.00000e+00
56.320000 -2.89756e-05 4.20446e-04 0.00000e+00
56.330000 -1.69634e-05 4.55491e-04 0.00000e+00
56.340000 3.59007e-06 3.94975e-04 0.00000e+00
56.350000 2.54993e-05 2.88246e-04 0.00000e+00
56.360000 2.15886e-05 1.71598e-04 0.00000e+00
56.370000 5.71611e-05 1.32216e-05 0.00000e+00
56.380000 5.15835e-05 -7.84284e-05 0.00000e+00
56.390000 5.62770e-05 -8.04093e-05 0.00000e+00
56.400000 5.78681e-05 -1.45204e-05 0.00000e+00
56.410000 5.30293e-05 1.23377e-04 0.00000e+00
56.420000 5.20027e-05 1.65556e-04 0.00000e+00
56.430000 2.67358e-05 1.41274e-04 0.00000e+00
56.440000 2.37690e-05 1.20406e-04 0.00000e+00
56.450000 2.24678e-05 6.10376e-06 0.00000e+00
56.460000 2.23512e-05 -1.65353e-04 0.00000e+00
56.470000 2.34398e-05 -2.83397e-04 0.00000e+00
56.480000 7.17926e-07 -4.24002e-04 0.00000e+00
56.490000 3.58380e-06 -5.76856e-04 0.00000e+00
56.500000 6.19013e-07 -6.97960e-04 0.00000e+00
56.510000 -1.32018e-05 -7.17820e-04 0.00000e+00
56.520000 -1.30347e-05 -6.10976e-04 0.00000e+00
56.530000 -7.01124e-06 -5.53776e-04 0.00000e+00
56.540000 1.95050e-07 -4.02176e-04 0.00000e+00
56.550000 1.98155e-05 -2.53472e-04 0.00000e+00
56.560000 1.21941e-05 -1.62672e-04 0.00000e+00
56.570000 1.70544e-05 3.54254e-05 0.00000e+00
56.580000 5.91580e-06 1.70953e-04 0.00000e+00
56.590000 -3.13676e-05 2.47036e-04 0.00000e+00
56.600000 -3.22845e-05 2.62930e-04 0.00000e+00
56.610000 -4.55192e-05 2.69113e-04 0.00000e+00
56.620000 -5.03403e-05 3.65353e-04 0.00000e+00
56.630000 -3.39511e-05 4.28503e-04 0.00000e+00
56.640000 -3.21711e-05 4.61992e-04 0.00000e+00
56.650000 -2.53813e-05 4.43999e-04 0.00000e+00
56.660000 -1.41045e-05 4.03793e-04 0.00000e+00
56.670000 7.52476e-08 4.43788e-04 0.00000e+00
56.680000 4.30844e-05 4.22234e-04 0.00000e+00
56.690000 4.29177e-05 3.36259e-04 0.00000e+00
56.700000 5.38481e-05 3.02240e-04 0.00000e+00
56.710000 6.42555e-05 2.86718e-04 0.00000e+00
56.720000 5.41331e-05 3.32462e-04 0.00000e+00
56.730000 7.37222e-05 3.32100e-04 0.00000e+00
56.740000 6.64471e-05 2.51018e-04 0.00000e+00
56.750000 4.08613e-05 2.18272e-04 0.00000e+00
56.760000 4.59775e-05 9.03525e-05 0.00000e+00
56.770000 4.15764e-05 -1.07190e-04 0.00000e+00
56.780000 5.05946e-05 -2.77401e-04 0.00000e+00
56.790000 4.14116e-05 -4.35469e-04 0.00000e+00
56.800000 2.35470e-05 -4.19088e-04 0.00000e+00
56.810000 2.52797e-05 -3.47769e-04 0.00000e+00
56.820000 2.07090e-05 -3.64926e-04 0.00000e+00
56.830000 1.95012e-05 -3.79426e-04 0.00000e+00
56.840000 1.98929e-05 -3.85506e-04 0.00000e+00
56.850000 -5.80076e-06 -2.49504e-04 0.00000e+00
56.860000 -3.02216e-06 -1.36479e-04 0.00000e+00
56.870000 -3.01449e-06 -1.83734e-04 0.00000e+00
56.880000 -5.83366e-06 -1.54563e-04 0.00000e+00
56.890000 -5.52623e-06 -1.15478e-04 0.00000e+00
56.900000 -1.96619e-05 -7.69544e-05 0.00000e+00
56.910000 -9.05441e-06 -4.35111e-05 0.00000e+00
56.920000 4.67105e-06 -1.43423e-04 0.00000e+00
56.930000 -7.69917e-06 -1.15810e-04 0.00000e+00
56.940000 1.28879e-07 5.97002e-06 0.00000e+00
56.950000 2.10426e-05 9.65863e-05 0.00000e+00
56.960000 4.14014e-05 1.84487e-04 0.00000e+00
56.970000 5.68972e-05 1.52260e-04 0.00000e+00
56.980000 2.47906e-05 1.23392e-04 0.00000e+00
56.990000 1.46169e-05 8.60490e-05 0.00000e+00
57.000000 7.47933e-06 7.63854e-06 0.00000e+00
57.010000 4.11103e-06 -6.06575e-05 0.00000e+00
57.020000 3.80775e-06 -2.15671e-04 0.00000e+00
57.030000 -2.71714e-05 -3.77978e-04 0.00000e+00
57.040000 -2.43313e-05 -4.79080e-04 0.00000e+00
57.050000 -4.06011e-06 -5.62971e-04 0.00000e+00
57.060000 -1.47813e-05 -6.29191e-04 0.00000e+00
57.070000 -1.50588e-05 -7.19874e-04 0.00000e+00
57.080000 -1.39955e-05 -7.64310e-04 0.00000e+00
57.090000 -1.37117e-06 -6.73693e-04 0.00000e+00
57.100000 2.30643e-05 -6.35821e-04 0.00000e+00
57.110000 -1.36097e-05 -6.60789e-04 0.00000e+00
57.120000 -2.11548e-05 -5.18022e-04 0.00000e+00
57.130000 -4.79201e-05 -2.74418e-04 0.00000e+00
57.140000 -6.71546e-05 -7.24875e-05 0.00000e+00
57.150000 -7.62726e-05 -3.52209e-05 0.00000e+00
57.160000 -9.72007e-05 -2.30365e-05 0.00000e+00
57.170000 -9.51408e-05 9.04464e-05 0.00000e+00
57.180000 -1.00505e-04 1.52604e-04 0.00000e+00
57.190000 -9.58393e-05 2.25017e-04 0.00000e+00
57.200000 -8.30507e-05 2.50793e-04 0.00000e+00
57.210000 -7.02180e-05 2.34443e-04 0.00000e+00
57.220000 -5.26018e-05 3.68545e-04 0.00000e+00
57.230000 -4.32813e-05 4.93021e-04 0.00000e+00
57.240000 -2.51575e-05 5.54887e-04 0.00000e+00
57.250000 -8.35896e-06 6.45572e-04 0.00000e+00
57.260000 5.67384e-06 7.73861e-04 0.00000e+00
57.270000 -4.74870e-06 1.00117e-03 0.00000e+00
57.280000 1.63119e-05 1.07649e-03 0.00000e+00
57.290000 3.56440e-05 1.02889e-03 0.00000e+00
57.300000 2.12675e-05 9.71627e-04 0.00000e+00
57.310000 1.33655e-05 8.19975e-04 0.00000e+00
57.320000 2.10837e-05 6.37329e-04 0.00000e+00
57.330000 4.52091e-05 3.75637e-04 0.00000e+00
57.340000 3.76243e-05 1.50961e-04 0.00000e+00
57.350000 3.09818e-05 3.67196e-05 0.00000e+00
57.360000 4.88183e-05 -3.79561e-05 0.00000e+00
57.370000 4.46773e-05 -1.01839e-04 0.00000e+00
57.380000 5.26183e-05 -1.43327e-04 0.00000e+00
57.390000 6.39989e-05 -1.35137e-04 0.00000e+00
57.400000 5.28891e-05 -1.62074e-04 0.00000e+00
57.410000 5.64052e-05 -2.08620e-04 0.00000e+00
57.420000 4.99414e-05 -2.47399e-04 0.00000e+00
57.430000 4.63957e-05 -2.75309e-04 0.00000e+00
57.440000 3.13876e-05 -3.49715e-04 0.00000e+00
57.450000 2.15633e-06 -4.27715e-04 0.00000e+00
57.460000 9.11204e-07 -3.84732e-04 0.00000e+00
57.470000 -1.86063e-05 -4.09919e-04 0.00000e+00
57.480000 -2.33064e-05 -4.41021e-04 0.00000e+00
57.490000 -2.73702e-05 -3.28860e-04 0.00000e+00
57.500000 -1.12207e-05 -1.11252e-04 0.00000e+00
57.510000 1.77357e-05 4.07074e-05 0.00000e+00
57.520000 3.03773e-05 4.31421e-05 0.00000e+00
57.530000 2.34468e-05 1.20783e-04 0.00000e+00
57.540000 1.42817e-05 1.70513e-04 0.00000e+00
57.550000 1.56976e-05 1.65287e-04 0.00000e+00
57.560000 4.58321e-06 2.30299e-04 0.00000e+00
57.570000 -1.23879e-05 2.49681e-04 0.00000e+00
57.580000 -1.06197e-05 2.22090e-04 0.00000e+00
57.590000 -1.38258e-05 1.48390e-04 0.00000e+00
57.600000 1.49459e-06 1.33401e-04 0.00000e+00
57.610000 2.16555e-06 1.38548e-04 0.00000e+00
57.620000 2.17297e-05 2.75165e-05 0.00000e+00
57.630000 4.11653e-05 -6.77073e-05 0.00000e+00
57.640000 5.05452e-05 -1.65284e-04 0.00000e+00
57.650000 8.17674e-05 -2.86853e-04 0.00000e+00
57.660000 7.17497e-05 -4.38224e-04 0.00000e+00
57.670000 5.24798e-05 -4.89870e-04 0.00000e+00
57.680000 1.67389e-05 -3.47676e-04 0.00000e+00
57.690000 4.78301e-06 -2.07225e-04 0.00000e+00
57.700000 -4.07730e-07 -1.82302e-04 0.00000e+00
57.710000 -2.82785e-05 -2.05661e-04 0.00000e+00
57.720000 -2.02715e-05 -1.25495e-04 0.00000e+00
57.730000 -3.10189e-05 -1.03418e-04 0.00000e+00
57.740000 -3.70794e-05 -1.73563e-04 0.00000e+00
57.750000 -4.42389e-05 -1.83209e-04 0.00000e+00
57.760000 -3.59629e-05 -1.97741e-04 0.00000e+00
57.770000 -1.06146e-05 -1.61382e-04 0.00000e+00
57.780000 -3.03565e-05 -1.38511e-04 0.00000e+00
57.790000 -2.61088e-05 -1.19373e-04 0.00000e+00
57.800000 -2.61033e-05 -6.99423e-06 0.00000e+00
57.810000 -2.36896e-05 9.43447e-05 0.00000e+00
57.820000 -1.77796e-05 2.61104e-04 0.00000e+00
57.830000 -1.06921e-05 3.58228e-04 0.00000e+00
57.840000 2.79004e-05 3.24011e-04 0.00000e+00
57.850000 1.98879e-05 2.61252e-04 0.00000e+00
57.860000 1.03574e-05 1.10312e-04 0.00000e+00
57.870000 7.30018e-06 -1.76856e-06 0.00000e+00
57.880000 2.25176e-05 -1.00763e-04 0.00000e+00
57.890000 2.28568e-05 -1.57190e-04 0.00000e+00
57.900000 -6.99763e-06 -1.75896e-04 0.00000e+00
57.910000 1.00071e-05 -2.90400e-04 0.00000e+00
57.920000 -1.71402e-06 -3.77768e-04 0.00000e+00
57.930000 -8.06284e-06 -3.78033e-04 0.00000e+00
57.940000 -1.00988e-05 -2.70795e-04 0.00000e+00
57.950000 -2.92387e-05 -2.62744e-04 0.00000e+00
57.960000 -2.13266e-05 -3.64939e-04 0.00000e+00
57.970000 -3.01957e-05 -3.90739e-04 0.00000e+00
57.980000 -3.97929e-05 -4.33165e-04 0.00000e+00
57.990000 -4.69424e-05 -5.03976e-04 0.00000e+00
58.000000 -6.87668e-05 -5.32067e-04 0.00000e+00
58.010000 -5.56176e-05 -3.63363e-04 0.00000e+00
58.020000 -6.43834e-05 -1.90531e-04 0.00000e+00
58.030000 -7.37114e-05 -1.49707e-04 0.00000e+00
58.040000 -4.54608e-05 -6.02392e-05 0.00000e+00
58.050000 -4.19536e-05 1.26063e-04 0.00000e+00
58.060000 -3.53724e-05 3.11702e-04 0.00000e+00
58.070000 -4.39555e-05 3.21714e-04 0.00000e+00
58.080000 -4.15927e-05 3.89624e-04 0.00000e+00
58.090000 -1.95360e-05 4.41602e-04 0.00000e+00
58.100000 -2.46479e-05 4.00573e-04 0.00000e+00
58.110000 -2.99712e-05 4.34771e-04 0.00000e+00
58.120000 -5.33802e-05 4.07151e-04 0.00000e+00
58.130000 -4.01708e-05 4.04881e-04 0.00000e+00
58.140000 -3.27132e-05 4.25478e-04 0.00000e+00
58.150000 -3.24072e-05 4.14740e-04 0.00000e+00
58.160000 -1.41934e-05 4.06408e-04 0.00000e+00
58.170000 1.61699e-05 3.64086e-04 0.00000e+00
58.180000 3.55916e-05 3.76170e-04 0.00000e+00
58.190000 2.25720e-05 4.09124e-04 0.00000e+00
58.200000 3.61473e-05 3.43417e-04 0.00000e+00
58.210000 4.03974e-05 3.68958e-04 0.00000e+00
58.220000 3.35391e-05 4.64638e-04 0.00000e+00
58.230000 1.23869e-05 4.75116e-04 0.00000e+00
58.240000 4.85071e-06 3.90127e-04 0.00000e+00
58.250000 1.46336e-05 2.57618e-04 0.00000e+00
58.260000 -1.10610e-05 3.08635e-04 0.00000e+00
58.270000 2.19188e-05 4.16376e-04 0.00000e+00
58.280000 1.94326e-05 3.59560e-04 0.00000e+00
58.290000 2.78658e-05 2.58403e-04 0.00000e+00
58.300000 3.96573e-05 2.35325e-04 0.00000e+00
58.310000 4.53179e-05 2.60387e-04 0.00000e+00
58.320000 5.79421e-05 2.16966e-04 0.00000e+00
58.330000 6.00090e-05 1.26435e-04 0.00000e+00
58.340000 6.88143e-05 1.80617e-04 0.00000e+00
58.350000 6.69118e-05 2.63369e-04 0.00000e+00
58.360000 6.13105e-05 2.29770e-04 0.00000e+00
58.370000 5.53861e-05 2.16323e-04 0.00000e+00
58.380000 6.62441e-05 2.16329e-04 0.00000e+00
58.390000 5.10880e-05 1.83119e-04 0.00000e+00
58.400000 4.15572e-05 2.35941e-05 0.00000e+00
58.410000 4.24565e-05 -1.65658e-04 0.00000e+00
58.420000 6.57682e-05 -2.53130e-04 0.00000e+00
58.430000 9.05005e-05 -4.08041e-04 0.00000e+00
58.440000 6.48618e-05 -4.61723e-04 0.00000e+00
58.450000 5.27273e-05 -5.02219e-04 0.00000e+00
58.460000 6.94594e-05 -5.94229e-04 0.00000e+00
58.470000 5.16055e-05 -5.83112e-04 0.00000e+00
58.480000 3.71161e-05 -6.19852e-04 0.00000e+00
58.490000 1.68311e-05 -6.33948e-04 0.00000e+00
58.500000 1.50364e-05 -6.13104e-04 0.00000e+00
58.510000 2.79101e-05 -5.31289e-04 0.00000e+00
58.520000 -3.83584e-06 -4.33725e-04 0.00000e+00
58.530000 4.65751e-06 -4.24489e-04 0.00000e+00
58.540000 -1.23100e-05 -4.47328e-04 0.00000e+00
58.550000 -2.19151e-05 -4.42367e-04 0.00000e+00
58.560000 -3.00109e-05 -4.38458e-04 0.00000e+00
58.570000 -4.64248e-05 -4.96926e-04 0.00000e+00
58.580000 -2.63248e-05 -5.92371e-04 0.00000e+00
58.590000 -3.34153e-05 -5.11185e-04 0.00000e+00
58.600000 -3.07849e-05 -2.42371e-04 0.00000e+00
58.610000 -2.48117e-05 -1.38113e-04 0.00000e+00
58.620000 -4.72191e-05 -1.94199e-04 0.00000e+00
58.630000 -1.89228e-05 -1.20647e-04 0.00000e+00
58.640000 -3.21217e-05 2.85038e-06 0.00000e+00
58.650000 -3.16240e-05 1.58859e-05 0.00000e+00
58.660000 -1.77118e-05 -1.28509e-05 0.00000e+00
58.670000 -1.52195e-05 -1.39966e-05 0.00000e+00
58.680000 -1.08683e-05 1.04348e-04 0.00000e+00
58.690000 -3.64942e-05 1.37925e-04 0.00000e+00
58.700000 -4.60369e-05 1.26024e-04 0.00000e+00
58.710000 -4.84186e-05 1.38214e-04 0.00000e+00
58.720000 -4.82313e-05 3.99908e-05 0.00000e+00
58.730000 -4.42053e-05 -7.62404e-05 0.00000e+00
58.740000 -4.86561e-05 -2.26778e-04 0.00000e+00
58.750000 -3.57031e-05 -2.61680e-04 0.00000e+00
58.760000 -8.37327e-07 -2.31362e-04 0.00000e+00
58.770000 -2.41916e-05 -2.49596e-04 0.00000e+00
58.780000 -4.44716e-05 -2.72302e-04 0.00000e+00
58.790000 -3.84866e-05 -3.25605e-04 0.00000e+00
58.800000 -2.18584e-05 -2.13603e-04 0.00000e+00
58.810000 -3.10645e-05 -9.26167e-05 0.00000e+00
58.820000 -4.17005e-05 -7.10934e-05 0.00000e+00
58.830000 -3.61502e-05 2.78970e-05 0.00000e+00
58.840000 -3.67341e-05 1.94989e-04 0.00000e+00
58.850000 -3.66467e-05 3.77231e-04 0.00000e+00
58.860000 -6.30460e-05 4.13242e-04 0.00000e+00
58.870000 -5.94449e-05 3.54782e-04 0.00000e+00
58.880000 -7.81730e-05 3.18267e-04 0.00000e+00
58.890000 -7.79924e-05 3.07527e-04 0.00000e+00
58.900000 -6.73840e-05 3.09039e-04 0.00000e+00
58.910000 -4.88004e-05 2.40382e-04 0.00000e+00
58.920000 -2.37206e-05 1.76594e-04 0.00000e+00
58.930000 -2.37173e-05 3.32978e-04 0.00000e+00
58.940000 -1.23594e-05 5.17392e-04 0.00000e+00
58.950000 -1.78897e-06 5.69289e-04 0.00000e+00
58.960000 3.42172e-05 6.34157e-04 0.00000e+00
58.970000 4.45828e-05 7.70726e-04 0.00000e+00
58.980000 2.81811e-05 9.18179e-04 0.00000e+00
58.990000 4.32795e-05 9.26238e-04 0.00000e+00
59.000000 4.57860e-05 8.91540e-04 0.00000e+00
59.010000 5.39125e-05 8.13611e-04 0.00000e+00
59.020000 2.78058e-05 6.98313e-04 0.00000e+00
59.030000 1.23341e-05 5.52933e-04 0.00000e+00
59.040000 1.49266e-05 3.64738e-04 0.00000e+00
59.050000 1.91977e-05 1.78897e-04 0.00000e+00
59.060000 2.93066e-05 -5.13970e-05 0.00000e+00
59.070000 3.07309e-05 -2.42059e-04 0.00000e+00
59.080000 4.28884e-05 -3.58280e-04 0.00000e+00
59.090000 7.87520e-05 -4.36068e-04 0.00000e+00
59.100000 1.11881e-04 -5.39055e-04 0.00000e+00
59.110000 1.01768e-04 -6.57074e-04 0.00000e+00
59.120000 9.01696e-05 -7.45203e-04 0.00000e+00
59.130000 7.06480e-05 -6.32817e-04 0.00000e+00
59.140000 6.19915e-05 -4.51611e-04 0.00000e+00
59.150000 3.47618e-05 -4.87285e-04 0.00000e+00
59.160000 -7.36811e-06 -5.25636e-04 0.00000e+00
59.170000 -1.77339e-05 -4.77451e-04 0.00000e+00
59.180000 -4.20235e-05 -3.49850e-04 0.00000e+00
59.190000 -2.91931e-05 -2.82290e-04 0.00000e+00
59.200000 -4.27765e-05 -3.97527e-04 0.00000e+00
59.210000 -4.85266e-05 -4.59311e-04 0.00000e+00
59.220000 -4.96170e-05 -4.43281e-04 0.00000e+00
59.230000 -5.67078e-05 -4.07175e-04 0.00000e+00
59.240000 -4.66847e-05 -3.91893e-04 0.00000e+00
59.250000 -4.22751e-05 -4.01456e-04 0.00000e+00
59.260000 -4.06263e-05 -2.41376e-04 0.00000e+00
59.270000 -2.66330e-05 7.17373e-05 0.00000e+00
59.280000 -1.65697e-05 2.87516e-04 0.00000e+00
59.290000 3.47158e-06 3.33421e-04 0.00000e+00
59.300000 2.47843e-05 2.85077e-04 0.00000e+00
59.310000 -1.03801e-05 2.33823e-04 0.00000e+00
59.320000 -1.52868e-05 1.93866e-04 0.00000e+00
59.330000 8.63078e-07 5.18566e-05 0.00000e+00
59.340000 7.07908e-06 -1.43336e-04 0.00000e+00
59.350000 9.89453e-06 -3.24165e-04 0.00000e+00
59.360000 -2.58299e-05 -3.62499e-04 0.00000e+00
59.370000 -3.39069e-05 -2.92113e-04 0.00000e+00
59.380000 -2.02146e-05 -2.78813e-04 0.00000e+00
59.390000 -2.90570e-05 -3.32495e-04 0.00000e+00
59.400000 -3.22772e-05 -4.36181e-04 0.00000e+00
59.410000 -4.18600e-05 -4.73266e-04 0.00000e+00
59.420000 -3.47892e-05 -4.42868e-04 0.00000e+00
59.430000 -2.26593e-05 -3.72936e-04 0.00000e+00
59.440000 -4.79234e-05 -2.59823e-04 0.00000e+00
59.450000 -7.52424e-05 -9.92974e-05 0.00000e+00
59.460000 -9.78195e-05 1.00091e-04 0.00000e+00
59.470000 -9.46138e-05 3.18657e-04 0.00000e+00
59.480000 -8.51993e-05 3.45150e-04 0.00000e+00
59.490000 -7.61874e-05 2.15544e-04 0.00000e+00
59.500000 -8.07944e-05 2.51345e-04 0.00000e+00
59.510000 -6.69129e-05 3.31408e-04 0.00000e+00
59.520000 -3.69683e-05 3.33955e-04 0.00000e+00
59.530000 -8.46518e-06 2.25608e-04 0.00000e+00
59.540000 -1.69101e-05 5.49404e-05 0.00000e+00
59.550000 -3.08338e-05 2.50132e-05 0.00000e+00
59.560000 -4.13372e-05 -4.35897e-05 0.00000e+00
59.570000 -1.73512e-05 -1.93178e-04 0.00000e+00
59.580000 -1.20398e-06 -3.22641e-04 0.00000e+00
59.590000 1.05695e-05 -4.43921e-04 0.00000e+00
59.600000 1.37071e-05 -4.96629e-04 0.00000e+00
59.610000 5.79881e-07 -6.52394e-04 0.00000e+00
59.620000 -9.96632e-06 -8.61127e-04 0.00000e+00
59.630000 -4.12307e-05 -1.01872e-03 0.00000e+00
59.640000 -7.04270e-05 -1.11326e-03 0.00000e+00
59.650000 -1.05256e-04 -1.09440e-03 0.00000e+00
59.660000 -1.07968e-04 -1.00040e-03 0.00000e+00
59.670000 -1.06201e-04 -9.42376e-04 0.00000e+00
59.680000 -1.39866e-04 -9.43523e-04 0.00000e+00
59.690000 -1.49630e-04 -7.53547e-04 0.00000e+00
59.700000 -1.60571e-04 -4.37749e-04 0.00000e+00
59.710000 -1.64013e-04 -1.63034e-04 0.00000e+00
59.720000 -1.65658e-04 3.00447e-05 0.00000e+00
59.730000 -1.90337e-04 1.40817e-04 0.00000e+00
59.740000 -1.73278e-04 3.63976e-04 0.00000e+00
59.750000 -1.71742e-04 7.14617e-04 0.00000e+00
59.760000 -1.58990e-04 1.04347e-03 0.00000e+00
59.770000 -1.42816e-04 1.27944e-03 0.00000e+00
59.780000 -1.25136e-04 1.42506e-03 0.00000e+00
59.790000 -7.48351e-05 1.58194e-03 0.00000e+00
59.800000 -6.04691e-05 1.67235e-03 0.00000e+00
59.810000 -2.99472e-05 1.63006e-03 0.00000e+00
59.820000 -1.21947e-05 1.50813e-03 0.00000e+00
59.830000 6.47308e-06 1.34599e-03 0.00000e+00
59.840000 4.36867e-06 1.24198e-03 0.00000e+00
59.850000 3.21124e-05 1.12066e-03 0.00000e+00
59.860000 7.47142e-05 9.92579e-04 0.00000e+00
59.870000 6.69027e-05 8.82289e-04 0.00000e+00
59.880000 8.24879e-05 7.14079e-04 0.00000e+00
59.890000 6.39888e-05 4.84341e-04 0.00000e+00
59.900000 6.95629e-05 1.40888e-04 0.00000e+00
59.910000 7.76027e-05 -9.24170e-05 0.00000e+00
59.920000 6.52713e-05 -2.24029e-04 0.00000e+00
59.930000 3.92365e-05 -4.08376e-04 0.00000e+00
59.940000 2.06583e-05 -6.05165e-04 0.00000e+00
59.950000 2.09287e-05 -7.68978e-04 0.00000e+00
59.960000 1.64906e-05 -7.25731e-04 0.00000e+00
59.970000 -1.26584e-05 -6.92542e-04 0.00000e+00
59.980000 -2.46102e-05 -7.62591e-04 0.00000e+00
59.990000 -3.47309e-05 -7.58909e-04 0.00000e+00
60.000000 -3.68051e-05 -7.44613e-04 0.00000e+00
60.010000 -1.71997e-05 -7.74656e-04 0.00000e+00
60.020000 -1.15599e-05 -7.63002e-04 0.00000e+00
60.030000 -1.92854e-05 -5.80754e-04 0.00000e+00
60.040000 -4.06894e-05 -4.28188e-04 0.00000e+00
60.050000 -5.61557e-05 -2.91681e-04 0.00000e+00
60.060000 -6.10131e-05 -1.48488e-04 0.00000e+00
60.070000 -4.63343e-05 -9.58756e-05 0.00000e+00
60.080000 -2.07500e-05 -1.27908e-05 0.00000e+00
60.090000 -4.14546e-05 4.66993e-05 0.00000e+00
60.100000 -4.24551e-05 3.51373e-05 0.00000e+00
60.110000 -4.64147e-05 2.58238e-05 0.00000e+00
60.120000 -2.27016e-05 1.36809e-04 0.00000e+00
60.130000 -2.61656e-05 2.53972e-04 0.00000e+00
60.140000 -5.49583e-05 2.03872e-04 0.00000e+00
60.150000 -4.78182e-05 6.62735e-05 0.00000e+00
60.160000 -3.35991e-05 -4.35217e-06 0.00000e+00
60.170000 -3.99475e-05 1.61178e-05 0.00000e+00
60.180000 -2.80356e-05 1.62108e-04 0.00000e+00
60.190000 -2.18027e-05 3.65021e-04 0.00000e+00
60.200000 -7.65336e-06 4.12252e-04 0.00000e+00
60.210000 -1.74446e-05 3.11616e-04 0.00000e+00
60.220000 -7.36050e-06 2.45344e-04 0.00000e+00
60.230000 -2.96771e-05 2.32911e-04 0.00000e+00
60.240000 -3.53783e-05 3.00147e-04 0.00000e+00
60.250000 -2.83933e-05 4.78423e-04 0.00000e+00
60.260000 -1.53236e-05 5.02093e-04 0.00000e+00
60.270000 -4.67292e-06 4.41377e-04 0.00000e+00
60.280000 1.08913e-05 4.50635e-04 0.00000e+00
60.290000 9.84549e-06 4.93189e-04 0.00000e+00
60.300000 -1.37105e-05 5.55985e-04 0.00000e+00
60.310000 -1.26245e-05 4.81037e-04 0.00000e+00
60.320000 7.28031e-06 3.93480e-04 0.00000e+00
60.330000 4.15744e-05 4.66739e-04 0.00000e+00
60.340000 5.33867e-05 4.86785e-04 0.00000e+00
60.350000 5.67220e-05 4.33682e-04 0.00000e+00
60.360000 3.79226e-05 3.89903e-04 0.00000e+00
60.370000 1.86835e-05 3.39638e-04 0.00000e+00
60.380000 4.16411e-05 2.74310e-04 0.00000e+00
60.390000 6.49963e-05 1.77489e-04 0.00000e+00
60.400000 6.16445e-05 8.86401e-06 0.00000e+00
60.410000 6.81573e-05 -1.78063e-04 0.00000e+00
60.420000 5.15873e-05 -3.25968e-04 0.00000e+00
60.430000 3.43373e-05 -4.11762e-04 0.00000e+00
60.440000 5.33173e-05 -4.00719e-04 0.00000e+00
60.450000 4.55567e-05 -4.26376e-04 0.00000e+00
60.460000 4.21373e-05 -4.52863e-04 0.00000e+00
60.470000 4.06222e-05 -5.13343e-04 0.00000e+00
60.480000 2.89754e-05 -5.96459e-04 0.00000e+00
60.490000 3.19818e-05 -5.92707e-04 0.00000e+00
60.500000 2.50117e-05 -4.86770e-04 0.00000e+00
60.510000 -1.30045e-05 -3.51778e-04 0.00000e+00
60.520000 -1.88211e-05 -2.82592e-04 0.00000e+00
60.530000 -3.31485e-05 -3.25116e-04 0.00000e+00
60.540000 -3.23808e-05 -4.22602e-04 0.00000e+00
60.550000 -3.84127e-05 -4.14237e-04 0.00000e+00
60.560000 -4.50591e-05 -2.35522e-04 0.00000e+00
60.570000 -4.11618e-05 -8.84126e-05 0.00000e+00
60.580000 -2.53923e-05 -2.66223e-05 0.00000e+00
60.590000 -2.96133e-05 -4.76713e-05 0.00000e+00
60.600000 -1.53521e-06 -9.57426e-05 0.00000e+00
60.610000 -6.56355e-06 5.03613e-05 0.00000e+00
60.620000 -1.22439e-05 1.73742e-04 0.00000e+00
60.630000 1.01418e-05 1.49850e-04 0.00000e+00
60.640000 3.71855e-06 1.55944e-04 0.00000e+00
60.650000 2.59331e-06 2.01418e-04 0.00000e+00
60.660000 3.74250e-07 2.21825e-04 0.00000e+00
60.670000 1.13057e-06 2.52161e-04 0.00000e+00
60.680000 -5.66863e-06 1.58098e-04 0.00000e+00
60.690000 -1.43924e-05 2.82204e-05 0.00000e+00
60.700000 -1.45887e-05 -5.20006e-06 0.00000e+00
60.710000 9.05339e-07 -3.27134e-05 0.00000e+00
60.720000 2.30621e-06 -7.81180e-05 0.00000e+00
60.730000 1.02847e-05 -1.91693e-04 0.00000e+00
60.740000 -1.82758e-05 -2.72182e-04 0.00000e+00
60.750000 -1.75737e-05 -2.37390e-04 0.00000e+00
60.760000 -2.20478e-05 -2.50105e-04 0.00000e+00
60.770000 8.75998e-06 -2.38157e-04 0.00000e+00
60.780000 -4.85780e-06 -1.90856e-04 0.00000e+00
60.790000 -3.54495e-05 -2.52140e-04 0.00000e+00
60.800000 -3.58274e-05 -1.73457e-04 0.00000e+00
60.810000 -2.01001e-05 -7.06874e-05 0.00000e+00
60.820000 -2.42406e-05 -1.10488e-04 0.00000e+00
60.830000 -3.61041e-05 -1.75260e-04 0.00000e+00
60.840000 -2.79045e-05 -1.62803e-04 0.00000e+00
60.850000 -4.06104e-05 -7.49872e-05 0.00000e+00
60.860000 -2.03362e-05 -4.71501e-05 0.00000e+00
60.870000 -2.32019e-05 -7.06967e-05 0.00000e+00
60.880000 -3.19700e-05 -6.68769e-05 0.00000e+00
60.890000 -3.97283e-05 -4.36979e-05 0.00000e+00
60.900000 -3.76526e-05 8.47972e-05 0.00000e+00
60.910000 -2.20018e-05 1.30753e-04 0.00000e+00
60.920000 -2.33371e-05 8.22557e-05 0.00000e+00
60.930000 -3.69850e-05 1.09660e-04 0.00000e+00
60.940000 -2.20610e-05 2.22687e-04 0.00000e+00
60.950000 -2.83017e-05 2.84876e-04 0.00000e+00
60.960000 -2.23791e-05 1.94103e-04 0.00000e+00
60.970000 -6.63601e-06 1.13157e-04 0.00000e+00
60.980000 -3.59123e-05 1.53713e-04 0.00000e+00
60.990000 -3.23372e-05 2.93278e-04 0.00000e+00
61.000000 -1.76615e-05 3.03407e-04 0.00000e+00
61.010000 9.59914e-06 2.97805e-04 0.00000e+00
61.020000 -1.89126e-06 2.74323e-04 0.00000e+00
61.030000 -1.67670e-05 2.79875e-04 0.00000e+00
61.040000 -1.89902e-05 3.17273e-04 0.00000e+00
61.050000 -7.86367e-06 2.14276e-04 0.00000e+00
61.060000 7.34541e-06 5.17020e-05 0.00000e+00
61.070000 2.37021e-05 -1.17763e-04 0.00000e+00
61.080000 -1.23875e-05 -2.41302e-04 0.00000e+00
61.090000 5.20708e-06 -3.22116e-04 0.00000e+00
61.100000 -2.57273e-06 -4.71488e-04 0.00000e+00
61.110000 -5.72746e-07 -5.73129e-04 0.00000e+00
61.120000 -1.83259e-05 -5.72650e-04 0.00000e+00
61.130000 2.54383e-06 -6.13578e-04 0.00000e+00
61.140000 -7.31992e-06 -6.28239e-04 0.00000e+00
61.150000 1.41976e-05 -6.76047e-04 0.00000e+00
61.160000 -7.43729e-06 -7.40991e-04 0.00000e+00
61.170000 -4.04926e-05 -6.86661e-04 0.00000e+00
61.180000 -4.32395e-05 -5.10694e-04 0.00000e+00
61.190000 -6.81043e-05 -4.16627e-04 0.00000e+00
61.200000 -7.17938e-05 -4.94390e-04 0.00000e+00
61.210000 -1.05854e-04 -5.23811e-04 0.00000e+00
61.220000 -1.21419e-04 -4.36833e-04 0.00000e+00
61.230000 -1.25591e-04 -2.52763e-04 0.00000e+00
61.240000 -1.22287e-04 -2.25471e-05 0.00000e+00
61.250000 -1.10732e-04 2.26988e-05 0.00000e+00
61.260000 -9.50513e-05 4.16018e-05 0.00000e+00
61.270000 -9.34216e-05 1.74793e-04 0.00000e+00
61.280000 -6.65647e-05 2.75206e-04 0.00000e+00
61.290000 -6.26787e-05 3.66441e-04 0.00000e+00
61.300000 -6.91201e-05 5.46344e-04 0.00000e+00
61.310000 -5.13027e-05 6.72310e-04 0.00000e+00
61.320000 -3.76612e-05 8.20548e-04 0.00000e+00
61.330000 -3.00810e-05 9.94590e-04 0.00000e+00
61.340000 -2.03681e-05 9.70370e-04 0.00000e+00
61.350000 -2.17508e-05 9.38921e-04 0.00000e+00
61.360000 -3.74750e-05 8.95726e-04 0.00000e+00
61.370000 -2.03056e-05 7.83250e-04 0.00000e+00
61.380000 7.53102e-06 6.47252e-04 0.00000e+00
61.390000 1.70210e-05 5.01778e-04 0.00000e+00
61.400000 2.22332e-05 3.73518e-04 0.00000e+00
61.410000 9.11563e-06 2.57172e-04 0.00000e+00
61.420000 1.89721e-06 1.37666e-04 0.00000e+00
61.430000 2.43864e-05 8.11755e-05 0.00000e+00
61.440000 3.12680e-05 5.58314e-05 0.00000e+00
61.450000 3.21964e-05 1.15662e-04 0.00000e+00
61.460000 4.06912e-05 1.77799e-04 0.00000e+00
61.470000 3.30600e-05 8.94793e-05 0.00000e+00
61.480000 1.21454e-05 -2.49548e-05 0.00000e+00
61.490000 3.45390e-05 -2.32874e-05 0.00000e+00
61.500000 5.63211e-06 2.60795e-05 0.00000e+00
61.510000 -4.96783e-07 1.77617e-05 0.00000e+00
61.520000 -6.70524e-06 -2.45853e-05 0.00000e+00
61.530000 -6.77292e-06 -1.68485e-04 0.00000e+00
61.540000 -1.10144e-05 -2.95153e-04 0.00000e+00
61.550000 1.26935e-05 -2.33016e-04 0.00000e+00
61.560000 3.20699e-06 -1.65549e-04 0.00000e+00
61.570000 4.75286e-06 -2.44625e-04 0.00000e+00
61.580000 2.23791e-06 -3.46839e-04 0.00000e+00
61.590000 1.08045e-05 -4.46846e-04 0.00000e+00
61.600000 2.77112e-05 -4.46489e-04 0.00000e+00
61.610000 2.69792e-05 -3.10661e-04 0.00000e+00
61.620000 2.33191e-05 -2.55560e-04 0.00000e+00
61.630000 -8.73191e-06 -2.68642e-04 0.00000e+00
61.640000 -1.63326e-05 -2.66467e-04 0.00000e+00
61.650000 -1.64606e-05 -2.89743e-04 0.00000e+00
61.660000 3.29495e-06 -2.21619e-04 0.00000e+00
61.670000 -2.44958e-05 -2.02472e-04 0.00000e+00
61.680000 -3.76282e-05 -3.24771e-04 0.00000e+00
61.690000 -4.61604e-05 -3.64846e-04 0.00000e+00
61.700000 -5.36822e-05 -3.84393e-04 0.00000e+00
61.710000 -4.27528e-05 -3.82362e-04 0.00000e+00
61.720000 -3.87074e-05 -2.39771e-04 0.00000e+00
61.730000 -6.57644e-05 -1.09547e-04 0.00000e+00
61.740000 -6.57936e-05 -5.44064e-05 0.00000e+00
61.750000 -3.75506e-05 -3.26685e-05 0.00000e+00
61.760000 -3.82704e-05 1.44591e-05 0.00000e+00
61.770000 -1.92374e-05 1.27206e-04 0.00000e+00
61.780000 -2.60768e-05 2.94892e-04 0.00000e+00
61.790000 -5.09090e-05 4.50642e-04 0.00000e+00
61.800000 -4.11469e-05 4.39043e-04 0.00000e+00
61.810000 -2.65014e-05 3.27575e-04 0.00000e+00
61.820000 -2.24941e-05 2.96898e-04 0.00000e+00
61.830000 -2.44792e-05 4.22791e-04 0.00000e+00
61.840000 -3.68590e-05 4.88017e-04 0.00000e+00
61.850000 -2.52827e-05 4.03878e-04 0.00000e+00
61.860000 1.95584e-07 2.98998e-04 0.00000e+00
61.870000 -1.13114e-06 1.70868e-04 0.00000e+00
61.880000 2.51373e-05 1.38172e-04 0.00000e+00
61.890000 2.02631e-05 1.89334e-04 0.00000e+00
61.900000 6.80933e-06 1.02826e-04 0.00000e+00
61.910000 1.52107e-06 -6.58776e-05 0.00000e+00
61.920000 -2.28140e-06 -1.05623e-04 0.00000e+00
61.930000 1.42566e-05 -7.89335e-05 0.00000e+00
61.940000 9.90725e-06 -7.79271e-06 0.00000e+00
61.950000 2.27318e-05 4.91621e-05 0.00000e+00
61.960000 -1.22788e-05 -7.20217e-05 0.00000e+00
61.970000 -2.15524e-05 -2.34427e-04 0.00000e+00
61.980000 -2.25030e-05 -2.53804e-04 0.00000e+00
61.990000 2.75042e-06 -1.88226e-04 0.00000e+00
62.000000 -4.47854e-06 -1.88168e-04 0.00000e+00
62.010000 -2.44597e-05 -2.49266e-04 0.00000e+00
62.020000 -3.79999e-05 -2.85092e-04 0.00000e+00
62.030000 -3.41666e-05 -2.32483e-04 0.00000e+00
62.040000 -2.74642e-05 -1.82298e-04 0.00000e+00
62.050000 -7.72368e-06 -5.58287e-05 0.00000e+00
62.060000 -2.43853e-05 5.23659e-05 0.00000e+00
62.070000 -3.35606e-05 5.45025e-05 0.00000e+00
62.080000 -3.05595e-05 1.81709e-05 0.00000e+00
62.090000 -1.12464e-05 -6.43327e-05 0.00000e+00
62.100000 -7.48169e-06 -3.23126e-05 0.00000e+00
62.110000 -9.53765e-06 1.01441e-05 0.00000e+00
62.120000 -3.34458e-05 6.94757e-05 0.00000e+00
62.130000 -3.88060e-05 6.96209e-05 0.00000e+00
62.140000 -3.01466e-05 -1.07005e-04 0.00000e+00
62.150000 -7.16357e-07 -2.09007e-04 0.00000e+00
62.160000 -1.01996e-05 -1.02402e-04 0.00000e+00
62.170000 -2.06458e-05 -1.95043e-05 0.00000e+00
62.180000 -1.76847e-05 -1.01800e-04 0.00000e+00
62.190000 -1.89251e-05 -1.96848e-04 0.00000e+00
62.200000 -1.62029e-05 -2.77836e-04 0.00000e+00
62.210000 -1.50429e-05 -2.70858e-04 0.00000e+00
62.220000 -1.45074e-05 -1.27655e-04 0.00000e+00
62.230000 -4.43485e-05 -8.35711e-05 0.00000e+00
62.240000 -3.85525e-05 -1.80097e-04 0.00000e+00
62.250000 -6.25030e-05 -2.18646e-04 0.00000e+00
62.260000 -4.61665e-05 -1.40967e-04 0.00000e+00
62.270000 -3.88726e-05 1.21439e-05 0.00000e+00
62.280000 -4.88558e-05 9.65553e-05 0.00000e+00
62.290000 -4.27033e-05 1.26195e-05 0.00000e+00
62.300000 -6.17742e-05 -1.15364e-04 0.00000e+00
62.310000 -6.33851e-05 -1.29529e-04 0.00000e+00
62.320000 -2.81352e-05 4.51920e-05 0.00000e+00
62.330000 -2.70990e-05 2.11867e-04 0.00000e+00
62.340000 -4.95895e-05 1.93363e-04 0.00000e+00
62.350000 -4.20981e-05 1.48279e-04 0.00000e+00
62.360000 -3.29732e-05 1.38506e-04 0.00000e+00
62.370000 -2.96418e-05 1.94192e-04 0.00000e+00
62.380000 -3.37490e-06 3.41545e-04 0.00000e+00
62.390000 -1.47051e-05 4.33462e-04 0.00000e+00
62.400000 -3.31459e-05 3.25085e-04 0.00000e+00
62.410000 -2.29640e-05 2.64739e-04 0.00000e+00
62.420000 -5.29600e-06 2.82558e-04 0.00000e+00
62.430000 -1.13154e-07 3.05578e-04 0.00000e+00
62.440000 -2.81340e-06 4.16085e-04 0.00000e+00
62.450000 -2.98335e-05 4.21885e-04 0.00000e+00
62.460000 -2.58544e-05 3.54017e-04 0.00000e+00
62.470000 -5.21976e-06 3.20145e-04 0.00000e+00
62.480000 1.74541e-05 2.87441e-04 0.00000e+00
62.490000 2.30896e-05 3.56273e-04 0.00000e+00
62.500000 -1.43261e-06 4.59599e-04 0.00000e+00
62.510000 -1.02416e-05 3.68167e-04 0.00000e+00
62.520000 7.64090e-06 2.81827e-04 0.00000e+00
62.530000 2.56100e-05 3.51720e-04 0.00000e+00
62.540000 4.47421e-05 3.83682e-04 0.00000e+00
62.550000 3.79140e-05 4.26129e-04 0.00000e+00
62.560000 1.31185e-05 4.42102e-04 0.00000e+00
62.570000 2.25384e-05 3.25599e-04 0.00000e+00
62.580000 5.87733e-05 2.38593e-04 0.00000e+00
62.590000 5.20439e-05 2.32479e-04 0.00000e+00
62.600000 5.20868e-05 1.75046e-04 0.00000e+00
62.610000 4.44651e-05 5.77069e-05 0.00000e+00
62.620000 2.99797e-05 -1.29882e-04 0.00000e+00
62.630000 4.12972e-05 -3.26762e-04 0.00000e+00
62.640000 6.00896e-05 -3.89102e-04 0.00000e+00
62.650000 4.60193e-05 -3.90865e-04 0.00000e+00
62.660000 4.71400e-05 -4.67925e-04 0.00000e+00
62.670000 3.53256e-05 -6.11135e-04 0.00000e+00
62.680000 2.56679e-05 -7.62142e-04 0.00000e+00
62.690000 4.47734e-05 -8.03588e-04 0.00000e+00
62.700000 3.41965e-05 -7.02029e-04 0.00000e+00
62.710000 5.71823e-06 -5.97848e-04 0.00000e+00
62.720000 4.54630e-07 -6.10904e-04 0.00000e+00
62.730000 -1.92150e-05 -6.98477e-04 0.00000e+00
62.740000 -2.84391e-05 -7.09240e-04 0.00000e+00
62.750000 -4.02175e-05 -4.97605e-04 0.00000e+00
62.760000 -5.31506e-05 -2.73372e-04 0.00000e+00
62.770000 -7.07217e-05 -2.30727e-04 0.00000e+00
62.780000 -6.16894e-05 -1.92691e-04 0.00000e+00
62.790000 -6.69060e-05 -1.67018e-04 0.00000e+00
62.800000 -5.83770e-05 -6.69776e-05 0.00000e+00
62.810000 -5.66850e-05 1.57385e-04 0.00000e+00
62.820000 -6.04267e-05 2.85223e-04 0.00000e+00
62.830000 -5.74217e-05 3.09643e-04 0.00000e+00
62.840000 -2.39315e-05 3.75633e-04 0.00000e+00
62.850000 -2.42844e-05 3.63958e-04 0.00000e+00
62.860000 2.27485e-07 4.60438e-04 0.00000e+00
62.870000 -5.58926e-06 5.92199e-04 0.00000e+00
62.880000 -1.33306e-05 5.35566e-04 0.00000e+00
62.890000 -1.05214e-05 5.03989e-04 0.00000e+00
62.900000 2.44264e-05 5.01076e-04 0.00000e+00
62.910000 2.68516e-05 4.56834e-04 0.00000e+00
62.920000 4.38876e-05 3.16828e-04 0.00000e+00
62.930000 8.25872e-06 1.62012e-04 0.00000e+00
62.940000 6.51673e-06 5.19543e-06 0.00000e+00
62.950000 1.98950e-05 -1.19098e-04 0.00000e+00
62.960000 2.25638e-05 -2.10673e-04 0.00000e+00
62.970000 2.71013e-05 -3.22084e-04 0.00000e+00
62.980000 1.03889e-05 -3.63228e-04 0.00000e+00
62.990000 -1.22933e-05 -4.09442e-04 0.00000e+00
63.000000 -1.18459e-05 -4.70652e-04 0.00000e+00
63.010000 -5.59258e-06 -3.71397e-04 0.00000e+00
63.020000 -2.45478e-05 -2.83500e-04 0.00000e+00
63.030000 3.63971e-06 -2.24305e-04 0.00000e+00
63.040000 -3.50118e-05 -1.59779e-04 0.00000e+00
63.050000 -2.54937e-05 -2.70564e-04 0.00000e+00
63.060000 -3.00330e-05 -3.28862e-04 0.00000e+00
63.070000 -3.64479e-05 -1.52633e-04 0.00000e+00
63.080000 -5.81629e-05 4.35496e-06 0.00000e+00
63.090000 -6.37015e-05 1.06413e-04 0.00000e+00
63.100000 -4.04413e-05 1.21517e-04 0.00000e+00
63.110000 -4.33425e-05 8.08673e-06 0.00000e+00
63.120000 -2.83388e-05 3.51460e-05 0.00000e+00
63.130000 -2.66311e-05 1.43908e-04 0.00000e+00
63.140000 -1.15905e-05 2.13506e-04 0.00000e+00
63.150000 5.25425e-06 1.97050e-04 0.00000e+00
63.160000 9.91516e-07 9.78100e-05 0.00000e+00
63.170000 9.49424e-06 -4.27283e-07 0.00000e+00
63.180000 1.33815e-05 -2.71016e-05 0.00000e+00
63.190000 -1.39316e-05 -5.71950e-05 0.00000e+00
63.200000 -5.58550e-06 2.18234e-05 0.00000e+00
63.210000 -2.52120e-05 4.56335e-05 0.00000e+00
63.220000 -2.26208e-05 -9.55436e-06 0.00000e+00
63.230000 1.07582e-05 1.43993e-05 0.00000e+00
63.240000 3.80839e-06 -3.17765e-05 0.00000e+00
63.250000 -2.61242e-05 -1.27002e-04 0.00000e+00
63.260000 -2.22276e-05 -2.28891e-04 0.00000e+00
63.270000 -4.07250e-05 -1.80484e-04 0.00000e+00
63.280000 -3.64327e-05 -1.30987e-04 0.00000e+00
63.290000 -1.89987e-05 -8.36506e-05 0.00000e+00
63.300000 -2.91177e-05 3.88206e-05 0.00000e+00
63.310000 -4.22039e-05 1.30560e-04 0.00000e+00
63.320000 -4.31792e-05 2.78282e-04 0.00000e+00
63.330000 -3.53509e-05 3.93270e-04 0.00000e+00
63.340000 -2.74655e-05 5.47706e-04 0.00000e+00
63.350000 -4.02625e-06 7.97473e-04 0.00000e+00
63.360000 6.92294e-06 9.07992e-04 0.00000e+00
63.370000 1.96071e-05 9.74983e-04 0.00000e+00
63.380000 3.43520e-06 1.02972e-03 0.00000e+00
63.390000 2.07560e-05 1.02203e-03 0.00000e+00
63.400000 1.82132e-05 1.16692e-03 0.00000e+00
63.410000 3.16068e-05 1.24572e-03 0.00000e+00
63.420000 4.89423e-05 1.12235e-03 0.00000e+00
63.430000 6.97036e-05 1.02029e-03 0.00000e+00
63.440000 9.10658e-05 8.86672e-04 0.00000e+00
63.450000 9.01867e-05 7.26966e-04 0.00000e+00
63.460000 1.21731e-04 6.69614e-04 0.00000e+00
63.470000 1.22334e-04 6.39620e-04 0.00000e+00
63.480000 1.28159e-04 4.77760e-04 0.00000e+00
63.490000 1.47279e-04 3.06959e-04 0.00000e+00
63.500000 1.50929e-04 2.05017e-04 0.00000e+00
63.510000 1.74357e-04 8.10878e-05 0.00000e+00
63.520000 1.52718e-04 -6.41893e-06 0.00000e+00
63.530000 1.31560e-04 -1.03154e-04 0.00000e+00
63.540000 1.22341e-04 -2.43448e-04 0.00000e+00
63.550000 1.07955e-04 -4.93643e-04 0.00000e+00
63.560000 9.67403e-05 -7.37749e-04 0.00000e+00
63.570000 9.16948e-05 -8.83026e-04 0.00000e+00
63.580000 5.32144e-05 -1.02732e-03 0.00000e+00
63.590000 6.56493e-05 -1.15940e-03 0.00000e+00
63.600000 5.01134e-05 -1.24657e-03 0.00000e+00
63.610000 4.96270e-05 -1.28055e-03 0.00000e+00
63.620000 4.95990e-05 -1.37568e-03 0.00000e+00
63.630000 5.56340e-05 -1.40399e-03 0.00000e+00
63.640000 4.20464e-05 -1.33846e-03 0.00000e+00
63.650000 1.59302e-05 -1.26042e-03 0.00000e+00
63.660000 2.01144e-05 -1.10448e-03 0.00000e+00
63.670000 -5.99596e-06 -9.24515e-04 0.00000e+00
63.680000 -2.49334e-05 -7.06386e-04 0.00000e+00
63.690000 -4.09428e-05 -5.20784e-04 0.00000e+00
63.700000 -6.50648e-05 -4.31958e-04 0.00000e+00
63.710000 -7.35232e-05 -3.29221e-04 0.00000e+00
63.720000 -8.51826e-05 -2.20953e-04 0.00000e+00
63.730000 -6.57766e-05 -1.26385e-04 0.00000e+00
63.740000 -6.98410e-05 -2.05194e-05 0.00000e+00
63.750000 -7.71235e-05 1.07196e-05 0.00000e+00
63.760000 -8.22872e-05 5.87805e-05 0.00000e+00
63.770000 -6.62625e-05 1.46362e-04 0.00000e+00
63.780000 -6.77232e-05 1.98421e-04 0.00000e+00
63.790000 -5.27990e-05 2.76161e-04 0.00000e+00
63.800000 -2.63226e-05 3.66549e-04 0.00000e+00
63.810000 -8.46315e-06 4.23961e-04 0.00000e+00
63.820000 -1.10839e-06 3.91611e-04 0.00000e+00
63.830000 -4.29759e-07 3.67121e-04 0.00000e+00
63.840000 -8.90146e-07 3.24743e-04 0.00000e+00
63.850000 -2.48955e-06 2.64477e-04 0.00000e+00
63.860000 -5.22798e-06 1.86323e-04 0.00000e+00
63.870000 -9.10544e-06 9.02800e-05 0.00000e+00
63.880000 -1.41219e-05 -2.36508e-05 0.00000e+00
63.890000 -2.02774e-05 -1.55470e-04 0.00000e+00
63.900000 -2.75719e-05 -3.05177e-04 0.00000e+00
63.910000 -3.60055e-05 -4.72772e-04 0.00000e+00
63.920000 -4.55780e-05 -6.58256e-04 0.00000e+00
63.930000 -5.62896e-05 -8.61627e-04 0.00000e+00
63.940000 -6.81402e-05 -1.08289e-03 0.00000e+00
63.950000 -8.11298e-05 -1.32203e-03 0.00000e+00
63.960000 -9.52585e-05 -1.57907e-03 0.00000e+00
63.970000 -1.10526e-04 -1.85400e-03 0.00000e+00
63.980000 -1.26933e-04 -2.14681e-03 0.00000e+00
63.990000 -1.44479e-04 -2.45751e-03 0.00000e+00
