# focused wave waveinput_round2\waveinput_430030.dat
@v301
# Wavedata CFDwavemaker
[wave type]
piston

[general input data]
depth 0.6

[wave input piston]
# number of timesteps to read
6400
# Time[sec], paddle position[m], paddle velocity[m/s], surface_elevation[m]
0.000000 0.00000e+00 -4.58327e-05 0.00000e+00
0.010000 2.18910e-07 -3.80755e-05 0.00000e+00
0.020000 3.31494e-07 -3.07399e-05 0.00000e+00
0.030000 3.49007e-07 -2.38258e-05 0.00000e+00
0.040000 2.82710e-07 -1.73333e-05 0.00000e+00
0.050000 1.43858e-07 -1.12623e-05 0.00000e+00
0.060000 -5.62886e-08 -5.61289e-06 0.00000e+00
0.070000 -3.06474e-07 -3.85036e-07 0.00000e+00
0.080000 -5.95439e-07 4.42127e-06 0.00000e+00
0.090000 -9.11926e-07 8.80602e-06 0.00000e+00
0.100000 -1.24468e-06 1.27692e-05 0.00000e+00
0.110000 -1.58244e-06 1.63109e-05 0.00000e+00
0.120000 -1.91394e-06 1.94309e-05 0.00000e+00
0.130000 -2.22794e-06 2.21295e-05 0.00000e+00
0.140000 -2.51317e-06 2.44064e-05 0.00000e+00
0.150000 -2.75838e-06 2.62619e-05 0.00000e+00
0.160000 -2.95230e-06 2.76957e-05 0.00000e+00
0.170000 -3.08368e-06 2.87081e-05 0.00000e+00
0.180000 -1.97848e-06 3.77817e-05 0.00000e+00
0.190000 -1.38830e-06 3.75020e-05 0.00000e+00
0.200000 -2.91543e-06 3.67105e-05 0.00000e+00
0.210000 -2.87368e-06 4.08674e-05 0.00000e+00
0.220000 -2.48024e-06 3.93321e-05 0.00000e+00
0.230000 -6.73252e-07 3.68277e-05 0.00000e+00
0.240000 4.70921e-07 3.93335e-05 0.00000e+00
0.250000 1.03647e-06 4.23650e-05 0.00000e+00
0.260000 2.25465e-06 4.09528e-05 0.00000e+00
0.270000 5.11477e-06 3.17696e-05 0.00000e+00
0.280000 5.95640e-06 2.79090e-05 0.00000e+00
0.290000 3.69374e-06 2.62937e-05 0.00000e+00
0.300000 4.94748e-06 1.82114e-05 0.00000e+00
0.310000 5.44760e-06 1.41647e-05 0.00000e+00
0.320000 5.24388e-06 5.15039e-06 0.00000e+00
0.330000 5.73421e-06 -2.67193e-06 0.00000e+00
0.340000 3.57164e-06 -1.98373e-06 0.00000e+00
0.350000 1.25560e-06 5.29457e-06 0.00000e+00
0.360000 2.94692e-07 1.03548e-05 0.00000e+00
0.370000 1.91777e-06 -6.66257e-06 0.00000e+00
0.380000 1.26277e-06 -2.68784e-05 0.00000e+00
0.390000 2.94180e-07 -3.57289e-05 0.00000e+00
0.400000 1.93062e-06 -4.36421e-05 0.00000e+00
0.410000 1.42603e-06 -4.54739e-05 0.00000e+00
0.420000 4.11709e-07 -4.67508e-05 0.00000e+00
0.430000 -1.18916e-06 -5.78528e-05 0.00000e+00
0.440000 -9.41869e-07 -6.76023e-05 0.00000e+00
0.450000 9.54570e-07 -7.42705e-05 0.00000e+00
0.460000 -1.24418e-06 -8.62267e-05 0.00000e+00
0.470000 -9.28092e-07 -8.61424e-05 0.00000e+00
0.480000 -4.76615e-07 -8.18209e-05 0.00000e+00
0.490000 -2.28787e-06 -9.48052e-05 0.00000e+00
0.500000 2.48941e-07 -1.16790e-04 0.00000e+00
0.510000 -2.08048e-06 -1.50991e-04 0.00000e+00
0.520000 -4.13453e-06 -1.84212e-04 0.00000e+00
0.530000 -9.84743e-06 -2.05232e-04 0.00000e+00
0.540000 -1.18265e-05 -2.20656e-04 0.00000e+00
0.550000 -1.07723e-05 -2.22899e-04 0.00000e+00
0.560000 -1.20263e-05 -2.19613e-04 0.00000e+00
0.570000 -1.47839e-05 -1.98358e-04 0.00000e+00
0.580000 -1.49724e-05 -1.62043e-04 0.00000e+00
0.590000 -1.97551e-05 -1.37173e-04 0.00000e+00
0.600000 -2.19115e-05 -1.17575e-04 0.00000e+00
0.610000 -2.22098e-05 -7.86368e-05 0.00000e+00
0.620000 -2.13654e-05 -1.30116e-06 0.00000e+00
0.630000 -2.13300e-05 7.55186e-05 0.00000e+00
0.640000 -2.19161e-05 1.49750e-04 0.00000e+00
0.650000 -2.74807e-05 2.42520e-04 0.00000e+00
0.660000 -2.79484e-05 3.43339e-04 0.00000e+00
0.670000 -2.62869e-05 4.72127e-04 0.00000e+00
0.680000 -2.01877e-05 6.03115e-04 0.00000e+00
0.690000 -1.07870e-05 7.02620e-04 0.00000e+00
0.700000 -3.60725e-06 7.80840e-04 0.00000e+00
0.710000 5.18496e-06 8.79386e-04 0.00000e+00
0.720000 1.87968e-05 1.01982e-03 0.00000e+00
0.730000 2.81171e-05 1.14550e-03 0.00000e+00
0.740000 4.23880e-05 1.24400e-03 0.00000e+00
0.750000 5.10385e-05 1.34684e-03 0.00000e+00
0.760000 6.38923e-05 1.43381e-03 0.00000e+00
0.770000 8.05781e-05 1.48953e-03 0.00000e+00
0.780000 1.01403e-04 1.53553e-03 0.00000e+00
0.790000 1.17437e-04 1.58325e-03 0.00000e+00
0.800000 1.29783e-04 1.61744e-03 0.00000e+00
0.810000 1.48273e-04 1.58533e-03 0.00000e+00
0.820000 1.64760e-04 1.49542e-03 0.00000e+00
0.830000 1.81775e-04 1.39329e-03 0.00000e+00
0.840000 1.95855e-04 1.27483e-03 0.00000e+00
0.850000 2.03206e-04 1.13385e-03 0.00000e+00
0.860000 2.15154e-04 1.00197e-03 0.00000e+00
0.870000 2.31889e-04 8.57166e-04 0.00000e+00
0.880000 2.50287e-04 6.86267e-04 0.00000e+00
0.890000 2.55826e-04 5.47760e-04 0.00000e+00
0.900000 2.56019e-04 3.89784e-04 0.00000e+00
0.910000 2.61957e-04 1.77789e-04 0.00000e+00
0.920000 2.63466e-04 -5.05634e-05 0.00000e+00
0.930000 2.59158e-04 -2.66699e-04 0.00000e+00
0.940000 2.54173e-04 -4.57724e-04 0.00000e+00
0.950000 2.48995e-04 -6.30448e-04 0.00000e+00
0.960000 2.39240e-04 -8.02217e-04 0.00000e+00
0.970000 2.21281e-04 -9.89846e-04 0.00000e+00
0.980000 2.00721e-04 -1.18258e-03 0.00000e+00
0.990000 1.95355e-04 -1.34891e-03 0.00000e+00
1.000000 1.81433e-04 -1.47919e-03 0.00000e+00
1.010000 1.66314e-04 -1.58978e-03 0.00000e+00
1.020000 1.51566e-04 -1.71126e-03 0.00000e+00
1.030000 1.40789e-04 -1.81720e-03 0.00000e+00
1.040000 1.19127e-04 -1.85411e-03 0.00000e+00
1.050000 1.05640e-04 -1.82627e-03 0.00000e+00
1.060000 8.65663e-05 -1.79833e-03 0.00000e+00
1.070000 5.50559e-05 -1.79679e-03 0.00000e+00
1.080000 3.56223e-05 -1.75994e-03 0.00000e+00
1.090000 2.40235e-05 -1.68514e-03 0.00000e+00
1.100000 1.02643e-05 -1.58958e-03 0.00000e+00
1.110000 -9.50080e-06 -1.50977e-03 0.00000e+00
1.120000 -2.79326e-05 -1.41649e-03 0.00000e+00
1.130000 -4.63837e-05 -1.27844e-03 0.00000e+00
1.140000 -6.11358e-05 -1.16378e-03 0.00000e+00
1.150000 -7.49268e-05 -1.09022e-03 0.00000e+00
1.160000 -7.64454e-05 -9.46224e-04 0.00000e+00
1.170000 -8.56947e-05 -7.45702e-04 0.00000e+00
1.180000 -9.16088e-05 -5.85681e-04 0.00000e+00
1.190000 -9.86830e-05 -4.53494e-04 0.00000e+00
1.200000 -9.48326e-05 -2.93746e-04 0.00000e+00
1.210000 -9.58698e-05 -1.00280e-04 0.00000e+00
1.220000 -9.79105e-05 8.99740e-05 0.00000e+00
1.230000 -1.04678e-04 2.39147e-04 0.00000e+00
1.240000 -9.99839e-05 2.92978e-04 0.00000e+00
1.250000 -9.60350e-05 2.88014e-04 0.00000e+00
1.260000 -9.16900e-05 3.31596e-04 0.00000e+00
1.270000 -8.83245e-05 4.10219e-04 0.00000e+00
1.280000 -9.04367e-05 3.98945e-04 0.00000e+00
1.290000 -7.44443e-05 3.22147e-04 0.00000e+00
1.300000 -7.06242e-05 2.23769e-04 0.00000e+00
1.310000 -6.96606e-05 9.43244e-05 0.00000e+00
1.320000 -6.16960e-05 -5.52088e-05 0.00000e+00
1.330000 -4.79575e-05 -1.84811e-04 0.00000e+00
1.340000 -5.67382e-05 -3.37456e-04 0.00000e+00
1.350000 -6.21269e-05 -5.39189e-04 0.00000e+00
1.360000 -6.37411e-05 -7.52642e-04 0.00000e+00
1.370000 -5.81885e-05 -9.60938e-04 0.00000e+00
1.380000 -6.91577e-05 -1.16924e-03 0.00000e+00
1.390000 -9.33081e-05 -1.40109e-03 0.00000e+00
1.400000 -1.20545e-04 -1.64244e-03 0.00000e+00
1.410000 -1.39458e-04 -1.85447e-03 0.00000e+00
1.420000 -1.56770e-04 -2.05226e-03 0.00000e+00
1.430000 -1.64917e-04 -2.20216e-03 0.00000e+00
1.440000 -1.99425e-04 -2.32403e-03 0.00000e+00
1.450000 -2.35317e-04 -2.44863e-03 0.00000e+00
1.460000 -2.55046e-04 -2.45549e-03 0.00000e+00
1.470000 -2.82049e-04 -2.42310e-03 0.00000e+00
1.480000 -3.07070e-04 -2.43327e-03 0.00000e+00
1.490000 -3.32126e-04 -2.41363e-03 0.00000e+00
1.500000 -3.57636e-04 -2.28210e-03 0.00000e+00
1.510000 -3.91561e-04 -2.11614e-03 0.00000e+00
1.520000 -4.12041e-04 -1.98925e-03 0.00000e+00
1.530000 -4.34783e-04 -1.84542e-03 0.00000e+00
1.540000 -4.52714e-04 -1.59445e-03 0.00000e+00
1.550000 -4.69819e-04 -1.27057e-03 0.00000e+00
1.560000 -4.78584e-04 -1.03860e-03 0.00000e+00
1.570000 -4.84117e-04 -8.46950e-04 0.00000e+00
1.580000 -4.86577e-04 -5.83045e-04 0.00000e+00
1.590000 -4.89992e-04 -2.92038e-04 0.00000e+00
1.600000 -4.73878e-04 7.96025e-05 0.00000e+00
1.610000 -4.81982e-04 4.70415e-04 0.00000e+00
1.620000 -4.61821e-04 7.69345e-04 0.00000e+00
1.630000 -4.56027e-04 1.11072e-03 0.00000e+00
1.640000 -4.59575e-04 1.46960e-03 0.00000e+00
1.650000 -4.47495e-04 1.77323e-03 0.00000e+00
1.660000 -4.24259e-04 2.08680e-03 0.00000e+00
1.670000 -3.95604e-04 2.41581e-03 0.00000e+00
1.680000 -3.82535e-04 2.69787e-03 0.00000e+00
1.690000 -3.61072e-04 2.97050e-03 0.00000e+00
1.700000 -3.27200e-04 3.23324e-03 0.00000e+00
1.710000 -2.80903e-04 3.43784e-03 0.00000e+00
1.720000 -2.56897e-04 3.62267e-03 0.00000e+00
1.730000 -2.29907e-04 3.80900e-03 0.00000e+00
1.740000 -1.73947e-04 3.99567e-03 0.00000e+00
1.750000 -1.26432e-04 4.15906e-03 0.00000e+00
1.760000 -8.35845e-05 4.25520e-03 0.00000e+00
1.770000 -2.37717e-05 4.36323e-03 0.00000e+00
1.780000 8.34364e-06 4.39988e-03 0.00000e+00
1.790000 5.11464e-05 4.40126e-03 0.00000e+00
1.800000 9.85645e-05 4.41287e-03 0.00000e+00
1.810000 1.33645e-04 4.27924e-03 0.00000e+00
1.820000 1.78670e-04 4.05839e-03 0.00000e+00
1.830000 2.31499e-04 3.82841e-03 0.00000e+00
1.840000 2.70011e-04 3.63739e-03 0.00000e+00
1.850000 3.05928e-04 3.40997e-03 0.00000e+00
1.860000 3.41909e-04 3.15066e-03 0.00000e+00
1.870000 3.67276e-04 2.91667e-03 0.00000e+00
1.880000 3.97139e-04 2.68184e-03 0.00000e+00
1.890000 4.30731e-04 2.37507e-03 0.00000e+00
1.900000 4.53832e-04 2.01308e-03 0.00000e+00
1.910000 4.71775e-04 1.75755e-03 0.00000e+00
1.920000 4.79630e-04 1.54206e-03 0.00000e+00
1.930000 4.86089e-04 1.22899e-03 0.00000e+00
1.940000 4.98478e-04 9.41991e-04 0.00000e+00
1.950000 4.90401e-04 6.52446e-04 0.00000e+00
1.960000 5.03720e-04 2.75913e-04 0.00000e+00
1.970000 4.87525e-04 -6.44375e-05 0.00000e+00
1.980000 4.80221e-04 -4.22703e-04 0.00000e+00
1.990000 4.75926e-04 -7.66404e-04 0.00000e+00
2.000000 4.85513e-04 -9.51695e-04 0.00000e+00
2.010000 4.90994e-04 -1.11300e-03 0.00000e+00
2.020000 4.83317e-04 -1.33809e-03 0.00000e+00
2.030000 4.77400e-04 -1.53674e-03 0.00000e+00
2.040000 4.53741e-04 -1.72057e-03 0.00000e+00
2.050000 4.31784e-04 -1.89843e-03 0.00000e+00
2.060000 4.15061e-04 -2.00790e-03 0.00000e+00
2.070000 4.04977e-04 -2.06620e-03 0.00000e+00
2.080000 3.81047e-04 -2.14049e-03 0.00000e+00
2.090000 3.37582e-04 -2.19440e-03 0.00000e+00
2.100000 3.03269e-04 -2.18353e-03 0.00000e+00
2.110000 2.85694e-04 -2.11408e-03 0.00000e+00
2.120000 2.51306e-04 -2.02609e-03 0.00000e+00
2.130000 2.25414e-04 -1.88999e-03 0.00000e+00
2.140000 2.16484e-04 -1.72678e-03 0.00000e+00
2.150000 1.97490e-04 -1.57776e-03 0.00000e+00
2.160000 2.03588e-04 -1.39943e-03 0.00000e+00
2.170000 1.93420e-04 -1.07551e-03 0.00000e+00
2.180000 1.61271e-04 -5.94897e-04 0.00000e+00
2.190000 1.48949e-04 -1.21611e-04 0.00000e+00
2.200000 1.47851e-04 3.37958e-04 0.00000e+00
2.210000 1.43408e-04 7.01460e-04 0.00000e+00
2.220000 1.49006e-04 9.79126e-04 0.00000e+00
2.230000 1.61807e-04 1.28964e-03 0.00000e+00
2.240000 1.74450e-04 1.63160e-03 0.00000e+00
2.250000 1.89417e-04 1.95329e-03 0.00000e+00
2.260000 2.27652e-04 2.14327e-03 0.00000e+00
2.270000 2.52187e-04 2.21980e-03 0.00000e+00
2.280000 2.78470e-04 2.30474e-03 0.00000e+00
2.290000 3.07256e-04 2.34017e-03 0.00000e+00
2.300000 3.36233e-04 2.21046e-03 0.00000e+00
2.310000 3.67419e-04 2.04321e-03 0.00000e+00
2.320000 3.98135e-04 1.84654e-03 0.00000e+00
2.330000 4.33359e-04 1.66825e-03 0.00000e+00
2.340000 4.80749e-04 1.49859e-03 0.00000e+00
2.350000 4.84236e-04 1.08864e-03 0.00000e+00
2.360000 4.78645e-04 5.71216e-04 0.00000e+00
2.370000 4.67656e-04 6.94374e-05 0.00000e+00
2.380000 4.48596e-04 -5.06392e-04 0.00000e+00
2.390000 4.54542e-04 -1.14950e-03 0.00000e+00
2.400000 4.46823e-04 -1.82485e-03 0.00000e+00
2.410000 4.28275e-04 -2.50581e-03 0.00000e+00
2.420000 3.97331e-04 -3.18625e-03 0.00000e+00
2.430000 3.54732e-04 -3.77728e-03 0.00000e+00
2.440000 3.15408e-04 -4.38330e-03 0.00000e+00
2.450000 2.71626e-04 -5.02301e-03 0.00000e+00
2.460000 2.09930e-04 -5.60571e-03 0.00000e+00
2.470000 1.42642e-04 -6.14088e-03 0.00000e+00
2.480000 1.02501e-04 -6.52966e-03 0.00000e+00
2.490000 3.81678e-05 -6.82569e-03 0.00000e+00
2.500000 -1.73854e-05 -7.06389e-03 0.00000e+00
2.510000 -1.13164e-04 -7.13969e-03 0.00000e+00
2.520000 -2.05987e-04 -7.21655e-03 0.00000e+00
2.530000 -2.73332e-04 -7.32203e-03 0.00000e+00
2.540000 -3.62343e-04 -7.31370e-03 0.00000e+00
2.550000 -4.45437e-04 -7.27341e-03 0.00000e+00
2.560000 -5.24570e-04 -7.09229e-03 0.00000e+00
2.570000 -5.94162e-04 -6.79247e-03 0.00000e+00
2.580000 -6.55126e-04 -6.43263e-03 0.00000e+00
2.590000 -7.19938e-04 -5.99036e-03 0.00000e+00
2.600000 -7.79137e-04 -5.55182e-03 0.00000e+00
2.610000 -8.54788e-04 -5.01981e-03 0.00000e+00
2.620000 -8.81379e-04 -4.36158e-03 0.00000e+00
2.630000 -9.25873e-04 -3.71673e-03 0.00000e+00
2.640000 -9.40011e-04 -3.12146e-03 0.00000e+00
2.650000 -9.61307e-04 -2.37930e-03 0.00000e+00
2.660000 -9.95645e-04 -1.50435e-03 0.00000e+00
2.670000 -1.01278e-03 -6.35610e-04 0.00000e+00
2.680000 -1.01695e-03 1.45239e-04 0.00000e+00
2.690000 -1.03053e-03 7.33420e-04 0.00000e+00
2.700000 -9.98794e-04 1.38991e-03 0.00000e+00
2.710000 -9.87880e-04 2.05303e-03 0.00000e+00
2.720000 -9.67529e-04 2.53664e-03 0.00000e+00
2.730000 -9.31968e-04 3.01960e-03 0.00000e+00
2.740000 -9.03161e-04 3.52790e-03 0.00000e+00
2.750000 -8.47703e-04 3.96575e-03 0.00000e+00
2.760000 -8.06317e-04 4.33943e-03 0.00000e+00
2.770000 -7.54967e-04 4.68452e-03 0.00000e+00
2.780000 -6.84053e-04 4.92890e-03 0.00000e+00
2.790000 -6.36649e-04 5.19636e-03 0.00000e+00
2.800000 -5.85648e-04 5.41054e-03 0.00000e+00
2.810000 -5.21473e-04 5.52794e-03 0.00000e+00
2.820000 -4.41711e-04 5.68812e-03 0.00000e+00
2.830000 -3.98226e-04 5.70969e-03 0.00000e+00
2.840000 -3.60387e-04 5.59739e-03 0.00000e+00
2.850000 -3.24708e-04 5.44578e-03 0.00000e+00
2.860000 -2.83314e-04 5.20159e-03 0.00000e+00
2.870000 -2.08866e-04 4.99849e-03 0.00000e+00
2.880000 -1.87315e-04 4.76046e-03 0.00000e+00
2.890000 -1.34203e-04 4.36802e-03 0.00000e+00
2.900000 -6.97915e-05 3.97189e-03 0.00000e+00
2.910000 -3.27046e-05 3.52199e-03 0.00000e+00
2.920000 -5.45685e-07 3.07457e-03 0.00000e+00
2.930000 5.18432e-05 2.65706e-03 0.00000e+00
2.940000 8.51128e-05 2.26550e-03 0.00000e+00
2.950000 1.13348e-04 1.99566e-03 0.00000e+00
2.960000 1.33654e-04 1.63955e-03 0.00000e+00
2.970000 1.28625e-04 1.19753e-03 0.00000e+00
2.980000 1.52493e-04 8.46493e-04 0.00000e+00
2.990000 1.59392e-04 6.11510e-04 0.00000e+00
3.000000 1.40581e-04 3.91338e-04 0.00000e+00
3.010000 1.37996e-04 7.78840e-05 0.00000e+00
3.020000 1.29093e-04 -2.49695e-04 0.00000e+00
3.030000 1.23919e-04 -5.52397e-04 0.00000e+00
3.040000 1.14743e-04 -6.89475e-04 0.00000e+00
3.050000 8.12666e-05 -8.02306e-04 0.00000e+00
3.060000 7.32786e-05 -9.41074e-04 0.00000e+00
3.070000 6.78032e-05 -8.31124e-04 0.00000e+00
3.080000 6.08191e-05 -6.61112e-04 0.00000e+00
3.090000 7.16069e-05 -6.14097e-04 0.00000e+00
3.100000 7.51051e-05 -4.04271e-04 0.00000e+00
3.110000 8.32251e-05 5.83065e-07 0.00000e+00
3.120000 6.88785e-05 4.30540e-04 0.00000e+00
3.130000 4.68552e-05 8.68554e-04 0.00000e+00
3.140000 7.28308e-05 1.25247e-03 0.00000e+00
3.150000 8.38915e-05 1.71168e-03 0.00000e+00
3.160000 1.01877e-04 2.31259e-03 0.00000e+00
3.170000 1.11925e-04 2.77658e-03 0.00000e+00
3.180000 1.29078e-04 3.17089e-03 0.00000e+00
3.190000 1.63033e-04 3.62146e-03 0.00000e+00
3.200000 2.01409e-04 4.02375e-03 0.00000e+00
3.210000 2.55136e-04 4.39575e-03 0.00000e+00
3.220000 2.91671e-04 4.66052e-03 0.00000e+00
3.230000 3.54530e-04 4.81329e-03 0.00000e+00
3.240000 4.21670e-04 4.97974e-03 0.00000e+00
3.250000 4.54433e-04 5.12648e-03 0.00000e+00
3.260000 5.19437e-04 5.31331e-03 0.00000e+00
3.270000 6.21283e-04 5.49527e-03 0.00000e+00
3.280000 6.74828e-04 5.62285e-03 0.00000e+00
3.290000 7.28868e-04 5.68218e-03 0.00000e+00
3.300000 7.76765e-04 5.49113e-03 0.00000e+00
3.310000 8.38611e-04 5.33610e-03 0.00000e+00
3.320000 8.97958e-04 5.22380e-03 0.00000e+00
3.330000 9.41224e-04 4.95939e-03 0.00000e+00
3.340000 9.50744e-04 4.58680e-03 0.00000e+00
3.350000 1.00883e-03 4.04661e-03 0.00000e+00
3.360000 1.03034e-03 3.46047e-03 0.00000e+00
3.370000 1.05721e-03 2.87509e-03 0.00000e+00
3.380000 1.07908e-03 2.20788e-03 0.00000e+00
3.390000 1.09776e-03 1.50489e-03 0.00000e+00
3.400000 1.11177e-03 8.07949e-04 0.00000e+00
3.410000 1.15102e-03 1.24946e-04 0.00000e+00
3.420000 1.15892e-03 -6.89983e-04 0.00000e+00
3.430000 1.18023e-03 -1.57115e-03 0.00000e+00
3.440000 1.15183e-03 -2.23995e-03 0.00000e+00
3.450000 1.14699e-03 -2.85036e-03 0.00000e+00
3.460000 1.09732e-03 -3.59518e-03 0.00000e+00
3.470000 1.05183e-03 -4.40922e-03 0.00000e+00
3.480000 1.02571e-03 -5.16186e-03 0.00000e+00
3.490000 9.41521e-04 -5.83049e-03 0.00000e+00
3.500000 8.66154e-04 -6.47725e-03 0.00000e+00
3.510000 7.81525e-04 -7.23949e-03 0.00000e+00
3.520000 6.92091e-04 -7.87466e-03 0.00000e+00
3.530000 6.24529e-04 -8.33727e-03 0.00000e+00
3.540000 5.28333e-04 -8.84254e-03 0.00000e+00
3.550000 4.34969e-04 -9.27192e-03 0.00000e+00
3.560000 3.59062e-04 -9.62066e-03 0.00000e+00
3.570000 2.50586e-04 -9.88917e-03 0.00000e+00
3.580000 1.51189e-04 -9.91500e-03 0.00000e+00
3.590000 4.46146e-05 -9.76470e-03 0.00000e+00
3.600000 -3.78566e-05 -9.52123e-03 0.00000e+00
3.610000 -1.24612e-04 -9.22383e-03 0.00000e+00
3.620000 -2.31861e-04 -8.82366e-03 0.00000e+00
3.630000 -3.46019e-04 -8.37553e-03 0.00000e+00
3.640000 -4.30785e-04 -7.95557e-03 0.00000e+00
3.650000 -5.04087e-04 -7.28841e-03 0.00000e+00
3.660000 -5.83974e-04 -6.59697e-03 0.00000e+00
3.670000 -6.50556e-04 -6.00334e-03 0.00000e+00
3.680000 -7.19093e-04 -5.35128e-03 0.00000e+00
3.690000 -7.39705e-04 -4.68636e-03 0.00000e+00
3.700000 -8.05668e-04 -3.95621e-03 0.00000e+00
3.710000 -8.43324e-04 -3.19381e-03 0.00000e+00
3.720000 -8.65936e-04 -2.41570e-03 0.00000e+00
3.730000 -8.76103e-04 -1.48672e-03 0.00000e+00
3.740000 -8.74399e-04 -6.17096e-04 0.00000e+00
3.750000 -8.53297e-04 9.28297e-05 0.00000e+00
3.760000 -8.62184e-04 7.46883e-04 0.00000e+00
3.770000 -8.47216e-04 1.41851e-03 0.00000e+00
3.780000 -8.36486e-04 2.04691e-03 0.00000e+00
3.790000 -8.04561e-04 2.54604e-03 0.00000e+00
3.800000 -7.97074e-04 2.98674e-03 0.00000e+00
3.810000 -7.43422e-04 3.41825e-03 0.00000e+00
3.820000 -7.00976e-04 3.81435e-03 0.00000e+00
3.830000 -6.80983e-04 4.05526e-03 0.00000e+00
3.840000 -6.40686e-04 4.21766e-03 0.00000e+00
3.850000 -5.87775e-04 4.30190e-03 0.00000e+00
3.860000 -5.44078e-04 4.41888e-03 0.00000e+00
3.870000 -4.85202e-04 4.44914e-03 0.00000e+00
3.880000 -4.30271e-04 4.24049e-03 0.00000e+00
3.890000 -3.69841e-04 3.97473e-03 0.00000e+00
3.900000 -3.36790e-04 3.60607e-03 0.00000e+00
3.910000 -3.30969e-04 3.19876e-03 0.00000e+00
3.920000 -3.01548e-04 2.91589e-03 0.00000e+00
3.930000 -2.66736e-04 2.58088e-03 0.00000e+00
3.940000 -2.33872e-04 2.07238e-03 0.00000e+00
3.950000 -2.18655e-04 1.58548e-03 0.00000e+00
3.960000 -1.74100e-04 1.13586e-03 0.00000e+00
3.970000 -1.54033e-04 5.95706e-04 0.00000e+00
3.980000 -1.57860e-04 6.10177e-05 0.00000e+00
3.990000 -1.75935e-04 -4.17335e-04 0.00000e+00
4.000000 -1.87839e-04 -9.86600e-04 0.00000e+00
4.010000 -1.88821e-04 -1.58359e-03 0.00000e+00
4.020000 -2.17937e-04 -2.05148e-03 0.00000e+00
4.030000 -2.35830e-04 -2.50294e-03 0.00000e+00
4.040000 -2.99113e-04 -2.88605e-03 0.00000e+00
4.050000 -3.40739e-04 -3.04682e-03 0.00000e+00
4.060000 -3.78416e-04 -3.10733e-03 0.00000e+00
4.070000 -4.09746e-04 -3.22077e-03 0.00000e+00
4.080000 -4.15598e-04 -3.44435e-03 0.00000e+00
4.090000 -4.34244e-04 -3.59856e-03 0.00000e+00
4.100000 -4.93586e-04 -3.58166e-03 0.00000e+00
4.110000 -5.31643e-04 -3.44483e-03 0.00000e+00
4.120000 -5.46846e-04 -3.30906e-03 0.00000e+00
4.130000 -5.98020e-04 -2.97617e-03 0.00000e+00
4.140000 -6.34457e-04 -2.39085e-03 0.00000e+00
4.150000 -6.63732e-04 -1.87281e-03 0.00000e+00
4.160000 -6.88655e-04 -1.42007e-03 0.00000e+00
4.170000 -7.03043e-04 -8.78717e-04 0.00000e+00
4.180000 -7.05904e-04 -1.79398e-04 0.00000e+00
4.190000 -6.92701e-04 5.56864e-04 0.00000e+00
4.200000 -6.96531e-04 1.30048e-03 0.00000e+00
4.210000 -6.50623e-04 1.96402e-03 0.00000e+00
4.220000 -6.33344e-04 2.57992e-03 0.00000e+00
4.230000 -6.32690e-04 3.31076e-03 0.00000e+00
4.240000 -6.17133e-04 4.13664e-03 0.00000e+00
4.250000 -5.64928e-04 5.16778e-03 0.00000e+00
4.260000 -5.00208e-04 6.24547e-03 0.00000e+00
4.270000 -4.31096e-04 7.09539e-03 0.00000e+00
4.280000 -3.58412e-04 7.81014e-03 0.00000e+00
4.290000 -2.76949e-04 8.63940e-03 0.00000e+00
4.300000 -1.53713e-04 9.40229e-03 0.00000e+00
4.310000 -7.96747e-05 9.92394e-03 0.00000e+00
4.320000 -4.01514e-06 1.03159e-02 0.00000e+00
4.330000 1.08315e-04 1.05900e-02 0.00000e+00
4.340000 2.28231e-04 1.07643e-02 0.00000e+00
4.350000 3.39014e-04 1.08192e-02 0.00000e+00
4.360000 4.45346e-04 1.07930e-02 0.00000e+00
4.370000 5.58981e-04 1.06136e-02 0.00000e+00
4.380000 6.75029e-04 1.03809e-02 0.00000e+00
4.390000 8.14967e-04 1.00608e-02 0.00000e+00
4.400000 9.44705e-04 9.44536e-03 0.00000e+00
4.410000 1.06588e-03 8.60769e-03 0.00000e+00
4.420000 1.16322e-03 7.69177e-03 0.00000e+00
4.430000 1.20843e-03 6.79126e-03 0.00000e+00
4.440000 1.27192e-03 5.83266e-03 0.00000e+00
4.450000 1.33364e-03 4.84078e-03 0.00000e+00
4.460000 1.39295e-03 3.84423e-03 0.00000e+00
4.470000 1.38842e-03 2.93080e-03 0.00000e+00
4.480000 1.39347e-03 1.90941e-03 0.00000e+00
4.490000 1.39466e-03 6.21713e-04 0.00000e+00
4.500000 1.39571e-03 -5.77376e-04 0.00000e+00
4.510000 1.37738e-03 -1.61314e-03 0.00000e+00
4.520000 1.35024e-03 -2.69479e-03 0.00000e+00
4.530000 1.31962e-03 -3.77343e-03 0.00000e+00
4.540000 1.27089e-03 -4.78755e-03 0.00000e+00
4.550000 1.22319e-03 -5.70596e-03 0.00000e+00
4.560000 1.14436e-03 -6.35292e-03 0.00000e+00
4.570000 1.07360e-03 -6.80339e-03 0.00000e+00
4.580000 9.98882e-04 -7.14271e-03 0.00000e+00
4.590000 9.40259e-04 -7.41037e-03 0.00000e+00
4.600000 8.77177e-04 -7.80269e-03 0.00000e+00
4.610000 8.01010e-04 -8.13650e-03 0.00000e+00
4.620000 7.32428e-04 -8.29392e-03 0.00000e+00
4.630000 6.34525e-04 -8.33317e-03 0.00000e+00
4.640000 5.35878e-04 -8.34561e-03 0.00000e+00
4.650000 4.12181e-04 -8.44565e-03 0.00000e+00
4.660000 3.29941e-04 -8.42095e-03 0.00000e+00
4.670000 2.65243e-04 -8.22029e-03 0.00000e+00
4.680000 1.74234e-04 -7.98452e-03 0.00000e+00
4.690000 8.46876e-05 -7.69580e-03 0.00000e+00
4.700000 3.49765e-05 -7.29232e-03 0.00000e+00
4.710000 -3.54921e-05 -6.77657e-03 0.00000e+00
4.720000 -6.92291e-05 -6.17181e-03 0.00000e+00
4.730000 -1.19031e-04 -5.60985e-03 0.00000e+00
4.740000 -1.88842e-04 -5.03841e-03 0.00000e+00
4.750000 -2.47190e-04 -4.38559e-03 0.00000e+00
4.760000 -3.13464e-04 -3.64662e-03 0.00000e+00
4.770000 -3.63058e-04 -2.81258e-03 0.00000e+00
4.780000 -3.74162e-04 -1.95487e-03 0.00000e+00
4.790000 -4.14398e-04 -1.07352e-03 0.00000e+00
4.800000 -4.17772e-04 -3.29159e-04 0.00000e+00
4.810000 -4.35180e-04 2.61015e-04 0.00000e+00
4.820000 -4.40198e-04 7.05012e-04 0.00000e+00
4.830000 -4.02597e-04 1.10989e-03 0.00000e+00
4.840000 -3.87694e-04 1.68154e-03 0.00000e+00
4.850000 -3.63129e-04 2.13781e-03 0.00000e+00
4.860000 -3.12260e-04 2.41273e-03 0.00000e+00
4.870000 -2.69203e-04 2.76576e-03 0.00000e+00
4.880000 -2.17907e-04 3.11281e-03 0.00000e+00
4.890000 -1.92252e-04 3.43682e-03 0.00000e+00
4.900000 -1.55677e-04 3.67096e-03 0.00000e+00
4.910000 -1.04517e-04 3.61659e-03 0.00000e+00
4.920000 -6.68503e-05 3.41368e-03 0.00000e+00
4.930000 -2.90215e-05 3.06499e-03 0.00000e+00
4.940000 -3.81123e-06 2.52757e-03 0.00000e+00
4.950000 1.22695e-05 1.96934e-03 0.00000e+00
4.960000 8.95138e-06 1.30784e-03 0.00000e+00
4.970000 -5.58481e-06 5.32321e-04 0.00000e+00
4.980000 1.11604e-05 -2.24712e-04 0.00000e+00
4.990000 1.11269e-05 -1.08916e-03 0.00000e+00
5.000000 3.45421e-05 -1.86663e-03 0.00000e+00
5.010000 2.86076e-05 -2.59079e-03 0.00000e+00
5.020000 -9.01221e-06 -3.46209e-03 0.00000e+00
5.030000 -1.66014e-05 -4.19512e-03 0.00000e+00
5.040000 -4.72318e-05 -4.82439e-03 0.00000e+00
5.050000 -1.08383e-04 -5.46137e-03 0.00000e+00
5.060000 -1.81745e-04 -6.06810e-03 0.00000e+00
5.070000 -2.88131e-04 -6.68937e-03 0.00000e+00
5.080000 -3.72679e-04 -7.12920e-03 0.00000e+00
5.090000 -4.53439e-04 -7.48412e-03 0.00000e+00
5.100000 -5.53840e-04 -7.80689e-03 0.00000e+00
5.110000 -6.42928e-04 -7.97606e-03 0.00000e+00
5.120000 -7.21897e-04 -8.04872e-03 0.00000e+00
5.130000 -8.07374e-04 -8.07341e-03 0.00000e+00
5.140000 -8.77776e-04 -8.11710e-03 0.00000e+00
5.150000 -9.43142e-04 -7.97892e-03 0.00000e+00
5.160000 -1.03385e-03 -7.64689e-03 0.00000e+00
5.170000 -1.08078e-03 -7.14635e-03 0.00000e+00
5.180000 -1.17475e-03 -6.43268e-03 0.00000e+00
5.190000 -1.23306e-03 -5.66643e-03 0.00000e+00
5.200000 -1.26744e-03 -4.80273e-03 0.00000e+00
5.210000 -1.33697e-03 -3.77079e-03 0.00000e+00
5.220000 -1.37563e-03 -2.67174e-03 0.00000e+00
5.230000 -1.40478e-03 -1.62623e-03 0.00000e+00
5.240000 -1.43071e-03 -6.90321e-04 0.00000e+00
5.250000 -1.41843e-03 2.59875e-04 0.00000e+00
5.260000 -1.44483e-03 1.29205e-03 0.00000e+00
5.270000 -1.40321e-03 2.29295e-03 0.00000e+00
5.280000 -1.37953e-03 3.26119e-03 0.00000e+00
5.290000 -1.33982e-03 4.25023e-03 0.00000e+00
5.300000 -1.30439e-03 5.23931e-03 0.00000e+00
5.310000 -1.23972e-03 6.25667e-03 0.00000e+00
5.320000 -1.14881e-03 7.32074e-03 0.00000e+00
5.330000 -1.06461e-03 8.26018e-03 0.00000e+00
5.340000 -9.58182e-04 9.15326e-03 0.00000e+00
5.350000 -8.48579e-04 9.94872e-03 0.00000e+00
5.360000 -7.50578e-04 1.05358e-02 0.00000e+00
5.370000 -6.44526e-04 1.11743e-02 0.00000e+00
5.380000 -5.21320e-04 1.17147e-02 0.00000e+00
5.390000 -4.14148e-04 1.20620e-02 0.00000e+00
5.400000 -3.18270e-04 1.23802e-02 0.00000e+00
5.410000 -1.91296e-04 1.25637e-02 0.00000e+00
5.420000 -6.30758e-05 1.26701e-02 0.00000e+00
5.430000 6.22212e-05 1.25800e-02 0.00000e+00
5.440000 1.88568e-04 1.23338e-02 0.00000e+00
5.450000 3.17856e-04 1.20520e-02 0.00000e+00
5.460000 4.46751e-04 1.15940e-02 0.00000e+00
5.470000 5.78967e-04 1.09499e-02 0.00000e+00
5.480000 6.98218e-04 1.01760e-02 0.00000e+00
5.490000 8.02273e-04 9.42713e-03 0.00000e+00
5.500000 8.85106e-04 8.60224e-03 0.00000e+00
5.510000 9.79876e-04 7.64872e-03 0.00000e+00
5.520000 1.04664e-03 6.66562e-03 0.00000e+00
5.530000 1.11923e-03 5.61326e-03 0.00000e+00
5.540000 1.19902e-03 4.46557e-03 0.00000e+00
5.550000 1.23372e-03 3.38785e-03 0.00000e+00
5.560000 1.26531e-03 2.27080e-03 0.00000e+00
5.570000 1.28944e-03 9.85019e-04 0.00000e+00
5.580000 1.27324e-03 -3.03948e-04 0.00000e+00
5.590000 1.26605e-03 -1.47159e-03 0.00000e+00
5.600000 1.21875e-03 -2.52601e-03 0.00000e+00
5.610000 1.19335e-03 -3.51328e-03 0.00000e+00
5.620000 1.14073e-03 -4.42544e-03 0.00000e+00
5.630000 1.08219e-03 -5.23765e-03 0.00000e+00
5.640000 1.01211e-03 -5.90805e-03 0.00000e+00
5.650000 9.56855e-04 -6.45204e-03 0.00000e+00
5.660000 8.86031e-04 -6.88654e-03 0.00000e+00
5.670000 7.99466e-04 -7.24268e-03 0.00000e+00
5.680000 7.17885e-04 -7.49407e-03 0.00000e+00
5.690000 6.53034e-04 -7.59789e-03 0.00000e+00
5.700000 5.71606e-04 -7.49189e-03 0.00000e+00
5.710000 4.98616e-04 -7.14220e-03 0.00000e+00
5.720000 4.30972e-04 -6.66867e-03 0.00000e+00
5.730000 3.30776e-04 -6.11151e-03 0.00000e+00
5.740000 2.69696e-04 -5.44469e-03 0.00000e+00
5.750000 2.17972e-04 -4.79459e-03 0.00000e+00
5.760000 1.91779e-04 -4.11900e-03 0.00000e+00
5.770000 1.48278e-04 -3.35164e-03 0.00000e+00
5.780000 1.08982e-04 -2.51537e-03 0.00000e+00
5.790000 7.84454e-05 -1.53535e-03 0.00000e+00
5.800000 6.53998e-05 -5.52709e-04 0.00000e+00
5.810000 6.14716e-05 3.29182e-04 0.00000e+00
5.820000 6.78303e-05 1.21742e-03 0.00000e+00
5.830000 8.71838e-05 2.07135e-03 0.00000e+00
5.840000 1.10084e-04 2.78786e-03 0.00000e+00
5.850000 1.51370e-04 3.37295e-03 0.00000e+00
5.860000 2.15605e-04 3.93582e-03 0.00000e+00
5.870000 2.78090e-04 4.53238e-03 0.00000e+00
5.880000 3.24143e-04 5.06442e-03 0.00000e+00
5.890000 3.84250e-04 5.48588e-03 0.00000e+00
5.900000 4.29214e-04 5.66936e-03 0.00000e+00
5.910000 4.83463e-04 5.73617e-03 0.00000e+00
5.920000 5.40076e-04 5.79934e-03 0.00000e+00
5.930000 6.23931e-04 5.79260e-03 0.00000e+00
5.940000 7.00765e-04 5.63999e-03 0.00000e+00
5.950000 7.62203e-04 5.25902e-03 0.00000e+00
5.960000 8.24741e-04 4.72818e-03 0.00000e+00
5.970000 8.34144e-04 4.04331e-03 0.00000e+00
5.980000 8.61919e-04 3.24577e-03 0.00000e+00
5.990000 8.87903e-04 2.41839e-03 0.00000e+00
6.000000 8.98332e-04 1.54993e-03 0.00000e+00
6.010000 9.15822e-04 5.52707e-04 0.00000e+00
6.020000 9.26730e-04 -5.10603e-04 0.00000e+00
6.030000 9.55076e-04 -1.48737e-03 0.00000e+00
6.040000 9.57270e-04 -2.44984e-03 0.00000e+00
6.050000 9.18971e-04 -3.55623e-03 0.00000e+00
6.060000 8.72353e-04 -4.70153e-03 0.00000e+00
6.070000 8.19089e-04 -5.85513e-03 0.00000e+00
6.080000 7.70516e-04 -7.05036e-03 0.00000e+00
6.090000 6.83883e-04 -8.18941e-03 0.00000e+00
6.100000 5.87372e-04 -9.14003e-03 0.00000e+00
6.110000 4.71984e-04 -9.95725e-03 0.00000e+00
6.120000 3.56767e-04 -1.07638e-02 0.00000e+00
6.130000 2.38368e-04 -1.14149e-02 0.00000e+00
6.140000 1.10010e-04 -1.20551e-02 0.00000e+00
6.150000 1.69231e-06 -1.27321e-02 0.00000e+00
6.160000 -1.22722e-04 -1.32635e-02 0.00000e+00
6.170000 -2.67168e-04 -1.37006e-02 0.00000e+00
6.180000 -4.16892e-04 -1.39569e-02 0.00000e+00
6.190000 -5.42921e-04 -1.39468e-02 0.00000e+00
6.200000 -6.83260e-04 -1.36709e-02 0.00000e+00
6.210000 -8.39790e-04 -1.31198e-02 0.00000e+00
6.220000 -9.87238e-04 -1.24931e-02 0.00000e+00
6.230000 -1.10512e-03 -1.18617e-02 0.00000e+00
6.240000 -1.23567e-03 -1.11179e-02 0.00000e+00
6.250000 -1.33993e-03 -1.01648e-02 0.00000e+00
6.260000 -1.43463e-03 -9.11208e-03 0.00000e+00
6.270000 -1.51692e-03 -8.05166e-03 0.00000e+00
6.280000 -1.62051e-03 -6.90239e-03 0.00000e+00
6.290000 -1.68144e-03 -5.70150e-03 0.00000e+00
6.300000 -1.73428e-03 -4.43124e-03 0.00000e+00
6.310000 -1.79757e-03 -3.07877e-03 0.00000e+00
6.320000 -1.82610e-03 -1.59823e-03 0.00000e+00
6.330000 -1.82227e-03 -1.29976e-06 0.00000e+00
6.340000 -1.80201e-03 1.54993e-03 0.00000e+00
6.350000 -1.74453e-03 2.97868e-03 0.00000e+00
6.360000 -1.69427e-03 4.42990e-03 0.00000e+00
6.370000 -1.63550e-03 5.89231e-03 0.00000e+00
6.380000 -1.57069e-03 7.19860e-03 0.00000e+00
6.390000 -1.52168e-03 8.38400e-03 0.00000e+00
6.400000 -1.44375e-03 9.51247e-03 0.00000e+00
6.410000 -1.34046e-03 1.05353e-02 0.00000e+00
6.420000 -1.22457e-03 1.14145e-02 0.00000e+00
6.430000 -1.11663e-03 1.21749e-02 0.00000e+00
6.440000 -9.84028e-04 1.28547e-02 0.00000e+00
6.450000 -8.41841e-04 1.33440e-02 0.00000e+00
6.460000 -7.06435e-04 1.36819e-02 0.00000e+00
6.470000 -5.45845e-04 1.39129e-02 0.00000e+00
6.480000 -3.90790e-04 1.38326e-02 0.00000e+00
6.490000 -2.35860e-04 1.34992e-02 0.00000e+00
6.500000 -9.70653e-05 1.31004e-02 0.00000e+00
6.510000 2.76440e-05 1.25993e-02 0.00000e+00
6.520000 1.52217e-04 1.20636e-02 0.00000e+00
6.530000 2.92036e-04 1.14530e-02 0.00000e+00
6.540000 3.97763e-04 1.05595e-02 0.00000e+00
6.550000 5.02788e-04 9.53060e-03 0.00000e+00
6.560000 5.93436e-04 8.38698e-03 0.00000e+00
6.570000 6.71073e-04 7.11675e-03 0.00000e+00
6.580000 7.40370e-04 5.81880e-03 0.00000e+00
6.590000 7.91913e-04 4.46736e-03 0.00000e+00
6.600000 8.41220e-04 3.00313e-03 0.00000e+00
6.610000 8.80451e-04 1.51254e-03 0.00000e+00
6.620000 8.80770e-04 1.02393e-04 0.00000e+00
6.630000 8.76117e-04 -1.27060e-03 0.00000e+00
6.640000 8.30869e-04 -2.54496e-03 0.00000e+00
6.650000 7.85531e-04 -3.75167e-03 0.00000e+00
6.660000 7.42026e-04 -4.89453e-03 0.00000e+00
6.670000 7.01924e-04 -5.87961e-03 0.00000e+00
6.680000 6.28904e-04 -6.76268e-03 0.00000e+00
6.690000 5.69039e-04 -7.59822e-03 0.00000e+00
6.700000 4.58662e-04 -8.17508e-03 0.00000e+00
6.710000 3.61920e-04 -8.52769e-03 0.00000e+00
6.720000 2.92289e-04 -8.81981e-03 0.00000e+00
6.730000 1.93487e-04 -8.93730e-03 0.00000e+00
6.740000 8.79969e-05 -8.91077e-03 0.00000e+00
6.750000 -1.89123e-05 -8.68867e-03 0.00000e+00
6.760000 -1.22967e-04 -8.24473e-03 0.00000e+00
6.770000 -2.10368e-04 -7.59277e-03 0.00000e+00
6.780000 -2.80450e-04 -6.71972e-03 0.00000e+00
6.790000 -3.44444e-04 -5.77545e-03 0.00000e+00
6.800000 -4.04991e-04 -4.81445e-03 0.00000e+00
6.810000 -4.55891e-04 -3.74230e-03 0.00000e+00
6.820000 -5.03104e-04 -2.57960e-03 0.00000e+00
6.830000 -5.04315e-04 -1.26732e-03 0.00000e+00
6.840000 -5.03607e-04 2.46716e-04 0.00000e+00
6.850000 -5.01807e-04 1.76672e-03 0.00000e+00
6.860000 -4.85463e-04 3.29696e-03 0.00000e+00
6.870000 -4.17511e-04 4.81855e-03 0.00000e+00
6.880000 -3.89553e-04 6.25377e-03 0.00000e+00
6.890000 -3.24584e-04 7.74791e-03 0.00000e+00
6.900000 -2.36816e-04 9.25986e-03 0.00000e+00
6.910000 -1.37988e-04 1.05492e-02 0.00000e+00
6.920000 -9.84221e-06 1.16135e-02 0.00000e+00
6.930000 1.12792e-04 1.25160e-02 0.00000e+00
6.940000 2.43090e-04 1.33194e-02 0.00000e+00
6.950000 3.73034e-04 1.40555e-02 0.00000e+00
6.960000 5.06579e-04 1.45999e-02 0.00000e+00
6.970000 6.65492e-04 1.48870e-02 0.00000e+00
6.980000 8.52784e-04 1.48693e-02 0.00000e+00
6.990000 1.00888e-03 1.46318e-02 0.00000e+00
7.000000 1.18748e-03 1.43189e-02 0.00000e+00
7.010000 1.33511e-03 1.38394e-02 0.00000e+00
7.020000 1.47166e-03 1.30209e-02 0.00000e+00
7.030000 1.61744e-03 1.19411e-02 0.00000e+00
7.040000 1.74493e-03 1.08279e-02 0.00000e+00
7.050000 1.85117e-03 9.44416e-03 0.00000e+00
7.060000 1.94857e-03 7.72279e-03 0.00000e+00
7.070000 2.01969e-03 5.95637e-03 0.00000e+00
7.080000 2.04269e-03 4.08006e-03 0.00000e+00
7.090000 2.09381e-03 2.13640e-03 0.00000e+00
7.100000 2.11125e-03 9.92317e-05 0.00000e+00
7.110000 2.12562e-03 -2.05772e-03 0.00000e+00
7.120000 2.08022e-03 -4.30886e-03 0.00000e+00
7.130000 2.01636e-03 -6.57490e-03 0.00000e+00
7.140000 1.93031e-03 -8.71138e-03 0.00000e+00
7.150000 1.83729e-03 -1.06257e-02 0.00000e+00
7.160000 1.74694e-03 -1.24468e-02 0.00000e+00
7.170000 1.60838e-03 -1.41642e-02 0.00000e+00
7.180000 1.43478e-03 -1.57615e-02 0.00000e+00
7.190000 1.25365e-03 -1.72758e-02 0.00000e+00
7.200000 1.07929e-03 -1.84997e-02 0.00000e+00
7.210000 8.79727e-04 -1.94367e-02 0.00000e+00
7.220000 6.37740e-04 -2.02322e-02 0.00000e+00
7.230000 4.35370e-04 -2.08185e-02 0.00000e+00
7.240000 2.20499e-04 -2.10473e-02 0.00000e+00
7.250000 -1.13741e-05 -2.11314e-02 0.00000e+00
7.260000 -2.33904e-04 -2.09460e-02 0.00000e+00
7.270000 -4.66887e-04 -2.04493e-02 0.00000e+00
7.280000 -6.72541e-04 -1.96821e-02 0.00000e+00
7.290000 -8.76759e-04 -1.87660e-02 0.00000e+00
7.300000 -1.03779e-03 -1.77405e-02 0.00000e+00
7.310000 -1.21652e-03 -1.64914e-02 0.00000e+00
7.320000 -1.37482e-03 -1.50741e-02 0.00000e+00
7.330000 -1.54536e-03 -1.32986e-02 0.00000e+00
7.340000 -1.66790e-03 -1.13996e-02 0.00000e+00
7.350000 -1.79316e-03 -9.55425e-03 0.00000e+00
7.360000 -1.85581e-03 -7.63365e-03 0.00000e+00
7.370000 -1.91915e-03 -5.54879e-03 0.00000e+00
7.380000 -1.96384e-03 -3.42610e-03 0.00000e+00
7.390000 -2.00426e-03 -1.51179e-03 0.00000e+00
7.400000 -1.97675e-03 4.53631e-04 0.00000e+00
7.410000 -1.95340e-03 2.48954e-03 0.00000e+00
7.420000 -1.93483e-03 4.37612e-03 0.00000e+00
7.430000 -1.87003e-03 6.15247e-03 0.00000e+00
7.440000 -1.81570e-03 7.79586e-03 0.00000e+00
7.450000 -1.71407e-03 9.36514e-03 0.00000e+00
7.460000 -1.63370e-03 1.08048e-02 0.00000e+00
7.470000 -1.48160e-03 1.21868e-02 0.00000e+00
7.480000 -1.35899e-03 1.33673e-02 0.00000e+00
7.490000 -1.19544e-03 1.42364e-02 0.00000e+00
7.500000 -1.03411e-03 1.48766e-02 0.00000e+00
7.510000 -9.07675e-04 1.52954e-02 0.00000e+00
7.520000 -7.34392e-04 1.55253e-02 0.00000e+00
7.530000 -5.71682e-04 1.56169e-02 0.00000e+00
7.540000 -4.05423e-04 1.55228e-02 0.00000e+00
7.550000 -2.71467e-04 1.50455e-02 0.00000e+00
7.560000 -1.11484e-04 1.43034e-02 0.00000e+00
7.570000 6.27101e-05 1.35273e-02 0.00000e+00
7.580000 1.85456e-04 1.26050e-02 0.00000e+00
7.590000 3.24484e-04 1.13332e-02 0.00000e+00
7.600000 4.39758e-04 9.88848e-03 0.00000e+00
7.610000 5.53772e-04 8.27941e-03 0.00000e+00
7.620000 6.41236e-04 6.55087e-03 0.00000e+00
7.630000 6.97607e-04 4.67106e-03 0.00000e+00
7.640000 7.48653e-04 2.75195e-03 0.00000e+00
7.650000 7.38569e-04 8.67801e-04 0.00000e+00
7.660000 7.60388e-04 -1.00315e-03 0.00000e+00
7.670000 7.42145e-04 -2.81062e-03 0.00000e+00
7.680000 7.10358e-04 -4.74721e-03 0.00000e+00
7.690000 6.50761e-04 -6.57624e-03 0.00000e+00
7.700000 5.67147e-04 -8.22431e-03 0.00000e+00
7.710000 4.43709e-04 -9.85114e-03 0.00000e+00
7.720000 3.23533e-04 -1.13670e-02 0.00000e+00
7.730000 2.22298e-04 -1.26528e-02 0.00000e+00
7.740000 8.24395e-05 -1.35874e-02 0.00000e+00
7.750000 -9.33801e-05 -1.43504e-02 0.00000e+00
7.760000 -2.53523e-04 -1.49169e-02 0.00000e+00
7.770000 -4.15022e-04 -1.52026e-02 0.00000e+00
7.780000 -5.80376e-04 -1.52199e-02 0.00000e+00
7.790000 -7.39486e-04 -1.49354e-02 0.00000e+00
7.800000 -9.04202e-04 -1.45149e-02 0.00000e+00
7.810000 -1.03839e-03 -1.38508e-02 0.00000e+00
7.820000 -1.18005e-03 -1.29965e-02 0.00000e+00
7.830000 -1.30821e-03 -1.18836e-02 0.00000e+00
7.840000 -1.44682e-03 -1.04236e-02 0.00000e+00
7.850000 -1.54745e-03 -8.75708e-03 0.00000e+00
7.860000 -1.62292e-03 -6.93157e-03 0.00000e+00
7.870000 -1.70541e-03 -5.03610e-03 0.00000e+00
7.880000 -1.75131e-03 -3.07919e-03 0.00000e+00
7.890000 -1.74506e-03 -9.99874e-04 0.00000e+00
7.900000 -1.74555e-03 1.29363e-03 0.00000e+00
7.910000 -1.71706e-03 3.68952e-03 0.00000e+00
7.920000 -1.68843e-03 6.00487e-03 0.00000e+00
7.930000 -1.60885e-03 8.29694e-03 0.00000e+00
7.940000 -1.53168e-03 1.05555e-02 0.00000e+00
7.950000 -1.40566e-03 1.27331e-02 0.00000e+00
7.960000 -1.28491e-03 1.48463e-02 0.00000e+00
7.970000 -1.13122e-03 1.68093e-02 0.00000e+00
7.980000 -9.34460e-04 1.86486e-02 0.00000e+00
7.990000 -7.32380e-04 2.03507e-02 0.00000e+00
8.000000 -4.99953e-04 2.18427e-02 0.00000e+00
8.010000 -2.67267e-04 2.30711e-02 0.00000e+00
8.020000 -3.20561e-05 2.40844e-02 0.00000e+00
8.030000 2.08274e-04 2.49040e-02 0.00000e+00
8.040000 4.67813e-04 2.53327e-02 0.00000e+00
8.050000 7.49758e-04 2.53940e-02 0.00000e+00
8.060000 1.02315e-03 2.53122e-02 0.00000e+00
8.070000 1.29137e-03 2.49007e-02 0.00000e+00
8.080000 1.54822e-03 2.41166e-02 0.00000e+00
8.090000 1.79219e-03 2.29959e-02 0.00000e+00
8.100000 2.02178e-03 2.15151e-02 0.00000e+00
8.110000 2.23119e-03 1.97686e-02 0.00000e+00
8.120000 2.44494e-03 1.78467e-02 0.00000e+00
8.130000 2.62353e-03 1.56964e-02 0.00000e+00
8.140000 2.78210e-03 1.31951e-02 0.00000e+00
8.150000 2.91937e-03 1.05981e-02 0.00000e+00
8.160000 3.02956e-03 7.83788e-03 0.00000e+00
8.170000 3.10498e-03 4.94509e-03 0.00000e+00
8.180000 3.14844e-03 2.05152e-03 0.00000e+00
8.190000 3.15462e-03 -1.02331e-03 0.00000e+00
8.200000 3.10724e-03 -4.22119e-03 0.00000e+00
8.210000 3.03379e-03 -7.35788e-03 0.00000e+00
8.220000 2.94667e-03 -1.02771e-02 0.00000e+00
8.230000 2.82896e-03 -1.30214e-02 0.00000e+00
8.240000 2.65193e-03 -1.56856e-02 0.00000e+00
8.250000 2.49175e-03 -1.81460e-02 0.00000e+00
8.260000 2.27193e-03 -2.04306e-02 0.00000e+00
8.270000 2.05971e-03 -2.25756e-02 0.00000e+00
8.280000 1.83147e-03 -2.45423e-02 0.00000e+00
8.290000 1.58092e-03 -2.61522e-02 0.00000e+00
8.300000 1.27834e-03 -2.73480e-02 0.00000e+00
8.310000 9.83218e-04 -2.82534e-02 0.00000e+00
8.320000 6.96860e-04 -2.88360e-02 0.00000e+00
8.330000 3.75159e-04 -2.90006e-02 0.00000e+00
8.340000 9.65478e-05 -2.87069e-02 0.00000e+00
8.350000 -2.13431e-04 -2.81007e-02 0.00000e+00
8.360000 -5.23063e-04 -2.71855e-02 0.00000e+00
8.370000 -7.83326e-04 -2.59691e-02 0.00000e+00
8.380000 -1.03111e-03 -2.45219e-02 0.00000e+00
8.390000 -1.26507e-03 -2.27463e-02 0.00000e+00
8.400000 -1.51250e-03 -2.06512e-02 0.00000e+00
8.410000 -1.72681e-03 -1.83621e-02 0.00000e+00
8.420000 -1.90978e-03 -1.58106e-02 0.00000e+00
8.430000 -2.09557e-03 -1.30600e-02 0.00000e+00
8.440000 -2.22420e-03 -1.01709e-02 0.00000e+00
8.450000 -2.31474e-03 -7.01486e-03 0.00000e+00
8.460000 -2.34309e-03 -3.74674e-03 0.00000e+00
8.470000 -2.37237e-03 -6.61167e-04 0.00000e+00
8.480000 -2.36621e-03 2.34244e-03 0.00000e+00
8.490000 -2.31751e-03 5.43703e-03 0.00000e+00
8.500000 -2.21956e-03 8.35648e-03 0.00000e+00
8.510000 -2.12021e-03 1.11522e-02 0.00000e+00
8.520000 -2.00967e-03 1.37550e-02 0.00000e+00
8.530000 -1.84226e-03 1.59669e-02 0.00000e+00
8.540000 -1.66774e-03 1.80417e-02 0.00000e+00
8.550000 -1.46815e-03 2.00231e-02 0.00000e+00
8.560000 -1.23591e-03 2.17495e-02 0.00000e+00
8.570000 -9.95784e-04 2.29856e-02 0.00000e+00
8.580000 -7.36034e-04 2.37498e-02 0.00000e+00
8.590000 -4.80286e-04 2.41144e-02 0.00000e+00
8.600000 -2.18665e-04 2.40207e-02 0.00000e+00
8.610000 4.30180e-05 2.35607e-02 0.00000e+00
8.620000 3.01680e-04 2.27719e-02 0.00000e+00
8.630000 5.12912e-04 2.18363e-02 0.00000e+00
8.640000 7.28076e-04 2.06313e-02 0.00000e+00
8.650000 9.62579e-04 1.89256e-02 0.00000e+00
8.660000 1.15047e-03 1.68654e-02 0.00000e+00
8.670000 1.30219e-03 1.46330e-02 0.00000e+00
8.680000 1.45440e-03 1.21699e-02 0.00000e+00
8.690000 1.55049e-03 9.36422e-03 0.00000e+00
8.700000 1.65774e-03 6.42579e-03 0.00000e+00
8.710000 1.73285e-03 3.33627e-03 0.00000e+00
8.720000 1.75711e-03 4.34116e-05 0.00000e+00
8.730000 1.71821e-03 -3.26894e-03 0.00000e+00
8.740000 1.64164e-03 -6.49047e-03 0.00000e+00
8.750000 1.56270e-03 -9.60039e-03 0.00000e+00
8.760000 1.44256e-03 -1.26684e-02 0.00000e+00
8.770000 1.32779e-03 -1.55447e-02 0.00000e+00
8.780000 1.16198e-03 -1.82098e-02 0.00000e+00
8.790000 9.79022e-04 -2.06890e-02 0.00000e+00
8.800000 7.75255e-04 -2.29980e-02 0.00000e+00
8.810000 4.85035e-04 -2.50647e-02 0.00000e+00
8.820000 1.93004e-04 -2.66023e-02 0.00000e+00
8.830000 -9.53826e-05 -2.78247e-02 0.00000e+00
8.840000 -3.83900e-04 -2.88429e-02 0.00000e+00
8.850000 -7.09811e-04 -2.94565e-02 0.00000e+00
8.860000 -1.02670e-03 -2.97040e-02 0.00000e+00
8.870000 -1.34793e-03 -2.95134e-02 0.00000e+00
8.880000 -1.67776e-03 -2.88131e-02 0.00000e+00
8.890000 -1.97159e-03 -2.77498e-02 0.00000e+00
8.900000 -2.23958e-03 -2.63691e-02 0.00000e+00
8.910000 -2.48791e-03 -2.46777e-02 0.00000e+00
8.920000 -2.74061e-03 -2.25807e-02 0.00000e+00
8.930000 -2.96527e-03 -2.01235e-02 0.00000e+00
8.940000 -3.13704e-03 -1.72655e-02 0.00000e+00
8.950000 -3.33067e-03 -1.40270e-02 0.00000e+00
8.960000 -3.44891e-03 -1.05329e-02 0.00000e+00
8.970000 -3.55158e-03 -6.72303e-03 0.00000e+00
8.980000 -3.59049e-03 -2.91688e-03 0.00000e+00
8.990000 -3.62230e-03 7.91875e-04 0.00000e+00
9.000000 -3.63770e-03 4.59689e-03 0.00000e+00
9.010000 -3.57305e-03 8.50020e-03 0.00000e+00
9.020000 -3.47588e-03 1.23492e-02 0.00000e+00
9.030000 -3.33097e-03 1.60347e-02 0.00000e+00
9.040000 -3.14325e-03 1.95810e-02 0.00000e+00
9.050000 -2.92258e-03 2.28999e-02 0.00000e+00
9.060000 -2.65942e-03 2.60218e-02 0.00000e+00
9.070000 -2.35432e-03 2.90155e-02 0.00000e+00
9.080000 -2.03193e-03 3.17813e-02 0.00000e+00
9.090000 -1.67669e-03 3.41747e-02 0.00000e+00
9.100000 -1.30630e-03 3.61636e-02 0.00000e+00
9.110000 -8.97254e-04 3.79079e-02 0.00000e+00
9.120000 -4.99871e-04 3.92009e-02 0.00000e+00
9.130000 -8.85403e-05 3.99774e-02 0.00000e+00
9.140000 3.13468e-04 4.03682e-02 0.00000e+00
9.150000 6.94109e-04 4.03110e-02 0.00000e+00
9.160000 1.10070e-03 3.97400e-02 0.00000e+00
9.170000 1.50345e-03 3.85108e-02 0.00000e+00
9.180000 1.89933e-03 3.67774e-02 0.00000e+00
9.190000 2.26343e-03 3.46174e-02 0.00000e+00
9.200000 2.61140e-03 3.20912e-02 0.00000e+00
9.210000 2.94532e-03 2.92144e-02 0.00000e+00
9.220000 3.24941e-03 2.59903e-02 0.00000e+00
9.230000 3.52650e-03 2.25355e-02 0.00000e+00
9.240000 3.76456e-03 1.88686e-02 0.00000e+00
9.250000 3.95002e-03 1.49475e-02 0.00000e+00
9.260000 4.09988e-03 1.07380e-02 0.00000e+00
9.270000 4.20468e-03 6.41743e-03 0.00000e+00
9.280000 4.26633e-03 2.13991e-03 0.00000e+00
9.290000 4.23935e-03 -2.15994e-03 0.00000e+00
9.300000 4.18927e-03 -6.45700e-03 0.00000e+00
9.310000 4.08344e-03 -1.07080e-02 0.00000e+00
9.320000 3.92245e-03 -1.49748e-02 0.00000e+00
9.330000 3.71815e-03 -1.90967e-02 0.00000e+00
9.340000 3.48074e-03 -2.29130e-02 0.00000e+00
9.350000 3.22016e-03 -2.64124e-02 0.00000e+00
9.360000 2.93806e-03 -2.96082e-02 0.00000e+00
9.370000 2.64083e-03 -3.24701e-02 0.00000e+00
9.380000 2.28568e-03 -3.48926e-02 0.00000e+00
9.390000 1.93997e-03 -3.68368e-02 0.00000e+00
9.400000 1.54837e-03 -3.82994e-02 0.00000e+00
9.410000 1.13759e-03 -3.91801e-02 0.00000e+00
9.420000 7.10715e-04 -3.95377e-02 0.00000e+00
9.430000 2.96711e-04 -3.93145e-02 0.00000e+00
9.440000 -8.07124e-05 -3.85389e-02 0.00000e+00
9.450000 -4.82862e-04 -3.72406e-02 0.00000e+00
9.460000 -8.75601e-04 -3.54946e-02 0.00000e+00
9.470000 -1.25090e-03 -3.34407e-02 0.00000e+00
9.480000 -1.61555e-03 -3.09345e-02 0.00000e+00
9.490000 -1.94362e-03 -2.80656e-02 0.00000e+00
9.500000 -2.22896e-03 -2.49211e-02 0.00000e+00
9.510000 -2.47492e-03 -2.14719e-02 0.00000e+00
9.520000 -2.68776e-03 -1.76805e-02 0.00000e+00
9.530000 -2.85576e-03 -1.35287e-02 0.00000e+00
9.540000 -2.97593e-03 -9.08454e-03 0.00000e+00
9.550000 -3.04221e-03 -4.60973e-03 0.00000e+00
9.560000 -3.05915e-03 -1.36083e-04 0.00000e+00
9.570000 -3.02275e-03 4.34483e-03 0.00000e+00
9.580000 -2.92477e-03 8.63030e-03 0.00000e+00
9.590000 -2.81210e-03 1.27314e-02 0.00000e+00
9.600000 -2.63115e-03 1.66996e-02 0.00000e+00
9.610000 -2.46234e-03 2.06050e-02 0.00000e+00
9.620000 -2.21091e-03 2.42314e-02 0.00000e+00
9.630000 -1.97208e-03 2.73775e-02 0.00000e+00
9.640000 -1.68036e-03 3.01022e-02 0.00000e+00
9.650000 -1.33881e-03 3.23116e-02 0.00000e+00
9.660000 -9.95035e-04 3.40521e-02 0.00000e+00
9.670000 -6.20427e-04 3.53755e-02 0.00000e+00
9.680000 -2.24590e-04 3.61786e-02 0.00000e+00
9.690000 1.78799e-04 3.63822e-02 0.00000e+00
9.700000 5.70831e-04 3.60856e-02 0.00000e+00
9.710000 9.31476e-04 3.53359e-02 0.00000e+00
9.720000 1.27479e-03 3.40772e-02 0.00000e+00
9.730000 1.62680e-03 3.22875e-02 0.00000e+00
9.740000 1.95877e-03 3.00538e-02 0.00000e+00
9.750000 2.26487e-03 2.75809e-02 0.00000e+00
9.760000 2.56883e-03 2.46938e-02 0.00000e+00
9.770000 2.82304e-03 2.13818e-02 0.00000e+00
9.780000 3.03466e-03 1.76882e-02 0.00000e+00
9.790000 3.17247e-03 1.37124e-02 0.00000e+00
9.800000 3.29041e-03 9.47254e-03 0.00000e+00
9.810000 3.36029e-03 4.92279e-03 0.00000e+00
9.820000 3.38852e-03 3.88116e-04 0.00000e+00
9.830000 3.38364e-03 -4.22282e-03 0.00000e+00
9.840000 3.30772e-03 -8.87527e-03 0.00000e+00
9.850000 3.18306e-03 -1.33300e-02 0.00000e+00
9.860000 3.02538e-03 -1.76189e-02 0.00000e+00
9.870000 2.84445e-03 -2.17959e-02 0.00000e+00
9.880000 2.58718e-03 -2.58639e-02 0.00000e+00
9.890000 2.29479e-03 -2.97609e-02 0.00000e+00
9.900000 1.96702e-03 -3.33402e-02 0.00000e+00
9.910000 1.63654e-03 -3.65171e-02 0.00000e+00
9.920000 1.25553e-03 -3.92696e-02 0.00000e+00
9.930000 8.07770e-04 -4.15045e-02 0.00000e+00
9.940000 3.69936e-04 -4.31743e-02 0.00000e+00
9.950000 -9.27278e-05 -4.43632e-02 0.00000e+00
9.960000 -5.59411e-04 -4.51418e-02 0.00000e+00
9.970000 -1.05214e-03 -4.54385e-02 0.00000e+00
9.980000 -1.51985e-03 -4.52044e-02 0.00000e+00
9.990000 -1.97806e-03 -4.44019e-02 0.00000e+00
10.000000 -2.45111e-03 -4.29976e-02 0.00000e+00
10.010000 -2.87091e-03 -4.11252e-02 0.00000e+00
10.020000 -3.28974e-03 -3.88510e-02 0.00000e+00
10.030000 -3.70068e-03 -3.60525e-02 0.00000e+00
10.040000 -4.07395e-03 -3.26377e-02 0.00000e+00
10.050000 -4.39898e-03 -2.88790e-02 0.00000e+00
10.060000 -4.68107e-03 -2.48861e-02 0.00000e+00
10.070000 -4.91461e-03 -2.04957e-02 0.00000e+00
10.080000 -5.09366e-03 -1.56183e-02 0.00000e+00
10.090000 -5.22125e-03 -1.04369e-02 0.00000e+00
10.100000 -5.30208e-03 -5.27426e-03 0.00000e+00
10.110000 -5.32453e-03 -1.40795e-05 0.00000e+00
10.120000 -5.31860e-03 5.36795e-03 0.00000e+00
10.130000 -5.24026e-03 1.06927e-02 0.00000e+00
10.140000 -5.11748e-03 1.58535e-02 0.00000e+00
10.150000 -4.92770e-03 2.08466e-02 0.00000e+00
10.160000 -4.68073e-03 2.57418e-02 0.00000e+00
10.170000 -4.40218e-03 3.03777e-02 0.00000e+00
10.180000 -4.07288e-03 3.47073e-02 0.00000e+00
10.190000 -3.68764e-03 3.87283e-02 0.00000e+00
10.200000 -3.25085e-03 4.22304e-02 0.00000e+00
10.210000 -2.79706e-03 4.52244e-02 0.00000e+00
10.220000 -2.33404e-03 4.77453e-02 0.00000e+00
10.230000 -1.79840e-03 4.97594e-02 0.00000e+00
10.240000 -1.24322e-03 5.12657e-02 0.00000e+00
10.250000 -6.86542e-04 5.22055e-02 0.00000e+00
10.260000 -1.64612e-04 5.26318e-02 0.00000e+00
10.270000 3.80812e-04 5.24720e-02 0.00000e+00
10.280000 9.25365e-04 5.17162e-02 0.00000e+00
10.290000 1.44342e-03 5.03640e-02 0.00000e+00
10.300000 1.93848e-03 4.83909e-02 0.00000e+00
10.310000 2.42755e-03 4.58215e-02 0.00000e+00
10.320000 2.89417e-03 4.27216e-02 0.00000e+00
10.330000 3.33985e-03 3.92429e-02 0.00000e+00
10.340000 3.72244e-03 3.53303e-02 0.00000e+00
10.350000 4.06862e-03 3.09595e-02 0.00000e+00
10.360000 4.36908e-03 2.62909e-02 0.00000e+00
10.370000 4.61173e-03 2.15103e-02 0.00000e+00
10.380000 4.81925e-03 1.65367e-02 0.00000e+00
10.390000 4.95991e-03 1.12597e-02 0.00000e+00
10.400000 5.06010e-03 5.97701e-03 0.00000e+00
10.410000 5.09378e-03 8.61229e-04 0.00000e+00
10.420000 5.06866e-03 -4.22748e-03 0.00000e+00
10.430000 5.00289e-03 -9.36634e-03 0.00000e+00
10.440000 4.84878e-03 -1.44122e-02 0.00000e+00
10.450000 4.67360e-03 -1.92288e-02 0.00000e+00
10.460000 4.42313e-03 -2.38684e-02 0.00000e+00
10.470000 4.13645e-03 -2.82662e-02 0.00000e+00
10.480000 3.80804e-03 -3.23317e-02 0.00000e+00
10.490000 3.47227e-03 -3.58982e-02 0.00000e+00
10.500000 3.09095e-03 -3.88929e-02 0.00000e+00
10.510000 2.67633e-03 -4.14740e-02 0.00000e+00
10.520000 2.23704e-03 -4.35541e-02 0.00000e+00
10.530000 1.80539e-03 -4.49975e-02 0.00000e+00
10.540000 1.34455e-03 -4.59481e-02 0.00000e+00
10.550000 8.50846e-04 -4.63915e-02 0.00000e+00
10.560000 3.68492e-04 -4.62464e-02 0.00000e+00
10.570000 -9.25559e-05 -4.55005e-02 0.00000e+00
10.580000 -5.74082e-04 -4.42283e-02 0.00000e+00
10.590000 -1.04953e-03 -4.24849e-02 0.00000e+00
10.600000 -1.50014e-03 -4.02101e-02 0.00000e+00
10.610000 -1.91949e-03 -3.75203e-02 0.00000e+00
10.620000 -2.31744e-03 -3.43679e-02 0.00000e+00
10.630000 -2.66317e-03 -3.07766e-02 0.00000e+00
10.640000 -2.95924e-03 -2.68802e-02 0.00000e+00
10.650000 -3.21050e-03 -2.26679e-02 0.00000e+00
10.660000 -3.38918e-03 -1.81022e-02 0.00000e+00
10.670000 -3.55624e-03 -1.32599e-02 0.00000e+00
10.680000 -3.66669e-03 -8.33894e-03 0.00000e+00
10.690000 -3.70352e-03 -3.39308e-03 0.00000e+00
10.700000 -3.71780e-03 1.72028e-03 0.00000e+00
10.710000 -3.69475e-03 6.89824e-03 0.00000e+00
10.720000 -3.59534e-03 1.17850e-02 0.00000e+00
10.730000 -3.44099e-03 1.64829e-02 0.00000e+00
10.740000 -3.24975e-03 2.11490e-02 0.00000e+00
10.750000 -3.02060e-03 2.55426e-02 0.00000e+00
10.760000 -2.72808e-03 2.94695e-02 0.00000e+00
10.770000 -2.40159e-03 3.29797e-02 0.00000e+00
10.780000 -2.03056e-03 3.60871e-02 0.00000e+00
10.790000 -1.62399e-03 3.87107e-02 0.00000e+00
10.800000 -1.20759e-03 4.08675e-02 0.00000e+00
10.810000 -7.68569e-04 4.25559e-02 0.00000e+00
10.820000 -3.13099e-04 4.36633e-02 0.00000e+00
10.830000 1.52779e-04 4.43765e-02 0.00000e+00
10.840000 6.07157e-04 4.45940e-02 0.00000e+00
10.850000 1.06173e-03 4.42220e-02 0.00000e+00
10.860000 1.52499e-03 4.34910e-02 0.00000e+00
10.870000 1.98955e-03 4.21372e-02 0.00000e+00
10.880000 2.39075e-03 4.00649e-02 0.00000e+00
10.890000 2.78365e-03 3.75149e-02 0.00000e+00
10.900000 3.18840e-03 3.45751e-02 0.00000e+00
10.910000 3.53105e-03 3.11501e-02 0.00000e+00
10.920000 3.81642e-03 2.72233e-02 0.00000e+00
10.930000 4.06880e-03 2.29651e-02 0.00000e+00
10.940000 4.29068e-03 1.83598e-02 0.00000e+00
10.950000 4.46000e-03 1.34960e-02 0.00000e+00
10.960000 4.58261e-03 8.61391e-03 0.00000e+00
10.970000 4.65554e-03 3.60656e-03 0.00000e+00
10.980000 4.66667e-03 -1.56595e-03 0.00000e+00
10.990000 4.63855e-03 -6.79256e-03 0.00000e+00
11.000000 4.58784e-03 -1.20368e-02 0.00000e+00
11.010000 4.42961e-03 -1.72120e-02 0.00000e+00
11.020000 4.25098e-03 -2.22490e-02 0.00000e+00
11.030000 3.97943e-03 -2.70722e-02 0.00000e+00
11.040000 3.63410e-03 -3.15047e-02 0.00000e+00
11.050000 3.28956e-03 -3.56484e-02 0.00000e+00
11.060000 2.89436e-03 -3.95494e-02 0.00000e+00
11.070000 2.45922e-03 -4.28659e-02 0.00000e+00
11.080000 1.97502e-03 -4.56858e-02 0.00000e+00
11.090000 1.48617e-03 -4.81970e-02 0.00000e+00
11.100000 9.72049e-04 -5.02700e-02 0.00000e+00
11.110000 4.38489e-04 -5.17512e-02 0.00000e+00
11.120000 -6.86979e-05 -5.26739e-02 0.00000e+00
11.130000 -6.02183e-04 -5.30895e-02 0.00000e+00
11.140000 -1.17783e-03 -5.28788e-02 0.00000e+00
11.150000 -1.72872e-03 -5.20535e-02 0.00000e+00
11.160000 -2.27124e-03 -5.06662e-02 0.00000e+00
11.170000 -2.78145e-03 -4.86031e-02 0.00000e+00
11.180000 -3.25594e-03 -4.59721e-02 0.00000e+00
11.190000 -3.71456e-03 -4.28581e-02 0.00000e+00
11.200000 -4.13650e-03 -3.93347e-02 0.00000e+00
11.210000 -4.50899e-03 -3.56189e-02 0.00000e+00
11.220000 -4.87475e-03 -3.15882e-02 0.00000e+00
11.230000 -5.17866e-03 -2.71794e-02 0.00000e+00
11.240000 -5.43239e-03 -2.25004e-02 0.00000e+00
11.250000 -5.66964e-03 -1.76582e-02 0.00000e+00
11.260000 -5.83318e-03 -1.26654e-02 0.00000e+00
11.270000 -5.93598e-03 -7.58734e-03 0.00000e+00
11.280000 -5.97416e-03 -2.44881e-03 0.00000e+00
11.290000 -5.97446e-03 2.90307e-03 0.00000e+00
11.300000 -5.89554e-03 8.31004e-03 0.00000e+00
11.310000 -5.75536e-03 1.33671e-02 0.00000e+00
11.320000 -5.58139e-03 1.81452e-02 0.00000e+00
11.330000 -5.36268e-03 2.27632e-02 0.00000e+00
11.340000 -5.08465e-03 2.71505e-02 0.00000e+00
11.350000 -4.77983e-03 3.13200e-02 0.00000e+00
11.360000 -4.45287e-03 3.51593e-02 0.00000e+00
11.370000 -4.09314e-03 3.85678e-02 0.00000e+00
11.380000 -3.69578e-03 4.16808e-02 0.00000e+00
11.390000 -3.25670e-03 4.43893e-02 0.00000e+00
11.400000 -2.77778e-03 4.65589e-02 0.00000e+00
11.410000 -2.28814e-03 4.83123e-02 0.00000e+00
11.420000 -1.78667e-03 4.94942e-02 0.00000e+00
11.430000 -1.27172e-03 5.01272e-02 0.00000e+00
11.440000 -7.48988e-04 5.03044e-02 0.00000e+00
11.450000 -1.94655e-04 5.00798e-02 0.00000e+00
11.460000 3.24937e-04 4.94194e-02 0.00000e+00
11.470000 8.06326e-04 4.83216e-02 0.00000e+00
11.480000 1.26869e-03 4.68953e-02 0.00000e+00
11.490000 1.76363e-03 4.50960e-02 0.00000e+00
11.500000 2.21182e-03 4.28771e-02 0.00000e+00
11.510000 2.64616e-03 4.03290e-02 0.00000e+00
11.520000 3.03537e-03 3.75137e-02 0.00000e+00
11.530000 3.39849e-03 3.42809e-02 0.00000e+00
11.540000 3.72136e-03 3.06400e-02 0.00000e+00
11.550000 4.03814e-03 2.67473e-02 0.00000e+00
11.560000 4.25964e-03 2.26697e-02 0.00000e+00
11.570000 4.46371e-03 1.84930e-02 0.00000e+00
11.580000 4.62066e-03 1.42370e-02 0.00000e+00
11.590000 4.73380e-03 9.92518e-03 0.00000e+00
11.600000 4.81439e-03 5.58469e-03 0.00000e+00
11.610000 4.85414e-03 1.25627e-03 0.00000e+00
11.620000 4.86580e-03 -2.86111e-03 0.00000e+00
11.630000 4.81102e-03 -6.87828e-03 0.00000e+00
11.640000 4.72441e-03 -1.09914e-02 0.00000e+00
11.650000 4.59507e-03 -1.50446e-02 0.00000e+00
11.660000 4.42593e-03 -1.87130e-02 0.00000e+00
11.670000 4.20663e-03 -2.21145e-02 0.00000e+00
11.680000 3.96558e-03 -2.52836e-02 0.00000e+00
11.690000 3.67796e-03 -2.81408e-02 0.00000e+00
11.700000 3.34254e-03 -3.06828e-02 0.00000e+00
11.710000 3.01227e-03 -3.28208e-02 0.00000e+00
11.720000 2.66366e-03 -3.45124e-02 0.00000e+00
11.730000 2.29625e-03 -3.59107e-02 0.00000e+00
11.740000 1.92516e-03 -3.70829e-02 0.00000e+00
11.750000 1.54069e-03 -3.78809e-02 0.00000e+00
11.760000 1.15365e-03 -3.83241e-02 0.00000e+00
11.770000 7.47612e-04 -3.83896e-02 0.00000e+00
11.780000 3.62201e-04 -3.80862e-02 0.00000e+00
11.790000 -2.64117e-05 -3.72524e-02 0.00000e+00
11.800000 -4.30503e-04 -3.60333e-02 0.00000e+00
11.810000 -7.92341e-04 -3.45306e-02 0.00000e+00
11.820000 -1.11409e-03 -3.26613e-02 0.00000e+00
11.830000 -1.42167e-03 -3.04927e-02 0.00000e+00
11.840000 -1.74154e-03 -2.80790e-02 0.00000e+00
11.850000 -1.98531e-03 -2.54545e-02 0.00000e+00
11.860000 -2.23959e-03 -2.26334e-02 0.00000e+00
11.870000 -2.43073e-03 -1.97100e-02 0.00000e+00
11.880000 -2.62853e-03 -1.66729e-02 0.00000e+00
11.890000 -2.78795e-03 -1.35015e-02 0.00000e+00
11.900000 -2.94182e-03 -1.02289e-02 0.00000e+00
11.910000 -3.03089e-03 -6.84677e-03 0.00000e+00
11.920000 -3.08861e-03 -3.34424e-03 0.00000e+00
11.930000 -3.09206e-03 1.99610e-04 0.00000e+00
11.940000 -3.07377e-03 3.57912e-03 0.00000e+00
11.950000 -2.99432e-03 6.83356e-03 0.00000e+00
11.960000 -2.88045e-03 9.98234e-03 0.00000e+00
11.970000 -2.78060e-03 1.28585e-02 0.00000e+00
11.980000 -2.62134e-03 1.55436e-02 0.00000e+00
11.990000 -2.44819e-03 1.82302e-02 0.00000e+00
12.000000 -2.24608e-03 2.08245e-02 0.00000e+00
12.010000 -2.02605e-03 2.30473e-02 0.00000e+00
12.020000 -1.78326e-03 2.51214e-02 0.00000e+00
12.030000 -1.51243e-03 2.69890e-02 0.00000e+00
12.040000 -1.23182e-03 2.85764e-02 0.00000e+00
12.050000 -9.37570e-04 2.99290e-02 0.00000e+00
12.060000 -6.17033e-04 3.08628e-02 0.00000e+00
12.070000 -2.79822e-04 3.14062e-02 0.00000e+00
12.080000 5.40962e-05 3.16201e-02 0.00000e+00
12.090000 3.85619e-04 3.15532e-02 0.00000e+00
12.100000 6.79267e-04 3.12287e-02 0.00000e+00
12.110000 9.69517e-04 3.06357e-02 0.00000e+00
12.120000 1.28074e-03 2.97935e-02 0.00000e+00
12.130000 1.57052e-03 2.88001e-02 0.00000e+00
12.140000 1.86586e-03 2.74524e-02 0.00000e+00
12.150000 2.15652e-03 2.58407e-02 0.00000e+00
12.160000 2.43730e-03 2.40176e-02 0.00000e+00
12.170000 2.66213e-03 2.19740e-02 0.00000e+00
12.180000 2.87329e-03 1.98147e-02 0.00000e+00
12.190000 3.08412e-03 1.73806e-02 0.00000e+00
12.200000 3.21968e-03 1.46857e-02 0.00000e+00
12.210000 3.36723e-03 1.17940e-02 0.00000e+00
12.220000 3.44806e-03 8.67518e-03 0.00000e+00
12.230000 3.50803e-03 5.44270e-03 0.00000e+00
12.240000 3.54729e-03 2.28627e-03 0.00000e+00
12.250000 3.55469e-03 -8.69488e-04 0.00000e+00
12.260000 3.53402e-03 -4.13883e-03 0.00000e+00
12.270000 3.48861e-03 -7.55125e-03 0.00000e+00
12.280000 3.40151e-03 -1.10756e-02 0.00000e+00
12.290000 3.29042e-03 -1.45470e-02 0.00000e+00
12.300000 3.14389e-03 -1.79305e-02 0.00000e+00
12.310000 2.95186e-03 -2.12510e-02 0.00000e+00
12.320000 2.74881e-03 -2.43354e-02 0.00000e+00
12.330000 2.48438e-03 -2.71021e-02 0.00000e+00
12.340000 2.22251e-03 -2.97850e-02 0.00000e+00
12.350000 1.88467e-03 -3.23578e-02 0.00000e+00
12.360000 1.50654e-03 -3.44808e-02 0.00000e+00
12.370000 1.12863e-03 -3.63163e-02 0.00000e+00
12.380000 7.39625e-04 -3.79167e-02 0.00000e+00
12.390000 3.36546e-04 -3.92850e-02 0.00000e+00
12.400000 -5.08617e-05 -4.04247e-02 0.00000e+00
12.410000 -4.57437e-04 -4.11700e-02 0.00000e+00
12.420000 -9.07878e-04 -4.15717e-02 0.00000e+00
12.430000 -1.35417e-03 -4.16343e-02 0.00000e+00
12.440000 -1.78711e-03 -4.13668e-02 0.00000e+00
12.450000 -2.21286e-03 -4.06796e-02 0.00000e+00
12.460000 -2.62183e-03 -3.96119e-02 0.00000e+00
12.470000 -3.01308e-03 -3.81609e-02 0.00000e+00
12.480000 -3.38660e-03 -3.62683e-02 0.00000e+00
12.490000 -3.71210e-03 -3.40109e-02 0.00000e+00
12.500000 -4.05007e-03 -3.14892e-02 0.00000e+00
12.510000 -4.36885e-03 -2.86397e-02 0.00000e+00
12.520000 -4.62156e-03 -2.56577e-02 0.00000e+00
12.530000 -4.84736e-03 -2.26891e-02 0.00000e+00
12.540000 -5.09141e-03 -1.95298e-02 0.00000e+00
12.550000 -5.28770e-03 -1.61539e-02 0.00000e+00
12.560000 -5.45808e-03 -1.26076e-02 0.00000e+00
12.570000 -5.55194e-03 -8.83876e-03 0.00000e+00
12.580000 -5.63652e-03 -4.87799e-03 0.00000e+00
12.590000 -5.66734e-03 -9.76984e-04 0.00000e+00
12.600000 -5.66502e-03 2.84540e-03 0.00000e+00
12.610000 -5.60339e-03 6.70808e-03 0.00000e+00
12.620000 -5.48507e-03 1.05513e-02 0.00000e+00
12.630000 -5.35761e-03 1.43419e-02 0.00000e+00
12.640000 -5.15863e-03 1.80702e-02 0.00000e+00
12.650000 -4.94875e-03 2.17044e-02 0.00000e+00
12.660000 -4.73232e-03 2.54178e-02 0.00000e+00
12.670000 -4.46669e-03 2.90276e-02 0.00000e+00
12.680000 -4.17822e-03 3.22956e-02 0.00000e+00
12.690000 -3.87628e-03 3.54750e-02 0.00000e+00
12.700000 -3.49408e-03 3.85791e-02 0.00000e+00
12.710000 -3.09433e-03 4.12169e-02 0.00000e+00
12.720000 -2.65754e-03 4.33993e-02 0.00000e+00
12.730000 -2.20358e-03 4.53617e-02 0.00000e+00
12.740000 -1.72373e-03 4.71777e-02 0.00000e+00
12.750000 -1.24605e-03 4.86522e-02 0.00000e+00
12.760000 -7.57358e-04 4.96620e-02 0.00000e+00
12.770000 -2.45903e-04 5.03006e-02 0.00000e+00
12.780000 2.72901e-04 5.06132e-02 0.00000e+00
12.790000 7.86832e-04 5.07103e-02 0.00000e+00
12.800000 1.31480e-03 5.03495e-02 0.00000e+00
12.810000 1.83422e-03 4.96305e-02 0.00000e+00
12.820000 2.36097e-03 4.86638e-02 0.00000e+00
12.830000 2.87371e-03 4.71513e-02 0.00000e+00
12.840000 3.31599e-03 4.52156e-02 0.00000e+00
12.850000 3.76514e-03 4.28942e-02 0.00000e+00
12.860000 4.19519e-03 4.00601e-02 0.00000e+00
12.870000 4.56924e-03 3.69480e-02 0.00000e+00
12.880000 4.90455e-03 3.35930e-02 0.00000e+00
12.890000 5.25943e-03 2.99211e-02 0.00000e+00
12.900000 5.57212e-03 2.60383e-02 0.00000e+00
12.910000 5.81736e-03 2.19511e-02 0.00000e+00
12.920000 5.98958e-03 1.76111e-02 0.00000e+00
12.930000 6.15197e-03 1.30825e-02 0.00000e+00
12.940000 6.26878e-03 8.44953e-03 0.00000e+00
12.950000 6.35210e-03 3.79606e-03 0.00000e+00
12.960000 6.37115e-03 -9.11154e-04 0.00000e+00
12.970000 6.32595e-03 -5.60325e-03 0.00000e+00
12.980000 6.28021e-03 -1.01501e-02 0.00000e+00
12.990000 6.14291e-03 -1.45343e-02 0.00000e+00
13.000000 5.95361e-03 -1.87233e-02 0.00000e+00
13.010000 5.74076e-03 -2.29189e-02 0.00000e+00
13.020000 5.45723e-03 -2.70161e-02 0.00000e+00
13.030000 5.15736e-03 -3.08049e-02 0.00000e+00
13.040000 4.82434e-03 -3.43785e-02 0.00000e+00
13.050000 4.44361e-03 -3.77935e-02 0.00000e+00
13.060000 4.04695e-03 -4.07006e-02 0.00000e+00
13.070000 3.62580e-03 -4.30087e-02 0.00000e+00
13.080000 3.16709e-03 -4.51122e-02 0.00000e+00
13.090000 2.69646e-03 -4.69911e-02 0.00000e+00
13.100000 2.22179e-03 -4.84292e-02 0.00000e+00
13.110000 1.71931e-03 -4.94186e-02 0.00000e+00
13.120000 1.22982e-03 -4.99645e-02 0.00000e+00
13.130000 7.06317e-04 -5.01155e-02 0.00000e+00
13.140000 2.18706e-04 -4.99612e-02 0.00000e+00
13.150000 -2.91051e-04 -4.92521e-02 0.00000e+00
13.160000 -7.93784e-04 -4.80896e-02 0.00000e+00
13.170000 -1.30119e-03 -4.66595e-02 0.00000e+00
13.180000 -1.78703e-03 -4.48329e-02 0.00000e+00
13.190000 -2.23044e-03 -4.26783e-02 0.00000e+00
13.200000 -2.65210e-03 -4.01876e-02 0.00000e+00
13.210000 -3.04297e-03 -3.73486e-02 0.00000e+00
13.220000 -3.39998e-03 -3.42561e-02 0.00000e+00
13.230000 -3.69589e-03 -3.09787e-02 0.00000e+00
13.240000 -4.01994e-03 -2.74184e-02 0.00000e+00
13.250000 -4.30736e-03 -2.35835e-02 0.00000e+00
13.260000 -4.50624e-03 -1.96101e-02 0.00000e+00
13.270000 -4.69555e-03 -1.54509e-02 0.00000e+00
13.280000 -4.83504e-03 -1.12029e-02 0.00000e+00
13.290000 -4.92776e-03 -6.80554e-03 0.00000e+00
13.300000 -4.97617e-03 -2.36021e-03 0.00000e+00
13.310000 -4.96595e-03 2.05210e-03 0.00000e+00
13.320000 -4.89967e-03 6.42666e-03 0.00000e+00
13.330000 -4.83107e-03 1.06053e-02 0.00000e+00
13.340000 -4.69443e-03 1.46093e-02 0.00000e+00
13.350000 -4.53834e-03 1.83881e-02 0.00000e+00
13.360000 -4.32353e-03 2.19926e-02 0.00000e+00
13.370000 -4.09085e-03 2.53814e-02 0.00000e+00
13.380000 -3.81807e-03 2.85022e-02 0.00000e+00
13.390000 -3.51419e-03 3.14056e-02 0.00000e+00
13.400000 -3.17657e-03 3.41896e-02 0.00000e+00
13.410000 -2.77892e-03 3.65776e-02 0.00000e+00
13.420000 -2.38814e-03 3.83841e-02 0.00000e+00
13.430000 -1.98780e-03 3.99138e-02 0.00000e+00
13.440000 -1.55550e-03 4.11346e-02 0.00000e+00
13.450000 -1.13060e-03 4.19163e-02 0.00000e+00
13.460000 -6.73770e-04 4.23133e-02 0.00000e+00
13.470000 -2.72010e-04 4.23089e-02 0.00000e+00
13.480000 1.60514e-04 4.19541e-02 0.00000e+00
13.490000 5.62126e-04 4.13377e-02 0.00000e+00
13.500000 9.78503e-04 4.02914e-02 0.00000e+00
13.510000 1.37568e-03 3.88413e-02 0.00000e+00
13.520000 1.75837e-03 3.70410e-02 0.00000e+00
13.530000 2.12418e-03 3.49149e-02 0.00000e+00
13.540000 2.47300e-03 3.24735e-02 0.00000e+00
13.550000 2.80640e-03 2.96531e-02 0.00000e+00
13.560000 3.11669e-03 2.65815e-02 0.00000e+00
13.570000 3.37746e-03 2.32868e-02 0.00000e+00
13.580000 3.57497e-03 1.99323e-02 0.00000e+00
13.590000 3.76270e-03 1.64740e-02 0.00000e+00
13.600000 3.92242e-03 1.27459e-02 0.00000e+00
13.610000 4.03540e-03 8.93716e-03 0.00000e+00
13.620000 4.10398e-03 5.05037e-03 0.00000e+00
13.630000 4.13603e-03 1.19030e-03 0.00000e+00
13.640000 4.12865e-03 -2.67886e-03 0.00000e+00
13.650000 4.08827e-03 -6.64813e-03 0.00000e+00
13.660000 4.00130e-03 -1.05727e-02 0.00000e+00
13.670000 3.85835e-03 -1.43779e-02 0.00000e+00
13.680000 3.69452e-03 -1.79976e-02 0.00000e+00
13.690000 3.47879e-03 -2.14960e-02 0.00000e+00
13.700000 3.24641e-03 -2.48676e-02 0.00000e+00
13.710000 2.95684e-03 -2.79657e-02 0.00000e+00
13.720000 2.66112e-03 -3.07029e-02 0.00000e+00
13.730000 2.34182e-03 -3.30940e-02 0.00000e+00
13.740000 1.99559e-03 -3.52566e-02 0.00000e+00
13.750000 1.63255e-03 -3.72565e-02 0.00000e+00
13.760000 1.22554e-03 -3.89171e-02 0.00000e+00
13.770000 8.10851e-04 -4.01692e-02 0.00000e+00
13.780000 4.05518e-04 -4.10352e-02 0.00000e+00
13.790000 -2.59052e-05 -4.16643e-02 0.00000e+00
13.800000 -4.32043e-04 -4.19937e-02 0.00000e+00
13.810000 -8.80914e-04 -4.19392e-02 0.00000e+00
13.820000 -1.31342e-03 -4.15341e-02 0.00000e+00
13.830000 -1.72454e-03 -4.07779e-02 0.00000e+00
13.840000 -2.12906e-03 -3.98300e-02 0.00000e+00
13.850000 -2.53321e-03 -3.85462e-02 0.00000e+00
13.860000 -2.92323e-03 -3.69446e-02 0.00000e+00
13.870000 -3.28332e-03 -3.50550e-02 0.00000e+00
13.880000 -3.59674e-03 -3.29058e-02 0.00000e+00
13.890000 -3.92079e-03 -3.05416e-02 0.00000e+00
13.900000 -4.21712e-03 -2.78405e-02 0.00000e+00
13.910000 -4.50455e-03 -2.49769e-02 0.00000e+00
13.920000 -4.72371e-03 -2.19146e-02 0.00000e+00
13.930000 -4.92992e-03 -1.86485e-02 0.00000e+00
13.940000 -5.10402e-03 -1.52995e-02 0.00000e+00
13.950000 -5.25029e-03 -1.18604e-02 0.00000e+00
13.960000 -5.38163e-03 -8.32752e-03 0.00000e+00
13.970000 -5.42665e-03 -4.61174e-03 0.00000e+00
13.980000 -5.46683e-03 -8.09405e-04 0.00000e+00
13.990000 -5.45265e-03 2.91158e-03 0.00000e+00
14.000000 -5.41556e-03 6.62859e-03 0.00000e+00
14.010000 -5.33417e-03 1.04170e-02 0.00000e+00
14.020000 -5.18325e-03 1.41801e-02 0.00000e+00
14.030000 -5.03658e-03 1.77846e-02 0.00000e+00
14.040000 -4.82049e-03 2.12361e-02 0.00000e+00
14.050000 -4.60349e-03 2.47158e-02 0.00000e+00
14.060000 -4.32487e-03 2.80599e-02 0.00000e+00
14.070000 -4.03045e-03 3.11105e-02 0.00000e+00
14.080000 -3.71256e-03 3.38904e-02 0.00000e+00
14.090000 -3.33255e-03 3.65024e-02 0.00000e+00
14.100000 -2.95384e-03 3.89907e-02 0.00000e+00
14.110000 -2.56059e-03 4.11672e-02 0.00000e+00
14.120000 -2.13611e-03 4.30072e-02 0.00000e+00
14.130000 -1.66307e-03 4.45225e-02 0.00000e+00
14.140000 -1.19079e-03 4.58982e-02 0.00000e+00
14.150000 -7.20298e-04 4.69524e-02 0.00000e+00
14.160000 -2.55554e-04 4.76585e-02 0.00000e+00
14.170000 2.43927e-04 4.81301e-02 0.00000e+00
14.180000 7.47202e-04 4.82515e-02 0.00000e+00
14.190000 1.22185e-03 4.82493e-02 0.00000e+00
14.200000 1.69159e-03 4.79835e-02 0.00000e+00
14.210000 2.17261e-03 4.74197e-02 0.00000e+00
14.220000 2.65893e-03 4.65306e-02 0.00000e+00
14.230000 3.08970e-03 4.53048e-02 0.00000e+00
14.240000 3.53869e-03 4.39020e-02 0.00000e+00
14.250000 3.96295e-03 4.21986e-02 0.00000e+00
14.260000 4.39446e-03 4.03254e-02 0.00000e+00
14.270000 4.77866e-03 3.82031e-02 0.00000e+00
14.280000 5.13903e-03 3.56960e-02 0.00000e+00
14.290000 5.48662e-03 3.29384e-02 0.00000e+00
14.300000 5.82567e-03 3.01200e-02 0.00000e+00
14.310000 6.11641e-03 2.71757e-02 0.00000e+00
14.320000 6.35484e-03 2.39854e-02 0.00000e+00
14.330000 6.61639e-03 2.05401e-02 0.00000e+00
14.340000 6.80698e-03 1.69286e-02 0.00000e+00
14.350000 6.97819e-03 1.33223e-02 0.00000e+00
14.360000 7.11719e-03 9.52873e-03 0.00000e+00
14.370000 7.17819e-03 5.50312e-03 0.00000e+00
14.380000 7.21965e-03 1.43618e-03 0.00000e+00
14.390000 7.19462e-03 -2.59555e-03 0.00000e+00
14.400000 7.17117e-03 -6.73355e-03 0.00000e+00
14.410000 7.08806e-03 -1.09475e-02 0.00000e+00
14.420000 6.95297e-03 -1.51019e-02 0.00000e+00
14.430000 6.77772e-03 -1.91503e-02 0.00000e+00
14.440000 6.54165e-03 -2.31438e-02 0.00000e+00
14.450000 6.29106e-03 -2.70891e-02 0.00000e+00
14.460000 6.00831e-03 -3.08883e-02 0.00000e+00
14.470000 5.69555e-03 -3.43913e-02 0.00000e+00
14.480000 5.31490e-03 -3.76365e-02 0.00000e+00
14.490000 4.92084e-03 -4.08413e-02 0.00000e+00
14.500000 4.47819e-03 -4.36804e-02 0.00000e+00
14.510000 4.03261e-03 -4.61786e-02 0.00000e+00
14.520000 3.55421e-03 -4.84807e-02 0.00000e+00
14.530000 3.02651e-03 -5.04312e-02 0.00000e+00
14.540000 2.50911e-03 -5.21418e-02 0.00000e+00
14.550000 1.97215e-03 -5.36153e-02 0.00000e+00
14.560000 1.41941e-03 -5.48230e-02 0.00000e+00
14.570000 8.48430e-04 -5.56639e-02 0.00000e+00
14.580000 2.82852e-04 -5.61039e-02 0.00000e+00
14.590000 -2.82151e-04 -5.62490e-02 0.00000e+00
14.600000 -8.46128e-04 -5.60966e-02 0.00000e+00
14.610000 -1.41293e-03 -5.56975e-02 0.00000e+00
14.620000 -1.94994e-03 -5.50049e-02 0.00000e+00
14.630000 -2.49549e-03 -5.39774e-02 0.00000e+00
14.640000 -3.00012e-03 -5.26406e-02 0.00000e+00
14.650000 -3.54198e-03 -5.10100e-02 0.00000e+00
14.660000 -4.04250e-03 -4.90785e-02 0.00000e+00
14.670000 -4.50705e-03 -4.68895e-02 0.00000e+00
14.680000 -4.99012e-03 -4.44515e-02 0.00000e+00
14.690000 -5.42517e-03 -4.16799e-02 0.00000e+00
14.700000 -5.83724e-03 -3.86989e-02 0.00000e+00
14.710000 -6.21719e-03 -3.54920e-02 0.00000e+00
14.720000 -6.56988e-03 -3.20153e-02 0.00000e+00
14.730000 -6.87122e-03 -2.83877e-02 0.00000e+00
14.740000 -7.13745e-03 -2.46079e-02 0.00000e+00
14.750000 -7.36752e-03 -2.06390e-02 0.00000e+00
14.760000 -7.56116e-03 -1.64678e-02 0.00000e+00
14.770000 -7.72193e-03 -1.21428e-02 0.00000e+00
14.780000 -7.83316e-03 -7.72369e-03 0.00000e+00
14.790000 -7.89986e-03 -3.10631e-03 0.00000e+00
14.800000 -7.91483e-03 1.59267e-03 0.00000e+00
14.810000 -7.87021e-03 6.35102e-03 0.00000e+00
14.820000 -7.76985e-03 1.10709e-02 0.00000e+00
14.830000 -7.64558e-03 1.56345e-02 0.00000e+00
14.840000 -7.47076e-03 2.02420e-02 0.00000e+00
14.850000 -7.24541e-03 2.46797e-02 0.00000e+00
14.860000 -6.96149e-03 2.89003e-02 0.00000e+00
14.870000 -6.65914e-03 3.29735e-02 0.00000e+00
14.880000 -6.30779e-03 3.67742e-02 0.00000e+00
14.890000 -5.92580e-03 4.03411e-02 0.00000e+00
14.900000 -5.49923e-03 4.37114e-02 0.00000e+00
14.910000 -5.02586e-03 4.67530e-02 0.00000e+00
14.920000 -4.52604e-03 4.94855e-02 0.00000e+00
14.930000 -3.99784e-03 5.19639e-02 0.00000e+00
14.940000 -3.45238e-03 5.39589e-02 0.00000e+00
14.950000 -2.88271e-03 5.55117e-02 0.00000e+00
14.960000 -2.29643e-03 5.66823e-02 0.00000e+00
14.970000 -1.73421e-03 5.74581e-02 0.00000e+00
14.980000 -1.13620e-03 5.78837e-02 0.00000e+00
14.990000 -5.66975e-04 5.80079e-02 0.00000e+00
15.000000 2.37041e-05 5.77482e-02 0.00000e+00
15.010000 6.06664e-04 5.69470e-02 0.00000e+00
15.020000 1.16451e-03 5.57685e-02 0.00000e+00
15.030000 1.72507e-03 5.43535e-02 0.00000e+00
15.040000 2.26139e-03 5.25918e-02 0.00000e+00
15.050000 2.78254e-03 5.04229e-02 0.00000e+00
15.060000 3.30008e-03 4.78640e-02 0.00000e+00
15.070000 3.76470e-03 4.50206e-02 0.00000e+00
15.080000 4.19972e-03 4.20398e-02 0.00000e+00
15.090000 4.63285e-03 3.88428e-02 0.00000e+00
15.100000 4.99654e-03 3.54125e-02 0.00000e+00
15.110000 5.30592e-03 3.17387e-02 0.00000e+00
15.120000 5.62755e-03 2.79259e-02 0.00000e+00
15.130000 5.88035e-03 2.40840e-02 0.00000e+00
15.140000 6.12116e-03 2.00484e-02 0.00000e+00
15.150000 6.29453e-03 1.58957e-02 0.00000e+00
15.160000 6.44802e-03 1.17122e-02 0.00000e+00
15.170000 6.51543e-03 7.41753e-03 0.00000e+00
15.180000 6.56171e-03 3.14914e-03 0.00000e+00
15.190000 6.59290e-03 -1.04285e-03 0.00000e+00
15.200000 6.56674e-03 -5.18641e-03 0.00000e+00
15.210000 6.47715e-03 -9.23311e-03 0.00000e+00
15.220000 6.35487e-03 -1.31575e-02 0.00000e+00
15.230000 6.19786e-03 -1.68431e-02 0.00000e+00
15.240000 6.03285e-03 -2.03815e-02 0.00000e+00
15.250000 5.80249e-03 -2.38633e-02 0.00000e+00
15.260000 5.52975e-03 -2.70090e-02 0.00000e+00
15.270000 5.23107e-03 -2.99167e-02 0.00000e+00
15.280000 4.90569e-03 -3.27575e-02 0.00000e+00
15.290000 4.57964e-03 -3.52215e-02 0.00000e+00
15.300000 4.20363e-03 -3.73767e-02 0.00000e+00
15.310000 3.79822e-03 -3.92968e-02 0.00000e+00
15.320000 3.39134e-03 -4.09117e-02 0.00000e+00
15.330000 2.96367e-03 -4.21699e-02 0.00000e+00
15.340000 2.51593e-03 -4.31119e-02 0.00000e+00
15.350000 2.09915e-03 -4.38102e-02 0.00000e+00
15.360000 1.65575e-03 -4.40446e-02 0.00000e+00
15.370000 1.19874e-03 -4.39866e-02 0.00000e+00
15.380000 7.58535e-04 -4.37906e-02 0.00000e+00
15.390000 3.11566e-04 -4.33376e-02 0.00000e+00
15.400000 -1.22368e-04 -4.26028e-02 0.00000e+00
15.410000 -5.72721e-04 -4.15043e-02 0.00000e+00
15.420000 -9.81778e-04 -4.02284e-02 0.00000e+00
15.430000 -1.36864e-03 -3.88627e-02 0.00000e+00
15.440000 -1.77124e-03 -3.72757e-02 0.00000e+00
15.450000 -2.12865e-03 -3.55204e-02 0.00000e+00
15.460000 -2.46371e-03 -3.34876e-02 0.00000e+00
15.470000 -2.80475e-03 -3.13368e-02 0.00000e+00
15.480000 -3.08983e-03 -2.91813e-02 0.00000e+00
15.490000 -3.35293e-03 -2.68708e-02 0.00000e+00
15.500000 -3.57715e-03 -2.44236e-02 0.00000e+00
15.510000 -3.80682e-03 -2.19438e-02 0.00000e+00
15.520000 -4.00373e-03 -1.92784e-02 0.00000e+00
15.530000 -4.18231e-03 -1.64245e-02 0.00000e+00
15.540000 -4.36179e-03 -1.36462e-02 0.00000e+00
15.550000 -4.47668e-03 -1.08150e-02 0.00000e+00
15.560000 -4.57071e-03 -7.90578e-03 0.00000e+00
15.570000 -4.64143e-03 -5.01761e-03 0.00000e+00
15.580000 -4.68460e-03 -2.17411e-03 0.00000e+00
15.590000 -4.72445e-03 6.57499e-04 0.00000e+00
15.600000 -4.68534e-03 3.55610e-03 0.00000e+00
15.610000 -4.64604e-03 6.36705e-03 0.00000e+00
15.620000 -4.56671e-03 9.10813e-03 0.00000e+00
15.630000 -4.46010e-03 1.19070e-02 0.00000e+00
15.640000 -4.34920e-03 1.46248e-02 0.00000e+00
15.650000 -4.17097e-03 1.72519e-02 0.00000e+00
15.660000 -3.97740e-03 1.99365e-02 0.00000e+00
15.670000 -3.75387e-03 2.26689e-02 0.00000e+00
15.680000 -3.51204e-03 2.52948e-02 0.00000e+00
15.690000 -3.22488e-03 2.77158e-02 0.00000e+00
15.700000 -2.95220e-03 2.99011e-02 0.00000e+00
15.710000 -2.65755e-03 3.17828e-02 0.00000e+00
15.720000 -2.31729e-03 3.35194e-02 0.00000e+00
15.730000 -1.98669e-03 3.51433e-02 0.00000e+00
15.740000 -1.63157e-03 3.65387e-02 0.00000e+00
15.750000 -1.25925e-03 3.76478e-02 0.00000e+00
15.760000 -8.77057e-04 3.84521e-02 0.00000e+00
15.770000 -4.80920e-04 3.91792e-02 0.00000e+00
15.780000 -8.09386e-05 3.96798e-02 0.00000e+00
15.790000 3.37283e-04 3.98407e-02 0.00000e+00
15.800000 7.59385e-04 3.97706e-02 0.00000e+00
15.810000 1.16836e-03 3.93191e-02 0.00000e+00
15.820000 1.57844e-03 3.86587e-02 0.00000e+00
15.830000 1.99845e-03 3.78772e-02 0.00000e+00
15.840000 2.36955e-03 3.69044e-02 0.00000e+00
15.850000 2.72050e-03 3.57229e-02 0.00000e+00
15.860000 3.04375e-03 3.43582e-02 0.00000e+00
15.870000 3.36560e-03 3.27864e-02 0.00000e+00
15.880000 3.68718e-03 3.08472e-02 0.00000e+00
15.890000 3.99630e-03 2.87485e-02 0.00000e+00
15.900000 4.26392e-03 2.64700e-02 0.00000e+00
15.910000 4.51739e-03 2.39300e-02 0.00000e+00
15.920000 4.73293e-03 2.12381e-02 0.00000e+00
15.930000 4.95978e-03 1.84010e-02 0.00000e+00
15.940000 5.12959e-03 1.54373e-02 0.00000e+00
15.950000 5.24227e-03 1.23316e-02 0.00000e+00
15.960000 5.35839e-03 9.16687e-03 0.00000e+00
15.970000 5.43231e-03 6.00073e-03 0.00000e+00
15.980000 5.48609e-03 2.69870e-03 0.00000e+00
15.990000 5.53403e-03 -6.80213e-04 0.00000e+00
16.000000 5.52614e-03 -3.93541e-03 0.00000e+00
16.010000 5.48776e-03 -7.22794e-03 0.00000e+00
16.020000 5.38840e-03 -1.06968e-02 0.00000e+00
16.030000 5.26708e-03 -1.42379e-02 0.00000e+00
16.040000 5.09292e-03 -1.77903e-02 0.00000e+00
16.050000 4.87803e-03 -2.12481e-02 0.00000e+00
16.060000 4.66286e-03 -2.45264e-02 0.00000e+00
16.070000 4.38259e-03 -2.76829e-02 0.00000e+00
16.080000 4.09298e-03 -3.06979e-02 0.00000e+00
16.090000 3.76502e-03 -3.36465e-02 0.00000e+00
16.100000 3.41812e-03 -3.64085e-02 0.00000e+00
16.110000 3.03124e-03 -3.89087e-02 0.00000e+00
16.120000 2.62858e-03 -4.13440e-02 0.00000e+00
16.130000 2.20543e-03 -4.35846e-02 0.00000e+00
16.140000 1.75195e-03 -4.55841e-02 0.00000e+00
16.150000 1.26956e-03 -4.73233e-02 0.00000e+00
16.160000 8.08973e-04 -4.86536e-02 0.00000e+00
16.170000 3.12120e-04 -4.96434e-02 0.00000e+00
16.180000 -2.15614e-04 -5.03328e-02 0.00000e+00
16.190000 -7.42765e-04 -5.07608e-02 0.00000e+00
16.200000 -1.25387e-03 -5.09747e-02 0.00000e+00
16.210000 -1.77629e-03 -5.09347e-02 0.00000e+00
16.220000 -2.27258e-03 -5.06813e-02 0.00000e+00
16.230000 -2.77404e-03 -5.01373e-02 0.00000e+00
16.240000 -3.27245e-03 -4.92930e-02 0.00000e+00
16.250000 -3.77375e-03 -4.81666e-02 0.00000e+00
16.260000 -4.27290e-03 -4.67666e-02 0.00000e+00
16.270000 -4.71956e-03 -4.50917e-02 0.00000e+00
16.280000 -5.16741e-03 -4.31739e-02 0.00000e+00
16.290000 -5.59518e-03 -4.10405e-02 0.00000e+00
16.300000 -5.99385e-03 -3.85701e-02 0.00000e+00
16.310000 -6.36260e-03 -3.58700e-02 0.00000e+00
16.320000 -6.68668e-03 -3.30404e-02 0.00000e+00
16.330000 -6.99399e-03 -2.98371e-02 0.00000e+00
16.340000 -7.27433e-03 -2.63327e-02 0.00000e+00
16.350000 -7.52961e-03 -2.28180e-02 0.00000e+00
16.360000 -7.76138e-03 -1.92791e-02 0.00000e+00
16.370000 -7.95806e-03 -1.55684e-02 0.00000e+00
16.380000 -8.09969e-03 -1.16466e-02 0.00000e+00
16.390000 -8.21237e-03 -7.51313e-03 0.00000e+00
16.400000 -8.27072e-03 -3.22513e-03 0.00000e+00
16.410000 -8.27946e-03 1.02370e-03 0.00000e+00
16.420000 -8.25757e-03 5.22593e-03 0.00000e+00
16.430000 -8.19292e-03 9.45905e-03 0.00000e+00
16.440000 -8.07026e-03 1.38154e-02 0.00000e+00
16.450000 -7.91601e-03 1.82318e-02 0.00000e+00
16.460000 -7.69597e-03 2.24961e-02 0.00000e+00
16.470000 -7.43353e-03 2.66361e-02 0.00000e+00
16.480000 -7.15174e-03 3.07202e-02 0.00000e+00
16.490000 -6.80638e-03 3.47462e-02 0.00000e+00
16.500000 -6.41677e-03 3.86381e-02 0.00000e+00
16.510000 -6.04141e-03 4.23379e-02 0.00000e+00
16.520000 -5.61722e-03 4.58894e-02 0.00000e+00
16.530000 -5.14712e-03 4.91120e-02 0.00000e+00
16.540000 -4.61376e-03 5.19768e-02 0.00000e+00
16.550000 -4.06464e-03 5.46386e-02 0.00000e+00
16.560000 -3.49763e-03 5.69915e-02 0.00000e+00
16.570000 -2.92975e-03 5.90157e-02 0.00000e+00
16.580000 -2.33469e-03 6.08424e-02 0.00000e+00
16.590000 -1.68963e-03 6.22647e-02 0.00000e+00
16.600000 -1.02790e-03 6.32950e-02 0.00000e+00
16.610000 -3.80673e-04 6.40963e-02 0.00000e+00
16.620000 2.63833e-04 6.45334e-02 0.00000e+00
16.630000 8.93543e-04 6.46201e-02 0.00000e+00
16.640000 1.56190e-03 6.44657e-02 0.00000e+00
16.650000 2.21386e-03 6.39701e-02 0.00000e+00
16.660000 2.86367e-03 6.32192e-02 0.00000e+00
16.670000 3.49321e-03 6.23411e-02 0.00000e+00
16.680000 4.12401e-03 6.10135e-02 0.00000e+00
16.690000 4.72053e-03 5.91478e-02 0.00000e+00
16.700000 5.27492e-03 5.70356e-02 0.00000e+00
16.710000 5.84776e-03 5.48199e-02 0.00000e+00
16.720000 6.38519e-03 5.24634e-02 0.00000e+00
16.730000 6.88419e-03 4.98073e-02 0.00000e+00
16.740000 7.37612e-03 4.67553e-02 0.00000e+00
16.750000 7.82838e-03 4.34712e-02 0.00000e+00
16.760000 8.22143e-03 4.01199e-02 0.00000e+00
16.770000 8.63926e-03 3.67045e-02 0.00000e+00
16.780000 8.98212e-03 3.30828e-02 0.00000e+00
16.790000 9.29318e-03 2.92580e-02 0.00000e+00
16.800000 9.57654e-03 2.52789e-02 0.00000e+00
16.810000 9.83495e-03 2.12327e-02 0.00000e+00
16.820000 1.00327e-02 1.71264e-02 0.00000e+00
16.830000 1.02058e-02 1.28945e-02 0.00000e+00
16.840000 1.02955e-02 8.53366e-03 0.00000e+00
16.850000 1.03230e-02 4.15268e-03 0.00000e+00
16.860000 1.03367e-02 -1.69135e-04 0.00000e+00
16.870000 1.03406e-02 -4.62311e-03 0.00000e+00
16.880000 1.02718e-02 -9.02392e-03 0.00000e+00
16.890000 1.01576e-02 -1.33380e-02 0.00000e+00
16.900000 9.97005e-03 -1.77631e-02 0.00000e+00
16.910000 9.77557e-03 -2.20756e-02 0.00000e+00
16.920000 9.55275e-03 -2.62332e-02 0.00000e+00
16.930000 9.27084e-03 -3.04426e-02 0.00000e+00
16.940000 8.94905e-03 -3.43837e-02 0.00000e+00
16.950000 8.58008e-03 -3.80967e-02 0.00000e+00
16.960000 8.19325e-03 -4.17818e-02 0.00000e+00
16.970000 7.74992e-03 -4.52184e-02 0.00000e+00
16.980000 7.27184e-03 -4.83426e-02 0.00000e+00
16.990000 6.75081e-03 -5.12378e-02 0.00000e+00
17.000000 6.21480e-03 -5.39414e-02 0.00000e+00
17.010000 5.65003e-03 -5.64947e-02 0.00000e+00
17.020000 5.09184e-03 -5.90449e-02 0.00000e+00
17.030000 4.48141e-03 -6.13883e-02 0.00000e+00
17.040000 3.84068e-03 -6.32783e-02 0.00000e+00
17.050000 3.20182e-03 -6.49443e-02 0.00000e+00
17.060000 2.51415e-03 -6.64386e-02 0.00000e+00
17.070000 1.84229e-03 -6.77099e-02 0.00000e+00
17.080000 1.18272e-03 -6.87408e-02 0.00000e+00
17.090000 4.85770e-04 -6.93745e-02 0.00000e+00
17.100000 -2.02242e-04 -6.97938e-02 0.00000e+00
17.110000 -8.66449e-04 -6.99352e-02 0.00000e+00
17.120000 -1.58882e-03 -6.97285e-02 0.00000e+00
17.130000 -2.26796e-03 -6.92413e-02 0.00000e+00
17.140000 -2.95312e-03 -6.85326e-02 0.00000e+00
17.150000 -3.63602e-03 -6.76593e-02 0.00000e+00
17.160000 -4.33407e-03 -6.65851e-02 0.00000e+00
17.170000 -5.01405e-03 -6.52794e-02 0.00000e+00
17.180000 -5.68134e-03 -6.37045e-02 0.00000e+00
17.190000 -6.32409e-03 -6.17611e-02 0.00000e+00
17.200000 -6.91824e-03 -5.95699e-02 0.00000e+00
17.210000 -7.50362e-03 -5.73081e-02 0.00000e+00
17.220000 -8.08670e-03 -5.48144e-02 0.00000e+00
17.230000 -8.59734e-03 -5.21736e-02 0.00000e+00
17.240000 -9.10796e-03 -4.92988e-02 0.00000e+00
17.250000 -9.57383e-03 -4.59634e-02 0.00000e+00
17.260000 -1.00098e-02 -4.24354e-02 0.00000e+00
17.270000 -1.04176e-02 -3.87940e-02 0.00000e+00
17.280000 -1.07506e-02 -3.48176e-02 0.00000e+00
17.290000 -1.10955e-02 -3.07378e-02 0.00000e+00
17.300000 -1.13983e-02 -2.65311e-02 0.00000e+00
17.310000 -1.16668e-02 -2.20657e-02 0.00000e+00
17.320000 -1.18734e-02 -1.75004e-02 0.00000e+00
17.330000 -1.20370e-02 -1.29186e-02 0.00000e+00
17.340000 -1.21462e-02 -8.30516e-03 0.00000e+00
17.350000 -1.22098e-02 -3.56361e-03 0.00000e+00
17.360000 -1.22233e-02 1.25562e-03 0.00000e+00
17.370000 -1.22181e-02 6.17448e-03 0.00000e+00
17.380000 -1.21349e-02 1.11510e-02 0.00000e+00
17.390000 -1.19930e-02 1.60059e-02 0.00000e+00
17.400000 -1.17983e-02 2.09408e-02 0.00000e+00
17.410000 -1.15269e-02 2.59642e-02 0.00000e+00
17.420000 -1.12376e-02 3.08345e-02 0.00000e+00
17.430000 -1.09284e-02 3.56314e-02 0.00000e+00
17.440000 -1.05421e-02 4.02808e-02 0.00000e+00
17.450000 -1.01129e-02 4.48963e-02 0.00000e+00
17.460000 -9.65598e-03 4.93642e-02 0.00000e+00
17.470000 -9.12857e-03 5.34878e-02 0.00000e+00
17.480000 -8.58407e-03 5.74312e-02 0.00000e+00
17.490000 -7.99361e-03 6.11195e-02 0.00000e+00
17.500000 -7.36887e-03 6.45123e-02 0.00000e+00
17.510000 -6.68903e-03 6.76378e-02 0.00000e+00
17.520000 -5.98746e-03 7.04142e-02 0.00000e+00
17.530000 -5.27163e-03 7.28365e-02 0.00000e+00
17.540000 -4.52848e-03 7.48596e-02 0.00000e+00
17.550000 -3.76144e-03 7.64818e-02 0.00000e+00
17.560000 -2.97624e-03 7.77788e-02 0.00000e+00
17.570000 -2.15085e-03 7.86993e-02 0.00000e+00
17.580000 -1.36093e-03 7.93698e-02 0.00000e+00
17.590000 -5.63379e-04 7.97071e-02 0.00000e+00
17.600000 2.57507e-04 7.95272e-02 0.00000e+00
17.610000 1.05878e-03 7.90692e-02 0.00000e+00
17.620000 1.87953e-03 7.83651e-02 0.00000e+00
17.630000 2.65153e-03 7.72622e-02 0.00000e+00
17.640000 3.43129e-03 7.58438e-02 0.00000e+00
17.650000 4.19003e-03 7.41218e-02 0.00000e+00
17.660000 4.89369e-03 7.20481e-02 0.00000e+00
17.670000 5.60459e-03 6.96628e-02 0.00000e+00
17.680000 6.27401e-03 6.70803e-02 0.00000e+00
17.690000 6.91585e-03 6.43110e-02 0.00000e+00
17.700000 7.54311e-03 6.12129e-02 0.00000e+00
17.710000 8.13166e-03 5.78915e-02 0.00000e+00
17.720000 8.68369e-03 5.44851e-02 0.00000e+00
17.730000 9.21134e-03 5.09301e-02 0.00000e+00
17.740000 9.70770e-03 4.72810e-02 0.00000e+00
17.750000 1.01857e-02 4.34861e-02 0.00000e+00
17.760000 1.05966e-02 3.94480e-02 0.00000e+00
17.770000 1.09941e-02 3.54122e-02 0.00000e+00
17.780000 1.13481e-02 3.13563e-02 0.00000e+00
17.790000 1.16291e-02 2.72822e-02 0.00000e+00
17.800000 1.18750e-02 2.31672e-02 0.00000e+00
17.810000 1.20738e-02 1.89290e-02 0.00000e+00
17.820000 1.22338e-02 1.47081e-02 0.00000e+00
17.830000 1.23420e-02 1.03119e-02 0.00000e+00
17.840000 1.24190e-02 5.84223e-03 0.00000e+00
17.850000 1.24568e-02 1.41761e-03 0.00000e+00
17.860000 1.24379e-02 -3.06792e-03 0.00000e+00
17.870000 1.23797e-02 -7.50910e-03 0.00000e+00
17.880000 1.23084e-02 -1.19686e-02 0.00000e+00
17.890000 1.21720e-02 -1.64938e-02 0.00000e+00
17.900000 1.19801e-02 -2.08884e-02 0.00000e+00
17.910000 1.17574e-02 -2.51078e-02 0.00000e+00
17.920000 1.14938e-02 -2.91334e-02 0.00000e+00
17.930000 1.11911e-02 -3.30120e-02 0.00000e+00
17.940000 1.08733e-02 -3.67527e-02 0.00000e+00
17.950000 1.04767e-02 -4.03211e-02 0.00000e+00
17.960000 1.00642e-02 -4.38179e-02 0.00000e+00
17.970000 9.58266e-03 -4.72062e-02 0.00000e+00
17.980000 9.07807e-03 -5.04788e-02 0.00000e+00
17.990000 8.54184e-03 -5.35582e-02 0.00000e+00
18.000000 7.96106e-03 -5.65011e-02 0.00000e+00
18.010000 7.38965e-03 -5.92935e-02 0.00000e+00
18.020000 6.76892e-03 -6.17435e-02 0.00000e+00
18.030000 6.13200e-03 -6.39385e-02 0.00000e+00
18.040000 5.47348e-03 -6.59724e-02 0.00000e+00
18.050000 4.79177e-03 -6.76911e-02 0.00000e+00
18.060000 4.12804e-03 -6.91251e-02 0.00000e+00
18.070000 3.46654e-03 -7.03708e-02 0.00000e+00
18.080000 2.76473e-03 -7.13573e-02 0.00000e+00
18.090000 2.06145e-03 -7.20115e-02 0.00000e+00
18.100000 1.32954e-03 -7.24186e-02 0.00000e+00
18.110000 5.93010e-04 -7.25086e-02 0.00000e+00
18.120000 -1.55438e-04 -7.23639e-02 0.00000e+00
18.130000 -8.84272e-04 -7.20608e-02 0.00000e+00
18.140000 -1.62410e-03 -7.15720e-02 0.00000e+00
18.150000 -2.34903e-03 -7.09442e-02 0.00000e+00
18.160000 -3.05125e-03 -6.99823e-02 0.00000e+00
18.170000 -3.76458e-03 -6.87899e-02 0.00000e+00
18.180000 -4.42182e-03 -6.73674e-02 0.00000e+00
18.190000 -5.07181e-03 -6.56905e-02 0.00000e+00
18.200000 -5.73059e-03 -6.38667e-02 0.00000e+00
18.210000 -6.36592e-03 -6.18836e-02 0.00000e+00
18.220000 -6.96148e-03 -5.97796e-02 0.00000e+00
18.230000 -7.54778e-03 -5.73504e-02 0.00000e+00
18.240000 -8.09332e-03 -5.44824e-02 0.00000e+00
18.250000 -8.62576e-03 -5.15151e-02 0.00000e+00
18.260000 -9.11823e-03 -4.84236e-02 0.00000e+00
18.270000 -9.61689e-03 -4.51374e-02 0.00000e+00
18.280000 -1.00436e-02 -4.17754e-02 0.00000e+00
18.290000 -1.04780e-02 -3.83393e-02 0.00000e+00
18.300000 -1.08409e-02 -3.47587e-02 0.00000e+00
18.310000 -1.11798e-02 -3.10356e-02 0.00000e+00
18.320000 -1.14507e-02 -2.72211e-02 0.00000e+00
18.330000 -1.16848e-02 -2.32250e-02 0.00000e+00
18.340000 -1.19114e-02 -1.91770e-02 0.00000e+00
18.350000 -1.20884e-02 -1.49953e-02 0.00000e+00
18.360000 -1.22230e-02 -1.06215e-02 0.00000e+00
18.370000 -1.23244e-02 -6.32535e-03 0.00000e+00
18.380000 -1.23658e-02 -2.01890e-03 0.00000e+00
18.390000 -1.23557e-02 2.48089e-03 0.00000e+00
18.400000 -1.22736e-02 7.01302e-03 0.00000e+00
18.410000 -1.21987e-02 1.15585e-02 0.00000e+00
18.420000 -1.20880e-02 1.60594e-02 0.00000e+00
18.430000 -1.18911e-02 2.04835e-02 0.00000e+00
18.440000 -1.16809e-02 2.48104e-02 0.00000e+00
18.450000 -1.14221e-02 2.90452e-02 0.00000e+00
18.460000 -1.11154e-02 3.31449e-02 0.00000e+00
18.470000 -1.07547e-02 3.70733e-02 0.00000e+00
18.480000 -1.03643e-02 4.08845e-02 0.00000e+00
18.490000 -9.92935e-03 4.46115e-02 0.00000e+00
18.500000 -9.45940e-03 4.82706e-02 0.00000e+00
18.510000 -8.96600e-03 5.16095e-02 0.00000e+00
18.520000 -8.41559e-03 5.46517e-02 0.00000e+00
18.530000 -7.85758e-03 5.74684e-02 0.00000e+00
18.540000 -7.26019e-03 5.99787e-02 0.00000e+00
18.550000 -6.60618e-03 6.22343e-02 0.00000e+00
18.560000 -5.95578e-03 6.43095e-02 0.00000e+00
18.570000 -5.30970e-03 6.62777e-02 0.00000e+00
18.580000 -4.62879e-03 6.79145e-02 0.00000e+00
18.590000 -3.96177e-03 6.90925e-02 0.00000e+00
18.600000 -3.24701e-03 7.01122e-02 0.00000e+00
18.610000 -2.54731e-03 7.08001e-02 0.00000e+00
18.620000 -1.83236e-03 7.11040e-02 0.00000e+00
18.630000 -1.12689e-03 7.12056e-02 0.00000e+00
18.640000 -4.05790e-04 7.10839e-02 0.00000e+00
18.650000 3.04964e-04 7.07314e-02 0.00000e+00
18.660000 1.02498e-03 7.01021e-02 0.00000e+00
18.670000 1.70290e-03 6.91817e-02 0.00000e+00
18.680000 2.38003e-03 6.79514e-02 0.00000e+00
18.690000 3.05591e-03 6.64914e-02 0.00000e+00
18.700000 3.71503e-03 6.48539e-02 0.00000e+00
18.710000 4.36104e-03 6.30585e-02 0.00000e+00
18.720000 5.00204e-03 6.12081e-02 0.00000e+00
18.730000 5.61569e-03 5.91505e-02 0.00000e+00
18.740000 6.20240e-03 5.67357e-02 0.00000e+00
18.750000 6.73355e-03 5.41872e-02 0.00000e+00
18.760000 7.27495e-03 5.14440e-02 0.00000e+00
18.770000 7.77055e-03 4.84968e-02 0.00000e+00
18.780000 8.21992e-03 4.54486e-02 0.00000e+00
18.790000 8.68531e-03 4.22661e-02 0.00000e+00
18.800000 9.09573e-03 3.89863e-02 0.00000e+00
18.810000 9.47011e-03 3.56059e-02 0.00000e+00
18.820000 9.80581e-03 3.21381e-02 0.00000e+00
18.830000 1.00935e-02 2.85750e-02 0.00000e+00
18.840000 1.03561e-02 2.48670e-02 0.00000e+00
18.850000 1.05910e-02 2.10875e-02 0.00000e+00
18.860000 1.07996e-02 1.73806e-02 0.00000e+00
18.870000 1.09778e-02 1.36888e-02 0.00000e+00
18.880000 1.11007e-02 9.96875e-03 0.00000e+00
18.890000 1.11674e-02 6.27793e-03 0.00000e+00
18.900000 1.11855e-02 2.64208e-03 0.00000e+00
18.910000 1.11914e-02 -1.04457e-03 0.00000e+00
18.920000 1.11704e-02 -4.77055e-03 0.00000e+00
18.930000 1.10769e-02 -8.36140e-03 0.00000e+00
18.940000 1.09811e-02 -1.19013e-02 0.00000e+00
18.950000 1.08462e-02 -1.54969e-02 0.00000e+00
18.960000 1.06801e-02 -1.88765e-02 0.00000e+00
18.970000 1.04695e-02 -2.21090e-02 0.00000e+00
18.980000 1.02240e-02 -2.53936e-02 0.00000e+00
18.990000 9.94762e-03 -2.85796e-02 0.00000e+00
19.000000 9.64509e-03 -3.16358e-02 0.00000e+00
19.010000 9.32835e-03 -3.46404e-02 0.00000e+00
19.020000 8.99516e-03 -3.74829e-02 0.00000e+00
19.030000 8.61237e-03 -4.00802e-02 0.00000e+00
19.040000 8.19300e-03 -4.25057e-02 0.00000e+00
19.050000 7.74530e-03 -4.47980e-02 0.00000e+00
19.060000 7.28291e-03 -4.69371e-02 0.00000e+00
19.070000 6.79455e-03 -4.89947e-02 0.00000e+00
19.080000 6.28158e-03 -5.08926e-02 0.00000e+00
19.090000 5.78574e-03 -5.24924e-02 0.00000e+00
19.100000 5.24292e-03 -5.40215e-02 0.00000e+00
19.110000 4.67620e-03 -5.53487e-02 0.00000e+00
19.120000 4.12378e-03 -5.63371e-02 0.00000e+00
19.130000 3.55560e-03 -5.71290e-02 0.00000e+00
19.140000 2.94565e-03 -5.77919e-02 0.00000e+00
19.150000 2.35596e-03 -5.84092e-02 0.00000e+00
19.160000 1.78198e-03 -5.88344e-02 0.00000e+00
19.170000 1.18729e-03 -5.90560e-02 0.00000e+00
19.180000 5.84628e-04 -5.89961e-02 0.00000e+00
19.190000 1.79353e-05 -5.85740e-02 0.00000e+00
19.200000 -5.71692e-04 -5.79757e-02 0.00000e+00
19.210000 -1.15379e-03 -5.73129e-02 0.00000e+00
19.220000 -1.71527e-03 -5.66475e-02 0.00000e+00
19.230000 -2.26735e-03 -5.58105e-02 0.00000e+00
19.240000 -2.83567e-03 -5.47248e-02 0.00000e+00
19.250000 -3.36126e-03 -5.35654e-02 0.00000e+00
19.260000 -3.89042e-03 -5.21860e-02 0.00000e+00
19.270000 -4.40945e-03 -5.06231e-02 0.00000e+00
19.280000 -4.88092e-03 -4.90602e-02 0.00000e+00
19.290000 -5.37739e-03 -4.73454e-02 0.00000e+00
19.300000 -5.85817e-03 -4.54751e-02 0.00000e+00
19.310000 -6.32853e-03 -4.36032e-02 0.00000e+00
19.320000 -6.75624e-03 -4.16891e-02 0.00000e+00
19.330000 -7.13096e-03 -3.95225e-02 0.00000e+00
19.340000 -7.51214e-03 -3.72118e-02 0.00000e+00
19.350000 -7.83683e-03 -3.49315e-02 0.00000e+00
19.360000 -8.18766e-03 -3.24021e-02 0.00000e+00
19.370000 -8.51488e-03 -2.96961e-02 0.00000e+00
19.380000 -8.82556e-03 -2.70134e-02 0.00000e+00
19.390000 -9.08910e-03 -2.41454e-02 0.00000e+00
19.400000 -9.28625e-03 -2.11057e-02 0.00000e+00
19.410000 -9.48990e-03 -1.80939e-02 0.00000e+00
19.420000 -9.66956e-03 -1.49794e-02 0.00000e+00
19.430000 -9.79301e-03 -1.17367e-02 0.00000e+00
19.440000 -9.91741e-03 -8.53920e-03 0.00000e+00
19.450000 -9.99432e-03 -5.17475e-03 0.00000e+00
19.460000 -1.00380e-02 -1.75756e-03 0.00000e+00
19.470000 -1.00501e-02 1.59040e-03 0.00000e+00
19.480000 -1.00220e-02 4.92219e-03 0.00000e+00
19.490000 -9.95210e-03 8.23355e-03 0.00000e+00
19.500000 -9.83191e-03 1.17000e-02 0.00000e+00
19.510000 -9.70991e-03 1.51265e-02 0.00000e+00
19.520000 -9.53098e-03 1.85682e-02 0.00000e+00
19.530000 -9.29781e-03 2.19740e-02 0.00000e+00
19.540000 -9.08608e-03 2.51768e-02 0.00000e+00
19.550000 -8.81135e-03 2.82769e-02 0.00000e+00
19.560000 -8.50109e-03 3.13049e-02 0.00000e+00
19.570000 -8.18813e-03 3.44198e-02 0.00000e+00
19.580000 -7.84131e-03 3.73678e-02 0.00000e+00
19.590000 -7.44456e-03 3.99481e-02 0.00000e+00
19.600000 -7.05001e-03 4.23485e-02 0.00000e+00
19.610000 -6.61338e-03 4.45961e-02 0.00000e+00
19.620000 -6.13843e-03 4.65856e-02 0.00000e+00
19.630000 -5.67600e-03 4.83225e-02 0.00000e+00
19.640000 -5.16926e-03 4.98171e-02 0.00000e+00
19.650000 -4.67037e-03 5.10860e-02 0.00000e+00
19.660000 -4.13717e-03 5.21328e-02 0.00000e+00
19.670000 -3.59376e-03 5.30123e-02 0.00000e+00
19.680000 -3.05914e-03 5.36099e-02 0.00000e+00
19.690000 -2.47790e-03 5.39120e-02 0.00000e+00
19.700000 -1.93798e-03 5.41096e-02 0.00000e+00
19.710000 -1.36642e-03 5.40395e-02 0.00000e+00
19.720000 -8.16716e-04 5.36998e-02 0.00000e+00
19.730000 -2.64423e-04 5.31981e-02 0.00000e+00
19.740000 2.54869e-04 5.24613e-02 0.00000e+00
19.750000 7.37157e-04 5.14982e-02 0.00000e+00
19.760000 1.23874e-03 5.03957e-02 0.00000e+00
19.770000 1.74293e-03 4.91125e-02 0.00000e+00
19.780000 2.23534e-03 4.76613e-02 0.00000e+00
19.790000 2.68145e-03 4.61303e-02 0.00000e+00
19.800000 3.13756e-03 4.44490e-02 0.00000e+00
19.810000 3.57241e-03 4.27382e-02 0.00000e+00
19.820000 3.99436e-03 4.10051e-02 0.00000e+00
19.830000 4.38838e-03 3.91752e-02 0.00000e+00
19.840000 4.77617e-03 3.73226e-02 0.00000e+00
19.850000 5.12281e-03 3.54249e-02 0.00000e+00
19.860000 5.47626e-03 3.35714e-02 0.00000e+00
19.870000 5.80206e-03 3.17404e-02 0.00000e+00
19.880000 6.10679e-03 2.98810e-02 0.00000e+00
19.890000 6.38408e-03 2.80468e-02 0.00000e+00
19.900000 6.64527e-03 2.62311e-02 0.00000e+00
19.910000 6.89509e-03 2.42759e-02 0.00000e+00
19.920000 7.11300e-03 2.20586e-02 0.00000e+00
19.930000 7.31376e-03 1.97420e-02 0.00000e+00
19.940000 7.49911e-03 1.75026e-02 0.00000e+00
19.950000 7.66524e-03 1.53279e-02 0.00000e+00
19.960000 7.81139e-03 1.30216e-02 0.00000e+00
19.970000 7.95479e-03 1.06275e-02 0.00000e+00
19.980000 8.07429e-03 8.23285e-03 0.00000e+00
19.990000 8.14644e-03 5.84608e-03 0.00000e+00
20.000000 8.19868e-03 3.46798e-03 0.00000e+00
20.010000 8.23688e-03 1.08690e-03 0.00000e+00
20.020000 8.25461e-03 -1.30616e-03 0.00000e+00
20.030000 8.23564e-03 -3.71936e-03 0.00000e+00
20.040000 8.19845e-03 -6.10910e-03 0.00000e+00
20.050000 8.10952e-03 -8.47727e-03 0.00000e+00
20.060000 8.01207e-03 -1.08561e-02 0.00000e+00
20.070000 7.86121e-03 -1.32966e-02 0.00000e+00
20.080000 7.67554e-03 -1.56556e-02 0.00000e+00
20.090000 7.49843e-03 -1.79665e-02 0.00000e+00
20.100000 7.30830e-03 -2.02510e-02 0.00000e+00
20.110000 7.10984e-03 -2.24294e-02 0.00000e+00
20.120000 6.86887e-03 -2.45372e-02 0.00000e+00
20.130000 6.60267e-03 -2.65208e-02 0.00000e+00
20.140000 6.33782e-03 -2.83092e-02 0.00000e+00
20.150000 6.05377e-03 -2.99249e-02 0.00000e+00
20.160000 5.76682e-03 -3.15144e-02 0.00000e+00
20.170000 5.44230e-03 -3.30582e-02 0.00000e+00
20.180000 5.10864e-03 -3.44389e-02 0.00000e+00
20.190000 4.75147e-03 -3.56707e-02 0.00000e+00
20.200000 4.37818e-03 -3.68149e-02 0.00000e+00
20.210000 4.00204e-03 -3.78134e-02 0.00000e+00
20.220000 3.61402e-03 -3.88066e-02 0.00000e+00
20.230000 3.20259e-03 -3.96893e-02 0.00000e+00
20.240000 2.79621e-03 -4.04552e-02 0.00000e+00
20.250000 2.40482e-03 -4.12806e-02 0.00000e+00
20.260000 1.98030e-03 -4.19839e-02 0.00000e+00
20.270000 1.57764e-03 -4.24714e-02 0.00000e+00
20.280000 1.15235e-03 -4.27193e-02 0.00000e+00
20.290000 7.34898e-04 -4.29045e-02 0.00000e+00
20.300000 3.18951e-04 -4.30116e-02 0.00000e+00
20.310000 -1.10216e-04 -4.29189e-02 0.00000e+00
20.320000 -5.49214e-04 -4.26435e-02 0.00000e+00
20.330000 -9.87731e-04 -4.21659e-02 0.00000e+00
20.340000 -1.40673e-03 -4.15522e-02 0.00000e+00
20.350000 -1.82765e-03 -4.08586e-02 0.00000e+00
20.360000 -2.24610e-03 -4.00644e-02 0.00000e+00
20.370000 -2.65315e-03 -3.92257e-02 0.00000e+00
20.380000 -3.04489e-03 -3.82503e-02 0.00000e+00
20.390000 -3.44864e-03 -3.71090e-02 0.00000e+00
20.400000 -3.78442e-03 -3.59502e-02 0.00000e+00
20.410000 -4.16909e-03 -3.46769e-02 0.00000e+00
20.420000 -4.49497e-03 -3.31762e-02 0.00000e+00
20.430000 -4.81804e-03 -3.15358e-02 0.00000e+00
20.440000 -5.10071e-03 -2.97775e-02 0.00000e+00
20.450000 -5.39196e-03 -2.79276e-02 0.00000e+00
20.460000 -5.66516e-03 -2.59765e-02 0.00000e+00
20.470000 -5.89124e-03 -2.39120e-02 0.00000e+00
20.480000 -6.12433e-03 -2.18762e-02 0.00000e+00
20.490000 -6.32759e-03 -1.98590e-02 0.00000e+00
20.500000 -6.52272e-03 -1.77064e-02 0.00000e+00
20.510000 -6.70043e-03 -1.54396e-02 0.00000e+00
20.520000 -6.86136e-03 -1.32383e-02 0.00000e+00
20.530000 -6.99020e-03 -1.10886e-02 0.00000e+00
20.540000 -7.10086e-03 -8.88165e-03 0.00000e+00
20.550000 -7.16120e-03 -6.68298e-03 0.00000e+00
20.560000 -7.22663e-03 -4.51152e-03 0.00000e+00
20.570000 -7.25495e-03 -2.14379e-03 0.00000e+00
20.580000 -7.24267e-03 1.71008e-04 0.00000e+00
20.590000 -7.22382e-03 2.37799e-03 0.00000e+00
20.600000 -7.18066e-03 4.61302e-03 0.00000e+00
20.610000 -7.13390e-03 6.82882e-03 0.00000e+00
20.620000 -7.05589e-03 9.02855e-03 0.00000e+00
20.630000 -6.95620e-03 1.11206e-02 0.00000e+00
20.640000 -6.85090e-03 1.32519e-02 0.00000e+00
20.650000 -6.71411e-03 1.53384e-02 0.00000e+00
20.660000 -6.52805e-03 1.73214e-02 0.00000e+00
20.670000 -6.33027e-03 1.92409e-02 0.00000e+00
20.680000 -6.15919e-03 2.10649e-02 0.00000e+00
20.690000 -5.95754e-03 2.27442e-02 0.00000e+00
20.700000 -5.70425e-03 2.43275e-02 0.00000e+00
20.710000 -5.44199e-03 2.58387e-02 0.00000e+00
20.720000 -5.17455e-03 2.72560e-02 0.00000e+00
20.730000 -4.86200e-03 2.85841e-02 0.00000e+00
20.740000 -4.56582e-03 2.98127e-02 0.00000e+00
20.750000 -4.29099e-03 3.10269e-02 0.00000e+00
20.760000 -3.96596e-03 3.21521e-02 0.00000e+00
20.770000 -3.65398e-03 3.31312e-02 0.00000e+00
20.780000 -3.30622e-03 3.39109e-02 0.00000e+00
20.790000 -2.96732e-03 3.46107e-02 0.00000e+00
20.800000 -2.61074e-03 3.52971e-02 0.00000e+00
20.810000 -2.25394e-03 3.57511e-02 0.00000e+00
20.820000 -1.89963e-03 3.60145e-02 0.00000e+00
20.830000 -1.53531e-03 3.62461e-02 0.00000e+00
20.840000 -1.17128e-03 3.64391e-02 0.00000e+00
20.850000 -8.09897e-04 3.63447e-02 0.00000e+00
20.860000 -4.57837e-04 3.59668e-02 0.00000e+00
20.870000 -8.63825e-05 3.55738e-02 0.00000e+00
20.880000 2.63583e-04 3.51720e-02 0.00000e+00
20.890000 6.18253e-04 3.45855e-02 0.00000e+00
20.900000 9.80652e-04 3.39976e-02 0.00000e+00
20.910000 1.32432e-03 3.33351e-02 0.00000e+00
20.920000 1.65916e-03 3.23837e-02 0.00000e+00
20.930000 1.97714e-03 3.13978e-02 0.00000e+00
20.940000 2.29040e-03 3.02806e-02 0.00000e+00
20.950000 2.59303e-03 2.91096e-02 0.00000e+00
20.960000 2.91041e-03 2.79864e-02 0.00000e+00
20.970000 3.16259e-03 2.67511e-02 0.00000e+00
20.980000 3.40400e-03 2.54324e-02 0.00000e+00
20.990000 3.65062e-03 2.41011e-02 0.00000e+00
21.000000 3.87887e-03 2.27273e-02 0.00000e+00
21.010000 4.08834e-03 2.13383e-02 0.00000e+00
21.020000 4.26894e-03 1.99664e-02 0.00000e+00
21.030000 4.46829e-03 1.85245e-02 0.00000e+00
21.040000 4.65318e-03 1.71081e-02 0.00000e+00
21.050000 4.81873e-03 1.56583e-02 0.00000e+00
21.060000 4.95582e-03 1.41592e-02 0.00000e+00
21.070000 5.11477e-03 1.27972e-02 0.00000e+00
21.080000 5.20147e-03 1.14463e-02 0.00000e+00
21.090000 5.32714e-03 9.99689e-03 0.00000e+00
21.100000 5.41365e-03 8.56090e-03 0.00000e+00
21.110000 5.48476e-03 7.16281e-03 0.00000e+00
21.120000 5.57986e-03 5.85349e-03 0.00000e+00
21.130000 5.62262e-03 4.66821e-03 0.00000e+00
21.140000 5.64809e-03 3.39318e-03 0.00000e+00
21.150000 5.68105e-03 1.94475e-03 0.00000e+00
21.160000 5.70500e-03 4.40116e-04 0.00000e+00
21.170000 5.68929e-03 -1.05154e-03 0.00000e+00
21.180000 5.69012e-03 -2.49099e-03 0.00000e+00
21.190000 5.64817e-03 -3.97583e-03 0.00000e+00
21.200000 5.59773e-03 -5.51533e-03 0.00000e+00
21.210000 5.53685e-03 -7.00734e-03 0.00000e+00
21.220000 5.45076e-03 -8.37228e-03 0.00000e+00
21.230000 5.37779e-03 -9.76362e-03 0.00000e+00
21.240000 5.28062e-03 -1.11295e-02 0.00000e+00
21.250000 5.14222e-03 -1.25395e-02 0.00000e+00
21.260000 5.01686e-03 -1.40399e-02 0.00000e+00
21.270000 4.89279e-03 -1.54679e-02 0.00000e+00
21.280000 4.73701e-03 -1.69313e-02 0.00000e+00
21.290000 4.57386e-03 -1.82499e-02 0.00000e+00
21.300000 4.35775e-03 -1.95531e-02 0.00000e+00
21.310000 4.13491e-03 -2.09776e-02 0.00000e+00
21.320000 3.90344e-03 -2.23211e-02 0.00000e+00
21.330000 3.67399e-03 -2.35175e-02 0.00000e+00
21.340000 3.45714e-03 -2.47158e-02 0.00000e+00
21.350000 3.21555e-03 -2.58290e-02 0.00000e+00
21.360000 2.94274e-03 -2.68384e-02 0.00000e+00
21.370000 2.67104e-03 -2.78497e-02 0.00000e+00
21.380000 2.41503e-03 -2.87560e-02 0.00000e+00
21.390000 2.14358e-03 -2.96094e-02 0.00000e+00
21.400000 1.81295e-03 -3.03372e-02 0.00000e+00
21.410000 1.51316e-03 -3.09315e-02 0.00000e+00
21.420000 1.17348e-03 -3.14852e-02 0.00000e+00
21.430000 8.56463e-04 -3.18448e-02 0.00000e+00
21.440000 5.41908e-04 -3.18976e-02 0.00000e+00
21.450000 2.19591e-04 -3.17580e-02 0.00000e+00
21.460000 -1.00278e-04 -3.15205e-02 0.00000e+00
21.470000 -4.45716e-04 -3.13363e-02 0.00000e+00
21.480000 -7.57210e-04 -3.10884e-02 0.00000e+00
21.490000 -1.06697e-03 -3.06782e-02 0.00000e+00
21.500000 -1.37055e-03 -3.01549e-02 0.00000e+00
21.510000 -1.68484e-03 -2.93611e-02 0.00000e+00
21.520000 -1.96461e-03 -2.84301e-02 0.00000e+00
21.530000 -2.26483e-03 -2.74991e-02 0.00000e+00
21.540000 -2.53712e-03 -2.64750e-02 0.00000e+00
21.550000 -2.80226e-03 -2.52574e-02 0.00000e+00
21.560000 -3.05108e-03 -2.38485e-02 0.00000e+00
21.570000 -3.27767e-03 -2.25701e-02 0.00000e+00
21.580000 -3.48872e-03 -2.12905e-02 0.00000e+00
21.590000 -3.66664e-03 -1.99083e-02 0.00000e+00
21.600000 -3.83461e-03 -1.86151e-02 0.00000e+00
21.610000 -4.00807e-03 -1.71353e-02 0.00000e+00
21.620000 -4.18212e-03 -1.55846e-02 0.00000e+00
21.630000 -4.35494e-03 -1.41131e-02 0.00000e+00
21.640000 -4.49752e-03 -1.26695e-02 0.00000e+00
21.650000 -4.58813e-03 -1.12183e-02 0.00000e+00
21.660000 -4.70634e-03 -9.73038e-03 0.00000e+00
21.670000 -4.78275e-03 -8.26741e-03 0.00000e+00
21.680000 -4.85393e-03 -6.83931e-03 0.00000e+00
21.690000 -4.93249e-03 -5.37829e-03 0.00000e+00
21.700000 -4.97101e-03 -3.93827e-03 0.00000e+00
21.710000 -5.00088e-03 -2.55353e-03 0.00000e+00
21.720000 -5.01744e-03 -1.22598e-03 0.00000e+00
21.730000 -5.02910e-03 7.65227e-05 0.00000e+00
21.740000 -5.04617e-03 1.45660e-03 0.00000e+00
21.750000 -4.99400e-03 2.86839e-03 0.00000e+00
21.760000 -4.97230e-03 4.38091e-03 0.00000e+00
21.770000 -4.92018e-03 5.94548e-03 0.00000e+00
21.780000 -4.82271e-03 7.36884e-03 0.00000e+00
21.790000 -4.78288e-03 8.64976e-03 0.00000e+00
21.800000 -4.68617e-03 9.85582e-03 0.00000e+00
21.810000 -4.58274e-03 1.09556e-02 0.00000e+00
21.820000 -4.47045e-03 1.21883e-02 0.00000e+00
21.830000 -4.34786e-03 1.34311e-02 0.00000e+00
21.840000 -4.20353e-03 1.44870e-02 0.00000e+00
21.850000 -4.04698e-03 1.55295e-02 0.00000e+00
21.860000 -3.88332e-03 1.64735e-02 0.00000e+00
21.870000 -3.71918e-03 1.73766e-02 0.00000e+00
21.880000 -3.53884e-03 1.82280e-02 0.00000e+00
21.890000 -3.35561e-03 1.89093e-02 0.00000e+00
21.900000 -3.12731e-03 1.95683e-02 0.00000e+00
21.910000 -2.91937e-03 2.01338e-02 0.00000e+00
21.920000 -2.70373e-03 2.06876e-02 0.00000e+00
21.930000 -2.49316e-03 2.11853e-02 0.00000e+00
21.940000 -2.30057e-03 2.15172e-02 0.00000e+00
21.950000 -2.10074e-03 2.19450e-02 0.00000e+00
21.960000 -1.86931e-03 2.22367e-02 0.00000e+00
21.970000 -1.64430e-03 2.23849e-02 0.00000e+00
21.980000 -1.42409e-03 2.25323e-02 0.00000e+00
21.990000 -1.17081e-03 2.25646e-02 0.00000e+00
22.000000 -9.79016e-04 2.24971e-02 0.00000e+00
22.010000 -7.59840e-04 2.24092e-02 0.00000e+00
22.020000 -5.24380e-04 2.23670e-02 0.00000e+00
22.030000 -3.04559e-04 2.22567e-02 0.00000e+00
22.040000 -8.36425e-05 2.20053e-02 0.00000e+00
22.050000 1.20123e-04 2.17400e-02 0.00000e+00
22.060000 3.47525e-04 2.14955e-02 0.00000e+00
22.070000 5.94799e-04 2.14326e-02 0.00000e+00
22.080000 7.92860e-04 2.14536e-02 0.00000e+00
22.090000 1.01155e-03 2.13249e-02 0.00000e+00
22.100000 1.20453e-03 2.11300e-02 0.00000e+00
22.110000 1.42106e-03 2.07472e-02 0.00000e+00
22.120000 1.62520e-03 2.02739e-02 0.00000e+00
22.130000 1.80970e-03 1.99435e-02 0.00000e+00
22.140000 1.99971e-03 1.96072e-02 0.00000e+00
22.150000 2.17620e-03 1.91074e-02 0.00000e+00
22.160000 2.35959e-03 1.86570e-02 0.00000e+00
22.170000 2.54311e-03 1.80690e-02 0.00000e+00
22.180000 2.73469e-03 1.72670e-02 0.00000e+00
22.190000 2.90705e-03 1.65961e-02 0.00000e+00
22.200000 3.05946e-03 1.58751e-02 0.00000e+00
22.210000 3.23237e-03 1.49919e-02 0.00000e+00
22.220000 3.41567e-03 1.40344e-02 0.00000e+00
22.230000 3.57511e-03 1.30558e-02 0.00000e+00
22.240000 3.73047e-03 1.21237e-02 0.00000e+00
22.250000 3.81169e-03 1.10509e-02 0.00000e+00
22.260000 3.90388e-03 9.91640e-03 0.00000e+00
22.270000 3.99037e-03 8.80158e-03 0.00000e+00
22.280000 4.06549e-03 7.62802e-03 0.00000e+00
22.290000 4.16642e-03 6.41159e-03 0.00000e+00
22.300000 4.22139e-03 5.10833e-03 0.00000e+00
22.310000 4.23639e-03 3.69822e-03 0.00000e+00
22.320000 4.25885e-03 2.24053e-03 0.00000e+00
22.330000 4.28342e-03 8.22723e-04 0.00000e+00
22.340000 4.26008e-03 -6.04507e-04 0.00000e+00
22.350000 4.26749e-03 -2.01993e-03 0.00000e+00
22.360000 4.25421e-03 -3.38958e-03 0.00000e+00
22.370000 4.18894e-03 -4.77044e-03 0.00000e+00
22.380000 4.14397e-03 -6.08925e-03 0.00000e+00
22.390000 4.08772e-03 -7.21152e-03 0.00000e+00
22.400000 4.01067e-03 -8.23698e-03 0.00000e+00
22.410000 3.91842e-03 -9.27103e-03 0.00000e+00
22.420000 3.81962e-03 -1.04261e-02 0.00000e+00
22.430000 3.72959e-03 -1.16789e-02 0.00000e+00
22.440000 3.59428e-03 -1.28373e-02 0.00000e+00
22.450000 3.44580e-03 -1.39174e-02 0.00000e+00
22.460000 3.29033e-03 -1.48388e-02 0.00000e+00
22.470000 3.13697e-03 -1.56793e-02 0.00000e+00
22.480000 2.95875e-03 -1.66610e-02 0.00000e+00
22.490000 2.81274e-03 -1.75629e-02 0.00000e+00
22.500000 2.62903e-03 -1.82732e-02 0.00000e+00
22.510000 2.44090e-03 -1.90107e-02 0.00000e+00
22.520000 2.25756e-03 -1.96379e-02 0.00000e+00
22.530000 2.07632e-03 -2.00884e-02 0.00000e+00
22.540000 1.87478e-03 -2.06188e-02 0.00000e+00
22.550000 1.67322e-03 -2.11537e-02 0.00000e+00
22.560000 1.45878e-03 -2.15320e-02 0.00000e+00
22.570000 1.22208e-03 -2.17586e-02 0.00000e+00
22.580000 9.81136e-04 -2.19023e-02 0.00000e+00
22.590000 7.57831e-04 -2.19582e-02 0.00000e+00
22.600000 5.33954e-04 -2.18321e-02 0.00000e+00
22.610000 3.27828e-04 -2.16234e-02 0.00000e+00
22.620000 1.04841e-04 -2.14607e-02 0.00000e+00
22.630000 -1.08013e-04 -2.12587e-02 0.00000e+00
22.640000 -3.35655e-04 -2.10044e-02 0.00000e+00
22.650000 -5.42265e-04 -2.06944e-02 0.00000e+00
22.660000 -7.24965e-04 -2.02156e-02 0.00000e+00
22.670000 -9.39531e-04 -1.96412e-02 0.00000e+00
22.680000 -1.13974e-03 -1.90683e-02 0.00000e+00
22.690000 -1.32133e-03 -1.84326e-02 0.00000e+00
22.700000 -1.52156e-03 -1.76503e-02 0.00000e+00
22.710000 -1.70164e-03 -1.68450e-02 0.00000e+00
22.720000 -1.86109e-03 -1.60977e-02 0.00000e+00
22.730000 -1.99208e-03 -1.53406e-02 0.00000e+00
22.740000 -2.12603e-03 -1.46325e-02 0.00000e+00
22.750000 -2.26909e-03 -1.40123e-02 0.00000e+00
22.760000 -2.39503e-03 -1.33109e-02 0.00000e+00
22.770000 -2.52119e-03 -1.25159e-02 0.00000e+00
22.780000 -2.64962e-03 -1.16548e-02 0.00000e+00
22.790000 -2.77496e-03 -1.07345e-02 0.00000e+00
22.800000 -2.87381e-03 -9.90402e-03 0.00000e+00
22.810000 -2.97521e-03 -9.07383e-03 0.00000e+00
22.820000 -3.03752e-03 -8.20747e-03 0.00000e+00
22.830000 -3.12027e-03 -7.24530e-03 0.00000e+00
22.840000 -3.18983e-03 -6.33776e-03 0.00000e+00
22.850000 -3.26054e-03 -5.60841e-03 0.00000e+00
22.860000 -3.31594e-03 -4.82834e-03 0.00000e+00
22.870000 -3.36452e-03 -4.09641e-03 0.00000e+00
22.880000 -3.43195e-03 -3.44669e-03 0.00000e+00
22.890000 -3.46560e-03 -2.74906e-03 0.00000e+00
22.900000 -3.48371e-03 -1.92708e-03 0.00000e+00
22.910000 -3.49178e-03 -1.02314e-03 0.00000e+00
22.920000 -3.48538e-03 -2.48632e-04 0.00000e+00
22.930000 -3.44842e-03 5.00394e-04 0.00000e+00
22.940000 -3.43892e-03 1.35653e-03 0.00000e+00
22.950000 -3.40483e-03 2.14885e-03 0.00000e+00
22.960000 -3.38782e-03 2.84676e-03 0.00000e+00
22.970000 -3.36510e-03 3.56067e-03 0.00000e+00
22.980000 -3.30152e-03 4.27438e-03 0.00000e+00
22.990000 -3.27451e-03 5.12211e-03 0.00000e+00
23.000000 -3.22197e-03 5.93286e-03 0.00000e+00
23.010000 -3.19796e-03 6.69779e-03 0.00000e+00
23.020000 -3.13261e-03 7.51937e-03 0.00000e+00
23.030000 -3.04945e-03 8.26299e-03 0.00000e+00
23.040000 -2.97811e-03 9.00198e-03 0.00000e+00
23.050000 -2.87678e-03 9.61521e-03 0.00000e+00
23.060000 -2.77135e-03 1.01597e-02 0.00000e+00
23.070000 -2.65317e-03 1.07678e-02 0.00000e+00
23.080000 -2.55264e-03 1.13630e-02 0.00000e+00
23.090000 -2.44288e-03 1.19827e-02 0.00000e+00
23.100000 -2.29009e-03 1.27638e-02 0.00000e+00
23.110000 -2.15430e-03 1.35328e-02 0.00000e+00
23.120000 -2.03447e-03 1.42878e-02 0.00000e+00
23.130000 -1.88019e-03 1.50471e-02 0.00000e+00
23.140000 -1.72564e-03 1.56358e-02 0.00000e+00
23.150000 -1.55679e-03 1.62810e-02 0.00000e+00
23.160000 -1.38220e-03 1.68527e-02 0.00000e+00
23.170000 -1.24468e-03 1.72433e-02 0.00000e+00
23.180000 -1.04024e-03 1.75627e-02 0.00000e+00
23.190000 -8.95742e-04 1.78437e-02 0.00000e+00
23.200000 -7.23520e-04 1.81701e-02 0.00000e+00
23.210000 -5.51106e-04 1.84105e-02 0.00000e+00
23.220000 -3.74911e-04 1.85926e-02 0.00000e+00
23.230000 -1.78550e-04 1.86876e-02 0.00000e+00
23.240000 2.13755e-05 1.87417e-02 0.00000e+00
23.250000 2.19327e-04 1.87428e-02 0.00000e+00
23.260000 4.38780e-04 1.86153e-02 0.00000e+00
23.270000 6.41194e-04 1.85647e-02 0.00000e+00
23.280000 8.20253e-04 1.84441e-02 0.00000e+00
23.290000 1.01505e-03 1.80894e-02 0.00000e+00
23.300000 1.17204e-03 1.77694e-02 0.00000e+00
23.310000 1.33446e-03 1.74254e-02 0.00000e+00
23.320000 1.51505e-03 1.69655e-02 0.00000e+00
23.330000 1.65401e-03 1.64944e-02 0.00000e+00
23.340000 1.82820e-03 1.58321e-02 0.00000e+00
23.350000 1.99349e-03 1.52026e-02 0.00000e+00
23.360000 2.14554e-03 1.45241e-02 0.00000e+00
23.370000 2.27920e-03 1.36126e-02 0.00000e+00
23.380000 2.40611e-03 1.26103e-02 0.00000e+00
23.390000 2.52390e-03 1.15663e-02 0.00000e+00
23.400000 2.63129e-03 1.06117e-02 0.00000e+00
23.410000 2.76477e-03 9.65080e-03 0.00000e+00
23.420000 2.85587e-03 8.61704e-03 0.00000e+00
23.430000 2.95079e-03 7.65874e-03 0.00000e+00
23.440000 3.02561e-03 6.73650e-03 0.00000e+00
23.450000 3.06679e-03 5.69547e-03 0.00000e+00
23.460000 3.13452e-03 4.66124e-03 0.00000e+00
23.470000 3.18820e-03 3.55836e-03 0.00000e+00
23.480000 3.18770e-03 2.41008e-03 0.00000e+00
23.490000 3.21419e-03 1.39260e-03 0.00000e+00
23.500000 3.21700e-03 3.17219e-04 0.00000e+00
23.510000 3.20920e-03 -7.27580e-04 0.00000e+00
23.520000 3.20822e-03 -1.57449e-03 0.00000e+00
23.530000 3.15176e-03 -2.42155e-03 0.00000e+00
23.540000 3.11700e-03 -3.36564e-03 0.00000e+00
23.550000 3.07349e-03 -4.35974e-03 0.00000e+00
23.560000 3.05595e-03 -5.30985e-03 0.00000e+00
23.570000 2.99400e-03 -6.19706e-03 0.00000e+00
23.580000 2.91719e-03 -6.90278e-03 0.00000e+00
23.590000 2.84529e-03 -7.55787e-03 0.00000e+00
23.600000 2.77984e-03 -8.25466e-03 0.00000e+00
23.610000 2.67760e-03 -8.89117e-03 0.00000e+00
23.620000 2.59051e-03 -9.63433e-03 0.00000e+00
23.630000 2.49634e-03 -1.02803e-02 0.00000e+00
23.640000 2.39313e-03 -1.07398e-02 0.00000e+00
23.650000 2.30727e-03 -1.12248e-02 0.00000e+00
23.660000 2.19177e-03 -1.16464e-02 0.00000e+00
23.670000 2.06813e-03 -1.19736e-02 0.00000e+00
23.680000 1.96037e-03 -1.23071e-02 0.00000e+00
23.690000 1.82465e-03 -1.26018e-02 0.00000e+00
23.700000 1.66252e-03 -1.29142e-02 0.00000e+00
23.710000 1.51753e-03 -1.32572e-02 0.00000e+00
23.720000 1.38720e-03 -1.34887e-02 0.00000e+00
23.730000 1.26795e-03 -1.35211e-02 0.00000e+00
23.740000 1.13485e-03 -1.35100e-02 0.00000e+00
23.750000 1.00101e-03 -1.36498e-02 0.00000e+00
23.760000 8.34197e-04 -1.37290e-02 0.00000e+00
23.770000 6.98976e-04 -1.36265e-02 0.00000e+00
23.780000 5.55077e-04 -1.35654e-02 0.00000e+00
23.790000 4.21026e-04 -1.35348e-02 0.00000e+00
23.800000 3.21945e-04 -1.34332e-02 0.00000e+00
23.810000 1.88534e-04 -1.32757e-02 0.00000e+00
23.820000 7.22351e-05 -1.30389e-02 0.00000e+00
23.830000 -6.59287e-05 -1.28132e-02 0.00000e+00
23.840000 -1.98717e-04 -1.26510e-02 0.00000e+00
23.850000 -3.38340e-04 -1.24679e-02 0.00000e+00
23.860000 -4.62018e-04 -1.22819e-02 0.00000e+00
23.870000 -5.79639e-04 -1.22138e-02 0.00000e+00
23.880000 -7.00178e-04 -1.21841e-02 0.00000e+00
23.890000 -7.99529e-04 -1.20853e-02 0.00000e+00
23.900000 -9.19033e-04 -1.19150e-02 0.00000e+00
23.910000 -1.05150e-03 -1.17455e-02 0.00000e+00
23.920000 -1.16945e-03 -1.15879e-02 0.00000e+00
23.930000 -1.25204e-03 -1.14281e-02 0.00000e+00
23.940000 -1.37061e-03 -1.12174e-02 0.00000e+00
23.950000 -1.49326e-03 -1.09987e-02 0.00000e+00
23.960000 -1.59454e-03 -1.07574e-02 0.00000e+00
23.970000 -1.69755e-03 -1.03013e-02 0.00000e+00
23.980000 -1.79471e-03 -9.82448e-03 0.00000e+00
23.990000 -1.91334e-03 -9.38706e-03 0.00000e+00
24.000000 -2.01627e-03 -8.92271e-03 0.00000e+00
24.010000 -2.11796e-03 -8.54340e-03 0.00000e+00
24.020000 -2.20796e-03 -8.15064e-03 0.00000e+00
24.030000 -2.29080e-03 -7.66468e-03 0.00000e+00
24.040000 -2.37093e-03 -7.12287e-03 0.00000e+00
24.050000 -2.43726e-03 -6.58222e-03 0.00000e+00
24.060000 -2.49924e-03 -5.96760e-03 0.00000e+00
24.070000 -2.55104e-03 -5.31421e-03 0.00000e+00
24.080000 -2.59566e-03 -4.70723e-03 0.00000e+00
24.090000 -2.61761e-03 -4.10655e-03 0.00000e+00
24.100000 -2.63670e-03 -3.36259e-03 0.00000e+00
24.110000 -2.66685e-03 -2.55984e-03 0.00000e+00
24.120000 -2.69599e-03 -1.92044e-03 0.00000e+00
24.130000 -2.68914e-03 -1.23891e-03 0.00000e+00
24.140000 -2.70303e-03 -4.42457e-04 0.00000e+00
24.150000 -2.72629e-03 3.43933e-04 0.00000e+00
24.160000 -2.72316e-03 1.03715e-03 0.00000e+00
24.170000 -2.71895e-03 1.80410e-03 0.00000e+00
24.180000 -2.70900e-03 2.65084e-03 0.00000e+00
24.190000 -2.65758e-03 3.42472e-03 0.00000e+00
24.200000 -2.62967e-03 4.22405e-03 0.00000e+00
24.210000 -2.59043e-03 5.01127e-03 0.00000e+00
24.220000 -2.54466e-03 5.76549e-03 0.00000e+00
24.230000 -2.47491e-03 6.49188e-03 0.00000e+00
24.240000 -2.41454e-03 7.18242e-03 0.00000e+00
24.250000 -2.32988e-03 7.98296e-03 0.00000e+00
24.260000 -2.25572e-03 8.92544e-03 0.00000e+00
24.270000 -2.14693e-03 9.92058e-03 0.00000e+00
24.280000 -2.06473e-03 1.08498e-02 0.00000e+00
24.290000 -1.95774e-03 1.15784e-02 0.00000e+00
24.300000 -1.81820e-03 1.23623e-02 0.00000e+00
24.310000 -1.69189e-03 1.31667e-02 0.00000e+00
24.320000 -1.56631e-03 1.37513e-02 0.00000e+00
24.330000 -1.41396e-03 1.42568e-02 0.00000e+00
24.340000 -1.24282e-03 1.46890e-02 0.00000e+00
24.350000 -1.12215e-03 1.50135e-02 0.00000e+00
24.360000 -9.77852e-04 1.53897e-02 0.00000e+00
24.370000 -8.19173e-04 1.56860e-02 0.00000e+00
24.380000 -6.74536e-04 1.57478e-02 0.00000e+00
24.390000 -5.09857e-04 1.56889e-02 0.00000e+00
24.400000 -3.42780e-04 1.55618e-02 0.00000e+00
24.410000 -1.52411e-04 1.53920e-02 0.00000e+00
24.420000 4.51745e-05 1.51320e-02 0.00000e+00
24.430000 1.96560e-04 1.48086e-02 0.00000e+00
24.440000 3.38964e-04 1.44803e-02 0.00000e+00
24.450000 4.62343e-04 1.40334e-02 0.00000e+00
24.460000 5.89209e-04 1.34652e-02 0.00000e+00
24.470000 7.53730e-04 1.30177e-02 0.00000e+00
24.480000 8.49929e-04 1.25911e-02 0.00000e+00
24.490000 9.70351e-04 1.19844e-02 0.00000e+00
24.500000 1.07788e-03 1.13491e-02 0.00000e+00
24.510000 1.18534e-03 1.08558e-02 0.00000e+00
24.520000 1.28749e-03 1.02561e-02 0.00000e+00
24.530000 1.38409e-03 9.43885e-03 0.00000e+00
24.540000 1.43843e-03 8.67485e-03 0.00000e+00
24.550000 1.51727e-03 7.95575e-03 0.00000e+00
24.560000 1.59631e-03 7.24687e-03 0.00000e+00
24.570000 1.68073e-03 6.61806e-03 0.00000e+00
24.580000 1.76027e-03 6.07684e-03 0.00000e+00
24.590000 1.81960e-03 5.73523e-03 0.00000e+00
24.600000 1.89636e-03 5.44526e-03 0.00000e+00
24.610000 1.94118e-03 5.04699e-03 0.00000e+00
24.620000 1.98617e-03 4.54993e-03 0.00000e+00
24.630000 2.03829e-03 3.98658e-03 0.00000e+00
24.640000 2.08588e-03 3.62904e-03 0.00000e+00
24.650000 2.09063e-03 3.24342e-03 0.00000e+00
24.660000 2.10109e-03 2.71676e-03 0.00000e+00
24.670000 2.13179e-03 2.23928e-03 0.00000e+00
24.680000 2.14757e-03 1.75501e-03 0.00000e+00
24.690000 2.13235e-03 1.32197e-03 0.00000e+00
24.700000 2.13938e-03 9.01037e-04 0.00000e+00
24.710000 2.17409e-03 3.12301e-04 0.00000e+00
24.720000 2.18320e-03 -2.86928e-04 0.00000e+00
24.730000 2.19252e-03 -7.39779e-04 0.00000e+00
24.740000 2.19958e-03 -1.13677e-03 0.00000e+00
24.750000 2.19791e-03 -1.48420e-03 0.00000e+00
24.760000 2.20423e-03 -1.88180e-03 0.00000e+00
24.770000 2.16272e-03 -2.21002e-03 0.00000e+00
24.780000 2.12146e-03 -2.53873e-03 0.00000e+00
24.790000 2.07658e-03 -2.96387e-03 0.00000e+00
24.800000 2.05079e-03 -3.32940e-03 0.00000e+00
24.810000 2.02267e-03 -3.66927e-03 0.00000e+00
24.820000 1.94844e-03 -4.10276e-03 0.00000e+00
24.830000 1.90753e-03 -4.61901e-03 0.00000e+00
24.840000 1.85628e-03 -5.07199e-03 0.00000e+00
24.850000 1.80836e-03 -5.46096e-03 0.00000e+00
24.860000 1.75558e-03 -5.97582e-03 0.00000e+00
24.870000 1.68610e-03 -6.53678e-03 0.00000e+00
24.880000 1.62294e-03 -6.88326e-03 0.00000e+00
24.890000 1.59018e-03 -7.21267e-03 0.00000e+00
24.900000 1.51987e-03 -7.57173e-03 0.00000e+00
24.910000 1.44806e-03 -7.85082e-03 0.00000e+00
24.920000 1.36303e-03 -8.16982e-03 0.00000e+00
24.930000 1.27617e-03 -8.45371e-03 0.00000e+00
24.940000 1.19736e-03 -8.76030e-03 0.00000e+00
24.950000 1.08143e-03 -9.15948e-03 0.00000e+00
24.960000 9.91342e-04 -9.56610e-03 0.00000e+00
24.970000 8.90586e-04 -9.92210e-03 0.00000e+00
24.980000 7.83306e-04 -1.01966e-02 0.00000e+00
24.990000 6.79911e-04 -1.05683e-02 0.00000e+00
25.000000 5.73703e-04 -1.09722e-02 0.00000e+00
25.010000 4.68766e-04 -1.13157e-02 0.00000e+00
25.020000 3.57663e-04 -1.16671e-02 0.00000e+00
25.030000 2.31824e-04 -1.19419e-02 0.00000e+00
25.040000 1.34274e-04 -1.21325e-02 0.00000e+00
25.050000 2.19319e-05 -1.23062e-02 0.00000e+00
25.060000 -1.19207e-04 -1.22972e-02 0.00000e+00
25.070000 -2.24637e-04 -1.22344e-02 0.00000e+00
25.080000 -3.61732e-04 -1.22420e-02 0.00000e+00
25.090000 -4.93341e-04 -1.22297e-02 0.00000e+00
25.100000 -6.07794e-04 -1.21830e-02 0.00000e+00
25.110000 -7.34966e-04 -1.19614e-02 0.00000e+00
25.120000 -8.59945e-04 -1.17505e-02 0.00000e+00
25.130000 -9.82829e-04 -1.15926e-02 0.00000e+00
25.140000 -1.10183e-03 -1.13123e-02 0.00000e+00
25.150000 -1.22115e-03 -1.09353e-02 0.00000e+00
25.160000 -1.34209e-03 -1.05024e-02 0.00000e+00
25.170000 -1.44521e-03 -1.00136e-02 0.00000e+00
25.180000 -1.54599e-03 -9.48284e-03 0.00000e+00
25.190000 -1.62719e-03 -8.92302e-03 0.00000e+00
25.200000 -1.69253e-03 -8.41628e-03 0.00000e+00
25.210000 -1.76624e-03 -7.77519e-03 0.00000e+00
25.220000 -1.85218e-03 -6.99487e-03 0.00000e+00
25.230000 -1.90858e-03 -6.31521e-03 0.00000e+00
25.240000 -2.00143e-03 -5.54375e-03 0.00000e+00
25.250000 -2.04271e-03 -4.77806e-03 0.00000e+00
25.260000 -2.09271e-03 -4.15097e-03 0.00000e+00
25.270000 -2.10712e-03 -3.40473e-03 0.00000e+00
25.280000 -2.13628e-03 -2.53556e-03 0.00000e+00
25.290000 -2.17785e-03 -1.72477e-03 0.00000e+00
25.300000 -2.18974e-03 -9.95008e-04 0.00000e+00
25.310000 -2.17414e-03 -3.00916e-04 0.00000e+00
25.320000 -2.17699e-03 3.84531e-04 0.00000e+00
25.330000 -2.17746e-03 9.89089e-04 0.00000e+00
25.340000 -2.16982e-03 1.59007e-03 0.00000e+00
25.350000 -2.15647e-03 2.25059e-03 0.00000e+00
25.360000 -2.13034e-03 2.90660e-03 0.00000e+00
25.370000 -2.09514e-03 3.62670e-03 0.00000e+00
25.380000 -2.02380e-03 4.32784e-03 0.00000e+00
25.390000 -1.99710e-03 4.88826e-03 0.00000e+00
25.400000 -1.94138e-03 5.37723e-03 0.00000e+00
25.410000 -1.88310e-03 5.80995e-03 0.00000e+00
25.420000 -1.84334e-03 6.26101e-03 0.00000e+00
25.430000 -1.76173e-03 6.68767e-03 0.00000e+00
25.440000 -1.66502e-03 7.12818e-03 0.00000e+00
25.450000 -1.59880e-03 7.63856e-03 0.00000e+00
25.460000 -1.54911e-03 7.99275e-03 0.00000e+00
25.470000 -1.47289e-03 8.25279e-03 0.00000e+00
25.480000 -1.38858e-03 8.62754e-03 0.00000e+00
25.490000 -1.29481e-03 8.97563e-03 0.00000e+00
25.500000 -1.21090e-03 9.16281e-03 0.00000e+00
25.510000 -1.09269e-03 9.31088e-03 0.00000e+00
25.520000 -1.00285e-03 9.39844e-03 0.00000e+00
25.530000 -9.08336e-04 9.42158e-03 0.00000e+00
25.540000 -8.13802e-04 9.39424e-03 0.00000e+00
25.550000 -7.31820e-04 9.50101e-03 0.00000e+00
25.560000 -6.40757e-04 9.54689e-03 0.00000e+00
25.570000 -5.38516e-04 9.48746e-03 0.00000e+00
25.580000 -4.20886e-04 9.52400e-03 0.00000e+00
25.590000 -3.24847e-04 9.39722e-03 0.00000e+00
25.600000 -2.35571e-04 9.30823e-03 0.00000e+00
25.610000 -1.18334e-04 9.44409e-03 0.00000e+00
25.620000 -3.41698e-05 9.49328e-03 0.00000e+00
25.630000 4.18532e-05 9.33216e-03 0.00000e+00
25.640000 1.32274e-04 9.11131e-03 0.00000e+00
25.650000 2.28814e-04 8.89387e-03 0.00000e+00
25.660000 2.88143e-04 8.72168e-03 0.00000e+00
25.670000 3.71564e-04 8.53966e-03 0.00000e+00
25.680000 4.52953e-04 8.45110e-03 0.00000e+00
25.690000 5.26885e-04 8.39312e-03 0.00000e+00
25.700000 6.12287e-04 8.21777e-03 0.00000e+00
25.710000 7.01857e-04 7.98504e-03 0.00000e+00
25.720000 8.08573e-04 7.72521e-03 0.00000e+00
25.730000 8.62724e-04 7.49915e-03 0.00000e+00
25.740000 9.69946e-04 7.28391e-03 0.00000e+00
25.750000 1.03525e-03 7.19476e-03 0.00000e+00
25.760000 1.10466e-03 7.06460e-03 0.00000e+00
25.770000 1.20631e-03 6.84170e-03 0.00000e+00
25.780000 1.26124e-03 6.72327e-03 0.00000e+00
25.790000 1.29450e-03 6.65469e-03 0.00000e+00
25.800000 1.35072e-03 6.50463e-03 0.00000e+00
25.810000 1.40661e-03 6.28778e-03 0.00000e+00
25.820000 1.47212e-03 6.07739e-03 0.00000e+00
25.830000 1.54245e-03 5.78595e-03 0.00000e+00
25.840000 1.59386e-03 5.46732e-03 0.00000e+00
25.850000 1.65812e-03 5.15587e-03 0.00000e+00
25.860000 1.67982e-03 4.79552e-03 0.00000e+00
25.870000 1.72410e-03 4.41915e-03 0.00000e+00
25.880000 1.76426e-03 4.05020e-03 0.00000e+00
25.890000 1.83258e-03 3.75700e-03 0.00000e+00
25.900000 1.86855e-03 3.38395e-03 0.00000e+00
25.910000 1.90771e-03 3.05579e-03 0.00000e+00
25.920000 1.94956e-03 2.70129e-03 0.00000e+00
25.930000 1.95160e-03 2.16459e-03 0.00000e+00
25.940000 2.00268e-03 1.83190e-03 0.00000e+00
25.950000 2.01641e-03 1.47211e-03 0.00000e+00
25.960000 2.03551e-03 8.37489e-04 0.00000e+00
25.970000 2.01142e-03 1.41852e-04 0.00000e+00
25.980000 2.00518e-03 -5.52005e-04 0.00000e+00
25.990000 1.99257e-03 -1.23194e-03 0.00000e+00
26.000000 1.98666e-03 -1.88145e-03 0.00000e+00
26.010000 1.96370e-03 -2.58065e-03 0.00000e+00
26.020000 1.93206e-03 -3.25756e-03 0.00000e+00
26.030000 1.90252e-03 -3.99396e-03 0.00000e+00
26.040000 1.86196e-03 -4.82125e-03 0.00000e+00
26.050000 1.82192e-03 -5.63113e-03 0.00000e+00
26.060000 1.77608e-03 -6.27426e-03 0.00000e+00
26.070000 1.70982e-03 -6.86940e-03 0.00000e+00
26.080000 1.65040e-03 -7.57523e-03 0.00000e+00
26.090000 1.54026e-03 -8.14571e-03 0.00000e+00
26.100000 1.48147e-03 -8.70016e-03 0.00000e+00
26.110000 1.40124e-03 -9.14733e-03 0.00000e+00
26.120000 1.26527e-03 -9.52873e-03 0.00000e+00
26.130000 1.15869e-03 -9.86039e-03 0.00000e+00
26.140000 1.05228e-03 -1.01444e-02 0.00000e+00
26.150000 9.45508e-04 -1.04972e-02 0.00000e+00
26.160000 8.39524e-04 -1.08115e-02 0.00000e+00
26.170000 7.22661e-04 -1.09674e-02 0.00000e+00
26.180000 6.10812e-04 -1.09827e-02 0.00000e+00
26.190000 5.03048e-04 -1.10383e-02 0.00000e+00
26.200000 3.76946e-04 -1.10236e-02 0.00000e+00
26.210000 2.67483e-04 -1.09809e-02 0.00000e+00
26.220000 1.65252e-04 -1.08749e-02 0.00000e+00
26.230000 7.89444e-05 -1.06406e-02 0.00000e+00
26.240000 -5.43237e-05 -1.03652e-02 0.00000e+00
26.250000 -1.41269e-04 -1.00520e-02 0.00000e+00
26.260000 -2.18244e-04 -9.87269e-03 0.00000e+00
26.270000 -3.21492e-04 -9.59458e-03 0.00000e+00
26.280000 -4.06160e-04 -9.09318e-03 0.00000e+00
26.290000 -5.15076e-04 -8.76673e-03 0.00000e+00
26.300000 -5.73871e-04 -8.51869e-03 0.00000e+00
26.310000 -6.89572e-04 -8.22568e-03 0.00000e+00
26.320000 -7.70724e-04 -7.92988e-03 0.00000e+00
26.330000 -8.45613e-04 -7.58897e-03 0.00000e+00
26.340000 -8.87391e-04 -7.24613e-03 0.00000e+00
26.350000 -9.83647e-04 -6.89409e-03 0.00000e+00
26.360000 -1.05616e-03 -6.50561e-03 0.00000e+00
26.370000 -1.11700e-03 -6.17042e-03 0.00000e+00
26.380000 -1.18355e-03 -5.90618e-03 0.00000e+00
26.390000 -1.21772e-03 -5.60763e-03 0.00000e+00
26.400000 -1.27216e-03 -5.13232e-03 0.00000e+00
26.410000 -1.32180e-03 -4.67606e-03 0.00000e+00
26.420000 -1.37901e-03 -4.25452e-03 0.00000e+00
26.430000 -1.42253e-03 -3.72966e-03 0.00000e+00
26.440000 -1.42424e-03 -3.25642e-03 0.00000e+00
26.450000 -1.47709e-03 -2.82074e-03 0.00000e+00
26.460000 -1.52135e-03 -2.42597e-03 0.00000e+00
26.470000 -1.54944e-03 -1.90487e-03 0.00000e+00
26.480000 -1.57346e-03 -1.42806e-03 0.00000e+00
26.490000 -1.57906e-03 -1.13925e-03 0.00000e+00
26.500000 -1.58367e-03 -8.02928e-04 0.00000e+00
26.510000 -1.58934e-03 -3.25442e-04 0.00000e+00
26.520000 -1.58845e-03 3.59481e-05 0.00000e+00
26.530000 -1.59256e-03 2.65034e-04 0.00000e+00
26.540000 -1.59060e-03 5.89812e-04 0.00000e+00
26.550000 -1.57706e-03 8.37109e-04 0.00000e+00
26.560000 -1.53478e-03 1.13750e-03 0.00000e+00
26.570000 -1.49640e-03 1.46279e-03 0.00000e+00
26.580000 -1.49649e-03 1.67436e-03 0.00000e+00
26.590000 -1.47764e-03 1.81372e-03 0.00000e+00
26.600000 -1.46962e-03 1.93722e-03 0.00000e+00
26.610000 -1.44353e-03 2.23319e-03 0.00000e+00
26.620000 -1.42403e-03 2.49108e-03 0.00000e+00
26.630000 -1.38845e-03 2.58371e-03 0.00000e+00
26.640000 -1.35897e-03 2.70091e-03 0.00000e+00
26.650000 -1.36511e-03 2.81397e-03 0.00000e+00
26.660000 -1.33764e-03 2.96500e-03 0.00000e+00
26.670000 -1.29562e-03 3.17537e-03 0.00000e+00
26.680000 -1.25945e-03 3.42206e-03 0.00000e+00
26.690000 -1.24919e-03 3.71961e-03 0.00000e+00
26.700000 -1.18742e-03 4.01539e-03 0.00000e+00
26.710000 -1.15787e-03 4.29989e-03 0.00000e+00
26.720000 -1.12045e-03 4.56718e-03 0.00000e+00
26.730000 -1.06115e-03 5.00494e-03 0.00000e+00
26.740000 -1.02929e-03 5.62927e-03 0.00000e+00
26.750000 -9.76364e-04 6.11820e-03 0.00000e+00
26.760000 -9.14187e-04 6.49723e-03 0.00000e+00
26.770000 -8.35648e-04 6.86004e-03 0.00000e+00
26.780000 -7.63551e-04 7.24422e-03 0.00000e+00
26.790000 -7.10406e-04 7.65240e-03 0.00000e+00
26.800000 -6.29672e-04 8.07176e-03 0.00000e+00
26.810000 -5.47293e-04 8.50080e-03 0.00000e+00
26.820000 -4.59461e-04 8.71282e-03 0.00000e+00
26.830000 -3.54563e-04 8.85435e-03 0.00000e+00
26.840000 -2.54392e-04 9.14360e-03 0.00000e+00
26.850000 -1.45692e-04 9.39814e-03 0.00000e+00
26.860000 -5.16907e-05 9.53130e-03 0.00000e+00
26.870000 4.42992e-05 9.76705e-03 0.00000e+00
26.880000 1.42674e-04 9.92428e-03 0.00000e+00
26.890000 2.45750e-04 9.91286e-03 0.00000e+00
26.900000 3.75328e-04 9.98762e-03 0.00000e+00
26.910000 4.50595e-04 9.96168e-03 0.00000e+00
26.920000 5.24386e-04 9.79328e-03 0.00000e+00
26.930000 6.16563e-04 9.57978e-03 0.00000e+00
26.940000 7.13054e-04 9.35399e-03 0.00000e+00
26.950000 8.12017e-04 9.10392e-03 0.00000e+00
26.960000 8.95608e-04 8.75225e-03 0.00000e+00
26.970000 9.81193e-04 8.36688e-03 0.00000e+00
26.980000 1.05272e-03 7.96049e-03 0.00000e+00
26.990000 1.12492e-03 7.42534e-03 0.00000e+00
27.000000 1.23392e-03 6.94304e-03 0.00000e+00
27.010000 1.31300e-03 6.59328e-03 0.00000e+00
27.020000 1.37639e-03 6.25726e-03 0.00000e+00
27.030000 1.45523e-03 5.83652e-03 0.00000e+00
27.040000 1.51287e-03 5.29118e-03 0.00000e+00
27.050000 1.52733e-03 4.71991e-03 0.00000e+00
27.060000 1.59708e-03 4.13602e-03 0.00000e+00
27.070000 1.62469e-03 3.66198e-03 0.00000e+00
27.080000 1.63784e-03 3.16406e-03 0.00000e+00
27.090000 1.65485e-03 2.49828e-03 0.00000e+00
27.100000 1.67464e-03 1.81983e-03 0.00000e+00
27.110000 1.69560e-03 1.18535e-03 0.00000e+00
27.120000 1.70814e-03 5.99321e-04 0.00000e+00
27.130000 1.71555e-03 5.09670e-05 0.00000e+00
27.140000 1.71051e-03 -5.10931e-04 0.00000e+00
27.150000 1.69710e-03 -1.15402e-03 0.00000e+00
27.160000 1.69066e-03 -1.77208e-03 0.00000e+00
27.170000 1.71721e-03 -2.15744e-03 0.00000e+00
27.180000 1.69170e-03 -2.48831e-03 0.00000e+00
27.190000 1.64741e-03 -2.91101e-03 0.00000e+00
27.200000 1.58961e-03 -3.16251e-03 0.00000e+00
27.210000 1.54932e-03 -3.33314e-03 0.00000e+00
27.220000 1.51332e-03 -3.69077e-03 0.00000e+00
27.230000 1.47237e-03 -3.96131e-03 0.00000e+00
27.240000 1.43853e-03 -4.16642e-03 0.00000e+00
27.250000 1.37407e-03 -4.52869e-03 0.00000e+00
27.260000 1.31911e-03 -4.89838e-03 0.00000e+00
27.270000 1.26389e-03 -5.27888e-03 0.00000e+00
27.280000 1.22072e-03 -5.59241e-03 0.00000e+00
27.290000 1.16895e-03 -5.83271e-03 0.00000e+00
27.300000 1.11965e-03 -6.05450e-03 0.00000e+00
27.310000 1.04719e-03 -6.24122e-03 0.00000e+00
27.320000 9.98847e-04 -6.42941e-03 0.00000e+00
27.330000 9.66972e-04 -6.56020e-03 0.00000e+00
27.340000 9.14077e-04 -6.51138e-03 0.00000e+00
27.350000 8.31679e-04 -6.47745e-03 0.00000e+00
27.360000 7.85362e-04 -6.57555e-03 0.00000e+00
27.370000 7.29093e-04 -6.70598e-03 0.00000e+00
27.380000 6.25550e-04 -6.88294e-03 0.00000e+00
27.390000 5.40124e-04 -6.99661e-03 0.00000e+00
27.400000 4.68517e-04 -7.03738e-03 0.00000e+00
27.410000 3.62542e-04 -7.07377e-03 0.00000e+00
27.420000 2.85618e-04 -7.13635e-03 0.00000e+00
27.430000 2.09488e-04 -7.24464e-03 0.00000e+00
27.440000 1.37652e-04 -7.34733e-03 0.00000e+00
27.450000 9.29256e-05 -7.39200e-03 0.00000e+00
27.460000 2.24715e-05 -7.44657e-03 0.00000e+00
27.470000 -3.44413e-05 -7.47388e-03 0.00000e+00
27.480000 -9.93501e-05 -7.45716e-03 0.00000e+00
27.490000 -1.64970e-04 -7.39396e-03 0.00000e+00
27.500000 -2.29402e-04 -7.20354e-03 0.00000e+00
27.510000 -3.05066e-04 -6.96851e-03 0.00000e+00
27.520000 -3.91935e-04 -6.85549e-03 0.00000e+00
27.530000 -4.54417e-04 -6.67158e-03 0.00000e+00
27.540000 -5.32930e-04 -6.29807e-03 0.00000e+00
27.550000 -6.08879e-04 -6.11237e-03 0.00000e+00
27.560000 -6.59062e-04 -6.13343e-03 0.00000e+00
27.570000 -7.30998e-04 -6.08798e-03 0.00000e+00
27.580000 -8.02804e-04 -6.03637e-03 0.00000e+00
27.590000 -8.61776e-04 -6.03939e-03 0.00000e+00
27.600000 -9.32243e-04 -6.05409e-03 0.00000e+00
27.610000 -9.82906e-04 -6.02020e-03 0.00000e+00
27.620000 -1.03653e-03 -5.80234e-03 0.00000e+00
27.630000 -1.08673e-03 -5.54426e-03 0.00000e+00
27.640000 -1.11018e-03 -5.31459e-03 0.00000e+00
27.650000 -1.15225e-03 -5.02797e-03 0.00000e+00
27.660000 -1.19601e-03 -4.72791e-03 0.00000e+00
27.670000 -1.24519e-03 -4.43507e-03 0.00000e+00
27.680000 -1.28942e-03 -4.19575e-03 0.00000e+00
27.690000 -1.34103e-03 -3.97766e-03 0.00000e+00
27.700000 -1.36112e-03 -3.69198e-03 0.00000e+00
27.710000 -1.42659e-03 -3.42295e-03 0.00000e+00
27.720000 -1.50178e-03 -3.20344e-03 0.00000e+00
27.730000 -1.53859e-03 -2.86615e-03 0.00000e+00
27.740000 -1.54788e-03 -2.47871e-03 0.00000e+00
27.750000 -1.57544e-03 -2.17660e-03 0.00000e+00
27.760000 -1.60143e-03 -1.84558e-03 0.00000e+00
27.770000 -1.60727e-03 -1.49561e-03 0.00000e+00
27.780000 -1.58535e-03 -1.10762e-03 0.00000e+00
27.790000 -1.58619e-03 -6.68386e-04 0.00000e+00
27.800000 -1.59714e-03 -1.76520e-04 0.00000e+00
27.810000 -1.59573e-03 4.95565e-04 0.00000e+00
27.820000 -1.58625e-03 1.21887e-03 0.00000e+00
27.830000 -1.58676e-03 1.80794e-03 0.00000e+00
27.840000 -1.57597e-03 2.39435e-03 0.00000e+00
27.850000 -1.55690e-03 3.08220e-03 0.00000e+00
27.860000 -1.51195e-03 3.74543e-03 0.00000e+00
27.870000 -1.48851e-03 4.47500e-03 0.00000e+00
27.880000 -1.45005e-03 5.11644e-03 0.00000e+00
27.890000 -1.39587e-03 5.53310e-03 0.00000e+00
27.900000 -1.32945e-03 5.96671e-03 0.00000e+00
27.910000 -1.28232e-03 6.54317e-03 0.00000e+00
27.920000 -1.21634e-03 7.11145e-03 0.00000e+00
27.930000 -1.13396e-03 7.54340e-03 0.00000e+00
27.940000 -1.04932e-03 7.98262e-03 0.00000e+00
27.950000 -9.53537e-04 8.50986e-03 0.00000e+00
27.960000 -8.57505e-04 8.93611e-03 0.00000e+00
27.970000 -7.45493e-04 9.22177e-03 0.00000e+00
27.980000 -6.50742e-04 9.49671e-03 0.00000e+00
27.990000 -5.75443e-04 9.76895e-03 0.00000e+00
28.000000 -4.83938e-04 9.92926e-03 0.00000e+00
28.010000 -3.52470e-04 9.88128e-03 0.00000e+00
28.020000 -2.52169e-04 9.80518e-03 0.00000e+00
28.030000 -1.64835e-04 9.78923e-03 0.00000e+00
28.040000 -6.33692e-05 9.70074e-03 0.00000e+00
28.050000 5.63502e-06 9.46433e-03 0.00000e+00
28.060000 1.18852e-04 9.22564e-03 0.00000e+00
28.070000 2.12656e-04 9.01184e-03 0.00000e+00
28.080000 3.15145e-04 8.69482e-03 0.00000e+00
28.090000 3.79966e-04 8.27689e-03 0.00000e+00
28.100000 4.67739e-04 7.83890e-03 0.00000e+00
28.110000 5.47053e-04 7.40939e-03 0.00000e+00
28.120000 6.18046e-04 6.98870e-03 0.00000e+00
28.130000 6.70092e-04 6.55601e-03 0.00000e+00
28.140000 7.63482e-04 6.16467e-03 0.00000e+00
28.150000 8.15596e-04 5.74665e-03 0.00000e+00
28.160000 8.71886e-04 5.21496e-03 0.00000e+00
28.170000 8.92993e-04 4.68158e-03 0.00000e+00
28.180000 9.42704e-04 4.34804e-03 0.00000e+00
28.190000 1.00953e-03 4.05827e-03 0.00000e+00
28.200000 1.04564e-03 3.64529e-03 0.00000e+00
28.210000 1.07124e-03 3.23469e-03 0.00000e+00
28.220000 1.09577e-03 2.79978e-03 0.00000e+00
28.230000 1.13395e-03 2.50057e-03 0.00000e+00
28.240000 1.14406e-03 2.29252e-03 0.00000e+00
28.250000 1.15570e-03 2.07696e-03 0.00000e+00
28.260000 1.16413e-03 1.81350e-03 0.00000e+00
28.270000 1.18052e-03 1.56348e-03 0.00000e+00
28.280000 1.20070e-03 1.38724e-03 0.00000e+00
28.290000 1.20903e-03 1.15181e-03 0.00000e+00
28.300000 1.22011e-03 9.22739e-04 0.00000e+00
28.310000 1.23238e-03 9.18536e-04 0.00000e+00
28.320000 1.23332e-03 9.56051e-04 0.00000e+00
28.330000 1.25456e-03 8.94673e-04 0.00000e+00
28.340000 1.27027e-03 8.17191e-04 0.00000e+00
28.350000 1.28567e-03 7.10558e-04 0.00000e+00
28.360000 1.26546e-03 7.46530e-04 0.00000e+00
28.370000 1.27710e-03 7.28458e-04 0.00000e+00
28.380000 1.27898e-03 5.91203e-04 0.00000e+00
28.390000 1.30125e-03 4.47384e-04 0.00000e+00
28.400000 1.30924e-03 3.32413e-04 0.00000e+00
28.410000 1.28992e-03 1.99624e-04 0.00000e+00
28.420000 1.29150e-03 -2.97412e-05 0.00000e+00
28.430000 1.28208e-03 -3.13406e-04 0.00000e+00
28.440000 1.29465e-03 -6.25356e-04 0.00000e+00
28.450000 1.27924e-03 -9.24337e-04 0.00000e+00
28.460000 1.28823e-03 -1.25874e-03 0.00000e+00
28.470000 1.30626e-03 -1.69367e-03 0.00000e+00
28.480000 1.30721e-03 -2.10813e-03 0.00000e+00
28.490000 1.25570e-03 -2.49300e-03 0.00000e+00
28.500000 1.24428e-03 -2.88439e-03 0.00000e+00
28.510000 1.20667e-03 -3.27989e-03 0.00000e+00
28.520000 1.16788e-03 -3.65482e-03 0.00000e+00
28.530000 1.12602e-03 -4.10118e-03 0.00000e+00
28.540000 1.05921e-03 -4.55535e-03 0.00000e+00
28.550000 1.02659e-03 -4.89978e-03 0.00000e+00
28.560000 9.69788e-04 -5.20029e-03 0.00000e+00
28.570000 9.18396e-04 -5.51193e-03 0.00000e+00
28.580000 8.48812e-04 -5.93282e-03 0.00000e+00
28.590000 7.77286e-04 -6.34037e-03 0.00000e+00
28.600000 7.06064e-04 -6.72687e-03 0.00000e+00
28.610000 6.36952e-04 -7.01970e-03 0.00000e+00
28.620000 5.65948e-04 -7.24212e-03 0.00000e+00
28.630000 4.88894e-04 -7.41805e-03 0.00000e+00
28.640000 4.14450e-04 -7.41781e-03 0.00000e+00
28.650000 3.67282e-04 -7.36837e-03 0.00000e+00
28.660000 2.84374e-04 -7.49750e-03 0.00000e+00
28.670000 2.06478e-04 -7.59074e-03 0.00000e+00
28.680000 1.27506e-04 -7.62565e-03 0.00000e+00
28.690000 6.76512e-05 -7.78945e-03 0.00000e+00
28.700000 -1.98476e-05 -7.90638e-03 0.00000e+00
28.710000 -8.00049e-05 -7.94487e-03 0.00000e+00
28.720000 -1.68626e-04 -7.84089e-03 0.00000e+00
28.730000 -2.57864e-04 -7.72803e-03 0.00000e+00
28.740000 -3.54019e-04 -7.69065e-03 0.00000e+00
28.750000 -4.22108e-04 -7.60216e-03 0.00000e+00
28.760000 -4.94950e-04 -7.54856e-03 0.00000e+00
28.770000 -5.62629e-04 -7.53553e-03 0.00000e+00
28.780000 -6.17182e-04 -7.49496e-03 0.00000e+00
28.790000 -6.92816e-04 -7.43402e-03 0.00000e+00
28.800000 -7.61825e-04 -7.35433e-03 0.00000e+00
28.810000 -8.39888e-04 -7.27267e-03 0.00000e+00
28.820000 -9.31345e-04 -7.04007e-03 0.00000e+00
28.830000 -1.01120e-03 -6.69428e-03 0.00000e+00
28.840000 -1.06310e-03 -6.36004e-03 0.00000e+00
28.850000 -1.15138e-03 -5.96911e-03 0.00000e+00
28.860000 -1.19429e-03 -5.45768e-03 0.00000e+00
28.870000 -1.21836e-03 -4.99324e-03 0.00000e+00
28.880000 -1.24906e-03 -4.50572e-03 0.00000e+00
28.890000 -1.30747e-03 -3.88782e-03 0.00000e+00
28.900000 -1.37848e-03 -3.31086e-03 0.00000e+00
28.910000 -1.41384e-03 -2.76659e-03 0.00000e+00
28.920000 -1.44332e-03 -2.16866e-03 0.00000e+00
28.930000 -1.49075e-03 -1.50753e-03 0.00000e+00
28.940000 -1.50476e-03 -8.93292e-04 0.00000e+00
28.950000 -1.51207e-03 -1.88336e-04 0.00000e+00
28.960000 -1.50688e-03 5.75363e-04 0.00000e+00
28.970000 -1.48950e-03 1.24476e-03 0.00000e+00
28.980000 -1.46442e-03 1.82042e-03 0.00000e+00
28.990000 -1.41176e-03 2.27848e-03 0.00000e+00
29.000000 -1.38120e-03 2.72960e-03 0.00000e+00
29.010000 -1.34590e-03 3.25654e-03 0.00000e+00
29.020000 -1.30732e-03 3.66029e-03 0.00000e+00
29.030000 -1.26664e-03 4.02611e-03 0.00000e+00
29.040000 -1.23969e-03 4.57275e-03 0.00000e+00
29.050000 -1.15745e-03 5.13223e-03 0.00000e+00
29.060000 -1.10970e-03 5.43648e-03 0.00000e+00
29.070000 -1.06412e-03 5.49341e-03 0.00000e+00
29.080000 -1.01491e-03 5.58411e-03 0.00000e+00
29.090000 -9.57944e-04 5.71164e-03 0.00000e+00
29.100000 -9.10012e-04 5.69562e-03 0.00000e+00
29.110000 -8.55105e-04 5.62724e-03 0.00000e+00
29.120000 -7.77886e-04 5.52204e-03 0.00000e+00
29.130000 -7.39465e-04 5.35527e-03 0.00000e+00
29.140000 -7.00327e-04 5.22800e-03 0.00000e+00
29.150000 -6.45250e-04 5.17193e-03 0.00000e+00
29.160000 -5.77552e-04 5.26297e-03 0.00000e+00
29.170000 -5.04135e-04 5.38288e-03 0.00000e+00
29.180000 -4.57557e-04 5.37964e-03 0.00000e+00
29.190000 -4.07969e-04 5.24698e-03 0.00000e+00
29.200000 -3.40827e-04 5.09068e-03 0.00000e+00
29.210000 -2.94325e-04 4.94652e-03 0.00000e+00
29.220000 -2.77470e-04 4.92041e-03 0.00000e+00
29.230000 -2.57715e-04 4.96470e-03 0.00000e+00
29.240000 -1.91474e-04 4.85418e-03 0.00000e+00
29.250000 -1.32884e-04 4.69689e-03 0.00000e+00
29.260000 -1.00429e-04 4.56901e-03 0.00000e+00
29.270000 -5.99515e-05 4.43259e-03 0.00000e+00
29.280000 -1.44985e-05 4.29625e-03 0.00000e+00
29.290000 2.36589e-05 4.28626e-03 0.00000e+00
29.300000 9.28240e-05 4.23547e-03 0.00000e+00
29.310000 1.58937e-04 4.04438e-03 0.00000e+00
29.320000 2.21855e-04 3.90871e-03 0.00000e+00
29.330000 2.62311e-04 3.86525e-03 0.00000e+00
29.340000 2.76042e-04 3.86162e-03 0.00000e+00
29.350000 2.87275e-04 3.85418e-03 0.00000e+00
29.360000 3.16631e-04 3.83192e-03 0.00000e+00
29.370000 3.80569e-04 3.88622e-03 0.00000e+00
29.380000 4.21805e-04 4.01666e-03 0.00000e+00
29.390000 4.60877e-04 4.04861e-03 0.00000e+00
29.400000 4.78599e-04 4.01262e-03 0.00000e+00
29.410000 4.99209e-04 4.10291e-03 0.00000e+00
29.420000 5.45986e-04 4.32613e-03 0.00000e+00
29.430000 5.86077e-04 4.45677e-03 0.00000e+00
29.440000 6.31525e-04 4.48297e-03 0.00000e+00
29.450000 6.77642e-04 4.51620e-03 0.00000e+00
29.460000 7.25253e-04 4.44094e-03 0.00000e+00
29.470000 7.47336e-04 4.46303e-03 0.00000e+00
29.480000 8.03083e-04 4.69997e-03 0.00000e+00
29.490000 8.56193e-04 4.93760e-03 0.00000e+00
29.500000 9.07300e-04 5.04325e-03 0.00000e+00
29.510000 9.55567e-04 4.91738e-03 0.00000e+00
29.520000 1.02479e-03 4.66140e-03 0.00000e+00
29.530000 1.07471e-03 4.37024e-03 0.00000e+00
29.540000 1.14148e-03 4.18035e-03 0.00000e+00
29.550000 1.18966e-03 4.00886e-03 0.00000e+00
29.560000 1.22970e-03 3.69050e-03 0.00000e+00
29.570000 1.27312e-03 3.22277e-03 0.00000e+00
29.580000 1.30463e-03 2.68634e-03 0.00000e+00
29.590000 1.32367e-03 2.23270e-03 0.00000e+00
29.600000 1.32213e-03 1.81615e-03 0.00000e+00
29.610000 1.33708e-03 1.39257e-03 0.00000e+00
29.620000 1.34761e-03 8.86253e-04 0.00000e+00
29.630000 1.35481e-03 3.51767e-04 0.00000e+00
29.640000 1.40255e-03 -2.13141e-04 0.00000e+00
29.650000 1.38267e-03 -8.10040e-04 0.00000e+00
29.660000 1.34596e-03 -1.41150e-03 0.00000e+00
29.670000 1.29656e-03 -2.01969e-03 0.00000e+00
29.680000 1.26829e-03 -2.57768e-03 0.00000e+00
29.690000 1.24743e-03 -3.05290e-03 0.00000e+00
29.700000 1.21469e-03 -3.51059e-03 0.00000e+00
29.710000 1.18817e-03 -3.93844e-03 0.00000e+00
29.720000 1.13069e-03 -4.34593e-03 0.00000e+00
29.730000 1.08243e-03 -4.77169e-03 0.00000e+00
29.740000 1.04418e-03 -5.12394e-03 0.00000e+00
29.750000 1.01960e-03 -5.49859e-03 0.00000e+00
29.760000 9.70550e-04 -5.88453e-03 0.00000e+00
29.770000 9.09100e-04 -6.35703e-03 0.00000e+00
29.780000 8.35888e-04 -6.81475e-03 0.00000e+00
29.790000 7.49010e-04 -7.13769e-03 0.00000e+00
29.800000 6.96800e-04 -7.43410e-03 0.00000e+00
29.810000 6.09663e-04 -7.55410e-03 0.00000e+00
29.820000 5.28576e-04 -7.60437e-03 0.00000e+00
29.830000 4.43207e-04 -7.82005e-03 0.00000e+00
29.840000 3.87478e-04 -8.06282e-03 0.00000e+00
29.850000 3.04568e-04 -8.19685e-03 0.00000e+00
29.860000 2.24190e-04 -8.22266e-03 0.00000e+00
29.870000 1.24813e-04 -8.21811e-03 0.00000e+00
29.880000 4.74464e-05 -8.20120e-03 0.00000e+00
29.890000 -5.38786e-05 -8.15232e-03 0.00000e+00
29.900000 -1.23018e-04 -8.06889e-03 0.00000e+00
29.910000 -2.20971e-04 -7.89292e-03 0.00000e+00
29.920000 -3.09927e-04 -7.52169e-03 0.00000e+00
29.930000 -3.83969e-04 -7.04987e-03 0.00000e+00
29.940000 -4.66514e-04 -6.62781e-03 0.00000e+00
29.950000 -5.07113e-04 -6.26473e-03 0.00000e+00
29.960000 -5.69548e-04 -5.95774e-03 0.00000e+00
29.970000 -6.25751e-04 -5.50555e-03 0.00000e+00
29.980000 -6.70215e-04 -5.03431e-03 0.00000e+00
29.990000 -7.23815e-04 -4.70427e-03 0.00000e+00
30.000000 -7.77640e-04 -4.34590e-03 0.00000e+00
30.010000 -7.99612e-04 -3.82109e-03 0.00000e+00
30.020000 -8.40450e-04 -3.27709e-03 0.00000e+00
30.030000 -8.78110e-04 -2.85548e-03 0.00000e+00
30.040000 -9.09965e-04 -2.50573e-03 0.00000e+00
30.050000 -9.27777e-04 -2.14838e-03 0.00000e+00
30.060000 -9.26637e-04 -1.79087e-03 0.00000e+00
30.070000 -9.39160e-04 -1.41288e-03 0.00000e+00
30.080000 -9.37971e-04 -1.10507e-03 0.00000e+00
30.090000 -9.36161e-04 -9.26357e-04 0.00000e+00
30.100000 -9.60711e-04 -7.29219e-04 0.00000e+00
30.110000 -9.80913e-04 -5.69995e-04 0.00000e+00
30.120000 -9.92461e-04 -3.20859e-04 0.00000e+00
30.130000 -9.87189e-04 -1.18060e-04 0.00000e+00
30.140000 -9.78495e-04 -5.18720e-06 0.00000e+00
30.150000 -1.00480e-03 1.57108e-04 0.00000e+00
30.160000 -9.93713e-04 3.49184e-04 0.00000e+00
30.170000 -9.70910e-04 4.92988e-04 0.00000e+00
30.180000 -9.58518e-04 6.31922e-04 0.00000e+00
30.190000 -9.80315e-04 7.21183e-04 0.00000e+00
30.200000 -9.72436e-04 6.78855e-04 0.00000e+00
30.210000 -9.61481e-04 6.58838e-04 0.00000e+00
30.220000 -9.37992e-04 6.35195e-04 0.00000e+00
30.230000 -9.32708e-04 7.20882e-04 0.00000e+00
30.240000 -9.22248e-04 8.54945e-04 0.00000e+00
30.250000 -9.36057e-04 9.35821e-04 0.00000e+00
30.260000 -9.09002e-04 1.05993e-03 0.00000e+00
30.270000 -9.02099e-04 1.12740e-03 0.00000e+00
30.280000 -8.79598e-04 1.10803e-03 0.00000e+00
30.290000 -8.67378e-04 1.07222e-03 0.00000e+00
30.300000 -8.72276e-04 1.14314e-03 0.00000e+00
30.310000 -8.32158e-04 1.33190e-03 0.00000e+00
30.320000 -8.19896e-04 1.39542e-03 0.00000e+00
30.330000 -7.95829e-04 1.47302e-03 0.00000e+00
30.340000 -8.11438e-04 1.76241e-03 0.00000e+00
30.350000 -7.99447e-04 2.08821e-03 0.00000e+00
30.360000 -8.05051e-04 2.25046e-03 0.00000e+00
30.370000 -7.71454e-04 2.38354e-03 0.00000e+00
30.380000 -7.39685e-04 2.62712e-03 0.00000e+00
30.390000 -7.14448e-04 2.95352e-03 0.00000e+00
30.400000 -6.64766e-04 3.27001e-03 0.00000e+00
30.410000 -6.54906e-04 3.53200e-03 0.00000e+00
30.420000 -6.20205e-04 3.76743e-03 0.00000e+00
30.430000 -5.81771e-04 4.05247e-03 0.00000e+00
30.440000 -5.43620e-04 4.37824e-03 0.00000e+00
30.450000 -4.96692e-04 4.69054e-03 0.00000e+00
30.460000 -4.36557e-04 5.03646e-03 0.00000e+00
30.470000 -3.61893e-04 5.32913e-03 0.00000e+00
30.480000 -3.13527e-04 5.71864e-03 0.00000e+00
30.490000 -2.61499e-04 6.09856e-03 0.00000e+00
30.500000 -1.76029e-04 6.34029e-03 0.00000e+00
30.510000 -1.17958e-04 6.46280e-03 0.00000e+00
30.520000 -7.11390e-05 6.56483e-03 0.00000e+00
30.530000 -1.86017e-05 6.70548e-03 0.00000e+00
30.540000 6.68339e-05 6.86221e-03 0.00000e+00
30.550000 1.34089e-04 7.03702e-03 0.00000e+00
30.560000 2.08706e-04 7.05598e-03 0.00000e+00
30.570000 2.62201e-04 7.08913e-03 0.00000e+00
30.580000 3.43601e-04 7.13224e-03 0.00000e+00
30.590000 4.16499e-04 7.07271e-03 0.00000e+00
30.600000 4.93642e-04 6.96781e-03 0.00000e+00
30.610000 5.58050e-04 6.78049e-03 0.00000e+00
30.620000 6.37235e-04 6.54973e-03 0.00000e+00
30.630000 7.04757e-04 6.33295e-03 0.00000e+00
30.640000 7.72092e-04 6.24017e-03 0.00000e+00
30.650000 8.27013e-04 6.10644e-03 0.00000e+00
30.660000 8.58953e-04 5.77525e-03 0.00000e+00
30.670000 9.18141e-04 5.49017e-03 0.00000e+00
30.680000 9.85902e-04 5.16681e-03 0.00000e+00
30.690000 1.05976e-03 4.65319e-03 0.00000e+00
30.700000 1.10305e-03 4.09960e-03 0.00000e+00
30.710000 1.13555e-03 3.65482e-03 0.00000e+00
30.720000 1.15338e-03 3.20346e-03 0.00000e+00
30.730000 1.17863e-03 2.63688e-03 0.00000e+00
30.740000 1.23259e-03 1.99557e-03 0.00000e+00
30.750000 1.24597e-03 1.42911e-03 0.00000e+00
30.760000 1.24816e-03 9.49975e-04 0.00000e+00
30.770000 1.24965e-03 4.45490e-04 0.00000e+00
30.780000 1.25890e-03 -5.59436e-05 0.00000e+00
30.790000 1.26697e-03 -5.60402e-04 0.00000e+00
30.800000 1.27294e-03 -1.05631e-03 0.00000e+00
30.810000 1.26779e-03 -1.58026e-03 0.00000e+00
30.820000 1.21374e-03 -2.07952e-03 0.00000e+00
30.830000 1.17795e-03 -2.63124e-03 0.00000e+00
30.840000 1.15321e-03 -3.13669e-03 0.00000e+00
30.850000 1.10013e-03 -3.41141e-03 0.00000e+00
30.860000 1.07290e-03 -3.54307e-03 0.00000e+00
30.870000 1.04525e-03 -3.72256e-03 0.00000e+00
30.880000 1.00509e-03 -4.02030e-03 0.00000e+00
30.890000 9.40070e-04 -4.35617e-03 0.00000e+00
30.900000 8.98009e-04 -4.64606e-03 0.00000e+00
30.910000 8.64859e-04 -4.72420e-03 0.00000e+00
30.920000 8.39999e-04 -4.70916e-03 0.00000e+00
30.930000 7.75356e-04 -4.81188e-03 0.00000e+00
30.940000 7.25140e-04 -4.94985e-03 0.00000e+00
30.950000 6.67555e-04 -5.00854e-03 0.00000e+00
30.960000 6.09247e-04 -4.95187e-03 0.00000e+00
30.970000 5.60255e-04 -4.80477e-03 0.00000e+00
30.980000 5.13997e-04 -4.62358e-03 0.00000e+00
30.990000 4.86481e-04 -4.57147e-03 0.00000e+00
31.000000 4.39393e-04 -4.58203e-03 0.00000e+00
31.010000 4.21604e-04 -4.53053e-03 0.00000e+00
31.020000 3.78138e-04 -4.46275e-03 0.00000e+00
31.030000 3.11957e-04 -4.30743e-03 0.00000e+00
31.040000 2.39561e-04 -4.09309e-03 0.00000e+00
31.050000 1.95911e-04 -3.89346e-03 0.00000e+00
31.060000 1.65333e-04 -3.76661e-03 0.00000e+00
31.070000 1.44436e-04 -3.66024e-03 0.00000e+00
31.080000 1.16501e-04 -3.48047e-03 0.00000e+00
31.090000 6.67661e-05 -3.21634e-03 0.00000e+00
31.100000 1.54537e-05 -3.04405e-03 0.00000e+00
31.110000 -5.45191e-06 -3.03915e-03 0.00000e+00
31.120000 -2.52985e-05 -3.02931e-03 0.00000e+00
31.130000 -4.39940e-05 -3.00951e-03 0.00000e+00
31.140000 -7.77050e-05 -3.04165e-03 0.00000e+00
31.150000 -1.11049e-04 -3.07311e-03 0.00000e+00
31.160000 -1.46653e-04 -2.96842e-03 0.00000e+00
31.170000 -1.59847e-04 -2.84263e-03 0.00000e+00
31.180000 -1.85409e-04 -2.71057e-03 0.00000e+00
31.190000 -1.83851e-04 -2.59994e-03 0.00000e+00
31.200000 -2.18103e-04 -2.73698e-03 0.00000e+00
31.210000 -2.53431e-04 -2.97437e-03 0.00000e+00
31.220000 -2.85262e-04 -3.14906e-03 0.00000e+00
31.230000 -3.19993e-04 -3.30478e-03 0.00000e+00
31.240000 -3.56552e-04 -3.40864e-03 0.00000e+00
31.250000 -3.91601e-04 -3.48560e-03 0.00000e+00
31.260000 -4.35575e-04 -3.68491e-03 0.00000e+00
31.270000 -4.95302e-04 -3.96202e-03 0.00000e+00
31.280000 -5.35333e-04 -4.15474e-03 0.00000e+00
31.290000 -5.51114e-04 -4.26176e-03 0.00000e+00
31.300000 -5.91987e-04 -4.31718e-03 0.00000e+00
31.310000 -6.30399e-04 -4.40544e-03 0.00000e+00
31.320000 -6.49156e-04 -4.51839e-03 0.00000e+00
31.330000 -6.80020e-04 -4.57526e-03 0.00000e+00
31.340000 -7.46145e-04 -4.54339e-03 0.00000e+00
31.350000 -8.00137e-04 -4.46064e-03 0.00000e+00
31.360000 -8.74414e-04 -4.26962e-03 0.00000e+00
31.370000 -9.28015e-04 -4.01698e-03 0.00000e+00
31.380000 -9.46486e-04 -3.80985e-03 0.00000e+00
31.390000 -9.96113e-04 -3.52965e-03 0.00000e+00
31.400000 -1.03968e-03 -3.27161e-03 0.00000e+00
31.410000 -1.06642e-03 -2.98548e-03 0.00000e+00
31.420000 -1.10883e-03 -2.58422e-03 0.00000e+00
31.430000 -1.13949e-03 -2.18127e-03 0.00000e+00
31.440000 -1.14716e-03 -1.80466e-03 0.00000e+00
31.450000 -1.15864e-03 -1.37787e-03 0.00000e+00
31.460000 -1.16807e-03 -7.70801e-04 0.00000e+00
31.470000 -1.17050e-03 -1.66906e-04 0.00000e+00
31.480000 -1.17856e-03 3.67531e-04 0.00000e+00
31.490000 -1.15481e-03 1.06756e-03 0.00000e+00
31.500000 -1.13933e-03 1.87529e-03 0.00000e+00
31.510000 -1.11771e-03 2.62742e-03 0.00000e+00
31.520000 -1.09597e-03 3.29179e-03 0.00000e+00
31.530000 -1.05411e-03 3.85486e-03 0.00000e+00
31.540000 -1.02874e-03 4.34854e-03 0.00000e+00
31.550000 -9.84919e-04 4.96210e-03 0.00000e+00
31.560000 -9.41481e-04 5.52500e-03 0.00000e+00
31.570000 -9.00451e-04 5.83127e-03 0.00000e+00
31.580000 -8.13838e-04 6.16311e-03 0.00000e+00
31.590000 -7.53014e-04 6.47849e-03 0.00000e+00
31.600000 -6.86847e-04 6.66367e-03 0.00000e+00
31.610000 -6.05347e-04 6.88976e-03 0.00000e+00
31.620000 -5.26270e-04 7.03520e-03 0.00000e+00
31.630000 -4.43945e-04 7.07381e-03 0.00000e+00
31.640000 -3.84342e-04 7.07335e-03 0.00000e+00
31.650000 -2.77772e-04 7.00033e-03 0.00000e+00
31.660000 -1.83635e-04 6.91397e-03 0.00000e+00
31.670000 -1.11138e-04 6.81947e-03 0.00000e+00
31.680000 -4.74364e-05 6.69701e-03 0.00000e+00
31.690000 -1.47683e-06 6.49154e-03 0.00000e+00
31.700000 5.68969e-05 6.25753e-03 0.00000e+00
31.710000 1.11100e-04 6.02711e-03 0.00000e+00
31.720000 1.67335e-04 5.69399e-03 0.00000e+00
31.730000 1.85962e-04 5.32376e-03 0.00000e+00
31.740000 2.33559e-04 4.96705e-03 0.00000e+00
31.750000 3.11890e-04 4.73331e-03 0.00000e+00
31.760000 3.38128e-04 4.49308e-03 0.00000e+00
31.770000 3.86026e-04 4.08022e-03 0.00000e+00
31.780000 4.24032e-04 3.77220e-03 0.00000e+00
31.790000 4.42450e-04 3.54397e-03 0.00000e+00
31.800000 4.95797e-04 3.31414e-03 0.00000e+00
31.810000 5.25507e-04 3.06870e-03 0.00000e+00
31.820000 5.69172e-04 2.91563e-03 0.00000e+00
31.830000 5.95221e-04 2.90103e-03 0.00000e+00
31.840000 6.34030e-04 2.88147e-03 0.00000e+00
31.850000 6.55036e-04 2.88275e-03 0.00000e+00
31.860000 6.71067e-04 2.74555e-03 0.00000e+00
31.870000 7.01901e-04 2.47810e-03 0.00000e+00
31.880000 7.22247e-04 2.28531e-03 0.00000e+00
31.890000 7.26335e-04 2.16373e-03 0.00000e+00
31.900000 7.68206e-04 1.95368e-03 0.00000e+00
31.910000 7.88098e-04 1.66573e-03 0.00000e+00
31.920000 8.02382e-04 1.55106e-03 0.00000e+00
31.930000 7.87729e-04 1.44817e-03 0.00000e+00
31.940000 8.11468e-04 1.29166e-03 0.00000e+00
31.950000 8.54654e-04 1.17663e-03 0.00000e+00
31.960000 8.54794e-04 9.56630e-04 0.00000e+00
31.970000 8.78572e-04 8.11253e-04 0.00000e+00
31.980000 8.87565e-04 6.89466e-04 0.00000e+00
31.990000 9.06364e-04 5.22421e-04 0.00000e+00
32.000000 9.04387e-04 3.35349e-04 0.00000e+00
32.010000 9.08266e-04 1.65131e-04 0.00000e+00
32.020000 8.87686e-04 2.78914e-05 0.00000e+00
32.030000 8.49895e-04 -1.83130e-04 0.00000e+00
32.040000 8.58583e-04 -3.20703e-04 0.00000e+00
32.050000 8.77396e-04 -4.31107e-04 0.00000e+00
32.060000 8.68642e-04 -6.40856e-04 0.00000e+00
32.070000 8.56937e-04 -7.52806e-04 0.00000e+00
32.080000 8.50973e-04 -8.13146e-04 0.00000e+00
32.090000 8.63100e-04 -9.56533e-04 0.00000e+00
32.100000 8.42604e-04 -1.18663e-03 0.00000e+00
32.110000 8.36922e-04 -1.38082e-03 0.00000e+00
32.120000 8.11325e-04 -1.34285e-03 0.00000e+00
32.130000 7.95631e-04 -1.38418e-03 0.00000e+00
32.140000 7.87120e-04 -1.45585e-03 0.00000e+00
32.150000 7.48698e-04 -1.51548e-03 0.00000e+00
32.160000 7.39405e-04 -1.61306e-03 0.00000e+00
32.170000 7.15384e-04 -1.64165e-03 0.00000e+00
32.180000 7.18480e-04 -1.69028e-03 0.00000e+00
32.190000 6.89968e-04 -1.84047e-03 0.00000e+00
32.200000 6.78234e-04 -2.14924e-03 0.00000e+00
32.210000 6.64192e-04 -2.37866e-03 0.00000e+00
32.220000 6.29336e-04 -2.42415e-03 0.00000e+00
32.230000 6.07210e-04 -2.51272e-03 0.00000e+00
32.240000 5.91977e-04 -2.75329e-03 0.00000e+00
32.250000 5.46180e-04 -3.04803e-03 0.00000e+00
32.260000 5.25895e-04 -3.24161e-03 0.00000e+00
32.270000 4.95918e-04 -3.44160e-03 0.00000e+00
32.280000 4.81863e-04 -3.66866e-03 0.00000e+00
32.290000 4.41983e-04 -3.90368e-03 0.00000e+00
32.300000 3.77593e-04 -4.22806e-03 0.00000e+00
32.310000 3.52739e-04 -4.53978e-03 0.00000e+00
32.320000 2.82200e-04 -4.90608e-03 0.00000e+00
32.330000 2.59754e-04 -5.32360e-03 0.00000e+00
32.340000 2.06293e-04 -5.67043e-03 0.00000e+00
32.350000 1.41213e-04 -5.87930e-03 0.00000e+00
32.360000 7.27024e-05 -6.04340e-03 0.00000e+00
32.370000 2.42797e-05 -6.20554e-03 0.00000e+00
32.380000 -2.62502e-05 -6.32140e-03 0.00000e+00
32.390000 -9.77252e-05 -6.48365e-03 0.00000e+00
32.400000 -1.87509e-04 -6.67300e-03 0.00000e+00
32.410000 -2.65015e-04 -6.77014e-03 0.00000e+00
32.420000 -3.23888e-04 -6.77700e-03 0.00000e+00
32.430000 -3.76596e-04 -6.65093e-03 0.00000e+00
32.440000 -4.55551e-04 -6.44472e-03 0.00000e+00
32.450000 -5.17519e-04 -6.16940e-03 0.00000e+00
32.460000 -6.04324e-04 -5.87778e-03 0.00000e+00
32.470000 -6.73719e-04 -5.70338e-03 0.00000e+00
32.480000 -7.32355e-04 -5.40006e-03 0.00000e+00
32.490000 -7.84883e-04 -5.04466e-03 0.00000e+00
32.500000 -8.30486e-04 -4.61986e-03 0.00000e+00
32.510000 -8.44822e-04 -4.09674e-03 0.00000e+00
32.520000 -8.85156e-04 -3.68515e-03 0.00000e+00
32.530000 -9.26278e-04 -3.31165e-03 0.00000e+00
32.540000 -9.69226e-04 -2.91455e-03 0.00000e+00
32.550000 -1.00486e-03 -2.42594e-03 0.00000e+00
32.560000 -1.02960e-03 -1.90049e-03 0.00000e+00
32.570000 -1.03558e-03 -1.44636e-03 0.00000e+00
32.580000 -1.01924e-03 -1.05375e-03 0.00000e+00
32.590000 -1.00196e-03 -6.21175e-04 0.00000e+00
32.600000 -1.00610e-03 -1.04168e-04 0.00000e+00
32.610000 -1.02356e-03 3.30079e-04 0.00000e+00
32.620000 -1.02019e-03 7.81202e-04 0.00000e+00
32.630000 -1.02991e-03 1.19993e-03 0.00000e+00
32.640000 -1.00789e-03 1.45580e-03 0.00000e+00
32.650000 -9.79084e-04 1.71698e-03 0.00000e+00
32.660000 -9.71168e-04 2.00322e-03 0.00000e+00
32.670000 -9.45296e-04 2.29768e-03 0.00000e+00
32.680000 -9.43719e-04 2.65326e-03 0.00000e+00
32.690000 -9.23839e-04 3.00326e-03 0.00000e+00
32.700000 -8.92696e-04 3.24411e-03 0.00000e+00
32.710000 -8.53696e-04 3.40489e-03 0.00000e+00
32.720000 -7.97008e-04 3.50002e-03 0.00000e+00
32.730000 -7.57387e-04 3.55332e-03 0.00000e+00
32.740000 -7.22748e-04 3.59721e-03 0.00000e+00
32.750000 -6.87045e-04 3.81381e-03 0.00000e+00
32.760000 -6.36078e-04 4.17894e-03 0.00000e+00
32.770000 -5.91010e-04 4.40658e-03 0.00000e+00
32.780000 -5.53872e-04 4.43383e-03 0.00000e+00
32.790000 -4.92206e-04 4.40448e-03 0.00000e+00
32.800000 -4.83342e-04 4.33291e-03 0.00000e+00
32.810000 -4.37933e-04 4.28012e-03 0.00000e+00
32.820000 -3.86199e-04 4.30404e-03 0.00000e+00
32.830000 -3.34323e-04 4.23952e-03 0.00000e+00
32.840000 -2.94732e-04 4.06174e-03 0.00000e+00
32.850000 -2.53284e-04 3.86679e-03 0.00000e+00
32.860000 -2.21704e-04 3.69040e-03 0.00000e+00
32.870000 -1.88629e-04 3.50255e-03 0.00000e+00
32.880000 -1.55498e-04 3.34180e-03 0.00000e+00
32.890000 -1.15546e-04 3.36734e-03 0.00000e+00
32.900000 -7.40837e-05 3.43210e-03 0.00000e+00
32.910000 -2.01793e-05 3.35267e-03 0.00000e+00
32.920000 4.06976e-05 3.23419e-03 0.00000e+00
32.930000 4.44662e-05 3.20787e-03 0.00000e+00
32.940000 4.04896e-05 3.19413e-03 0.00000e+00
32.950000 6.23654e-05 3.15524e-03 0.00000e+00
32.960000 9.05785e-05 3.21482e-03 0.00000e+00
32.970000 1.21080e-04 3.20338e-03 0.00000e+00
32.980000 1.54457e-04 3.17579e-03 0.00000e+00
32.990000 1.74688e-04 3.27726e-03 0.00000e+00
33.000000 1.94985e-04 3.38641e-03 0.00000e+00
33.010000 2.29798e-04 3.45203e-03 0.00000e+00
33.020000 2.92755e-04 3.51296e-03 0.00000e+00
33.030000 3.25811e-04 3.61527e-03 0.00000e+00
33.040000 3.64194e-04 3.65770e-03 0.00000e+00
33.050000 4.25155e-04 3.62750e-03 0.00000e+00
33.060000 4.74857e-04 3.62244e-03 0.00000e+00
33.070000 4.79112e-04 3.65461e-03 0.00000e+00
33.080000 5.08746e-04 3.75502e-03 0.00000e+00
33.090000 5.56449e-04 3.91266e-03 0.00000e+00
33.100000 6.03982e-04 3.95270e-03 0.00000e+00
33.110000 6.29893e-04 3.80699e-03 0.00000e+00
33.120000 6.87744e-04 3.59785e-03 0.00000e+00
33.130000 7.20214e-04 3.44018e-03 0.00000e+00
33.140000 7.55860e-04 3.28597e-03 0.00000e+00
33.150000 7.96569e-04 3.08617e-03 0.00000e+00
33.160000 8.20083e-04 2.89044e-03 0.00000e+00
33.170000 8.39443e-04 2.69592e-03 0.00000e+00
33.180000 8.66790e-04 2.51389e-03 0.00000e+00
33.190000 8.97332e-04 2.42283e-03 0.00000e+00
33.200000 9.17496e-04 2.25488e-03 0.00000e+00
33.210000 9.13964e-04 1.96656e-03 0.00000e+00
33.220000 9.41327e-04 1.84697e-03 0.00000e+00
33.230000 9.65465e-04 1.78749e-03 0.00000e+00
33.240000 9.84802e-04 1.51256e-03 0.00000e+00
33.250000 9.96502e-04 1.09420e-03 0.00000e+00
33.260000 9.93753e-04 7.42839e-04 0.00000e+00
33.270000 9.95513e-04 4.62751e-04 0.00000e+00
33.280000 9.89897e-04 8.06976e-05 0.00000e+00
33.290000 9.89700e-04 -2.70768e-04 0.00000e+00
33.300000 1.00453e-03 -6.56794e-04 0.00000e+00
33.310000 9.94387e-04 -1.09089e-03 0.00000e+00
33.320000 1.00203e-03 -1.46977e-03 0.00000e+00
33.330000 1.00819e-03 -1.89697e-03 0.00000e+00
33.340000 9.92851e-04 -2.32677e-03 0.00000e+00
33.350000 9.64005e-04 -2.72860e-03 0.00000e+00
33.360000 9.30066e-04 -3.10744e-03 0.00000e+00
33.370000 8.78565e-04 -3.56368e-03 0.00000e+00
33.380000 8.63510e-04 -4.08616e-03 0.00000e+00
33.390000 8.32717e-04 -4.53747e-03 0.00000e+00
33.400000 7.53201e-04 -4.93847e-03 0.00000e+00
33.410000 6.86319e-04 -5.28983e-03 0.00000e+00
33.420000 6.25497e-04 -5.57505e-03 0.00000e+00
33.430000 5.78069e-04 -5.91985e-03 0.00000e+00
33.440000 5.10209e-04 -6.19960e-03 0.00000e+00
33.450000 4.35140e-04 -6.45743e-03 0.00000e+00
33.460000 3.81550e-04 -6.70384e-03 0.00000e+00
33.470000 2.93316e-04 -6.77835e-03 0.00000e+00
33.480000 2.60036e-04 -6.78556e-03 0.00000e+00
33.490000 1.74025e-04 -6.67944e-03 0.00000e+00
33.500000 1.24691e-04 -6.42984e-03 0.00000e+00
33.510000 5.27941e-05 -6.17380e-03 0.00000e+00
33.520000 -1.51985e-05 -5.96069e-03 0.00000e+00
33.530000 -9.85234e-05 -5.76853e-03 0.00000e+00
33.540000 -1.64233e-04 -5.56134e-03 0.00000e+00
33.550000 -2.07180e-04 -5.21084e-03 0.00000e+00
33.560000 -2.60314e-04 -4.78075e-03 0.00000e+00
33.570000 -3.14874e-04 -4.51379e-03 0.00000e+00
33.580000 -3.40078e-04 -4.33589e-03 0.00000e+00
33.590000 -3.92953e-04 -4.10339e-03 0.00000e+00
33.600000 -4.31060e-04 -3.77083e-03 0.00000e+00
33.610000 -4.47926e-04 -3.42909e-03 0.00000e+00
33.620000 -4.95283e-04 -3.17059e-03 0.00000e+00
33.630000 -4.93865e-04 -2.88796e-03 0.00000e+00
33.640000 -5.10160e-04 -2.65798e-03 0.00000e+00
33.650000 -5.24616e-04 -2.32708e-03 0.00000e+00
33.660000 -5.38448e-04 -1.97700e-03 0.00000e+00
33.670000 -5.73460e-04 -1.70527e-03 0.00000e+00
33.680000 -6.01142e-04 -1.45925e-03 0.00000e+00
33.690000 -6.26120e-04 -1.31345e-03 0.00000e+00
33.700000 -6.36596e-04 -1.19615e-03 0.00000e+00
33.710000 -6.40455e-04 -1.03394e-03 0.00000e+00
33.720000 -6.54709e-04 -7.47035e-04 0.00000e+00
33.730000 -6.86290e-04 -5.21458e-04 0.00000e+00
33.740000 -6.94772e-04 -3.89434e-04 0.00000e+00
33.750000 -6.94353e-04 -1.82466e-04 0.00000e+00
33.760000 -6.85721e-04 -3.64876e-05 0.00000e+00
33.770000 -6.81991e-04 -7.08608e-05 0.00000e+00
33.780000 -6.88926e-04 -3.95504e-05 0.00000e+00
33.790000 -6.87700e-04 -2.14091e-05 0.00000e+00
33.800000 -6.79947e-04 2.01376e-05 0.00000e+00
33.810000 -6.73326e-04 1.05403e-04 0.00000e+00
33.820000 -6.51479e-04 1.28064e-04 0.00000e+00
33.830000 -6.71964e-04 1.73768e-04 0.00000e+00
33.840000 -6.61785e-04 1.20415e-04 0.00000e+00
33.850000 -6.70842e-04 3.32332e-05 0.00000e+00
33.860000 -6.41591e-04 -4.37316e-05 0.00000e+00
33.870000 -6.26680e-04 -1.48265e-04 0.00000e+00
33.880000 -6.04264e-04 -2.16883e-04 0.00000e+00
33.890000 -6.27166e-04 -3.14259e-04 0.00000e+00
33.900000 -6.49483e-04 -5.07206e-04 0.00000e+00
33.910000 -6.56407e-04 -6.18230e-04 0.00000e+00
33.920000 -6.69364e-04 -6.44953e-04 0.00000e+00
33.930000 -7.07607e-04 -6.27731e-04 0.00000e+00
33.940000 -7.15143e-04 -5.21697e-04 0.00000e+00
33.950000 -7.01240e-04 -4.34697e-04 0.00000e+00
33.960000 -7.13099e-04 -3.38779e-04 0.00000e+00
33.970000 -7.11811e-04 -2.12202e-04 0.00000e+00
33.980000 -7.27621e-04 -6.98201e-05 0.00000e+00
33.990000 -7.20076e-04 1.46395e-04 0.00000e+00
34.000000 -7.22508e-04 3.57670e-04 0.00000e+00
34.010000 -7.24891e-04 5.50258e-04 0.00000e+00
34.020000 -7.04935e-04 8.53331e-04 0.00000e+00
34.030000 -7.11850e-04 1.34987e-03 0.00000e+00
34.040000 -6.95918e-04 1.91495e-03 0.00000e+00
34.050000 -6.76094e-04 2.53838e-03 0.00000e+00
34.060000 -6.49253e-04 3.11391e-03 0.00000e+00
34.070000 -6.07310e-04 3.47363e-03 0.00000e+00
34.080000 -5.49748e-04 3.88501e-03 0.00000e+00
34.090000 -5.30020e-04 4.29094e-03 0.00000e+00
34.100000 -4.68706e-04 4.58957e-03 0.00000e+00
34.110000 -4.33111e-04 4.91684e-03 0.00000e+00
34.120000 -3.89248e-04 5.35269e-03 0.00000e+00
34.130000 -3.44005e-04 5.73686e-03 0.00000e+00
34.140000 -2.91895e-04 5.96168e-03 0.00000e+00
34.150000 -2.27292e-04 6.14935e-03 0.00000e+00
34.160000 -1.50937e-04 6.35044e-03 0.00000e+00
34.170000 -7.43922e-05 6.54522e-03 0.00000e+00
34.180000 7.82785e-06 6.64127e-03 0.00000e+00
34.190000 1.08188e-04 6.69891e-03 0.00000e+00
34.200000 1.75649e-04 6.63262e-03 0.00000e+00
34.210000 2.22389e-04 6.49441e-03 0.00000e+00
34.220000 2.96929e-04 6.41189e-03 0.00000e+00
34.230000 3.24062e-04 6.25469e-03 0.00000e+00
34.240000 3.85096e-04 6.07842e-03 0.00000e+00
34.250000 4.61427e-04 5.97282e-03 0.00000e+00
34.260000 5.06191e-04 5.79399e-03 0.00000e+00
34.270000 5.85306e-04 5.59728e-03 0.00000e+00
34.280000 6.34956e-04 5.39370e-03 0.00000e+00
34.290000 6.82356e-04 5.02691e-03 0.00000e+00
34.300000 7.07944e-04 4.55862e-03 0.00000e+00
34.310000 7.50619e-04 4.10570e-03 0.00000e+00
34.320000 8.14284e-04 3.67613e-03 0.00000e+00
34.330000 8.46859e-04 3.29430e-03 0.00000e+00
34.340000 8.79975e-04 2.95274e-03 0.00000e+00
34.350000 8.92679e-04 2.62225e-03 0.00000e+00
34.360000 9.21833e-04 2.44926e-03 0.00000e+00
34.370000 9.35571e-04 2.25315e-03 0.00000e+00
34.380000 9.83341e-04 1.88973e-03 0.00000e+00
34.390000 9.92069e-04 1.53757e-03 0.00000e+00
34.400000 1.00302e-03 1.13614e-03 0.00000e+00
34.410000 1.02118e-03 6.77721e-04 0.00000e+00
34.420000 1.03355e-03 3.63950e-04 0.00000e+00
34.430000 1.02468e-03 -2.38414e-05 0.00000e+00
34.440000 1.02022e-03 -3.55572e-04 0.00000e+00
34.450000 9.88014e-04 -6.38889e-04 0.00000e+00
34.460000 9.66146e-04 -1.02748e-03 0.00000e+00
34.470000 9.58885e-04 -1.40490e-03 0.00000e+00
34.480000 9.69273e-04 -1.80765e-03 0.00000e+00
34.490000 9.44864e-04 -2.05905e-03 0.00000e+00
34.500000 9.47754e-04 -2.32406e-03 0.00000e+00
34.510000 9.15739e-04 -2.67982e-03 0.00000e+00
34.520000 9.07404e-04 -3.02924e-03 0.00000e+00
34.530000 8.75741e-04 -3.36788e-03 0.00000e+00
34.540000 8.18456e-04 -3.67118e-03 0.00000e+00
34.550000 7.80759e-04 -3.82955e-03 0.00000e+00
34.560000 7.41595e-04 -3.95964e-03 0.00000e+00
34.570000 6.98322e-04 -4.17220e-03 0.00000e+00
34.580000 6.55084e-04 -4.27939e-03 0.00000e+00
34.590000 6.15729e-04 -4.29480e-03 0.00000e+00
34.600000 5.51155e-04 -4.29378e-03 0.00000e+00
34.610000 5.35093e-04 -4.30729e-03 0.00000e+00
34.620000 4.55139e-04 -4.40237e-03 0.00000e+00
34.630000 4.30611e-04 -4.47216e-03 0.00000e+00
34.640000 3.79617e-04 -4.41851e-03 0.00000e+00
34.650000 3.33770e-04 -4.19535e-03 0.00000e+00
34.660000 2.95063e-04 -3.89885e-03 0.00000e+00
34.670000 2.28563e-04 -3.55447e-03 0.00000e+00
34.680000 2.03844e-04 -3.19802e-03 0.00000e+00
34.690000 1.70580e-04 -2.85153e-03 0.00000e+00
34.700000 1.44149e-04 -2.50761e-03 0.00000e+00
34.710000 1.22802e-04 -2.32467e-03 0.00000e+00
34.720000 1.06034e-04 -2.17913e-03 0.00000e+00
34.730000 6.36927e-05 -2.00706e-03 0.00000e+00
34.740000 5.89233e-05 -1.77750e-03 0.00000e+00
34.750000 5.02585e-05 -1.58255e-03 0.00000e+00
34.760000 3.89832e-05 -1.47584e-03 0.00000e+00
34.770000 2.23592e-05 -1.45357e-03 0.00000e+00
34.780000 4.85515e-06 -1.36641e-03 0.00000e+00
34.790000 1.98393e-06 -1.36378e-03 0.00000e+00
34.800000 2.48617e-05 -1.44116e-03 0.00000e+00
34.810000 1.71652e-05 -1.47884e-03 0.00000e+00
34.820000 2.99702e-05 -1.65103e-03 0.00000e+00
34.830000 1.36046e-06 -1.85491e-03 0.00000e+00
34.840000 -1.65089e-05 -2.15337e-03 0.00000e+00
34.850000 -6.44567e-05 -2.46219e-03 0.00000e+00
34.860000 -9.05318e-05 -2.69364e-03 0.00000e+00
34.870000 -1.44007e-04 -2.98611e-03 0.00000e+00
34.880000 -1.68998e-04 -3.25175e-03 0.00000e+00
34.890000 -2.00354e-04 -3.43761e-03 0.00000e+00
34.900000 -2.22266e-04 -3.69365e-03 0.00000e+00
34.910000 -2.54651e-04 -3.92448e-03 0.00000e+00
34.920000 -3.20623e-04 -4.09670e-03 0.00000e+00
34.930000 -3.61507e-04 -4.25646e-03 0.00000e+00
34.940000 -4.00187e-04 -4.42240e-03 0.00000e+00
34.950000 -4.39171e-04 -4.57065e-03 0.00000e+00
34.960000 -5.04036e-04 -4.58786e-03 0.00000e+00
34.970000 -5.40600e-04 -4.38971e-03 0.00000e+00
34.980000 -6.00465e-04 -4.12742e-03 0.00000e+00
34.990000 -6.48092e-04 -3.84915e-03 0.00000e+00
35.000000 -6.85430e-04 -3.57214e-03 0.00000e+00
35.010000 -7.21093e-04 -3.35491e-03 0.00000e+00
35.020000 -7.48566e-04 -3.11379e-03 0.00000e+00
35.030000 -7.78054e-04 -2.85387e-03 0.00000e+00
35.040000 -8.15038e-04 -2.59282e-03 0.00000e+00
35.050000 -8.17858e-04 -2.30267e-03 0.00000e+00
35.060000 -8.49552e-04 -1.97114e-03 0.00000e+00
35.070000 -8.73186e-04 -1.63867e-03 0.00000e+00
35.080000 -8.88982e-04 -1.25900e-03 0.00000e+00
35.090000 -9.06308e-04 -9.79057e-04 0.00000e+00
35.100000 -8.99161e-04 -7.26059e-04 0.00000e+00
35.110000 -9.03437e-04 -3.57283e-04 0.00000e+00
35.120000 -8.73381e-04 4.36658e-05 0.00000e+00
35.130000 -8.61377e-04 3.34744e-04 0.00000e+00
35.140000 -8.47726e-04 6.34942e-04 0.00000e+00
35.150000 -8.63911e-04 1.00030e-03 0.00000e+00
35.160000 -8.52570e-04 1.31776e-03 0.00000e+00
35.170000 -8.54064e-04 1.66364e-03 0.00000e+00
35.180000 -8.31710e-04 1.95394e-03 0.00000e+00
35.190000 -8.07599e-04 2.27192e-03 0.00000e+00
35.200000 -7.93124e-04 2.67610e-03 0.00000e+00
35.210000 -7.70326e-04 2.99963e-03 0.00000e+00
35.220000 -7.49324e-04 3.37929e-03 0.00000e+00
35.230000 -7.28291e-04 3.75562e-03 0.00000e+00
35.240000 -6.90189e-04 3.99925e-03 0.00000e+00
35.250000 -6.44768e-04 4.22519e-03 0.00000e+00
35.260000 -6.06196e-04 4.39514e-03 0.00000e+00
35.270000 -5.41127e-04 4.62576e-03 0.00000e+00
35.280000 -4.86746e-04 4.83368e-03 0.00000e+00
35.290000 -4.37088e-04 5.09641e-03 0.00000e+00
35.300000 -3.86355e-04 5.46106e-03 0.00000e+00
35.310000 -3.05046e-04 5.67934e-03 0.00000e+00
35.320000 -2.51436e-04 5.77346e-03 0.00000e+00
35.330000 -1.96773e-04 5.81285e-03 0.00000e+00
35.340000 -1.41246e-04 5.83343e-03 0.00000e+00
35.350000 -8.82793e-05 5.83183e-03 0.00000e+00
35.360000 6.15965e-08 5.83338e-03 0.00000e+00
35.370000 4.88995e-05 5.76723e-03 0.00000e+00
35.380000 9.47280e-05 5.59986e-03 0.00000e+00
35.390000 1.55282e-04 5.31393e-03 0.00000e+00
35.400000 1.84653e-04 4.99724e-03 0.00000e+00
35.410000 2.33291e-04 4.72695e-03 0.00000e+00
35.420000 2.81476e-04 4.48789e-03 0.00000e+00
35.430000 3.32202e-04 4.16751e-03 0.00000e+00
35.440000 3.93713e-04 3.88052e-03 0.00000e+00
35.450000 4.20726e-04 3.70309e-03 0.00000e+00
35.460000 4.88205e-04 3.42226e-03 0.00000e+00
35.470000 4.97060e-04 3.07472e-03 0.00000e+00
35.480000 5.12750e-04 2.84183e-03 0.00000e+00
35.490000 5.48839e-04 2.60754e-03 0.00000e+00
35.500000 5.67186e-04 2.27685e-03 0.00000e+00
35.510000 5.93372e-04 1.89900e-03 0.00000e+00
35.520000 6.00102e-04 1.47552e-03 0.00000e+00
35.530000 6.12157e-04 1.26904e-03 0.00000e+00
35.540000 6.09537e-04 1.12344e-03 0.00000e+00
35.550000 6.11972e-04 9.32567e-04 0.00000e+00
35.560000 6.21496e-04 8.39389e-04 0.00000e+00
35.570000 6.59943e-04 6.87526e-04 0.00000e+00
35.580000 6.61076e-04 5.07302e-04 0.00000e+00
35.590000 6.71301e-04 3.78609e-04 0.00000e+00
35.600000 6.59319e-04 2.70089e-04 0.00000e+00
35.610000 6.90664e-04 1.92590e-04 0.00000e+00
35.620000 6.71824e-04 1.07208e-04 0.00000e+00
35.630000 6.56061e-04 1.61987e-04 0.00000e+00
35.640000 6.56000e-04 1.84022e-04 0.00000e+00
35.650000 6.58266e-04 3.68158e-05 0.00000e+00
35.660000 6.31999e-04 2.82681e-05 0.00000e+00
35.670000 6.37134e-04 1.03939e-04 0.00000e+00
35.680000 6.30535e-04 1.87907e-04 0.00000e+00
35.690000 6.66576e-04 2.50009e-04 0.00000e+00
35.700000 6.97655e-04 3.20317e-04 0.00000e+00
35.710000 6.88308e-04 3.60928e-04 0.00000e+00
35.720000 7.07165e-04 2.73391e-04 0.00000e+00
35.730000 6.88757e-04 1.65929e-04 0.00000e+00
35.740000 6.78307e-04 2.06913e-04 0.00000e+00
35.750000 6.74191e-04 2.36326e-04 0.00000e+00
35.760000 6.68977e-04 1.33005e-04 0.00000e+00
35.770000 6.67345e-04 4.37546e-06 0.00000e+00
35.780000 6.68288e-04 -3.58776e-05 0.00000e+00
35.790000 6.86544e-04 -1.52713e-04 0.00000e+00
35.800000 6.91819e-04 -4.39170e-04 0.00000e+00
35.810000 6.68850e-04 -6.49945e-04 0.00000e+00
35.820000 6.84515e-04 -8.66129e-04 0.00000e+00
35.830000 6.99821e-04 -1.17931e-03 0.00000e+00
35.840000 6.88236e-04 -1.49636e-03 0.00000e+00
35.850000 6.73847e-04 -1.82248e-03 0.00000e+00
35.860000 6.49374e-04 -2.04762e-03 0.00000e+00
35.870000 6.30114e-04 -2.10687e-03 0.00000e+00
35.880000 5.77183e-04 -2.23579e-03 0.00000e+00
35.890000 5.43893e-04 -2.38668e-03 0.00000e+00
35.900000 5.23757e-04 -2.63897e-03 0.00000e+00
35.910000 5.02531e-04 -3.05971e-03 0.00000e+00
35.920000 4.44422e-04 -3.46295e-03 0.00000e+00
35.930000 4.14208e-04 -3.83173e-03 0.00000e+00
35.940000 3.82747e-04 -4.18480e-03 0.00000e+00
35.950000 3.42190e-04 -4.51919e-03 0.00000e+00
35.960000 2.78181e-04 -4.74203e-03 0.00000e+00
35.970000 2.55394e-04 -4.90661e-03 0.00000e+00
35.980000 2.11266e-04 -5.14365e-03 0.00000e+00
35.990000 1.55310e-04 -5.25324e-03 0.00000e+00
36.000000 1.17593e-04 -5.18099e-03 0.00000e+00
36.010000 6.84924e-05 -5.10623e-03 0.00000e+00
36.020000 2.08622e-05 -5.08995e-03 0.00000e+00
36.030000 -1.38735e-05 -5.13413e-03 0.00000e+00
36.040000 -7.87521e-05 -5.19060e-03 0.00000e+00
36.050000 -1.49768e-04 -5.30297e-03 0.00000e+00
36.060000 -2.30117e-04 -5.39250e-03 0.00000e+00
36.070000 -3.15072e-04 -5.33332e-03 0.00000e+00
36.080000 -3.67648e-04 -5.19809e-03 0.00000e+00
36.090000 -4.06802e-04 -5.08552e-03 0.00000e+00
36.100000 -4.49196e-04 -4.94906e-03 0.00000e+00
36.110000 -4.90006e-04 -4.71592e-03 0.00000e+00
36.120000 -5.25012e-04 -4.44494e-03 0.00000e+00
36.130000 -5.50568e-04 -4.19782e-03 0.00000e+00
36.140000 -5.93914e-04 -3.83346e-03 0.00000e+00
36.150000 -6.14279e-04 -3.45702e-03 0.00000e+00
36.160000 -6.37748e-04 -3.15867e-03 0.00000e+00
36.170000 -6.83954e-04 -2.74992e-03 0.00000e+00
36.180000 -7.29431e-04 -2.30646e-03 0.00000e+00
36.190000 -7.80414e-04 -1.88700e-03 0.00000e+00
36.200000 -8.09719e-04 -1.46309e-03 0.00000e+00
36.210000 -8.24546e-04 -1.01813e-03 0.00000e+00
36.220000 -8.25202e-04 -6.19763e-04 0.00000e+00
36.230000 -8.11906e-04 -3.17236e-04 0.00000e+00
36.240000 -8.09431e-04 -9.23922e-05 0.00000e+00
36.250000 -8.04117e-04 1.41032e-04 0.00000e+00
36.260000 -7.90964e-04 4.52287e-04 0.00000e+00
36.270000 -7.81925e-04 7.84507e-04 0.00000e+00
36.280000 -7.64843e-04 1.03245e-03 0.00000e+00
36.290000 -7.47552e-04 1.26546e-03 0.00000e+00
36.300000 -7.29968e-04 1.57138e-03 0.00000e+00
36.310000 -7.13738e-04 1.86192e-03 0.00000e+00
36.320000 -7.20108e-04 2.12229e-03 0.00000e+00
36.330000 -6.72169e-04 2.35006e-03 0.00000e+00
36.340000 -6.53756e-04 2.50387e-03 0.00000e+00
36.350000 -6.35980e-04 2.59875e-03 0.00000e+00
36.360000 -6.16618e-04 2.61539e-03 0.00000e+00
36.370000 -5.88315e-04 2.59009e-03 0.00000e+00
36.380000 -5.43980e-04 2.59774e-03 0.00000e+00
36.390000 -5.31639e-04 2.63334e-03 0.00000e+00
36.400000 -5.06087e-04 2.73150e-03 0.00000e+00
36.410000 -4.79786e-04 2.81037e-03 0.00000e+00
36.420000 -4.52381e-04 2.83346e-03 0.00000e+00
36.430000 -4.23391e-04 2.83004e-03 0.00000e+00
36.440000 -4.00237e-04 2.83180e-03 0.00000e+00
36.450000 -3.81190e-04 2.87022e-03 0.00000e+00
36.460000 -3.29219e-04 2.89340e-03 0.00000e+00
36.470000 -3.00654e-04 2.87633e-03 0.00000e+00
36.480000 -2.73439e-04 2.78960e-03 0.00000e+00
36.490000 -2.58762e-04 2.63811e-03 0.00000e+00
36.500000 -2.28912e-04 2.64810e-03 0.00000e+00
36.510000 -1.90178e-04 2.66726e-03 0.00000e+00
36.520000 -1.62402e-04 2.56840e-03 0.00000e+00
36.530000 -1.40574e-04 2.45897e-03 0.00000e+00
36.540000 -1.11914e-04 2.37771e-03 0.00000e+00
36.550000 -8.49815e-05 2.44898e-03 0.00000e+00
36.560000 -6.05266e-05 2.48356e-03 0.00000e+00
36.570000 -3.63290e-05 2.40151e-03 0.00000e+00
36.580000 -2.66019e-05 2.30945e-03 0.00000e+00
36.590000 -2.20817e-06 2.24879e-03 0.00000e+00
36.600000 1.33683e-05 2.21689e-03 0.00000e+00
36.610000 5.13388e-05 2.25344e-03 0.00000e+00
36.620000 6.15144e-05 2.31557e-03 0.00000e+00
36.630000 7.63189e-05 2.45033e-03 0.00000e+00
36.640000 9.07355e-05 2.58942e-03 0.00000e+00
36.650000 1.17199e-04 2.60637e-03 0.00000e+00
36.660000 1.60971e-04 2.55000e-03 0.00000e+00
36.670000 1.92365e-04 2.52247e-03 0.00000e+00
36.680000 1.85559e-04 2.59210e-03 0.00000e+00
36.690000 2.33398e-04 2.65544e-03 0.00000e+00
36.700000 2.52658e-04 2.73731e-03 0.00000e+00
36.710000 3.08067e-04 2.87541e-03 0.00000e+00
36.720000 3.28857e-04 2.95656e-03 0.00000e+00
36.730000 3.41383e-04 2.97219e-03 0.00000e+00
36.740000 3.61693e-04 3.05312e-03 0.00000e+00
36.750000 4.08126e-04 3.13166e-03 0.00000e+00
36.760000 4.52873e-04 3.11369e-03 0.00000e+00
36.770000 4.97257e-04 3.03766e-03 0.00000e+00
36.780000 5.41754e-04 3.06987e-03 0.00000e+00
36.790000 5.55431e-04 3.15998e-03 0.00000e+00
36.800000 5.73073e-04 3.13075e-03 0.00000e+00
36.810000 5.74123e-04 3.02046e-03 0.00000e+00
36.820000 5.96652e-04 2.89254e-03 0.00000e+00
36.830000 6.31049e-04 2.83439e-03 0.00000e+00
36.840000 6.77883e-04 2.74849e-03 0.00000e+00
36.850000 7.06159e-04 2.47107e-03 0.00000e+00
36.860000 7.36804e-04 2.16751e-03 0.00000e+00
36.870000 7.72707e-04 1.91654e-03 0.00000e+00
36.880000 7.79680e-04 1.69829e-03 0.00000e+00
36.890000 7.81927e-04 1.47833e-03 0.00000e+00
36.900000 8.11860e-04 1.17840e-03 0.00000e+00
36.910000 8.39038e-04 8.17062e-04 0.00000e+00
36.920000 8.32032e-04 5.03937e-04 0.00000e+00
36.930000 8.30219e-04 2.29833e-04 0.00000e+00
36.940000 8.51196e-04 -3.94906e-05 0.00000e+00
36.950000 8.73770e-04 -2.99481e-04 0.00000e+00
36.960000 8.49641e-04 -6.79340e-04 0.00000e+00
36.970000 8.19603e-04 -1.13598e-03 0.00000e+00
36.980000 7.97545e-04 -1.65306e-03 0.00000e+00
36.990000 7.79893e-04 -2.21937e-03 0.00000e+00
37.000000 7.52680e-04 -2.72056e-03 0.00000e+00
37.010000 7.10060e-04 -3.09399e-03 0.00000e+00
37.020000 6.82084e-04 -3.43195e-03 0.00000e+00
37.030000 6.57301e-04 -3.72252e-03 0.00000e+00
37.040000 6.37776e-04 -3.89928e-03 0.00000e+00
37.050000 6.01649e-04 -4.15050e-03 0.00000e+00
37.060000 5.64071e-04 -4.52401e-03 0.00000e+00
37.070000 5.19766e-04 -4.75343e-03 0.00000e+00
37.080000 4.57896e-04 -4.78749e-03 0.00000e+00
37.090000 4.16112e-04 -4.88065e-03 0.00000e+00
37.100000 3.46664e-04 -5.04806e-03 0.00000e+00
37.110000 3.01749e-04 -5.08281e-03 0.00000e+00
37.120000 2.23336e-04 -4.88824e-03 0.00000e+00
37.130000 1.69769e-04 -4.66162e-03 0.00000e+00
37.140000 1.13099e-04 -4.57476e-03 0.00000e+00
37.150000 6.33719e-05 -4.48167e-03 0.00000e+00
37.160000 1.56522e-05 -4.30568e-03 0.00000e+00
37.170000 -6.87930e-06 -4.13808e-03 0.00000e+00
37.180000 -3.87988e-05 -4.02356e-03 0.00000e+00
37.190000 -7.29717e-05 -3.86982e-03 0.00000e+00
37.200000 -1.00251e-04 -3.65270e-03 0.00000e+00
37.210000 -1.47531e-04 -3.30221e-03 0.00000e+00
37.220000 -1.99224e-04 -2.90972e-03 0.00000e+00
37.230000 -2.13437e-04 -2.53267e-03 0.00000e+00
37.240000 -2.14370e-04 -2.21992e-03 0.00000e+00
37.250000 -2.40049e-04 -2.00500e-03 0.00000e+00
37.260000 -2.72566e-04 -1.72469e-03 0.00000e+00
37.270000 -2.74919e-04 -1.47425e-03 0.00000e+00
37.280000 -2.68821e-04 -1.17294e-03 0.00000e+00
37.290000 -2.65407e-04 -9.09534e-04 0.00000e+00
37.300000 -2.99106e-04 -7.49884e-04 0.00000e+00
37.310000 -3.25280e-04 -5.58423e-04 0.00000e+00
37.320000 -3.29513e-04 -3.96013e-04 0.00000e+00
37.330000 -3.40305e-04 -2.64298e-04 0.00000e+00
37.340000 -3.51714e-04 -8.88086e-05 0.00000e+00
37.350000 -3.42382e-04 9.12695e-05 0.00000e+00
37.360000 -3.31776e-04 2.07397e-04 0.00000e+00
37.370000 -3.20687e-04 3.20771e-04 0.00000e+00
37.380000 -2.98018e-04 3.17093e-04 0.00000e+00
37.390000 -3.16853e-04 2.04705e-04 0.00000e+00
37.400000 -3.09190e-04 2.14448e-04 0.00000e+00
37.410000 -3.30547e-04 3.52954e-04 0.00000e+00
37.420000 -2.93853e-04 4.42012e-04 0.00000e+00
37.430000 -2.84468e-04 3.60795e-04 0.00000e+00
37.440000 -2.70155e-04 3.05486e-04 0.00000e+00
37.450000 -2.54179e-04 4.09462e-04 0.00000e+00
37.460000 -2.73934e-04 5.75432e-04 0.00000e+00
37.470000 -2.66318e-04 6.25009e-04 0.00000e+00
37.480000 -2.66330e-04 5.54870e-04 0.00000e+00
37.490000 -2.70619e-04 4.64401e-04 0.00000e+00
37.500000 -2.72277e-04 3.71691e-04 0.00000e+00
37.510000 -2.71698e-04 2.85626e-04 0.00000e+00
37.520000 -2.81624e-04 1.86594e-04 0.00000e+00
37.530000 -2.78219e-04 1.67903e-04 0.00000e+00
37.540000 -2.79609e-04 2.05319e-04 0.00000e+00
37.550000 -2.81330e-04 2.79632e-04 0.00000e+00
37.560000 -2.51067e-04 2.52989e-04 0.00000e+00
37.570000 -2.36498e-04 1.68079e-04 0.00000e+00
37.580000 -2.43386e-04 3.99871e-05 0.00000e+00
37.590000 -2.48736e-04 4.49036e-05 0.00000e+00
37.600000 -2.52066e-04 1.39598e-04 0.00000e+00
37.610000 -2.18410e-04 1.59575e-04 0.00000e+00
37.620000 -2.14698e-04 2.93712e-04 0.00000e+00
37.630000 -2.16914e-04 3.51800e-04 0.00000e+00
37.640000 -2.39361e-04 3.55535e-04 0.00000e+00
37.650000 -2.38259e-04 4.40596e-04 0.00000e+00
37.660000 -2.54261e-04 4.40457e-04 0.00000e+00
37.670000 -2.30238e-04 3.89158e-04 0.00000e+00
37.680000 -2.35196e-04 4.10643e-04 0.00000e+00
37.690000 -2.26844e-04 3.95591e-04 0.00000e+00
37.700000 -2.08600e-04 3.91480e-04 0.00000e+00
37.710000 -2.11059e-04 3.64589e-04 0.00000e+00
37.720000 -2.13730e-04 3.37695e-04 0.00000e+00
37.730000 -2.18859e-04 5.18198e-04 0.00000e+00
37.740000 -2.01820e-04 7.74757e-04 0.00000e+00
37.750000 -1.93949e-04 8.43677e-04 0.00000e+00
37.760000 -1.56775e-04 8.49489e-04 0.00000e+00
37.770000 -1.77103e-04 9.12917e-04 0.00000e+00
37.780000 -1.42276e-04 1.09581e-03 0.00000e+00
37.790000 -1.36912e-04 1.26494e-03 0.00000e+00
37.800000 -1.38949e-04 1.33165e-03 0.00000e+00
37.810000 -1.31475e-04 1.36964e-03 0.00000e+00
37.820000 -1.19645e-04 1.39162e-03 0.00000e+00
37.830000 -1.32869e-04 1.38690e-03 0.00000e+00
37.840000 -9.41637e-05 1.43630e-03 0.00000e+00
37.850000 -8.08244e-05 1.44074e-03 0.00000e+00
37.860000 -6.66003e-05 1.37790e-03 0.00000e+00
37.870000 -4.32864e-05 1.45875e-03 0.00000e+00
37.880000 -3.02587e-05 1.49368e-03 0.00000e+00
37.890000 1.73855e-05 1.41806e-03 0.00000e+00
37.900000 3.40462e-05 1.26343e-03 0.00000e+00
37.910000 2.06102e-05 1.09704e-03 0.00000e+00
37.920000 1.73317e-05 9.78404e-04 0.00000e+00
37.930000 5.50459e-05 9.77165e-04 0.00000e+00
37.940000 6.27970e-05 9.13366e-04 0.00000e+00
37.950000 7.36201e-05 8.55894e-04 0.00000e+00
37.960000 6.00575e-05 8.27166e-04 0.00000e+00
37.970000 8.53824e-05 5.73671e-04 0.00000e+00
37.980000 8.46455e-05 3.31369e-04 0.00000e+00
37.990000 8.78932e-05 1.70082e-04 0.00000e+00
38.000000 8.09594e-05 -3.81065e-05 0.00000e+00
38.010000 8.66573e-05 -1.30034e-04 0.00000e+00
38.020000 6.31860e-05 -1.70610e-04 0.00000e+00
38.030000 9.26017e-05 -3.61239e-04 0.00000e+00
38.040000 8.10910e-05 -4.95815e-04 0.00000e+00
38.050000 5.88879e-05 -5.61189e-04 0.00000e+00
38.060000 4.45003e-05 -5.07589e-04 0.00000e+00
38.070000 3.72977e-05 -4.28129e-04 0.00000e+00
38.080000 4.35410e-05 -5.33751e-04 0.00000e+00
38.090000 5.62996e-05 -6.65860e-04 0.00000e+00
38.100000 5.44692e-05 -6.23070e-04 0.00000e+00
38.110000 3.29772e-05 -5.91934e-04 0.00000e+00
38.120000 2.62587e-05 -6.27742e-04 0.00000e+00
38.130000 -1.29842e-05 -6.20586e-04 0.00000e+00
38.140000 -1.77340e-05 -5.22355e-04 0.00000e+00
38.150000 9.25547e-06 -4.01181e-04 0.00000e+00
38.160000 4.68532e-06 -3.64432e-04 0.00000e+00
38.170000 1.02710e-05 -3.87261e-04 0.00000e+00
38.180000 5.14519e-06 -3.83453e-04 0.00000e+00
38.190000 -2.16027e-05 -3.50122e-04 0.00000e+00
38.200000 -2.51766e-05 -2.12161e-04 0.00000e+00
38.210000 1.21817e-06 -3.15833e-05 0.00000e+00
38.220000 -4.95990e-06 -1.82143e-05 0.00000e+00
38.230000 -3.66119e-07 -7.79094e-05 0.00000e+00
38.240000 -2.81186e-05 -1.08236e-04 0.00000e+00
38.250000 -1.99121e-05 -6.33264e-05 0.00000e+00
38.260000 -1.24032e-05 1.07122e-04 0.00000e+00
38.270000 -8.52844e-06 3.12850e-04 0.00000e+00
38.280000 -2.79398e-05 3.74716e-04 0.00000e+00
38.290000 5.23310e-06 3.74389e-04 0.00000e+00
38.300000 8.43245e-06 3.01073e-04 0.00000e+00
38.310000 1.05807e-05 2.17025e-04 0.00000e+00
38.320000 -1.30179e-05 3.27185e-04 0.00000e+00
38.330000 -6.58364e-06 4.56921e-04 0.00000e+00
38.340000 -7.96948e-06 4.81965e-04 0.00000e+00
38.350000 2.84095e-05 4.82049e-04 0.00000e+00
38.360000 2.91007e-05 3.95027e-04 0.00000e+00
38.370000 4.14928e-05 2.46152e-04 0.00000e+00
38.380000 1.72525e-05 2.75757e-04 0.00000e+00
38.390000 2.24557e-05 3.86115e-04 0.00000e+00
38.400000 2.18733e-05 3.64606e-04 0.00000e+00
38.410000 5.48394e-05 2.59043e-04 0.00000e+00
38.420000 5.74932e-05 1.96892e-04 0.00000e+00
38.430000 8.14037e-05 2.40196e-04 0.00000e+00
38.440000 5.02830e-05 2.14207e-04 0.00000e+00
38.450000 4.77122e-05 1.06219e-04 0.00000e+00
38.460000 4.13123e-05 1.57022e-04 0.00000e+00
38.470000 5.50580e-05 2.62405e-04 0.00000e+00
38.480000 5.67889e-05 2.38059e-04 0.00000e+00
38.490000 6.69764e-05 1.43515e-04 0.00000e+00
38.500000 3.85432e-05 9.44455e-07 0.00000e+00
38.510000 3.75719e-05 -8.22545e-05 0.00000e+00
38.520000 3.36381e-05 2.10022e-05 0.00000e+00
38.530000 4.30404e-05 1.28147e-04 0.00000e+00
38.540000 4.38624e-05 1.39145e-04 0.00000e+00
38.550000 7.95722e-05 7.41190e-05 0.00000e+00
38.560000 5.36802e-05 -3.83625e-05 0.00000e+00
38.570000 5.01906e-05 -6.40716e-05 0.00000e+00
38.580000 6.13490e-05 4.75842e-05 0.00000e+00
38.590000 7.42915e-05 1.64290e-04 0.00000e+00
38.600000 6.40397e-05 2.22576e-04 0.00000e+00
38.610000 5.79128e-05 2.40518e-04 0.00000e+00
38.620000 7.61413e-05 1.42213e-04 0.00000e+00
38.630000 8.32658e-05 5.67794e-05 0.00000e+00
38.640000 5.43657e-05 1.08072e-04 0.00000e+00
38.650000 5.64511e-05 2.27272e-04 0.00000e+00
38.660000 5.75716e-05 3.25896e-04 0.00000e+00
38.670000 6.28898e-05 3.42175e-04 0.00000e+00
38.680000 8.83287e-05 2.71479e-04 0.00000e+00
38.690000 9.24557e-05 1.80879e-04 0.00000e+00
38.700000 6.49287e-05 7.42762e-05 0.00000e+00
38.710000 7.09718e-05 2.90645e-05 0.00000e+00
38.720000 6.70687e-05 1.66535e-04 0.00000e+00
38.730000 8.47059e-05 2.45703e-04 0.00000e+00
38.740000 9.57008e-05 1.37595e-04 0.00000e+00
38.750000 9.85316e-05 7.60218e-05 0.00000e+00
38.760000 7.56461e-05 4.73010e-05 0.00000e+00
38.770000 8.23010e-05 4.94734e-06 0.00000e+00
38.780000 8.44436e-05 -7.51242e-05 0.00000e+00
38.790000 7.90916e-05 -7.63770e-05 0.00000e+00
38.800000 1.04644e-04 -5.60881e-05 0.00000e+00
38.810000 1.19166e-04 -2.28559e-04 0.00000e+00
38.820000 1.00424e-04 -3.94300e-04 0.00000e+00
38.830000 8.78322e-05 -4.33214e-04 0.00000e+00
38.840000 6.87512e-05 -4.89800e-04 0.00000e+00
38.850000 5.32619e-05 -4.49955e-04 0.00000e+00
38.860000 4.84358e-05 -4.10657e-04 0.00000e+00
38.870000 5.93426e-05 -5.84962e-04 0.00000e+00
38.880000 7.66600e-05 -7.25165e-04 0.00000e+00
38.890000 7.08169e-05 -7.53026e-04 0.00000e+00
38.900000 3.06334e-05 -7.33938e-04 0.00000e+00
38.910000 1.79504e-05 -6.79054e-04 0.00000e+00
38.920000 1.39622e-05 -6.75598e-04 0.00000e+00
38.930000 1.15992e-05 -7.56614e-04 0.00000e+00
38.940000 1.38277e-05 -8.42511e-04 0.00000e+00
38.950000 3.45272e-07 -8.09438e-04 0.00000e+00
38.960000 -2.95085e-06 -7.61866e-04 0.00000e+00
38.970000 -2.96732e-05 -6.21198e-04 0.00000e+00
38.980000 -2.97311e-05 -4.03735e-04 0.00000e+00
38.990000 -1.15215e-05 -3.39278e-04 0.00000e+00
39.000000 -1.97327e-05 -3.57962e-04 0.00000e+00
39.010000 -3.28695e-05 -3.62330e-04 0.00000e+00
39.020000 -3.00974e-05 -3.03795e-04 0.00000e+00
39.030000 -6.07159e-05 -2.00225e-04 0.00000e+00
39.040000 -5.36864e-05 -9.82819e-05 0.00000e+00
39.050000 -3.19969e-05 8.46546e-05 0.00000e+00
39.060000 -3.44510e-05 2.78978e-04 0.00000e+00
39.070000 -3.88386e-05 3.18904e-04 0.00000e+00
39.080000 -4.87446e-05 3.14342e-04 0.00000e+00
39.090000 -4.82632e-05 3.66482e-04 0.00000e+00
39.100000 -3.85133e-05 4.14299e-04 0.00000e+00
39.110000 -2.42664e-05 4.82320e-04 0.00000e+00
39.120000 -9.96439e-07 4.88329e-04 0.00000e+00
39.130000 -7.09541e-06 4.22951e-04 0.00000e+00
39.140000 4.28226e-06 2.76367e-04 0.00000e+00
39.150000 -1.70440e-05 1.68326e-04 0.00000e+00
39.160000 -1.35235e-05 2.46676e-04 0.00000e+00
39.170000 9.32429e-07 2.44633e-04 0.00000e+00
39.180000 2.21710e-05 8.87474e-05 0.00000e+00
39.190000 3.30249e-05 -4.53887e-05 0.00000e+00
39.200000 1.85230e-05 -2.71663e-04 0.00000e+00
39.210000 1.27241e-05 -4.76817e-04 0.00000e+00
39.220000 2.21171e-05 -4.58755e-04 0.00000e+00
39.230000 6.68633e-06 -4.94884e-04 0.00000e+00
39.240000 -2.98248e-06 -6.66780e-04 0.00000e+00
39.250000 -1.34555e-05 -8.76102e-04 0.00000e+00
39.260000 -2.79235e-05 -1.07052e-03 0.00000e+00
39.270000 -4.48853e-05 -1.23003e-03 0.00000e+00
39.280000 -5.72397e-05 -1.37948e-03 0.00000e+00
39.290000 -8.62289e-05 -1.45802e-03 0.00000e+00
39.300000 -9.04763e-05 -1.45148e-03 0.00000e+00
39.310000 -9.94325e-05 -1.38640e-03 0.00000e+00
39.320000 -8.38808e-05 -1.36601e-03 0.00000e+00
39.330000 -1.14232e-04 -1.29674e-03 0.00000e+00
39.340000 -1.50584e-04 -1.05041e-03 0.00000e+00
39.350000 -1.60270e-04 -7.40803e-04 0.00000e+00
39.360000 -1.61995e-04 -4.23465e-04 0.00000e+00
39.370000 -1.74544e-04 -2.85917e-04 0.00000e+00
39.380000 -1.52814e-04 -2.34071e-04 0.00000e+00
39.390000 -1.72797e-04 3.46507e-05 0.00000e+00
39.400000 -2.05105e-04 3.73582e-04 0.00000e+00
39.410000 -2.10753e-04 6.06652e-04 0.00000e+00
39.420000 -2.04110e-04 7.71514e-04 0.00000e+00
39.430000 -1.94953e-04 8.31704e-04 0.00000e+00
39.440000 -1.83469e-04 8.27947e-04 0.00000e+00
39.450000 -1.57935e-04 9.31440e-04 0.00000e+00
39.460000 -1.13068e-04 1.06627e-03 0.00000e+00
39.470000 -7.25586e-05 1.16138e-03 0.00000e+00
39.480000 -5.69248e-05 1.23258e-03 0.00000e+00
39.490000 -3.72372e-05 1.31704e-03 0.00000e+00
39.500000 -2.57382e-06 1.31249e-03 0.00000e+00
39.510000 -4.49697e-06 1.20122e-03 0.00000e+00
39.520000 -1.32247e-05 1.15582e-03 0.00000e+00
39.530000 -2.31750e-05 1.12175e-03 0.00000e+00
39.540000 -3.41033e-05 1.02948e-03 0.00000e+00
39.550000 1.12187e-05 9.61347e-04 0.00000e+00
39.560000 3.59615e-05 8.15731e-04 0.00000e+00
39.570000 1.22678e-05 5.32258e-04 0.00000e+00
39.580000 -1.24125e-05 2.89702e-04 0.00000e+00
39.590000 -2.18502e-05 7.73475e-05 0.00000e+00
39.600000 -2.20340e-05 -1.79727e-04 0.00000e+00
39.610000 9.27268e-06 -4.37098e-04 0.00000e+00
39.620000 3.64611e-05 -5.69404e-04 0.00000e+00
39.630000 1.94376e-05 -5.41281e-04 0.00000e+00
39.640000 4.36249e-06 -4.27214e-04 0.00000e+00
39.650000 -7.94665e-06 -3.30546e-04 0.00000e+00
39.660000 -6.81426e-06 -2.50737e-04 0.00000e+00
39.670000 -1.13195e-05 -1.14241e-04 0.00000e+00
39.680000 7.30245e-06 -2.96637e-05 0.00000e+00
39.690000 -1.26345e-05 -7.69548e-05 0.00000e+00
39.700000 -2.94946e-05 -1.69729e-04 0.00000e+00
39.710000 -4.19876e-05 -3.00893e-04 0.00000e+00
39.720000 -4.95161e-05 -2.85254e-04 0.00000e+00
39.730000 -5.98151e-05 -1.23732e-04 0.00000e+00
39.740000 -4.24253e-05 -1.17378e-04 0.00000e+00
39.750000 -5.15880e-05 -2.64882e-04 0.00000e+00
39.760000 -5.71715e-05 -4.17507e-04 0.00000e+00
39.770000 -5.40536e-05 -5.10062e-04 0.00000e+00
39.780000 -2.20337e-05 -4.18427e-04 0.00000e+00
39.790000 -1.54415e-06 -2.35291e-04 0.00000e+00
39.800000 2.32186e-06 -1.91429e-04 0.00000e+00
39.810000 -5.44385e-06 -2.68146e-04 0.00000e+00
39.820000 -1.10455e-05 -3.41280e-04 0.00000e+00
39.830000 -2.76826e-05 -2.92071e-04 0.00000e+00
39.840000 -4.23920e-05 -1.06332e-04 0.00000e+00
39.850000 -6.34187e-05 1.64611e-04 0.00000e+00
39.860000 -7.14668e-05 2.81834e-04 0.00000e+00
39.870000 -7.54768e-05 2.50202e-04 0.00000e+00
39.880000 -7.47497e-05 2.45690e-04 0.00000e+00
39.890000 -6.60983e-05 2.15463e-04 0.00000e+00
39.900000 -7.32206e-05 1.39203e-04 0.00000e+00
39.910000 -8.16798e-05 1.74940e-04 0.00000e+00
39.920000 -7.50813e-05 2.40585e-04 0.00000e+00
39.930000 -6.27115e-05 1.75071e-04 0.00000e+00
39.940000 -4.15081e-05 9.64588e-05 0.00000e+00
39.950000 -2.77913e-05 1.62785e-04 0.00000e+00
39.960000 -4.28582e-05 3.49616e-04 0.00000e+00
39.970000 -3.11060e-05 4.56308e-04 0.00000e+00
39.980000 -1.48153e-05 4.67016e-04 0.00000e+00
39.990000 2.03199e-05 5.25124e-04 0.00000e+00
40.000000 4.77067e-05 5.87269e-04 0.00000e+00
40.010000 4.86968e-05 5.17085e-04 0.00000e+00
40.020000 1.63998e-05 3.23326e-04 0.00000e+00
40.030000 -1.83684e-05 1.45484e-04 0.00000e+00
40.040000 -5.85563e-06 4.49800e-05 0.00000e+00
40.050000 -1.50007e-05 -6.85464e-05 0.00000e+00
40.060000 -1.86927e-05 -1.63531e-04 0.00000e+00
40.070000 -1.62375e-05 -2.53555e-04 0.00000e+00
40.080000 -2.86774e-07 -3.95967e-04 0.00000e+00
40.090000 -2.66517e-05 -5.73521e-04 0.00000e+00
40.100000 -2.78538e-05 -6.80945e-04 0.00000e+00
40.110000 -2.11939e-05 -6.95331e-04 0.00000e+00
40.120000 -3.18655e-06 -6.93353e-04 0.00000e+00
40.130000 -1.89524e-05 -7.49498e-04 0.00000e+00
40.140000 -3.14716e-05 -7.10731e-04 0.00000e+00
40.150000 -3.29431e-05 -5.97751e-04 0.00000e+00
40.160000 -2.66208e-05 -3.98011e-04 0.00000e+00
40.170000 -6.48906e-05 -4.49631e-05 0.00000e+00
40.180000 -8.61560e-05 2.00791e-04 0.00000e+00
40.190000 -9.01262e-05 2.82334e-04 0.00000e+00
40.200000 -6.72984e-05 2.98232e-04 0.00000e+00
40.210000 -7.56055e-05 3.78672e-04 0.00000e+00
40.220000 -7.65226e-05 4.88004e-04 0.00000e+00
40.230000 -7.30751e-05 5.49095e-04 0.00000e+00
40.240000 -6.74005e-05 5.97088e-04 0.00000e+00
40.250000 -7.09560e-05 7.54660e-04 0.00000e+00
40.260000 -5.86040e-05 8.56984e-04 0.00000e+00
40.270000 -2.76582e-05 7.69840e-04 0.00000e+00
40.280000 -1.30163e-05 7.39119e-04 0.00000e+00
40.290000 6.73060e-06 8.23781e-04 0.00000e+00
40.300000 3.50069e-05 8.58890e-04 0.00000e+00
40.310000 6.32121e-05 7.64107e-04 0.00000e+00
40.320000 5.27337e-05 6.04343e-04 0.00000e+00
40.330000 8.38256e-05 5.44195e-04 0.00000e+00
40.340000 7.03371e-05 4.52115e-04 0.00000e+00
40.350000 5.35433e-05 1.96187e-04 0.00000e+00
40.360000 6.21147e-05 -3.51902e-05 0.00000e+00
40.370000 6.07760e-05 -1.65292e-04 0.00000e+00
40.380000 4.80850e-05 -2.79383e-04 0.00000e+00
40.390000 4.26048e-05 -4.76046e-04 0.00000e+00
40.400000 3.28644e-05 -6.50107e-04 0.00000e+00
40.410000 2.60856e-05 -7.73615e-04 0.00000e+00
40.420000 2.73736e-05 -9.21835e-04 0.00000e+00
40.430000 -1.62832e-05 -1.05751e-03 0.00000e+00
40.440000 -3.20218e-05 -1.11563e-03 0.00000e+00
40.450000 -1.90157e-05 -1.12321e-03 0.00000e+00
40.460000 -3.13368e-05 -1.07978e-03 0.00000e+00
40.470000 -5.29523e-05 -9.63570e-04 0.00000e+00
40.480000 -7.03314e-05 -8.12360e-04 0.00000e+00
40.490000 -7.27701e-05 -7.50769e-04 0.00000e+00
40.500000 -5.02423e-05 -5.70061e-04 0.00000e+00
40.510000 -7.82142e-05 -3.49203e-04 0.00000e+00
40.520000 -8.63432e-05 -2.42879e-04 0.00000e+00
40.530000 -8.38073e-05 5.25156e-06 0.00000e+00
40.540000 -8.07402e-05 2.68531e-04 0.00000e+00
40.550000 -8.08725e-05 4.04400e-04 0.00000e+00
40.560000 -8.49164e-05 4.95490e-04 0.00000e+00
40.570000 -6.82475e-05 6.11883e-04 0.00000e+00
40.580000 -6.76896e-05 6.85174e-04 0.00000e+00
40.590000 -6.32322e-05 7.40017e-04 0.00000e+00
40.600000 -5.41594e-05 7.20239e-04 0.00000e+00
40.610000 -4.27900e-05 6.63410e-04 0.00000e+00
40.620000 -2.05554e-05 8.10821e-04 0.00000e+00
40.630000 -8.35619e-06 9.36521e-04 0.00000e+00
40.640000 -2.25552e-06 8.92239e-04 0.00000e+00
40.650000 6.37373e-06 8.03539e-04 0.00000e+00
40.660000 2.63607e-05 7.00246e-04 0.00000e+00
40.670000 6.11923e-05 6.63234e-04 0.00000e+00
40.680000 4.53309e-05 5.63215e-04 0.00000e+00
40.690000 6.81789e-05 3.52301e-04 0.00000e+00
40.700000 5.92816e-05 1.64206e-04 0.00000e+00
40.710000 2.95039e-05 8.86812e-06 0.00000e+00
40.720000 1.79750e-05 -9.00609e-05 0.00000e+00
40.730000 1.87716e-05 -2.22710e-04 0.00000e+00
40.740000 1.90489e-05 -3.98453e-04 0.00000e+00
40.750000 5.45527e-06 -5.46829e-04 0.00000e+00
40.760000 1.87683e-05 -7.36562e-04 0.00000e+00
40.770000 2.49019e-05 -9.10466e-04 0.00000e+00
40.780000 3.41891e-05 -1.00345e-03 0.00000e+00
40.790000 2.78043e-05 -9.68472e-04 0.00000e+00
40.800000 -1.84830e-05 -8.95099e-04 0.00000e+00
40.810000 -2.81091e-05 -9.10719e-04 0.00000e+00
40.820000 -4.71496e-05 -9.14258e-04 0.00000e+00
40.830000 -6.04628e-05 -8.76393e-04 0.00000e+00
40.840000 -7.00409e-05 -7.49455e-04 0.00000e+00
40.850000 -8.03787e-05 -6.34769e-04 0.00000e+00
40.860000 -8.93788e-05 -4.47384e-04 0.00000e+00
40.870000 -8.81286e-05 -2.43298e-04 0.00000e+00
40.880000 -8.31108e-05 -2.24637e-04 0.00000e+00
40.890000 -8.43848e-05 -2.44037e-04 0.00000e+00
40.900000 -1.10203e-04 -2.66064e-04 0.00000e+00
40.910000 -1.10132e-04 -1.71106e-04 0.00000e+00
40.920000 -9.92126e-05 -4.14949e-05 0.00000e+00
40.930000 -9.88903e-05 7.20328e-05 0.00000e+00
40.940000 -7.13013e-05 3.11507e-04 0.00000e+00
40.950000 -5.65256e-05 6.13065e-04 0.00000e+00
40.960000 -4.46751e-05 8.20116e-04 0.00000e+00
40.970000 -6.57380e-05 7.60785e-04 0.00000e+00
40.980000 -6.45254e-05 6.66625e-04 0.00000e+00
40.990000 -5.22976e-05 5.96583e-04 0.00000e+00
41.000000 -4.98251e-05 4.69700e-04 0.00000e+00
41.010000 -2.96829e-05 3.86113e-04 0.00000e+00
41.020000 -2.12802e-05 3.24725e-04 0.00000e+00
41.030000 -1.20039e-05 2.24707e-04 0.00000e+00
41.040000 -4.39889e-05 9.21259e-05 0.00000e+00
41.050000 -3.64522e-05 2.31332e-05 0.00000e+00
41.060000 -3.79951e-05 -8.09148e-05 0.00000e+00
41.070000 -2.11649e-05 -2.77694e-04 0.00000e+00
41.080000 1.28135e-05 -4.64855e-04 0.00000e+00
41.090000 -3.62365e-06 -5.10943e-04 0.00000e+00
41.100000 -7.91429e-07 -5.34373e-04 0.00000e+00
41.110000 4.31234e-07 -5.29970e-04 0.00000e+00
41.120000 -3.67131e-05 -4.26419e-04 0.00000e+00
41.130000 -7.82958e-05 -3.36025e-04 0.00000e+00
41.140000 -9.87983e-05 -3.52846e-04 0.00000e+00
41.150000 -8.57270e-05 -4.66000e-04 0.00000e+00
41.160000 -1.08002e-04 -4.95230e-04 0.00000e+00
41.170000 -9.04620e-05 -4.51386e-04 0.00000e+00
41.180000 -9.57124e-05 -3.66445e-04 0.00000e+00
41.190000 -9.40981e-05 -1.68028e-04 0.00000e+00
41.200000 -1.15034e-04 5.87115e-05 0.00000e+00
41.210000 -1.03699e-04 1.22418e-04 0.00000e+00
41.220000 -1.00300e-04 1.36529e-04 0.00000e+00
41.230000 -1.01795e-04 1.95798e-04 0.00000e+00
41.240000 -7.95486e-05 2.91332e-04 0.00000e+00
41.250000 -6.36834e-05 5.04544e-04 0.00000e+00
41.260000 -4.21565e-05 6.51788e-04 0.00000e+00
41.270000 -5.18063e-05 7.08889e-04 0.00000e+00
41.280000 -3.67772e-05 9.11728e-04 0.00000e+00
41.290000 -3.58158e-05 1.02256e-03 0.00000e+00
41.300000 -4.23391e-05 9.34916e-04 0.00000e+00
41.310000 -4.39762e-05 8.89427e-04 0.00000e+00
41.320000 -3.45267e-05 9.56306e-04 0.00000e+00
41.330000 5.83410e-07 9.56328e-04 0.00000e+00
41.340000 1.54391e-05 9.04184e-04 0.00000e+00
41.350000 3.12968e-05 8.73962e-04 0.00000e+00
41.360000 4.67471e-05 7.19102e-04 0.00000e+00
41.370000 2.41591e-05 5.22994e-04 0.00000e+00
41.380000 1.46469e-05 4.08004e-04 0.00000e+00
41.390000 2.01095e-05 3.41383e-04 0.00000e+00
41.400000 2.44548e-05 2.07830e-04 0.00000e+00
41.410000 3.88628e-05 9.87630e-05 0.00000e+00
41.420000 4.16067e-05 4.46495e-05 0.00000e+00
41.430000 4.79195e-05 -2.05974e-05 0.00000e+00
41.440000 5.99530e-05 -1.66634e-04 0.00000e+00
41.450000 8.34616e-05 -3.52719e-04 0.00000e+00
41.460000 4.48416e-05 -4.28278e-04 0.00000e+00
41.470000 5.86701e-05 -5.35791e-04 0.00000e+00
41.480000 4.73766e-05 -6.80560e-04 0.00000e+00
41.490000 3.11791e-05 -7.32741e-04 0.00000e+00
41.500000 -2.50865e-06 -6.61045e-04 0.00000e+00
41.510000 -8.02556e-06 -5.65403e-04 0.00000e+00
41.520000 -2.71295e-05 -5.78216e-04 0.00000e+00
41.530000 -3.46316e-05 -5.03543e-04 0.00000e+00
41.540000 -1.47878e-05 -5.07356e-04 0.00000e+00
41.550000 -2.06910e-05 -6.25806e-04 0.00000e+00
41.560000 -3.67466e-05 -6.34918e-04 0.00000e+00
41.570000 -4.98638e-05 -6.11927e-04 0.00000e+00
41.580000 -5.38952e-05 -5.63421e-04 0.00000e+00
41.590000 -6.20463e-05 -5.57403e-04 0.00000e+00
41.600000 -7.10132e-05 -4.72693e-04 0.00000e+00
41.610000 -6.73497e-05 -2.33327e-04 0.00000e+00
41.620000 -5.54443e-05 6.40185e-05 0.00000e+00
41.630000 -2.91796e-05 1.93263e-04 0.00000e+00
41.640000 -4.84253e-05 2.16510e-04 0.00000e+00
41.650000 -2.58933e-05 3.14383e-04 0.00000e+00
41.660000 -2.93232e-05 3.00836e-04 0.00000e+00
41.670000 -3.24456e-05 2.10559e-04 0.00000e+00
41.680000 -5.36897e-05 1.81024e-04 0.00000e+00
41.690000 -5.48538e-05 2.05257e-04 0.00000e+00
41.700000 -3.17182e-05 2.02331e-04 0.00000e+00
41.710000 -5.93097e-05 2.69231e-04 0.00000e+00
41.720000 -3.29110e-05 3.56820e-04 0.00000e+00
41.730000 -3.15536e-05 2.91373e-04 0.00000e+00
41.740000 -2.62882e-05 1.46488e-04 0.00000e+00
41.750000 -2.11959e-05 3.54799e-05 0.00000e+00
41.760000 -9.36048e-06 2.59724e-05 0.00000e+00
41.770000 3.01292e-05 3.20316e-05 0.00000e+00
41.780000 1.25518e-05 3.35204e-05 0.00000e+00
41.790000 -7.88742e-06 1.15429e-04 0.00000e+00
41.800000 -3.84198e-05 2.81354e-04 0.00000e+00
41.810000 -3.71172e-05 3.13946e-04 0.00000e+00
41.820000 -3.41791e-05 3.01680e-04 0.00000e+00
41.830000 -4.02608e-05 3.39529e-04 0.00000e+00
41.840000 -1.39638e-05 2.13268e-04 0.00000e+00
41.850000 -8.35601e-06 4.47820e-05 0.00000e+00
41.860000 -5.60731e-06 -5.48016e-05 0.00000e+00
41.870000 -1.97544e-05 -3.53024e-05 0.00000e+00
41.880000 -1.71175e-05 -9.23438e-05 0.00000e+00
41.890000 -3.01900e-05 -1.65504e-04 0.00000e+00
41.900000 -3.59957e-05 -1.53520e-04 0.00000e+00
41.910000 -1.53451e-05 -2.03813e-04 0.00000e+00
41.920000 9.63399e-06 -2.54520e-04 0.00000e+00
41.930000 3.19371e-05 -2.84737e-04 0.00000e+00
41.940000 1.59951e-05 -1.90277e-04 0.00000e+00
41.950000 1.82942e-05 -1.15144e-04 0.00000e+00
41.960000 7.18393e-06 -2.21023e-04 0.00000e+00
41.970000 -1.39011e-05 -3.70371e-04 0.00000e+00
41.980000 -4.79620e-05 -4.54384e-04 0.00000e+00
41.990000 -4.46360e-05 -4.06558e-04 0.00000e+00
42.000000 -6.70393e-05 -3.83696e-04 0.00000e+00
42.010000 -7.42222e-05 -3.34189e-04 0.00000e+00
42.020000 -4.40774e-05 -2.15859e-04 0.00000e+00
42.030000 -4.56851e-05 -2.15573e-04 0.00000e+00
42.040000 -4.86607e-05 -2.58989e-04 0.00000e+00
42.050000 -6.46496e-05 -2.41501e-04 0.00000e+00
42.060000 -6.00087e-05 -1.90200e-04 0.00000e+00
42.070000 -6.75567e-05 -2.04154e-04 0.00000e+00
42.080000 -7.10034e-05 -1.02645e-04 0.00000e+00
42.090000 -6.61275e-05 1.46747e-04 0.00000e+00
42.100000 -6.02074e-05 4.07527e-04 0.00000e+00
42.110000 -4.91352e-05 5.66866e-04 0.00000e+00
42.120000 -5.19561e-05 6.72175e-04 0.00000e+00
42.130000 -4.75625e-05 8.29743e-04 0.00000e+00
42.140000 -2.20277e-05 8.82693e-04 0.00000e+00
42.150000 -1.27021e-05 8.27197e-04 0.00000e+00
42.160000 9.68071e-07 8.11943e-04 0.00000e+00
42.170000 -1.95549e-05 7.94882e-04 0.00000e+00
42.180000 -4.11078e-06 6.74701e-04 0.00000e+00
42.190000 -1.15969e-05 6.85146e-04 0.00000e+00
42.200000 -9.11625e-06 7.29679e-04 0.00000e+00
42.210000 2.46242e-05 6.01106e-04 0.00000e+00
42.220000 3.85999e-05 4.27644e-04 0.00000e+00
42.230000 4.96880e-05 2.91843e-04 0.00000e+00
42.240000 4.89713e-05 2.05424e-04 0.00000e+00
42.250000 8.12430e-05 4.10859e-05 0.00000e+00
42.260000 6.36072e-05 -1.24516e-04 0.00000e+00
42.270000 6.31267e-05 -2.08866e-04 0.00000e+00
42.280000 4.81566e-05 -3.25582e-04 0.00000e+00
42.290000 5.71585e-05 -4.39193e-04 0.00000e+00
42.300000 4.37516e-05 -5.06724e-04 0.00000e+00
42.310000 2.37447e-05 -4.60780e-04 0.00000e+00
42.320000 2.08622e-05 -3.95961e-04 0.00000e+00
42.330000 9.58504e-06 -3.93926e-04 0.00000e+00
42.340000 -7.22911e-06 -4.85064e-04 0.00000e+00
42.350000 -2.33053e-05 -6.30225e-04 0.00000e+00
42.360000 -1.72304e-05 -6.98509e-04 0.00000e+00
42.370000 -4.88541e-05 -7.42222e-04 0.00000e+00
42.380000 -5.55958e-05 -6.50856e-04 0.00000e+00
42.390000 -4.08917e-05 -4.91641e-04 0.00000e+00
42.400000 -4.13994e-05 -4.31175e-04 0.00000e+00
42.410000 -3.90432e-05 -4.25456e-04 0.00000e+00
42.420000 -5.89440e-05 -3.52186e-04 0.00000e+00
42.430000 -3.26507e-05 -2.54305e-04 0.00000e+00
42.440000 -3.77427e-05 -1.82462e-04 0.00000e+00
42.450000 -3.65839e-05 -3.15006e-05 0.00000e+00
42.460000 -1.46718e-05 1.99972e-04 0.00000e+00
42.470000 -1.46485e-05 3.80305e-04 0.00000e+00
42.480000 -1.78462e-05 3.94351e-04 0.00000e+00
42.490000 -4.30990e-05 3.77850e-04 0.00000e+00
42.500000 -4.95886e-05 3.67364e-04 0.00000e+00
42.510000 -5.46297e-05 2.71198e-04 0.00000e+00
42.520000 -4.50350e-05 1.43646e-04 0.00000e+00
42.530000 -1.77909e-05 1.06629e-04 0.00000e+00
42.540000 -2.10515e-05 3.65828e-05 0.00000e+00
42.550000 -1.33004e-05 -1.54156e-04 0.00000e+00
42.560000 -3.44697e-05 -1.87998e-04 0.00000e+00
42.570000 -3.92675e-05 -1.29262e-04 0.00000e+00
42.580000 -2.75114e-05 -1.67056e-04 0.00000e+00
42.590000 -8.77973e-06 -2.41855e-04 0.00000e+00
42.600000 1.08294e-05 -1.58091e-04 0.00000e+00
42.610000 1.93482e-05 -2.12162e-05 0.00000e+00
42.620000 2.57447e-05 -7.59398e-07 0.00000e+00
42.630000 -4.39258e-06 1.24127e-04 0.00000e+00
42.640000 -4.00999e-05 2.88400e-04 0.00000e+00
42.650000 -6.15261e-05 3.46528e-04 0.00000e+00
42.660000 -6.26913e-05 2.56087e-04 0.00000e+00
42.670000 -6.85538e-05 1.68345e-04 0.00000e+00
42.680000 -6.79270e-05 1.13725e-04 0.00000e+00
42.690000 -4.93734e-05 1.05359e-04 0.00000e+00
42.700000 -3.88888e-05 2.94146e-04 0.00000e+00
42.710000 -3.88937e-05 4.41670e-04 0.00000e+00
42.720000 -3.04239e-05 4.63584e-04 0.00000e+00
42.730000 1.20291e-05 3.92360e-04 0.00000e+00
42.740000 5.49988e-08 2.72528e-04 0.00000e+00
42.750000 1.15396e-05 2.14249e-04 0.00000e+00
42.760000 3.79754e-05 1.91299e-04 0.00000e+00
42.770000 5.43263e-05 2.75107e-04 0.00000e+00
42.780000 3.18374e-05 3.72840e-04 0.00000e+00
42.790000 3.59655e-05 5.16215e-04 0.00000e+00
42.800000 4.11526e-05 5.95764e-04 0.00000e+00
42.810000 2.38018e-05 4.61114e-04 0.00000e+00
42.820000 7.63936e-06 2.99656e-04 0.00000e+00
42.830000 9.14178e-06 1.58643e-04 0.00000e+00
42.840000 3.26476e-05 2.07242e-05 0.00000e+00
42.850000 2.52235e-05 -1.35437e-04 0.00000e+00
42.860000 4.97260e-05 -2.89918e-04 0.00000e+00
42.870000 3.72047e-05 -3.91175e-04 0.00000e+00
42.880000 2.58480e-07 -4.80904e-04 0.00000e+00
42.890000 -1.31991e-05 -5.88564e-04 0.00000e+00
42.900000 -1.75689e-05 -5.37216e-04 0.00000e+00
42.910000 -9.10364e-06 -5.78788e-04 0.00000e+00
42.920000 -7.44262e-06 -7.03040e-04 0.00000e+00
42.930000 5.31391e-06 -6.03558e-04 0.00000e+00
42.940000 2.51007e-05 -5.03661e-04 0.00000e+00
42.950000 1.03360e-05 -5.36954e-04 0.00000e+00
42.960000 2.27509e-05 -5.89897e-04 0.00000e+00
42.970000 -2.57442e-05 -5.94096e-04 0.00000e+00
42.980000 -3.64627e-05 -6.20845e-04 0.00000e+00
42.990000 -5.13500e-05 -7.01777e-04 0.00000e+00
43.000000 -6.54947e-05 -7.41703e-04 0.00000e+00
43.010000 -7.36934e-05 -6.26102e-04 0.00000e+00
43.020000 -8.33952e-05 -5.35269e-04 0.00000e+00
43.030000 -8.71374e-05 -3.63220e-04 0.00000e+00
43.040000 -7.07838e-05 -1.38642e-04 0.00000e+00
43.050000 -7.88127e-05 -1.93232e-04 0.00000e+00
43.060000 -7.98446e-05 -3.12046e-04 0.00000e+00
43.070000 -7.88781e-05 -3.35691e-04 0.00000e+00
43.080000 -1.04701e-04 -2.64930e-04 0.00000e+00
43.090000 -6.90486e-05 -1.31196e-04 0.00000e+00
43.100000 -7.46117e-05 7.02607e-05 0.00000e+00
43.110000 -9.57912e-05 3.92265e-04 0.00000e+00
43.120000 -8.72289e-05 6.61763e-04 0.00000e+00
43.130000 -8.64679e-05 8.79991e-04 0.00000e+00
43.140000 -7.75992e-05 9.22273e-04 0.00000e+00
43.150000 -6.47935e-05 8.07669e-04 0.00000e+00
43.160000 -5.79261e-05 7.11756e-04 0.00000e+00
43.170000 -3.82661e-05 5.44761e-04 0.00000e+00
43.180000 -2.83216e-05 3.67812e-04 0.00000e+00
43.190000 -3.32331e-05 1.41886e-04 0.00000e+00
43.200000 -9.89533e-06 -8.43719e-05 0.00000e+00
43.210000 -4.39522e-05 -1.31524e-04 0.00000e+00
43.220000 -5.11979e-05 -1.80602e-04 0.00000e+00
43.230000 -2.27053e-05 -3.46157e-04 0.00000e+00
43.240000 -3.78783e-06 -5.17442e-04 0.00000e+00
43.250000 1.59912e-05 -7.38706e-04 0.00000e+00
43.260000 1.92608e-05 -7.93709e-04 0.00000e+00
43.270000 2.09139e-05 -7.83016e-04 0.00000e+00
43.280000 -2.73115e-06 -9.54677e-04 0.00000e+00
43.290000 -4.48855e-05 -1.07106e-03 0.00000e+00
43.300000 -8.63861e-05 -1.10384e-03 0.00000e+00
43.310000 -1.33596e-04 -1.10308e-03 0.00000e+00
43.320000 -1.50457e-04 -1.05721e-03 0.00000e+00
43.330000 -1.71686e-04 -1.05195e-03 0.00000e+00
43.340000 -1.81213e-04 -9.31664e-04 0.00000e+00
43.350000 -1.82308e-04 -6.66886e-04 0.00000e+00
43.360000 -1.86030e-04 -4.12999e-04 0.00000e+00
43.370000 -1.59444e-04 -1.36967e-04 0.00000e+00
43.380000 -1.51841e-04 5.90804e-05 0.00000e+00
43.390000 -1.77664e-04 1.70472e-04 0.00000e+00
43.400000 -1.73339e-04 4.12002e-04 0.00000e+00
43.410000 -1.60014e-04 8.05493e-04 0.00000e+00
43.420000 -1.34463e-04 1.28082e-03 0.00000e+00
43.430000 -1.11744e-04 1.72385e-03 0.00000e+00
43.440000 -1.20775e-04 2.08276e-03 0.00000e+00
43.450000 -9.76225e-05 2.28848e-03 0.00000e+00
43.460000 -6.78588e-05 2.30979e-03 0.00000e+00
43.470000 -4.71457e-05 2.25757e-03 0.00000e+00
43.480000 -2.20162e-05 2.10923e-03 0.00000e+00
43.490000 -2.69261e-06 1.92477e-03 0.00000e+00
43.500000 2.94221e-05 1.72485e-03 0.00000e+00
43.510000 8.90203e-05 1.45806e-03 0.00000e+00
43.520000 1.00546e-04 1.21666e-03 0.00000e+00
43.530000 1.13229e-04 1.00063e-03 0.00000e+00
43.540000 1.10442e-04 8.78368e-04 0.00000e+00
43.550000 1.28554e-04 7.26643e-04 0.00000e+00
43.560000 1.35963e-04 4.07944e-04 0.00000e+00
43.570000 1.57910e-04 8.36551e-05 0.00000e+00
43.580000 1.67053e-04 -2.29086e-04 0.00000e+00
43.590000 1.51631e-04 -4.67665e-04 0.00000e+00
43.600000 1.12108e-04 -5.90234e-04 0.00000e+00
43.610000 8.31342e-05 -7.67317e-04 0.00000e+00
43.620000 4.67706e-05 -9.66948e-04 0.00000e+00
43.630000 4.28992e-05 -1.07641e-03 0.00000e+00
43.640000 2.57321e-05 -1.15455e-03 0.00000e+00
43.650000 6.77906e-06 -1.22019e-03 0.00000e+00
43.660000 -8.05318e-06 -1.30233e-03 0.00000e+00
43.670000 -1.94513e-05 -1.33084e-03 0.00000e+00
43.680000 -2.61406e-05 -1.15951e-03 0.00000e+00
43.690000 -1.55446e-05 -1.03519e-03 0.00000e+00
43.700000 -2.39214e-05 -1.02652e-03 0.00000e+00
43.710000 -2.82106e-05 -9.70888e-04 0.00000e+00
43.720000 -6.21094e-05 -7.86542e-04 0.00000e+00
43.730000 -4.53335e-05 -5.41643e-04 0.00000e+00
43.740000 -5.71211e-05 -3.27825e-04 0.00000e+00
43.750000 -5.03777e-05 -9.60770e-06 0.00000e+00
43.760000 -2.96814e-05 2.55100e-04 0.00000e+00
43.770000 -2.45465e-05 3.16617e-04 0.00000e+00
43.780000 -3.70437e-05 3.11862e-04 0.00000e+00
43.790000 -3.84763e-05 3.02108e-04 0.00000e+00
43.800000 -4.12840e-05 3.44934e-04 0.00000e+00
43.810000 -3.90646e-05 3.97746e-04 0.00000e+00
43.820000 -4.62972e-05 3.73854e-04 0.00000e+00
43.830000 -4.24788e-05 3.45451e-04 0.00000e+00
43.840000 -2.82292e-05 2.92451e-04 0.00000e+00
43.850000 -2.24517e-05 2.71917e-04 0.00000e+00
43.860000 -3.72586e-05 3.41310e-04 0.00000e+00
43.870000 -2.74807e-06 3.85260e-04 0.00000e+00
43.880000 1.68337e-05 3.78286e-04 0.00000e+00
43.890000 3.66829e-05 2.99233e-04 0.00000e+00
43.900000 1.36116e-05 2.79129e-04 0.00000e+00
43.910000 2.19491e-05 3.12392e-04 0.00000e+00
43.920000 2.86666e-05 3.08066e-04 0.00000e+00
43.930000 2.30660e-06 4.33649e-04 0.00000e+00
43.940000 -2.49552e-06 5.80788e-04 0.00000e+00
43.950000 9.61679e-06 5.78177e-04 0.00000e+00
43.960000 1.16023e-05 4.62383e-04 0.00000e+00
43.970000 1.58845e-05 3.89110e-04 0.00000e+00
43.980000 5.28325e-06 3.81783e-04 0.00000e+00
43.990000 1.56034e-05 3.31501e-04 0.00000e+00
44.000000 2.01481e-05 2.11211e-04 0.00000e+00
44.010000 2.89053e-05 1.52089e-04 0.00000e+00
44.020000 4.90384e-05 1.90141e-04 0.00000e+00
44.030000 5.00037e-05 1.76250e-04 0.00000e+00
44.040000 4.91566e-05 2.58312e-04 0.00000e+00
44.050000 6.02703e-05 4.34912e-04 0.00000e+00
44.060000 6.84000e-05 5.39051e-04 0.00000e+00
44.070000 8.31815e-05 4.87912e-04 0.00000e+00
44.080000 7.79052e-05 4.10923e-04 0.00000e+00
44.090000 8.57197e-05 4.43172e-04 0.00000e+00
44.100000 8.48237e-05 3.82802e-04 0.00000e+00
44.110000 6.11469e-05 2.61849e-04 0.00000e+00
44.120000 4.31479e-05 1.82495e-04 0.00000e+00
44.130000 4.78238e-05 1.23021e-04 0.00000e+00
44.140000 7.24072e-05 3.63735e-05 0.00000e+00
44.150000 6.84138e-05 -5.98966e-05 0.00000e+00
44.160000 6.35177e-05 -9.85028e-05 0.00000e+00
44.170000 6.96490e-05 -1.42780e-04 0.00000e+00
44.180000 9.92658e-05 -2.35935e-04 0.00000e+00
44.190000 1.06830e-04 -2.88100e-04 0.00000e+00
44.200000 9.96911e-05 -3.37672e-04 0.00000e+00
44.210000 9.85041e-05 -3.73260e-04 0.00000e+00
44.220000 6.72099e-05 -3.89390e-04 0.00000e+00
44.230000 5.26665e-05 -4.02272e-04 0.00000e+00
44.240000 4.16827e-05 -3.68392e-04 0.00000e+00
44.250000 5.79697e-05 -3.49750e-04 0.00000e+00
44.260000 4.53619e-05 -4.00272e-04 0.00000e+00
44.270000 3.74208e-05 -4.15715e-04 0.00000e+00
44.280000 2.61603e-05 -4.79589e-04 0.00000e+00
44.290000 2.20795e-05 -5.96123e-04 0.00000e+00
44.300000 2.32659e-05 -6.11947e-04 0.00000e+00
44.310000 1.82352e-05 -4.90779e-04 0.00000e+00
44.320000 2.66732e-05 -4.06183e-04 0.00000e+00
44.330000 1.29527e-05 -4.43896e-04 0.00000e+00
44.340000 -5.87931e-06 -4.46823e-04 0.00000e+00
44.350000 -6.99467e-06 -3.10149e-04 0.00000e+00
44.360000 -2.29770e-06 -1.14718e-04 0.00000e+00
44.370000 1.92540e-06 -4.56741e-05 0.00000e+00
44.380000 8.86400e-06 -1.90243e-05 0.00000e+00
44.390000 -1.00290e-05 -7.21250e-05 0.00000e+00
44.400000 -2.10002e-06 -1.60046e-04 0.00000e+00
44.410000 -8.72264e-06 -1.96714e-04 0.00000e+00
44.420000 -1.16896e-05 -1.41644e-04 0.00000e+00
44.430000 -2.02663e-05 -9.90848e-05 0.00000e+00
44.440000 7.79099e-06 -1.56336e-04 0.00000e+00
44.450000 -3.24868e-06 -1.65320e-04 0.00000e+00
44.460000 2.00896e-05 -1.73271e-04 0.00000e+00
44.470000 1.30703e-05 -1.34033e-04 0.00000e+00
44.480000 1.27603e-05 -2.78081e-05 0.00000e+00
44.490000 -1.70933e-05 7.62986e-05 0.00000e+00
44.500000 -7.15268e-06 1.01446e-04 0.00000e+00
44.510000 -6.90972e-06 3.92075e-05 0.00000e+00
44.520000 9.35119e-07 1.28812e-05 0.00000e+00
44.530000 -2.24712e-05 -1.48430e-05 0.00000e+00
44.540000 -3.41249e-05 -1.51024e-05 0.00000e+00
44.550000 -3.25947e-05 5.51136e-05 0.00000e+00
44.560000 -3.10649e-05 9.54771e-05 0.00000e+00
44.570000 -1.54495e-05 1.92087e-04 0.00000e+00
44.580000 -1.39781e-05 2.36272e-04 0.00000e+00
44.590000 -5.67694e-06 2.03473e-04 0.00000e+00
44.600000 -1.57201e-05 2.16875e-04 0.00000e+00
44.610000 6.42665e-07 3.28595e-04 0.00000e+00
44.620000 1.77539e-05 4.03428e-04 0.00000e+00
44.630000 1.53693e-05 4.45522e-04 0.00000e+00
44.640000 3.61568e-05 4.44970e-04 0.00000e+00
44.650000 2.58349e-05 3.43132e-04 0.00000e+00
44.660000 1.14065e-05 2.20996e-04 0.00000e+00
44.670000 2.48604e-06 1.07564e-04 0.00000e+00
44.680000 1.30705e-05 3.52581e-05 0.00000e+00
44.690000 1.42507e-05 -6.10873e-05 0.00000e+00
44.700000 1.49667e-05 -1.90601e-04 0.00000e+00
44.710000 4.14487e-05 -3.78269e-04 0.00000e+00
44.720000 4.34101e-05 -5.42329e-04 0.00000e+00
44.730000 4.56189e-05 -6.89361e-04 0.00000e+00
44.740000 3.65103e-05 -7.67378e-04 0.00000e+00
44.750000 1.86123e-06 -8.35585e-04 0.00000e+00
44.760000 1.82844e-05 -9.22111e-04 0.00000e+00
44.770000 4.47311e-06 -9.64738e-04 0.00000e+00
44.780000 -9.76517e-06 -9.41398e-04 0.00000e+00
44.790000 -4.89482e-05 -8.08724e-04 0.00000e+00
44.800000 -5.69356e-05 -7.21942e-04 0.00000e+00
44.810000 -9.26385e-05 -6.04468e-04 0.00000e+00
44.820000 -7.95151e-05 -5.13356e-04 0.00000e+00
44.830000 -9.02380e-05 -5.30866e-04 0.00000e+00
44.840000 -9.44939e-05 -4.84856e-04 0.00000e+00
44.850000 -1.07811e-04 -3.80245e-04 0.00000e+00
44.860000 -1.03238e-04 -2.74105e-04 0.00000e+00
44.870000 -1.02166e-04 -1.33490e-04 0.00000e+00
44.880000 -1.02856e-04 2.05235e-04 0.00000e+00
44.890000 -9.79210e-05 5.92652e-04 0.00000e+00
44.900000 -8.56302e-05 8.95182e-04 0.00000e+00
44.910000 -6.77644e-05 1.14074e-03 0.00000e+00
44.920000 -6.12498e-05 1.25270e-03 0.00000e+00
44.930000 -3.34301e-05 1.44009e-03 0.00000e+00
44.940000 -8.48986e-06 1.63693e-03 0.00000e+00
44.950000 1.45889e-06 1.69667e-03 0.00000e+00
44.960000 1.22521e-05 1.67683e-03 0.00000e+00
44.970000 7.78469e-06 1.59827e-03 0.00000e+00
44.980000 3.15390e-05 1.46643e-03 0.00000e+00
44.990000 2.65620e-05 1.38922e-03 0.00000e+00
45.000000 6.61713e-05 1.31880e-03 0.00000e+00
45.010000 8.72818e-05 1.09178e-03 0.00000e+00
45.020000 1.04203e-04 8.25993e-04 0.00000e+00
45.030000 1.28500e-04 6.18451e-04 0.00000e+00
45.040000 1.68145e-04 5.01360e-04 0.00000e+00
45.050000 1.80693e-04 3.38803e-04 0.00000e+00
45.060000 1.59001e-04 1.79297e-04 0.00000e+00
45.070000 1.47553e-04 7.33461e-05 0.00000e+00
45.080000 1.33591e-04 -4.37388e-05 0.00000e+00
45.090000 1.27468e-04 -1.94623e-04 0.00000e+00
45.100000 1.24182e-04 -3.25139e-04 0.00000e+00
45.110000 8.96983e-05 -3.91964e-04 0.00000e+00
45.120000 8.68264e-05 -5.05588e-04 0.00000e+00
45.130000 7.10664e-05 -6.87792e-04 0.00000e+00
45.140000 5.87914e-05 -9.09868e-04 0.00000e+00
45.150000 5.24690e-05 -1.06132e-03 0.00000e+00
45.160000 4.76647e-05 -1.17479e-03 0.00000e+00
45.170000 1.70781e-05 -1.19301e-03 0.00000e+00
45.180000 1.81677e-05 -1.13701e-03 0.00000e+00
45.190000 3.60741e-05 -1.13332e-03 0.00000e+00
45.200000 5.14369e-05 -1.03578e-03 0.00000e+00
45.210000 4.93823e-05 -8.15265e-04 0.00000e+00
45.220000 3.07031e-05 -6.24417e-04 0.00000e+00
45.230000 3.57670e-05 -5.40442e-04 0.00000e+00
45.240000 1.10572e-05 -3.99342e-04 0.00000e+00
45.250000 -5.28799e-06 -2.09643e-04 0.00000e+00
45.260000 -1.82569e-05 -7.33541e-05 0.00000e+00
45.270000 -2.62349e-05 3.42341e-05 0.00000e+00
45.280000 -3.74041e-05 6.47498e-05 0.00000e+00
45.290000 -5.07707e-05 8.85788e-05 0.00000e+00
45.300000 -5.02513e-05 9.64838e-05 0.00000e+00
45.310000 -3.63634e-05 -6.95314e-06 0.00000e+00
45.320000 -1.99736e-05 -1.05820e-04 0.00000e+00
45.330000 -1.33611e-05 -1.32309e-04 0.00000e+00
45.340000 -2.74604e-06 -1.64698e-04 0.00000e+00
45.350000 -1.30825e-05 -1.73692e-04 0.00000e+00
45.360000 5.84367e-06 -1.31075e-05 0.00000e+00
45.370000 1.95431e-05 2.57122e-04 0.00000e+00
45.380000 1.86319e-05 4.53805e-04 0.00000e+00
45.390000 1.78213e-05 4.99605e-04 0.00000e+00
45.400000 4.28208e-05 5.58449e-04 0.00000e+00
45.410000 4.87865e-05 5.57800e-04 0.00000e+00
45.420000 2.29440e-05 4.15783e-04 0.00000e+00
45.430000 -1.46033e-07 2.15845e-04 0.00000e+00
45.440000 -9.82695e-06 -9.35863e-06 0.00000e+00
45.450000 -1.56014e-05 -1.74052e-04 0.00000e+00
45.460000 -2.44484e-05 -3.07928e-04 0.00000e+00
45.470000 -3.86193e-05 -4.22397e-04 0.00000e+00
45.480000 -2.94168e-05 -4.54110e-04 0.00000e+00
45.490000 4.27647e-07 -3.91155e-04 0.00000e+00
45.500000 2.63879e-05 -3.58233e-04 0.00000e+00
45.510000 4.10569e-05 -3.80002e-04 0.00000e+00
45.520000 4.82917e-05 -4.47040e-04 0.00000e+00
45.530000 5.32484e-05 -4.61334e-04 0.00000e+00
45.540000 2.65558e-05 -3.98155e-04 0.00000e+00
45.550000 -1.00386e-05 -4.26557e-04 0.00000e+00
45.560000 -3.22282e-05 -4.48971e-04 0.00000e+00
45.570000 -4.50961e-05 -2.82181e-04 0.00000e+00
45.580000 -8.03561e-05 -4.57385e-05 0.00000e+00
45.590000 -8.59814e-05 3.15576e-05 0.00000e+00
45.600000 -8.94915e-05 7.85097e-06 0.00000e+00
45.610000 -6.14340e-05 9.05482e-06 0.00000e+00
45.620000 -3.93381e-05 4.10848e-06 0.00000e+00
45.630000 -3.07889e-05 -4.38716e-05 0.00000e+00
45.640000 -2.85618e-05 -1.40449e-04 0.00000e+00
45.650000 -2.00280e-05 -1.95232e-04 0.00000e+00
45.660000 -2.78519e-05 -1.06566e-04 0.00000e+00
45.670000 -4.49923e-05 9.10152e-05 0.00000e+00
45.680000 -4.42233e-05 2.89962e-04 0.00000e+00
45.690000 -3.62863e-05 4.09903e-04 0.00000e+00
45.700000 -2.38423e-05 4.66564e-04 0.00000e+00
45.710000 -2.56129e-05 4.77663e-04 0.00000e+00
45.720000 -1.57854e-05 4.16192e-04 0.00000e+00
45.730000 2.01956e-05 3.03044e-04 0.00000e+00
45.740000 2.75340e-05 1.74856e-04 0.00000e+00
45.750000 9.49540e-06 -1.13050e-06 0.00000e+00
45.760000 -6.80902e-06 -1.61561e-04 0.00000e+00
45.770000 -6.10364e-06 -2.65116e-04 0.00000e+00
45.780000 -1.67495e-05 -2.66578e-04 0.00000e+00
45.790000 -2.66155e-05 -1.03325e-04 0.00000e+00
45.800000 -2.79158e-05 5.08994e-05 0.00000e+00
45.810000 -2.17234e-05 1.03035e-04 0.00000e+00
45.820000 -1.10239e-05 1.46402e-04 0.00000e+00
45.830000 -5.95598e-06 1.63371e-04 0.00000e+00
45.840000 -1.14430e-05 7.54222e-05 0.00000e+00
45.850000 -3.02488e-05 -8.21015e-05 0.00000e+00
45.860000 -4.49361e-05 -1.72120e-04 0.00000e+00
45.870000 -4.09770e-05 -1.62992e-04 0.00000e+00
45.880000 -2.74273e-05 -1.86900e-04 0.00000e+00
45.890000 -3.09934e-05 -1.93865e-04 0.00000e+00
45.900000 -3.48863e-05 7.05301e-06 0.00000e+00
45.910000 -2.64601e-05 2.69591e-04 0.00000e+00
45.920000 -8.26715e-06 3.72518e-04 0.00000e+00
45.930000 4.94427e-06 3.84912e-04 0.00000e+00
45.940000 1.65306e-05 4.26736e-04 0.00000e+00
45.950000 3.24376e-05 4.41947e-04 0.00000e+00
45.960000 3.56161e-05 4.05127e-04 0.00000e+00
45.970000 7.05258e-06 3.83365e-04 0.00000e+00
45.980000 -5.37826e-06 3.58212e-04 0.00000e+00
45.990000 -1.01009e-05 3.53161e-04 0.00000e+00
46.000000 -2.07650e-05 3.52468e-04 0.00000e+00
46.010000 -2.64954e-05 3.41589e-04 0.00000e+00
46.020000 -1.99410e-05 2.58039e-04 0.00000e+00
46.030000 1.48094e-05 1.07579e-04 0.00000e+00
46.040000 2.49995e-05 2.66448e-05 0.00000e+00
46.050000 3.72988e-05 6.15994e-05 0.00000e+00
46.060000 6.42801e-05 6.70165e-05 0.00000e+00
46.070000 7.76490e-05 -3.65764e-05 0.00000e+00
46.080000 5.52963e-05 -1.00879e-04 0.00000e+00
46.090000 4.18727e-05 -7.84751e-05 0.00000e+00
46.100000 3.52833e-05 -5.44420e-05 0.00000e+00
46.110000 2.82917e-05 -4.95516e-05 0.00000e+00
46.120000 1.37413e-05 1.86226e-06 0.00000e+00
46.130000 1.52931e-05 1.19283e-04 0.00000e+00
46.140000 6.15692e-06 7.78883e-05 0.00000e+00
46.150000 1.48719e-06 -3.52197e-05 0.00000e+00
46.160000 6.10667e-06 -4.28009e-05 0.00000e+00
46.170000 7.08850e-06 -8.95268e-05 0.00000e+00
46.180000 1.44445e-05 -1.79572e-04 0.00000e+00
46.190000 6.63078e-06 -2.70044e-04 0.00000e+00
46.200000 2.03932e-05 -1.61132e-04 0.00000e+00
46.210000 2.90522e-05 2.64025e-05 0.00000e+00
46.220000 2.95796e-05 9.63098e-05 0.00000e+00
46.230000 1.00542e-05 2.32134e-04 0.00000e+00
46.240000 1.39603e-05 4.17507e-04 0.00000e+00
46.250000 2.66021e-05 4.84069e-04 0.00000e+00
46.260000 2.62715e-05 4.79674e-04 0.00000e+00
46.270000 2.49530e-05 4.83571e-04 0.00000e+00
46.280000 3.67631e-05 5.10591e-04 0.00000e+00
46.290000 4.96314e-05 4.97127e-04 0.00000e+00
46.300000 5.50961e-05 4.92877e-04 0.00000e+00
46.310000 3.52862e-05 5.14819e-04 0.00000e+00
46.320000 6.83838e-05 4.60300e-04 0.00000e+00
46.330000 6.13213e-05 4.76185e-04 0.00000e+00
46.340000 6.18380e-05 5.25676e-04 0.00000e+00
46.350000 6.77691e-05 5.18046e-04 0.00000e+00
46.360000 8.43163e-05 4.39562e-04 0.00000e+00
46.370000 1.11644e-04 3.56679e-04 0.00000e+00
46.380000 8.47294e-05 3.29472e-04 0.00000e+00
46.390000 8.44844e-05 2.54608e-04 0.00000e+00
46.400000 9.45897e-05 7.15958e-05 0.00000e+00
46.410000 8.96441e-05 -1.21205e-04 0.00000e+00
46.420000 8.76014e-05 -2.30724e-04 0.00000e+00
46.430000 9.14672e-05 -3.57691e-04 0.00000e+00
46.440000 8.87927e-05 -5.15210e-04 0.00000e+00
46.450000 9.61358e-05 -6.39336e-04 0.00000e+00
46.460000 8.24214e-05 -7.52498e-04 0.00000e+00
46.470000 9.22182e-05 -8.78823e-04 0.00000e+00
46.480000 7.39578e-05 -1.01497e-03 0.00000e+00
46.490000 6.71196e-05 -9.55272e-04 0.00000e+00
46.500000 6.87346e-05 -8.87008e-04 0.00000e+00
46.510000 3.34869e-05 -9.21595e-04 0.00000e+00
46.520000 1.15378e-05 -8.66007e-04 0.00000e+00
46.530000 -6.94858e-06 -7.80820e-04 0.00000e+00
46.540000 -1.26947e-05 -6.17264e-04 0.00000e+00
46.550000 -2.76894e-05 -5.87774e-04 0.00000e+00
46.560000 -4.51708e-05 -6.34258e-04 0.00000e+00
46.570000 -5.30889e-05 -5.36298e-04 0.00000e+00
46.580000 -5.21430e-05 -4.55623e-04 0.00000e+00
46.590000 -5.61448e-05 -4.28956e-04 0.00000e+00
46.600000 -6.09916e-05 -3.83282e-04 0.00000e+00
46.610000 -5.56811e-05 -3.16233e-04 0.00000e+00
46.620000 -5.51848e-05 -1.79761e-04 0.00000e+00
46.630000 -4.72795e-05 -8.13015e-05 0.00000e+00
46.640000 -2.44394e-05 9.00509e-06 0.00000e+00
46.650000 3.48389e-06 1.09352e-04 0.00000e+00
46.660000 1.33992e-05 1.92981e-04 0.00000e+00
46.670000 -1.83871e-05 4.04099e-04 0.00000e+00
46.680000 3.09437e-06 4.88461e-04 0.00000e+00
46.690000 -8.61541e-06 4.58380e-04 0.00000e+00
46.700000 -1.49838e-05 4.70461e-04 0.00000e+00
46.710000 -2.22749e-05 4.73671e-04 0.00000e+00
46.720000 -3.59319e-05 4.56273e-04 0.00000e+00
46.730000 -1.63380e-05 3.14329e-04 0.00000e+00
46.740000 -1.88979e-05 1.58733e-04 0.00000e+00
46.750000 -2.74379e-05 1.20213e-04 0.00000e+00
46.760000 -2.30714e-05 8.61556e-05 0.00000e+00
46.770000 -1.38708e-05 -9.01317e-06 0.00000e+00
46.780000 -1.79131e-06 -1.08935e-04 0.00000e+00
46.790000 6.37962e-06 -2.09681e-04 0.00000e+00
46.800000 -3.93645e-06 -2.69948e-04 0.00000e+00
46.810000 1.43384e-05 -2.14000e-04 0.00000e+00
46.820000 1.53996e-05 -7.55106e-05 0.00000e+00
46.830000 3.00588e-05 2.92496e-05 0.00000e+00
46.840000 2.26836e-05 -6.04513e-06 0.00000e+00
46.850000 -9.21611e-06 3.35673e-05 0.00000e+00
46.860000 1.54752e-06 9.21116e-05 0.00000e+00
46.870000 -1.60459e-05 -1.58518e-05 0.00000e+00
46.880000 -2.58094e-05 -9.12804e-05 0.00000e+00
46.890000 -3.86319e-05 -1.37155e-04 0.00000e+00
46.900000 -4.72960e-05 -1.53434e-04 0.00000e+00
46.910000 -2.16735e-05 -1.85048e-04 0.00000e+00
46.920000 -1.87665e-05 -2.33700e-04 0.00000e+00
46.930000 -3.18383e-05 -1.82047e-04 0.00000e+00
46.940000 -3.28400e-05 -1.10056e-04 0.00000e+00
46.950000 -2.71527e-05 -5.67011e-05 0.00000e+00
46.960000 -1.56534e-05 -1.37126e-06 0.00000e+00
46.970000 2.04408e-06 1.36580e-05 0.00000e+00
46.980000 4.91567e-06 7.50982e-05 0.00000e+00
46.990000 -2.81538e-06 1.68441e-04 0.00000e+00
47.000000 -1.06476e-05 3.21405e-04 0.00000e+00
47.010000 -5.86254e-06 4.87927e-04 0.00000e+00
47.020000 -5.45960e-06 4.40414e-04 0.00000e+00
47.030000 -3.11030e-05 4.54746e-04 0.00000e+00
47.040000 -2.55629e-05 4.95859e-04 0.00000e+00
47.050000 -8.97542e-07 4.56504e-04 0.00000e+00
47.060000 -2.95584e-06 4.44876e-04 0.00000e+00
47.070000 -1.60886e-06 3.87295e-04 0.00000e+00
47.080000 7.96455e-06 4.39939e-04 0.00000e+00
47.090000 3.68382e-05 5.03040e-04 0.00000e+00
47.100000 3.50190e-05 4.03438e-04 0.00000e+00
47.110000 2.20418e-05 2.47023e-04 0.00000e+00
47.120000 2.45437e-05 6.34663e-05 0.00000e+00
47.130000 3.13345e-05 -1.12178e-04 0.00000e+00
47.140000 4.01781e-05 -1.81383e-04 0.00000e+00
47.150000 4.95222e-05 -2.01926e-04 0.00000e+00
47.160000 5.04404e-05 -2.65861e-04 0.00000e+00
47.170000 6.20616e-05 -3.27213e-04 0.00000e+00
47.180000 3.49927e-05 -3.37354e-04 0.00000e+00
47.190000 2.71781e-05 -3.62318e-04 0.00000e+00
47.200000 4.42832e-05 -4.94900e-04 0.00000e+00
47.210000 1.62119e-05 -6.34994e-04 0.00000e+00
47.220000 2.59838e-05 -6.22875e-04 0.00000e+00
47.230000 4.59882e-06 -6.35144e-04 0.00000e+00
47.240000 -8.52677e-06 -7.64538e-04 0.00000e+00
47.250000 -2.37227e-05 -8.14459e-04 0.00000e+00
47.260000 -6.26615e-05 -6.89995e-04 0.00000e+00
47.270000 -8.00850e-05 -5.68041e-04 0.00000e+00
47.280000 -9.00393e-05 -5.89389e-04 0.00000e+00
47.290000 -9.21905e-05 -6.31728e-04 0.00000e+00
47.300000 -6.89736e-05 -5.77762e-04 0.00000e+00
47.310000 -4.82986e-05 -4.62887e-04 0.00000e+00
47.320000 -4.48698e-05 -3.87104e-04 0.00000e+00
47.330000 -4.27664e-05 -3.52879e-04 0.00000e+00
47.340000 -3.93380e-05 -2.02753e-04 0.00000e+00
47.350000 -5.10622e-05 -3.54938e-06 0.00000e+00
47.360000 -6.50530e-05 1.41007e-04 0.00000e+00
47.370000 -6.54604e-05 4.03363e-04 0.00000e+00
47.380000 -6.26912e-05 6.06777e-04 0.00000e+00
47.390000 -5.80533e-05 7.61328e-04 0.00000e+00
47.400000 -7.34277e-05 8.73352e-04 0.00000e+00
47.410000 -5.73054e-05 8.29793e-04 0.00000e+00
47.420000 -3.03841e-05 7.27622e-04 0.00000e+00
47.430000 -2.60523e-05 5.26404e-04 0.00000e+00
47.440000 -4.14088e-05 3.34224e-04 0.00000e+00
47.450000 -3.96761e-05 2.30342e-04 0.00000e+00
47.460000 -2.60834e-05 1.86060e-04 0.00000e+00
47.470000 -4.76923e-06 2.90621e-04 0.00000e+00
47.480000 -7.25729e-06 5.15262e-04 0.00000e+00
47.490000 2.40546e-07 6.52245e-04 0.00000e+00
47.500000 3.05755e-05 6.70350e-04 0.00000e+00
47.510000 6.96275e-05 6.55915e-04 0.00000e+00
47.520000 6.68508e-05 5.77770e-04 0.00000e+00
47.530000 5.78828e-05 4.05863e-04 0.00000e+00
47.540000 4.91786e-05 1.71859e-04 0.00000e+00
47.550000 1.71938e-05 -7.46868e-05 0.00000e+00
47.560000 3.01247e-06 -2.40362e-04 0.00000e+00
47.570000 -3.05430e-05 -3.82156e-04 0.00000e+00
47.580000 -3.34415e-05 -4.90775e-04 0.00000e+00
47.590000 -2.76740e-05 -4.89144e-04 0.00000e+00
47.600000 -1.10085e-07 -4.37470e-04 0.00000e+00
47.610000 2.63083e-05 -4.48896e-04 0.00000e+00
47.620000 4.38474e-05 -5.27629e-04 0.00000e+00
47.630000 5.30688e-05 -5.67631e-04 0.00000e+00
47.640000 5.35208e-05 -5.15383e-04 0.00000e+00
47.650000 2.03181e-05 -5.09474e-04 0.00000e+00
47.660000 -2.19552e-05 -6.05190e-04 0.00000e+00
47.670000 -4.68635e-05 -6.08869e-04 0.00000e+00
47.680000 -6.44583e-05 -3.91118e-04 0.00000e+00
47.690000 -8.36140e-05 -1.15785e-04 0.00000e+00
47.700000 -9.43408e-05 6.46601e-07 0.00000e+00
47.710000 -9.70920e-05 -1.55280e-05 0.00000e+00
47.720000 -7.08077e-05 -6.80828e-05 0.00000e+00
47.730000 -4.07415e-05 -9.15618e-05 0.00000e+00
47.740000 -3.22310e-05 -1.89396e-04 0.00000e+00
47.750000 -2.48713e-05 -3.50577e-04 0.00000e+00
47.760000 -1.86782e-05 -4.22747e-04 0.00000e+00
47.770000 -1.14048e-05 -2.50368e-04 0.00000e+00
47.780000 -3.02738e-05 1.06138e-04 0.00000e+00
47.790000 -3.90073e-05 4.39156e-04 0.00000e+00
47.800000 -3.77866e-05 6.93138e-04 0.00000e+00
47.810000 -3.59619e-05 8.67519e-04 0.00000e+00
47.820000 -5.22063e-05 9.05852e-04 0.00000e+00
47.830000 -3.89125e-05 7.77548e-04 0.00000e+00
47.840000 -1.19575e-05 5.80828e-04 0.00000e+00
47.850000 1.12078e-05 3.74196e-04 0.00000e+00
47.860000 -9.55619e-06 1.80677e-04 0.00000e+00
47.870000 -3.58871e-05 5.52827e-06 0.00000e+00
47.880000 -3.49867e-05 -1.48373e-04 0.00000e+00
47.890000 -6.27436e-06 -1.61522e-04 0.00000e+00
47.900000 -9.62260e-06 -6.31291e-05 0.00000e+00
47.910000 -7.41276e-06 -2.37073e-05 0.00000e+00
47.920000 1.22952e-05 -3.19950e-05 0.00000e+00
47.930000 5.45372e-05 9.81692e-06 0.00000e+00
47.940000 8.45452e-05 1.41263e-04 0.00000e+00
47.950000 5.64973e-05 1.56238e-04 0.00000e+00
47.960000 2.31482e-05 9.88220e-05 0.00000e+00
47.970000 -9.04290e-06 1.16047e-04 0.00000e+00
47.980000 -2.87338e-05 1.07718e-04 0.00000e+00
47.990000 -4.65001e-05 -4.97136e-06 0.00000e+00
48.000000 -5.50313e-05 -1.43459e-04 0.00000e+00
48.010000 -5.60188e-05 -8.98070e-05 0.00000e+00
48.020000 -4.26884e-05 1.21106e-04 0.00000e+00
48.030000 -2.30799e-05 1.92631e-04 0.00000e+00
48.040000 -1.31980e-05 5.73159e-05 0.00000e+00
48.050000 1.11850e-06 -7.66523e-05 0.00000e+00
48.060000 1.63518e-05 -3.67145e-05 0.00000e+00
48.070000 5.36930e-06 -1.49789e-05 0.00000e+00
48.080000 9.72800e-06 -1.52642e-04 0.00000e+00
48.090000 2.09835e-05 -1.91119e-04 0.00000e+00
48.100000 3.68504e-05 -1.77784e-05 0.00000e+00
48.110000 3.00600e-05 2.17117e-04 0.00000e+00
48.120000 2.85494e-06 2.40933e-04 0.00000e+00
48.130000 1.75448e-05 1.35711e-04 0.00000e+00
48.140000 -1.07843e-06 3.71744e-05 0.00000e+00
48.150000 -1.19920e-05 -1.07509e-04 0.00000e+00
48.160000 -1.62552e-05 -2.74612e-04 0.00000e+00
48.170000 1.00562e-06 -4.35779e-04 0.00000e+00
48.180000 2.40813e-05 -5.74581e-04 0.00000e+00
48.190000 5.37389e-06 -6.67717e-04 0.00000e+00
48.200000 -2.99960e-05 -6.60169e-04 0.00000e+00
48.210000 -3.78858e-05 -6.28166e-04 0.00000e+00
48.220000 -3.97751e-05 -6.21201e-04 0.00000e+00
48.230000 -3.77867e-05 -6.06193e-04 0.00000e+00
48.240000 -6.84952e-05 -6.53052e-04 0.00000e+00
48.250000 -6.08146e-05 -6.10491e-04 0.00000e+00
48.260000 -3.78787e-05 -4.10523e-04 0.00000e+00
48.270000 -4.17021e-05 -1.92343e-04 0.00000e+00
48.280000 -6.45608e-05 -2.79002e-05 0.00000e+00
48.290000 -7.29164e-05 6.67177e-06 0.00000e+00
48.300000 -5.66287e-05 1.16897e-04 0.00000e+00
48.310000 -7.13097e-05 2.20032e-04 0.00000e+00
48.320000 -8.00313e-05 1.62838e-04 0.00000e+00
48.330000 -7.79729e-05 1.00903e-04 0.00000e+00
48.340000 -7.25189e-05 1.69982e-04 0.00000e+00
48.350000 -6.73038e-05 4.43054e-04 0.00000e+00
48.360000 -5.60330e-05 6.41220e-04 0.00000e+00
48.370000 -4.38093e-05 6.26991e-04 0.00000e+00
48.380000 -4.75437e-05 5.71125e-04 0.00000e+00
48.390000 -3.88916e-05 5.64428e-04 0.00000e+00
48.400000 -2.38077e-05 5.95156e-04 0.00000e+00
48.410000 4.47515e-06 5.86777e-04 0.00000e+00
48.420000 4.41222e-05 6.17209e-04 0.00000e+00
48.430000 3.30914e-05 7.83416e-04 0.00000e+00
48.440000 2.35251e-05 8.73565e-04 0.00000e+00
48.450000 1.58481e-05 7.61615e-04 0.00000e+00
48.460000 1.48742e-05 7.06528e-04 0.00000e+00
48.470000 2.07521e-05 8.36770e-04 0.00000e+00
48.480000 -2.13661e-06 8.65015e-04 0.00000e+00
48.490000 9.24048e-06 7.31154e-04 0.00000e+00
48.500000 3.38319e-05 6.03195e-04 0.00000e+00
48.510000 6.79550e-05 4.77703e-04 0.00000e+00
48.520000 7.13334e-05 3.22572e-04 0.00000e+00
48.530000 4.55956e-05 1.56262e-04 0.00000e+00
48.540000 4.57216e-05 1.81876e-05 0.00000e+00
48.550000 4.85592e-05 -1.45349e-04 0.00000e+00
48.560000 6.63618e-05 -3.39116e-04 0.00000e+00
48.570000 7.62869e-05 -5.08730e-04 0.00000e+00
48.580000 8.88239e-05 -6.10850e-04 0.00000e+00
48.590000 8.43614e-05 -5.80968e-04 0.00000e+00
48.600000 7.13998e-05 -6.13875e-04 0.00000e+00
48.610000 4.62928e-05 -7.68142e-04 0.00000e+00
48.620000 5.24863e-05 -8.80796e-04 0.00000e+00
48.630000 7.21431e-05 -9.76950e-04 0.00000e+00
48.640000 3.69716e-05 -1.05489e-03 0.00000e+00
48.650000 -1.14089e-05 -1.16714e-03 0.00000e+00
48.660000 -2.79676e-05 -1.26691e-03 0.00000e+00
48.670000 -4.48451e-05 -1.19236e-03 0.00000e+00
48.680000 -6.26265e-05 -9.38940e-04 0.00000e+00
48.690000 -7.66145e-05 -6.78184e-04 0.00000e+00
48.700000 -8.24528e-05 -5.73683e-04 0.00000e+00
48.710000 -8.53345e-05 -5.06398e-04 0.00000e+00
48.720000 -9.36613e-05 -4.01839e-04 0.00000e+00
48.730000 -9.72114e-05 -1.54943e-04 0.00000e+00
48.740000 -9.32192e-05 2.27217e-04 0.00000e+00
48.750000 -8.10009e-05 5.90904e-04 0.00000e+00
48.760000 -7.19375e-05 8.81348e-04 0.00000e+00
48.770000 -7.42840e-05 1.07700e-03 0.00000e+00
48.780000 -5.52539e-05 1.20248e-03 0.00000e+00
48.790000 -3.87107e-05 1.35563e-03 0.00000e+00
48.800000 -2.98537e-05 1.69178e-03 0.00000e+00
48.810000 -6.02562e-06 1.94723e-03 0.00000e+00
48.820000 2.02768e-05 1.92978e-03 0.00000e+00
48.830000 5.20869e-05 1.86143e-03 0.00000e+00
48.840000 9.15831e-05 1.80225e-03 0.00000e+00
48.850000 1.09781e-04 1.70334e-03 0.00000e+00
48.860000 1.11091e-04 1.55910e-03 0.00000e+00
48.870000 1.20758e-04 1.40679e-03 0.00000e+00
48.880000 1.40994e-04 1.27375e-03 0.00000e+00
48.890000 1.66169e-04 1.11414e-03 0.00000e+00
48.900000 2.06814e-04 9.08654e-04 0.00000e+00
48.910000 1.96241e-04 7.10688e-04 0.00000e+00
48.920000 1.84686e-04 5.58005e-04 0.00000e+00
48.930000 1.74413e-04 3.56778e-04 0.00000e+00
48.940000 1.79759e-04 8.39010e-05 0.00000e+00
48.950000 1.84299e-04 -1.00601e-04 0.00000e+00
48.960000 1.93582e-04 -2.01627e-04 0.00000e+00
48.970000 1.95729e-04 -3.46249e-04 0.00000e+00
48.980000 1.57884e-04 -4.23177e-04 0.00000e+00
48.990000 1.40900e-04 -4.22738e-04 0.00000e+00
49.000000 1.32817e-04 -4.38968e-04 0.00000e+00
49.010000 1.27377e-04 -3.88967e-04 0.00000e+00
49.020000 1.24609e-04 -3.25689e-04 0.00000e+00
49.030000 1.19028e-04 -3.79731e-04 0.00000e+00
49.040000 1.23657e-04 -4.38070e-04 0.00000e+00
49.050000 1.20261e-04 -4.29115e-04 0.00000e+00
49.060000 1.15481e-04 -4.00405e-04 0.00000e+00
49.070000 1.09865e-04 -2.63497e-04 0.00000e+00
49.080000 1.14130e-04 -1.82806e-04 0.00000e+00
49.090000 1.08618e-04 -2.75613e-04 0.00000e+00
49.100000 1.01351e-04 -4.08385e-04 0.00000e+00
49.110000 1.22645e-04 -4.60326e-04 0.00000e+00
49.120000 1.39212e-04 -4.41785e-04 0.00000e+00
49.130000 1.33137e-04 -4.30632e-04 0.00000e+00
49.140000 1.31207e-04 -3.98872e-04 0.00000e+00
49.150000 1.37461e-04 -4.84183e-04 0.00000e+00
49.160000 1.12170e-04 -7.10169e-04 0.00000e+00
49.170000 9.90209e-05 -8.55635e-04 0.00000e+00
49.180000 9.34961e-05 -9.09288e-04 0.00000e+00
49.190000 7.29731e-05 -9.66408e-04 0.00000e+00
49.200000 5.67290e-05 -1.02656e-03 0.00000e+00
49.210000 5.69609e-05 -1.04563e-03 0.00000e+00
49.220000 3.48653e-05 -1.06476e-03 0.00000e+00
49.230000 2.30286e-05 -1.11293e-03 0.00000e+00
49.240000 1.34479e-05 -1.12451e-03 0.00000e+00
49.250000 -1.65190e-05 -1.08779e-03 0.00000e+00
49.260000 -2.75335e-05 -1.06303e-03 0.00000e+00
49.270000 -2.85311e-05 -1.06027e-03 0.00000e+00
49.280000 -2.06203e-05 -8.97454e-04 0.00000e+00
49.290000 -3.99422e-05 -6.07678e-04 0.00000e+00
49.300000 -4.79001e-05 -4.24274e-04 0.00000e+00
49.310000 -5.51998e-05 -2.82952e-04 0.00000e+00
49.320000 -6.88300e-05 5.98335e-06 0.00000e+00
49.330000 -6.91343e-05 2.37428e-04 0.00000e+00
49.340000 -3.94690e-05 4.14333e-04 0.00000e+00
49.350000 -4.43203e-05 6.89910e-04 0.00000e+00
49.360000 -4.21393e-05 8.90219e-04 0.00000e+00
49.370000 -3.68442e-05 9.93811e-04 0.00000e+00
49.380000 -2.71876e-05 1.13125e-03 0.00000e+00
49.390000 -2.61995e-05 1.20922e-03 0.00000e+00
49.400000 -4.77451e-06 1.16178e-03 0.00000e+00
49.410000 1.23933e-05 1.11315e-03 0.00000e+00
49.420000 2.55173e-05 1.01824e-03 0.00000e+00
49.430000 3.88158e-05 8.42524e-04 0.00000e+00
49.440000 6.98649e-05 6.94877e-04 0.00000e+00
49.450000 9.61285e-05 6.66774e-04 0.00000e+00
49.460000 9.20948e-05 6.50147e-04 0.00000e+00
49.470000 9.42806e-05 5.60433e-04 0.00000e+00
49.480000 1.24569e-04 4.15313e-04 0.00000e+00
49.490000 1.40087e-04 2.14932e-04 0.00000e+00
49.500000 1.19665e-04 2.12349e-05 0.00000e+00
49.510000 1.35077e-04 -3.39062e-05 0.00000e+00
49.520000 1.10183e-04 -6.82219e-05 0.00000e+00
49.530000 8.21427e-05 -2.05862e-04 0.00000e+00
49.540000 6.43131e-05 -3.65102e-04 0.00000e+00
49.550000 5.07303e-05 -5.40946e-04 0.00000e+00
49.560000 1.99487e-05 -7.35175e-04 0.00000e+00
49.570000 1.14710e-05 -8.74463e-04 0.00000e+00
49.580000 1.31729e-05 -1.01504e-03 0.00000e+00
49.590000 9.14193e-06 -1.14880e-03 0.00000e+00
49.600000 4.06831e-06 -1.20969e-03 0.00000e+00
49.610000 2.53018e-05 -1.21351e-03 0.00000e+00
49.620000 3.40332e-05 -1.16385e-03 0.00000e+00
49.630000 1.97251e-05 -1.16707e-03 0.00000e+00
49.640000 -3.63894e-06 -1.21814e-03 0.00000e+00
49.650000 -1.73586e-05 -1.06855e-03 0.00000e+00
49.660000 -1.74185e-05 -7.51500e-04 0.00000e+00
49.670000 -1.97906e-05 -5.75432e-04 0.00000e+00
49.680000 -2.35304e-05 -3.90749e-04 0.00000e+00
49.690000 -5.14563e-05 -2.43028e-04 0.00000e+00
49.700000 -7.38878e-05 -3.06703e-04 0.00000e+00
49.710000 -9.03345e-05 -3.46205e-04 0.00000e+00
49.720000 -9.98993e-05 -3.10161e-04 0.00000e+00
49.730000 -1.01470e-04 -3.36590e-04 0.00000e+00
49.740000 -1.02983e-04 -3.76375e-04 0.00000e+00
49.750000 -1.13163e-04 -3.27562e-04 0.00000e+00
49.760000 -8.53784e-05 -2.47432e-04 0.00000e+00
49.770000 -8.77600e-05 -1.79185e-04 0.00000e+00
49.780000 -8.19852e-05 6.60372e-07 0.00000e+00
49.790000 -7.69860e-05 2.69917e-04 0.00000e+00
49.800000 -5.94617e-05 4.94789e-04 0.00000e+00
49.810000 -4.04500e-05 5.86982e-04 0.00000e+00
49.820000 -4.23737e-06 6.28407e-04 0.00000e+00
49.830000 -2.57263e-05 7.65254e-04 0.00000e+00
49.840000 -4.17697e-05 9.02843e-04 0.00000e+00
49.850000 -4.56694e-05 9.99905e-04 0.00000e+00
49.860000 -6.81628e-05 1.06294e-03 0.00000e+00
49.870000 -6.15020e-05 1.02807e-03 0.00000e+00
49.880000 -2.90725e-05 9.77534e-04 0.00000e+00
49.890000 -2.52793e-05 9.53111e-04 0.00000e+00
49.900000 -1.37576e-05 8.71024e-04 0.00000e+00
49.910000 4.08251e-06 7.55625e-04 0.00000e+00
49.920000 2.61574e-05 6.29070e-04 0.00000e+00
49.930000 3.96811e-05 6.53993e-04 0.00000e+00
49.940000 5.95508e-05 7.56894e-04 0.00000e+00
49.950000 7.93049e-05 7.16564e-04 0.00000e+00
49.960000 8.03314e-05 6.64471e-04 0.00000e+00
49.970000 7.99974e-05 6.65253e-04 0.00000e+00
49.980000 6.59006e-05 6.58185e-04 0.00000e+00
49.990000 8.60478e-05 7.44234e-04 0.00000e+00
50.000000 8.70747e-05 7.40789e-04 0.00000e+00
50.010000 7.78117e-05 4.71927e-04 0.00000e+00
50.020000 8.24693e-05 2.21957e-04 0.00000e+00
50.030000 8.41009e-05 -1.39045e-05 0.00000e+00
50.040000 6.91786e-05 -2.82287e-04 0.00000e+00
50.050000 7.95313e-05 -3.90297e-04 0.00000e+00
50.060000 6.49459e-05 -4.95790e-04 0.00000e+00
50.070000 5.82060e-05 -7.45553e-04 0.00000e+00
50.080000 7.29173e-05 -9.32827e-04 0.00000e+00
50.090000 8.75263e-05 -1.02382e-03 0.00000e+00
50.100000 9.85796e-05 -1.11047e-03 0.00000e+00
50.110000 6.74730e-05 -1.17977e-03 0.00000e+00
50.120000 3.91174e-05 -1.25574e-03 0.00000e+00
50.130000 3.94046e-05 -1.31585e-03 0.00000e+00
50.140000 1.43428e-05 -1.34000e-03 0.00000e+00
50.150000 -6.92642e-06 -1.40903e-03 0.00000e+00
50.160000 -1.97109e-05 -1.42084e-03 0.00000e+00
50.170000 -6.69066e-05 -1.39744e-03 0.00000e+00
50.180000 -8.61081e-05 -1.40813e-03 0.00000e+00
50.190000 -7.44611e-05 -1.34555e-03 0.00000e+00
50.200000 -9.36187e-05 -1.26250e-03 0.00000e+00
50.210000 -1.05744e-04 -1.20692e-03 0.00000e+00
50.220000 -1.10789e-04 -1.05632e-03 0.00000e+00
50.230000 -1.45615e-04 -8.89231e-04 0.00000e+00
50.240000 -1.52954e-04 -7.05492e-04 0.00000e+00
50.250000 -1.35117e-04 -3.58950e-04 0.00000e+00
50.260000 -1.44200e-04 7.56471e-05 0.00000e+00
50.270000 -1.46521e-04 5.29770e-04 0.00000e+00
50.280000 -1.48170e-04 8.67211e-04 0.00000e+00
50.290000 -1.45478e-04 1.01013e-03 0.00000e+00
50.300000 -1.16370e-04 1.20330e-03 0.00000e+00
50.310000 -1.16070e-04 1.37777e-03 0.00000e+00
50.320000 -1.09049e-04 1.35810e-03 0.00000e+00
50.330000 -9.47125e-05 1.32138e-03 0.00000e+00
50.340000 -8.23823e-05 1.22774e-03 0.00000e+00
50.350000 -4.98271e-05 1.12115e-03 0.00000e+00
50.360000 -3.05879e-05 1.21830e-03 0.00000e+00
50.370000 -1.36454e-05 1.23471e-03 0.00000e+00
50.380000 2.33890e-05 1.10997e-03 0.00000e+00
50.390000 5.20335e-05 1.03774e-03 0.00000e+00
50.400000 6.82396e-05 8.40828e-04 0.00000e+00
50.410000 1.02329e-04 5.75759e-04 0.00000e+00
50.420000 1.01565e-04 4.55439e-04 0.00000e+00
50.430000 8.92643e-05 2.62653e-04 0.00000e+00
50.440000 6.65932e-05 -3.46687e-05 0.00000e+00
50.450000 3.70995e-05 -2.76647e-04 0.00000e+00
50.460000 9.29757e-06 -5.37177e-04 0.00000e+00
50.470000 8.92358e-06 -6.93596e-04 0.00000e+00
50.480000 -3.15657e-05 -8.60206e-04 0.00000e+00
50.490000 -3.83967e-05 -1.10801e-03 0.00000e+00
50.500000 -2.43828e-05 -1.29540e-03 0.00000e+00
50.510000 -1.73149e-05 -1.44512e-03 0.00000e+00
50.520000 -1.11203e-05 -1.51612e-03 0.00000e+00
50.530000 -2.21975e-05 -1.56476e-03 0.00000e+00
50.540000 -7.34822e-05 -1.58780e-03 0.00000e+00
50.550000 -6.53329e-05 -1.42298e-03 0.00000e+00
50.560000 -8.94542e-05 -1.18126e-03 0.00000e+00
50.570000 -1.07352e-04 -9.49657e-04 0.00000e+00
50.580000 -1.14410e-04 -6.14336e-04 0.00000e+00
50.590000 -1.20731e-04 -2.77095e-04 0.00000e+00
50.600000 -1.55386e-04 -3.63351e-06 0.00000e+00
50.610000 -1.35255e-04 1.72254e-04 0.00000e+00
50.620000 -1.42041e-04 2.81611e-04 0.00000e+00
50.630000 -1.41485e-04 4.05261e-04 0.00000e+00
50.640000 -1.35179e-04 5.49663e-04 0.00000e+00
50.650000 -1.47551e-04 6.12816e-04 0.00000e+00
50.660000 -1.30006e-04 5.98500e-04 0.00000e+00
50.670000 -1.15659e-04 7.59142e-04 0.00000e+00
50.680000 -9.86347e-05 1.00881e-03 0.00000e+00
50.690000 -7.98727e-05 1.20655e-03 0.00000e+00
50.700000 -6.03374e-05 1.29988e-03 0.00000e+00
50.710000 -1.67222e-05 1.17521e-03 0.00000e+00
50.720000 6.24234e-06 1.18331e-03 0.00000e+00
50.730000 5.61299e-06 1.28742e-03 0.00000e+00
50.740000 2.79079e-05 1.16196e-03 0.00000e+00
50.750000 3.47548e-05 1.04048e-03 0.00000e+00
50.760000 3.39482e-05 9.66332e-04 0.00000e+00
50.770000 3.77661e-05 7.85169e-04 0.00000e+00
50.780000 2.41545e-05 6.79956e-04 0.00000e+00
50.790000 4.63187e-05 5.54205e-04 0.00000e+00
50.800000 3.85758e-05 3.23381e-04 0.00000e+00
50.810000 3.40423e-05 1.58519e-04 0.00000e+00
50.820000 3.03181e-05 -7.42441e-05 0.00000e+00
50.830000 3.97827e-05 -2.95017e-04 0.00000e+00
50.840000 5.58651e-05 -4.86299e-04 0.00000e+00
50.850000 3.31403e-05 -6.70791e-04 0.00000e+00
50.860000 1.69969e-05 -8.23329e-04 0.00000e+00
50.870000 4.24288e-06 -9.87710e-04 0.00000e+00
50.880000 1.41557e-05 -1.03036e-03 0.00000e+00
50.890000 3.89653e-05 -9.72217e-04 0.00000e+00
50.900000 -9.14439e-06 -9.09452e-04 0.00000e+00
50.910000 -2.51904e-05 -7.34344e-04 0.00000e+00
50.920000 -1.29455e-05 -5.12496e-04 0.00000e+00
50.930000 -2.66076e-05 -3.38022e-04 0.00000e+00
50.940000 -3.66845e-05 -2.19312e-04 0.00000e+00
50.950000 -4.49034e-05 -2.17068e-04 0.00000e+00
50.960000 -8.40707e-05 -1.39586e-04 0.00000e+00
50.970000 -6.76831e-05 -9.68851e-05 0.00000e+00
50.980000 -8.17242e-05 -1.53615e-04 0.00000e+00
50.990000 -8.73228e-05 -1.50785e-04 0.00000e+00
51.000000 -8.82115e-05 -1.38555e-04 0.00000e+00
51.010000 -9.15073e-05 -5.01505e-05 0.00000e+00
51.020000 -7.42598e-05 -7.03069e-05 0.00000e+00
51.030000 -6.82312e-05 -1.46758e-04 0.00000e+00
51.040000 -4.55949e-05 -1.43357e-04 0.00000e+00
51.050000 -9.69610e-06 -7.74258e-05 0.00000e+00
51.060000 1.08342e-05 1.70608e-04 0.00000e+00
51.070000 3.50616e-05 2.78632e-04 0.00000e+00
51.080000 3.00249e-05 1.94604e-04 0.00000e+00
51.090000 5.49707e-06 2.21732e-04 0.00000e+00
51.100000 -1.74614e-05 2.80569e-04 0.00000e+00
51.110000 -5.18518e-05 2.85276e-04 0.00000e+00
51.120000 -6.31458e-05 2.53894e-04 0.00000e+00
51.130000 -6.23496e-05 1.03245e-04 0.00000e+00
51.140000 -9.29893e-05 9.86361e-06 0.00000e+00
51.150000 -6.83923e-05 -8.80663e-06 0.00000e+00
51.160000 -7.34859e-05 -1.42406e-04 0.00000e+00
51.170000 -6.92177e-05 -2.41837e-04 0.00000e+00
51.180000 -5.98348e-05 -2.95841e-04 0.00000e+00
51.190000 -6.00985e-05 -2.98271e-04 0.00000e+00
51.200000 -1.94238e-05 -2.85536e-04 0.00000e+00
51.210000 -1.78345e-05 -2.76407e-04 0.00000e+00
51.220000 -4.19021e-06 -8.88734e-05 0.00000e+00
51.230000 -5.35820e-06 1.90322e-04 0.00000e+00
51.240000 -3.62368e-05 4.46734e-04 0.00000e+00
51.250000 -3.64312e-05 5.88071e-04 0.00000e+00
51.260000 -3.41584e-05 5.46516e-04 0.00000e+00
51.270000 -3.38605e-05 5.03514e-04 0.00000e+00
51.280000 -4.53650e-05 4.16436e-04 0.00000e+00
51.290000 -4.90125e-05 2.63370e-04 0.00000e+00
51.300000 -4.60981e-05 1.89403e-04 0.00000e+00
51.310000 -3.01740e-05 9.91477e-05 0.00000e+00
51.320000 -3.58578e-05 1.28539e-04 0.00000e+00
51.330000 -3.25724e-05 1.88642e-04 0.00000e+00
51.340000 -7.06648e-06 1.28743e-04 0.00000e+00
51.350000 -4.12383e-06 1.04036e-04 0.00000e+00
51.360000 4.10253e-06 5.93571e-05 0.00000e+00
51.370000 2.27627e-06 1.42354e-04 0.00000e+00
51.380000 1.82191e-05 2.32467e-04 0.00000e+00
51.390000 3.48202e-05 2.10179e-04 0.00000e+00
51.400000 1.13958e-05 2.46009e-04 0.00000e+00
51.410000 -9.04916e-06 1.94092e-04 0.00000e+00
51.420000 -3.15803e-05 7.31219e-05 0.00000e+00
51.430000 -2.17441e-05 -4.56128e-06 0.00000e+00
51.440000 -6.10864e-06 -4.67016e-05 0.00000e+00
51.450000 -1.95104e-05 -7.11347e-05 0.00000e+00
51.460000 -7.96270e-06 -1.53927e-04 0.00000e+00
51.470000 9.35710e-06 -2.11909e-04 0.00000e+00
51.480000 1.72945e-05 -1.63944e-04 0.00000e+00
51.490000 1.96565e-05 -9.64582e-05 0.00000e+00
51.500000 -1.53956e-05 -8.73187e-05 0.00000e+00
51.510000 -1.15674e-05 -5.98057e-05 0.00000e+00
51.520000 -1.49957e-05 -6.44102e-06 0.00000e+00
51.530000 -1.32226e-05 5.61377e-06 0.00000e+00
51.540000 -9.84188e-06 -2.73188e-05 0.00000e+00
51.550000 -3.24016e-05 -5.07291e-05 0.00000e+00
51.560000 -2.40622e-05 3.89614e-05 0.00000e+00
51.570000 -1.23036e-05 1.01284e-04 0.00000e+00
51.580000 -2.70123e-05 1.64164e-05 0.00000e+00
51.590000 -2.34655e-05 -7.10062e-05 0.00000e+00
51.600000 -1.37711e-05 -5.54493e-05 0.00000e+00
51.610000 3.97684e-06 6.34938e-05 0.00000e+00
51.620000 3.78132e-06 9.63450e-05 0.00000e+00
51.630000 -1.13451e-06 3.53852e-05 0.00000e+00
51.640000 1.79476e-05 1.14542e-04 0.00000e+00
51.650000 1.64100e-05 2.46110e-04 0.00000e+00
51.660000 7.50258e-06 2.89436e-04 0.00000e+00
51.670000 -1.51309e-05 1.82918e-04 0.00000e+00
51.680000 -1.75495e-05 2.71387e-05 0.00000e+00
51.690000 -1.83451e-05 -3.01503e-05 0.00000e+00
51.700000 -2.67629e-05 -7.71546e-05 0.00000e+00
51.710000 -2.12573e-05 -1.60826e-04 0.00000e+00
51.720000 -8.10446e-06 -2.83844e-04 0.00000e+00
51.730000 1.15193e-05 -3.57708e-04 0.00000e+00
51.740000 4.04554e-06 -2.78124e-04 0.00000e+00
51.750000 1.54483e-06 -2.49379e-04 0.00000e+00
51.760000 1.93693e-05 -3.50332e-04 0.00000e+00
51.770000 9.62414e-06 -3.72376e-04 0.00000e+00
51.780000 -6.84794e-07 -2.87121e-04 0.00000e+00
51.790000 -2.74325e-05 -1.73240e-04 0.00000e+00
51.800000 -2.60622e-05 -1.37853e-04 0.00000e+00
51.810000 -1.47765e-05 -9.41239e-05 0.00000e+00
51.820000 -4.42734e-05 -1.64498e-05 0.00000e+00
51.830000 -6.13986e-05 -3.11575e-05 0.00000e+00
51.840000 -6.77719e-05 -1.26259e-04 0.00000e+00
51.850000 -6.25097e-05 -2.26555e-04 0.00000e+00
51.860000 -4.90056e-05 -2.26316e-04 0.00000e+00
51.870000 -5.73093e-05 -2.91722e-04 0.00000e+00
51.880000 -4.87243e-05 -3.48520e-04 0.00000e+00
51.890000 -2.71587e-05 -2.42237e-04 0.00000e+00
51.900000 -1.70390e-05 -7.07752e-05 0.00000e+00
51.910000 -1.12121e-05 6.17667e-05 0.00000e+00
51.920000 -3.81597e-05 9.61688e-05 0.00000e+00
51.930000 -3.56805e-05 1.78597e-04 0.00000e+00
51.940000 -1.20128e-05 2.88933e-04 0.00000e+00
51.950000 -1.47063e-05 3.34916e-04 0.00000e+00
51.960000 -1.88863e-05 3.08544e-04 0.00000e+00
51.970000 -4.29258e-05 2.86871e-04 0.00000e+00
51.980000 -3.71446e-05 4.03811e-04 0.00000e+00
51.990000 -4.61977e-05 4.00364e-04 0.00000e+00
52.000000 -4.87270e-05 2.93845e-04 0.00000e+00
52.010000 -4.07740e-05 2.97283e-04 0.00000e+00
52.020000 -2.75282e-05 3.27375e-04 0.00000e+00
52.030000 -1.04119e-05 4.33461e-04 0.00000e+00
52.040000 -2.04781e-05 4.84820e-04 0.00000e+00
52.050000 2.52489e-05 4.42153e-04 0.00000e+00
52.060000 2.67485e-05 5.44052e-04 0.00000e+00
52.070000 2.59932e-05 7.07546e-04 0.00000e+00
52.080000 1.59962e-05 7.78626e-04 0.00000e+00
52.090000 1.53478e-05 7.35710e-04 0.00000e+00
52.100000 2.90478e-05 6.53075e-04 0.00000e+00
52.110000 3.64531e-05 7.22749e-04 0.00000e+00
52.120000 3.66787e-05 7.99451e-04 0.00000e+00
52.130000 4.57212e-05 7.32819e-04 0.00000e+00
52.140000 5.73840e-05 5.49280e-04 0.00000e+00
52.150000 7.15363e-05 3.62098e-04 0.00000e+00
52.160000 5.57355e-05 2.64416e-04 0.00000e+00
52.170000 9.42131e-05 2.22449e-04 0.00000e+00
52.180000 9.37225e-05 1.89936e-04 0.00000e+00
52.190000 9.52344e-05 1.51813e-04 0.00000e+00
52.200000 9.66940e-05 1.38280e-04 0.00000e+00
52.210000 7.81809e-05 6.73444e-05 0.00000e+00
52.220000 8.62512e-05 1.22888e-04 0.00000e+00
52.230000 1.05058e-04 1.94615e-04 0.00000e+00
52.240000 7.82622e-05 4.18891e-05 0.00000e+00
52.250000 6.83132e-05 -1.26138e-04 0.00000e+00
52.260000 6.51371e-05 -2.58889e-04 0.00000e+00
52.270000 6.52178e-05 -3.61041e-04 0.00000e+00
52.280000 6.75866e-05 -3.90914e-04 0.00000e+00
52.290000 4.16632e-05 -4.71268e-04 0.00000e+00
52.300000 3.12393e-05 -6.04065e-04 0.00000e+00
52.310000 3.85969e-05 -6.88048e-04 0.00000e+00
52.320000 5.75799e-05 -7.58951e-04 0.00000e+00
52.330000 7.65513e-05 -8.81669e-04 0.00000e+00
52.340000 6.96662e-05 -8.63705e-04 0.00000e+00
52.350000 4.60835e-05 -8.31229e-04 0.00000e+00
52.360000 3.88128e-05 -8.88419e-04 0.00000e+00
52.370000 2.75292e-05 -8.78400e-04 0.00000e+00
52.380000 1.75165e-05 -9.29065e-04 0.00000e+00
52.390000 7.60161e-06 -9.44035e-04 0.00000e+00
52.400000 -3.78928e-05 -7.97150e-04 0.00000e+00
52.410000 -4.70225e-05 -6.57523e-04 0.00000e+00
52.420000 -3.31528e-05 -5.79413e-04 0.00000e+00
52.430000 -4.49981e-05 -5.07022e-04 0.00000e+00
52.440000 -5.06383e-05 -4.41196e-04 0.00000e+00
52.450000 -5.43612e-05 -3.03664e-04 0.00000e+00
52.460000 -8.42275e-05 -1.83178e-04 0.00000e+00
52.470000 -7.89240e-05 -1.09967e-04 0.00000e+00
52.480000 -7.94503e-05 -1.89309e-05 0.00000e+00
52.490000 -7.60429e-05 2.11623e-04 0.00000e+00
52.500000 -6.41083e-05 5.76353e-04 0.00000e+00
52.510000 -5.05711e-05 8.73335e-04 0.00000e+00
52.520000 -6.96799e-05 9.76007e-04 0.00000e+00
52.530000 -3.28025e-05 9.90964e-04 0.00000e+00
52.540000 -2.87662e-05 1.02836e-03 0.00000e+00
52.550000 -6.91331e-06 1.02590e-03 0.00000e+00
52.560000 1.70811e-05 9.60292e-04 0.00000e+00
52.570000 4.11383e-05 7.61521e-04 0.00000e+00
52.580000 4.19643e-05 5.34568e-04 0.00000e+00
52.590000 4.27208e-05 5.13511e-04 0.00000e+00
52.600000 3.81975e-05 5.06132e-04 0.00000e+00
52.610000 6.13050e-05 3.48440e-04 0.00000e+00
52.620000 7.61307e-05 1.93791e-04 0.00000e+00
52.630000 7.93415e-05 -2.97594e-06 0.00000e+00
52.640000 7.51025e-05 -1.99999e-04 0.00000e+00
52.650000 7.77860e-05 -3.55284e-04 0.00000e+00
52.660000 9.41633e-05 -5.20138e-04 0.00000e+00
52.670000 6.40861e-05 -6.36827e-04 0.00000e+00
52.680000 2.65411e-05 -7.33873e-04 0.00000e+00
52.690000 -1.04314e-05 -9.09984e-04 0.00000e+00
52.700000 -1.80160e-05 -9.82789e-04 0.00000e+00
52.710000 -3.03079e-05 -9.22846e-04 0.00000e+00
52.720000 -4.79175e-05 -8.62657e-04 0.00000e+00
52.730000 -5.56710e-05 -6.97461e-04 0.00000e+00
52.740000 -5.00391e-05 -4.72038e-04 0.00000e+00
52.750000 -3.80106e-05 -2.71208e-04 0.00000e+00
52.760000 -2.75443e-05 -1.51800e-04 0.00000e+00
52.770000 -5.85902e-05 -1.53337e-04 0.00000e+00
52.780000 -6.42564e-05 -8.79102e-06 0.00000e+00
52.790000 -5.08229e-05 2.52779e-04 0.00000e+00
52.800000 -5.01692e-05 4.50492e-04 0.00000e+00
52.810000 -4.47750e-05 6.43747e-04 0.00000e+00
52.820000 -4.19202e-05 7.97695e-04 0.00000e+00
52.830000 -2.68376e-05 1.03585e-03 0.00000e+00
52.840000 -1.55128e-05 1.18102e-03 0.00000e+00
52.850000 -2.26386e-06 1.10646e-03 0.00000e+00
52.860000 2.28607e-05 9.55965e-04 0.00000e+00
52.870000 5.60389e-05 8.06383e-04 0.00000e+00
52.880000 7.02023e-05 6.76267e-04 0.00000e+00
52.890000 7.98162e-05 5.57288e-04 0.00000e+00
52.900000 9.12768e-05 4.53250e-04 0.00000e+00
52.910000 8.24530e-05 3.99323e-04 0.00000e+00
52.920000 7.73226e-05 4.14651e-04 0.00000e+00
52.930000 6.02996e-05 4.31779e-04 0.00000e+00
52.940000 6.79516e-05 2.92268e-04 0.00000e+00
52.950000 1.05660e-04 6.75373e-05 0.00000e+00
52.960000 7.62772e-05 -4.25814e-05 0.00000e+00
52.970000 8.39607e-05 -1.42576e-04 0.00000e+00
52.980000 6.74921e-05 -2.82570e-04 0.00000e+00
52.990000 5.53395e-05 -4.38366e-04 0.00000e+00
53.000000 5.01502e-05 -5.82285e-04 0.00000e+00
53.010000 1.46452e-05 -6.94457e-04 0.00000e+00
53.020000 1.08672e-05 -7.87480e-04 0.00000e+00
53.030000 7.08569e-06 -8.00628e-04 0.00000e+00
53.040000 1.15592e-05 -7.04564e-04 0.00000e+00
53.050000 2.26575e-05 -5.64564e-04 0.00000e+00
53.060000 3.86954e-05 -5.00013e-04 0.00000e+00
53.070000 3.07653e-05 -4.37011e-04 0.00000e+00
53.080000 3.47631e-05 -3.78914e-04 0.00000e+00
53.090000 1.78262e-05 -3.73659e-04 0.00000e+00
53.100000 2.80389e-06 -3.77209e-04 0.00000e+00
53.110000 -1.54649e-05 -3.69572e-04 0.00000e+00
53.120000 -7.89872e-06 -1.79197e-04 0.00000e+00
53.130000 -1.32205e-05 -5.73669e-05 0.00000e+00
53.140000 -2.16262e-05 4.82989e-05 0.00000e+00
53.150000 -2.74911e-05 2.13853e-04 0.00000e+00
53.160000 -2.60612e-05 2.50008e-04 0.00000e+00
53.170000 -2.07182e-05 2.85104e-04 0.00000e+00
53.180000 -8.57417e-06 2.43678e-04 0.00000e+00
53.190000 1.90911e-06 1.52668e-04 0.00000e+00
53.200000 1.68556e-05 1.61547e-04 0.00000e+00
53.210000 1.84944e-05 2.10954e-04 0.00000e+00
53.220000 1.89822e-05 3.30222e-04 0.00000e+00
53.230000 3.13296e-06 5.92935e-04 0.00000e+00
53.240000 2.55294e-05 7.65566e-04 0.00000e+00
53.250000 1.92663e-05 8.33833e-04 0.00000e+00
53.260000 3.44847e-05 8.73647e-04 0.00000e+00
53.270000 4.07588e-05 8.25077e-04 0.00000e+00
53.280000 5.39114e-05 6.92461e-04 0.00000e+00
53.290000 7.10771e-05 6.31564e-04 0.00000e+00
53.300000 6.55039e-05 6.43938e-04 0.00000e+00
53.310000 8.99233e-05 6.15311e-04 0.00000e+00
53.320000 6.26040e-05 5.08454e-04 0.00000e+00
53.330000 6.38960e-05 3.90711e-04 0.00000e+00
53.340000 6.89219e-05 3.22357e-04 0.00000e+00
53.350000 7.82212e-05 2.40936e-04 0.00000e+00
53.360000 9.16568e-05 1.79332e-04 0.00000e+00
53.370000 1.21647e-04 1.97924e-04 0.00000e+00
53.380000 1.21239e-04 2.05359e-04 0.00000e+00
53.390000 1.43385e-04 1.44776e-04 0.00000e+00
53.400000 1.27869e-04 4.44650e-05 0.00000e+00
53.410000 9.08815e-05 -3.71551e-05 0.00000e+00
53.420000 8.72479e-05 -1.42735e-04 0.00000e+00
53.430000 7.77088e-05 -2.62496e-04 0.00000e+00
53.440000 6.98830e-05 -3.29997e-04 0.00000e+00
53.450000 7.08674e-05 -4.20903e-04 0.00000e+00
53.460000 9.14832e-05 -4.85119e-04 0.00000e+00
53.470000 7.66551e-05 -5.66038e-04 0.00000e+00
53.480000 6.97167e-05 -6.01473e-04 0.00000e+00
53.490000 4.61042e-05 -7.44237e-04 0.00000e+00
53.500000 6.31255e-05 -9.26193e-04 0.00000e+00
53.510000 4.85688e-05 -1.00616e-03 0.00000e+00
53.520000 5.00802e-05 -1.05546e-03 0.00000e+00
53.530000 5.20066e-05 -1.01899e-03 0.00000e+00
53.540000 5.41160e-05 -8.68378e-04 0.00000e+00
53.550000 2.32017e-05 -7.36913e-04 0.00000e+00
53.560000 1.73284e-05 -6.19351e-04 0.00000e+00
53.570000 -2.92949e-06 -5.15548e-04 0.00000e+00
53.580000 -1.81692e-05 -6.43112e-04 0.00000e+00
53.590000 -3.53808e-05 -7.69239e-04 0.00000e+00
53.600000 -3.19572e-05 -7.29016e-04 0.00000e+00
53.610000 -4.81734e-05 -6.54367e-04 0.00000e+00
53.620000 -5.49921e-05 -5.93478e-04 0.00000e+00
53.630000 -5.84618e-05 -3.89430e-04 0.00000e+00
53.640000 -5.82101e-05 -1.79717e-04 0.00000e+00
53.650000 -6.40403e-05 -1.23068e-04 0.00000e+00
53.660000 -7.17779e-05 -1.65194e-04 0.00000e+00
53.670000 -4.13833e-05 -5.32329e-05 0.00000e+00
53.680000 -4.71860e-05 1.48486e-04 0.00000e+00
53.690000 -2.51602e-05 2.69461e-04 0.00000e+00
53.700000 -2.54913e-05 4.78867e-04 0.00000e+00
53.710000 -2.28622e-05 6.97784e-04 0.00000e+00
53.720000 -4.48086e-05 7.43355e-04 0.00000e+00
53.730000 -3.69661e-05 6.73082e-04 0.00000e+00
53.740000 -5.05748e-05 6.42460e-04 0.00000e+00
53.750000 -4.34600e-05 5.99326e-04 0.00000e+00
53.760000 -3.99701e-06 5.37781e-04 0.00000e+00
53.770000 2.12412e-05 5.13469e-04 0.00000e+00
53.780000 1.85190e-05 4.44838e-04 0.00000e+00
53.790000 2.50674e-05 2.77890e-04 0.00000e+00
53.800000 4.12637e-05 1.70087e-04 0.00000e+00
53.810000 1.51149e-05 1.13966e-04 0.00000e+00
53.820000 1.30679e-05 3.68523e-05 0.00000e+00
53.830000 2.80477e-05 -6.51821e-05 0.00000e+00
53.840000 6.66673e-05 -5.57562e-05 0.00000e+00
53.850000 3.84445e-05 -8.13630e-05 0.00000e+00
53.860000 4.20285e-05 -9.84526e-05 0.00000e+00
53.870000 2.99654e-05 -6.76836e-05 0.00000e+00
53.880000 1.15054e-06 -1.30298e-04 0.00000e+00
53.890000 -2.63135e-05 -2.25163e-04 0.00000e+00
53.900000 -2.01476e-05 -3.37643e-04 0.00000e+00
53.910000 -9.99512e-06 -4.49022e-04 0.00000e+00
53.920000 -1.64815e-05 -5.47763e-04 0.00000e+00
53.930000 -1.87199e-05 -4.92351e-04 0.00000e+00
53.940000 -2.56063e-05 -3.02371e-04 0.00000e+00
53.950000 -3.70407e-05 -1.80623e-04 0.00000e+00
53.960000 -2.94187e-05 -1.66456e-04 0.00000e+00
53.970000 -7.20270e-06 -1.14027e-04 0.00000e+00
53.980000 -1.35282e-05 -9.77518e-05 0.00000e+00
53.990000 -9.68474e-06 -1.32201e-04 0.00000e+00
54.000000 -1.14851e-05 -5.49364e-05 0.00000e+00
54.010000 -7.91828e-06 2.02509e-04 0.00000e+00
54.020000 -2.77458e-05 3.07477e-04 0.00000e+00
54.030000 -2.04751e-06 3.03095e-04 0.00000e+00
54.040000 -2.86301e-05 3.90093e-04 0.00000e+00
54.050000 -1.71755e-05 3.76638e-04 0.00000e+00
54.060000 -1.71111e-05 2.62742e-04 0.00000e+00
54.070000 -1.27206e-05 1.44226e-04 0.00000e+00
54.080000 -1.85286e-06 1.95742e-04 0.00000e+00
54.090000 1.21545e-05 2.82448e-04 0.00000e+00
54.100000 1.97143e-05 2.22806e-04 0.00000e+00
54.110000 2.38162e-05 1.64987e-04 0.00000e+00
54.120000 4.75666e-07 1.22990e-04 0.00000e+00
54.130000 1.61930e-07 1.07830e-04 0.00000e+00
54.140000 1.03492e-05 2.11383e-04 0.00000e+00
54.150000 1.97464e-05 2.40173e-04 0.00000e+00
54.160000 2.06228e-05 1.80545e-04 0.00000e+00
54.170000 3.35101e-05 1.04539e-04 0.00000e+00
54.180000 2.35927e-05 1.67493e-05 0.00000e+00
54.190000 -1.62954e-06 -7.81869e-05 0.00000e+00
54.200000 2.07021e-05 -9.92553e-05 0.00000e+00
54.210000 1.19532e-05 -1.88471e-04 0.00000e+00
54.220000 3.73410e-06 -2.93955e-04 0.00000e+00
54.230000 -1.31694e-06 -2.83981e-04 0.00000e+00
54.240000 6.75165e-06 -3.39021e-04 0.00000e+00
54.250000 3.25359e-05 -4.04785e-04 0.00000e+00
54.260000 1.47947e-06 -4.36923e-04 0.00000e+00
54.270000 -6.12414e-06 -3.93076e-04 0.00000e+00
54.280000 1.32768e-05 -2.77332e-04 0.00000e+00
54.290000 4.37323e-06 -2.32633e-04 0.00000e+00
54.300000 2.27394e-06 -3.19410e-04 0.00000e+00
54.310000 -1.28247e-05 -3.19685e-04 0.00000e+00
54.320000 -4.21988e-05 -1.67629e-04 0.00000e+00
54.330000 -4.00286e-05 -5.26823e-05 0.00000e+00
54.340000 -4.87406e-05 3.10924e-05 0.00000e+00
54.350000 -3.34579e-05 7.70714e-05 0.00000e+00
54.360000 -3.21686e-05 2.88553e-05 0.00000e+00
54.370000 -3.00785e-05 1.06137e-04 0.00000e+00
54.380000 -4.29463e-05 1.48742e-04 0.00000e+00
54.390000 -1.38868e-05 9.18153e-05 0.00000e+00
54.400000 -3.13717e-05 7.85460e-05 0.00000e+00
54.410000 -3.03208e-05 1.11779e-04 0.00000e+00
54.420000 -2.32410e-05 2.54573e-04 0.00000e+00
54.430000 2.60168e-06 3.22345e-04 0.00000e+00
54.440000 2.04249e-05 2.84467e-04 0.00000e+00
54.450000 2.33395e-05 3.65693e-04 0.00000e+00
54.460000 2.97639e-06 4.48849e-04 0.00000e+00
54.470000 1.49150e-06 3.99477e-04 0.00000e+00
54.480000 3.29490e-05 3.32328e-04 0.00000e+00
54.490000 3.08840e-05 1.71656e-04 0.00000e+00
54.500000 5.07971e-06 4.57816e-05 0.00000e+00
54.510000 7.78421e-06 1.00204e-05 0.00000e+00
54.520000 -2.83482e-07 -2.83552e-05 0.00000e+00
54.530000 1.21112e-05 -5.87421e-05 0.00000e+00
54.540000 7.40508e-06 -9.67220e-05 0.00000e+00
54.550000 -1.40310e-05 -1.56722e-04 0.00000e+00
54.560000 1.27709e-05 -1.71688e-04 0.00000e+00
54.570000 1.12868e-05 -1.74640e-04 0.00000e+00
54.580000 2.20642e-05 -2.37380e-04 0.00000e+00
54.590000 1.52703e-05 -2.51281e-04 0.00000e+00
54.600000 9.70204e-06 -2.16080e-04 0.00000e+00
54.610000 -1.30948e-06 -7.27641e-05 0.00000e+00
54.620000 -1.08219e-06 4.65742e-05 0.00000e+00
54.630000 -2.56100e-05 1.44275e-07 0.00000e+00
54.640000 -3.16578e-05 -6.79297e-05 0.00000e+00
54.650000 -1.85379e-05 -1.22202e-06 0.00000e+00
54.660000 -2.34684e-05 9.53315e-05 0.00000e+00
54.670000 1.41043e-06 2.04130e-05 0.00000e+00
54.680000 -8.05616e-06 -1.15974e-04 0.00000e+00
54.690000 -9.63060e-06 -1.66202e-04 0.00000e+00
54.700000 -7.40187e-06 -1.75839e-04 0.00000e+00
54.710000 1.18970e-06 -1.73370e-04 0.00000e+00
54.720000 -2.09616e-06 -1.98356e-04 0.00000e+00
54.730000 1.24444e-06 -1.21490e-04 0.00000e+00
54.740000 4.64660e-06 -4.68083e-05 0.00000e+00
54.750000 1.77084e-06 -7.00700e-05 0.00000e+00
54.760000 3.17353e-06 -7.09904e-05 0.00000e+00
54.770000 -5.45777e-07 -3.12279e-05 0.00000e+00
54.780000 8.23384e-06 -6.88240e-05 0.00000e+00
54.790000 -2.74656e-05 -1.55168e-04 0.00000e+00
54.800000 -2.99248e-05 -2.03666e-04 0.00000e+00
54.810000 -3.08794e-05 -3.32161e-04 0.00000e+00
54.820000 -3.27821e-05 -3.36469e-04 0.00000e+00
54.830000 -4.43646e-05 -3.44241e-04 0.00000e+00
54.840000 -5.55659e-05 -3.01961e-04 0.00000e+00
54.850000 -4.55737e-05 -2.46363e-04 0.00000e+00
54.860000 -2.42984e-05 -2.98637e-04 0.00000e+00
54.870000 -3.29069e-05 -2.36604e-04 0.00000e+00
54.880000 -1.69856e-05 -1.78645e-04 0.00000e+00
54.890000 -2.26239e-05 -1.63071e-04 0.00000e+00
54.900000 -2.98554e-05 -1.14329e-04 0.00000e+00
54.910000 -6.05623e-05 1.48264e-05 0.00000e+00
54.920000 -4.91576e-05 7.10711e-05 0.00000e+00
54.930000 -4.38239e-05 6.11234e-05 0.00000e+00
54.940000 -4.05234e-05 7.71445e-05 0.00000e+00
54.950000 -7.24182e-05 1.66353e-04 0.00000e+00
54.960000 -4.39542e-05 1.52483e-04 0.00000e+00
54.970000 -4.60986e-05 3.00971e-05 0.00000e+00
54.980000 -4.92420e-05 1.08212e-05 0.00000e+00
54.990000 -2.50831e-05 -6.39781e-05 0.00000e+00
55.000000 -4.79559e-05 -8.99642e-05 0.00000e+00
55.010000 -1.72374e-05 -7.96876e-05 0.00000e+00
55.020000 -4.57070e-05 -8.89125e-05 0.00000e+00
55.030000 -2.00829e-05 4.21232e-05 0.00000e+00
55.040000 -2.02821e-05 1.31678e-04 0.00000e+00
55.050000 -3.55681e-05 1.87058e-04 0.00000e+00
55.060000 -2.42133e-05 2.59570e-04 0.00000e+00
55.070000 -2.06738e-05 1.92398e-04 0.00000e+00
55.080000 -2.66794e-05 7.02042e-05 0.00000e+00
55.090000 -5.75434e-05 5.52417e-05 0.00000e+00
55.100000 -4.07627e-05 1.37373e-04 0.00000e+00
55.110000 -4.10826e-05 1.65725e-04 0.00000e+00
55.120000 -3.28260e-05 7.14598e-05 0.00000e+00
55.130000 -5.95024e-05 5.86487e-05 0.00000e+00
55.140000 -4.07395e-05 1.18605e-04 0.00000e+00
55.150000 -3.38373e-05 1.03230e-04 0.00000e+00
55.160000 -2.82656e-05 1.82619e-04 0.00000e+00
55.170000 1.23647e-05 1.90791e-04 0.00000e+00
55.180000 -9.09117e-06 2.45127e-04 0.00000e+00
55.190000 -4.56252e-08 2.93917e-04 0.00000e+00
55.200000 4.36218e-06 3.09689e-04 0.00000e+00
55.210000 -1.69730e-05 4.21198e-04 0.00000e+00
55.220000 -1.12803e-05 3.93465e-04 0.00000e+00
55.230000 -2.28378e-05 3.75820e-04 0.00000e+00
55.240000 -2.22541e-05 4.28928e-04 0.00000e+00
55.250000 1.06083e-05 4.13284e-04 0.00000e+00
55.260000 1.35497e-05 2.74879e-04 0.00000e+00
55.270000 1.04874e-05 2.46005e-04 0.00000e+00
55.280000 5.34976e-08 2.86042e-04 0.00000e+00
55.290000 1.43338e-05 2.15256e-04 0.00000e+00
55.300000 2.27608e-05 9.86155e-05 0.00000e+00
55.310000 2.18008e-05 7.35491e-05 0.00000e+00
55.320000 2.88643e-05 6.29085e-05 0.00000e+00
55.330000 3.45497e-05 2.44379e-05 0.00000e+00
55.340000 2.49674e-05 1.69307e-04 0.00000e+00
55.350000 4.59511e-05 2.33750e-04 0.00000e+00
55.360000 2.16717e-05 1.78101e-04 0.00000e+00
55.370000 3.71883e-05 2.06299e-04 0.00000e+00
55.380000 1.94766e-05 1.16533e-04 0.00000e+00
55.390000 1.69852e-05 -1.99841e-05 0.00000e+00
55.400000 2.02131e-05 -1.37137e-04 0.00000e+00
55.410000 2.10105e-05 -2.49240e-04 0.00000e+00
55.420000 9.24510e-06 -1.82148e-04 0.00000e+00
55.430000 2.39034e-05 -9.15023e-05 0.00000e+00
55.440000 3.11884e-05 -1.01583e-04 0.00000e+00
55.450000 9.49878e-06 -2.23589e-04 0.00000e+00
55.460000 8.19358e-06 -2.87805e-04 0.00000e+00
55.470000 3.09020e-05 -2.41634e-04 0.00000e+00
55.480000 2.68312e-05 -2.35030e-04 0.00000e+00
55.490000 1.13464e-05 -2.18539e-04 0.00000e+00
55.500000 3.24737e-05 -1.95925e-04 0.00000e+00
55.510000 2.25765e-05 -2.19539e-04 0.00000e+00
55.520000 -4.67883e-06 -1.93881e-04 0.00000e+00
55.530000 -4.80612e-06 -2.23414e-04 0.00000e+00
55.540000 -1.17935e-05 -2.58712e-04 0.00000e+00
55.550000 -2.90572e-05 -2.74320e-04 0.00000e+00
55.560000 -1.55670e-05 -3.55872e-04 0.00000e+00
55.570000 -1.21482e-05 -3.44832e-04 0.00000e+00
55.580000 4.32118e-06 -2.74269e-04 0.00000e+00
55.590000 2.36283e-06 -3.07235e-04 0.00000e+00
55.600000 -1.85241e-05 -2.98883e-04 0.00000e+00
55.610000 -2.64537e-05 -1.79518e-04 0.00000e+00
55.620000 -3.71967e-05 -1.95992e-04 0.00000e+00
55.630000 -7.10968e-06 -2.12079e-04 0.00000e+00
55.640000 -2.29678e-05 -7.22331e-05 0.00000e+00
55.650000 -2.04981e-05 1.76091e-05 0.00000e+00
55.660000 -3.06842e-05 -1.25765e-05 0.00000e+00
55.670000 -3.36341e-05 1.05601e-04 0.00000e+00
55.680000 -3.84290e-05 2.27662e-04 0.00000e+00
55.690000 -3.43736e-05 1.57115e-04 0.00000e+00
55.700000 -4.44164e-05 1.00424e-04 0.00000e+00
55.710000 -2.55199e-05 7.80773e-05 0.00000e+00
55.720000 -3.52835e-05 -6.45848e-05 0.00000e+00
55.730000 -1.58776e-05 -1.22731e-04 0.00000e+00
55.740000 -9.52544e-06 -5.60528e-05 0.00000e+00
55.750000 -9.18747e-06 6.56095e-05 0.00000e+00
55.760000 -2.70543e-05 1.67184e-04 0.00000e+00
55.770000 6.17527e-06 7.95563e-05 0.00000e+00
55.780000 -1.31059e-05 -1.10551e-06 0.00000e+00
55.790000 -8.07191e-06 -5.10052e-05 0.00000e+00
55.800000 1.54401e-06 2.11023e-05 0.00000e+00
55.810000 -4.09290e-06 1.21915e-04 0.00000e+00
55.820000 -2.54219e-05 7.61997e-05 0.00000e+00
55.830000 -8.30400e-06 7.64583e-05 0.00000e+00
55.840000 -9.20626e-06 9.72178e-05 0.00000e+00
55.850000 -3.86452e-05 7.83734e-05 0.00000e+00
55.860000 -4.06534e-05 6.09196e-05 0.00000e+00
55.870000 -3.47387e-05 -4.21950e-05 0.00000e+00
55.880000 -4.04674e-05 -8.17680e-05 0.00000e+00
55.890000 -3.38687e-05 -7.96477e-05 0.00000e+00
55.900000 1.53072e-06 -3.26398e-05 0.00000e+00
55.910000 -4.48841e-06 5.48751e-05 0.00000e+00
55.920000 -1.20641e-06 2.43856e-05 0.00000e+00
55.930000 -2.86477e-05 -4.31169e-06 0.00000e+00
55.940000 -2.26844e-05 7.89945e-05 0.00000e+00
55.950000 1.01657e-06 1.69867e-04 0.00000e+00
55.960000 -2.36470e-06 1.78203e-04 0.00000e+00
55.970000 1.46011e-05 2.71080e-04 0.00000e+00
55.980000 -7.12013e-06 3.56501e-04 0.00000e+00
55.990000 -8.59889e-06 3.38190e-04 0.00000e+00
56.000000 8.72737e-06 3.58578e-04 0.00000e+00
56.010000 -1.00166e-05 3.87913e-04 0.00000e+00
56.020000 -1.49405e-05 2.66742e-04 0.00000e+00
56.030000 -1.80806e-05 1.12756e-04 0.00000e+00
56.040000 -2.04067e-05 4.76378e-05 0.00000e+00
56.050000 1.29804e-05 -9.55689e-05 0.00000e+00
56.060000 3.08696e-06 -2.46580e-04 0.00000e+00
56.070000 2.34412e-05 -1.86005e-04 0.00000e+00
56.080000 -5.15446e-06 -1.17081e-04 0.00000e+00
56.090000 1.39490e-05 -1.50995e-04 0.00000e+00
56.100000 2.83822e-05 -3.02531e-04 0.00000e+00
56.110000 2.64491e-05 -4.44753e-04 0.00000e+00
56.120000 2.08488e-05 -3.37460e-04 0.00000e+00
56.130000 1.42537e-05 -2.46277e-04 0.00000e+00
56.140000 1.54329e-05 -2.12309e-04 0.00000e+00
56.150000 -5.78497e-06 -2.21827e-04 0.00000e+00
56.160000 -1.68828e-05 -3.06490e-04 0.00000e+00
56.170000 -3.23409e-05 -2.26404e-04 0.00000e+00
56.180000 -5.13891e-05 -1.78207e-04 0.00000e+00
56.190000 -5.63630e-05 -2.27960e-04 0.00000e+00
56.200000 -5.70668e-05 -2.68357e-04 0.00000e+00
56.210000 -5.65033e-05 -3.44257e-04 0.00000e+00
56.220000 -6.79070e-05 -2.60889e-04 0.00000e+00
56.230000 -3.15319e-05 -1.44048e-04 0.00000e+00
56.240000 -2.90167e-05 -8.69677e-05 0.00000e+00
56.250000 -3.91334e-05 -6.15734e-05 0.00000e+00
56.260000 -4.58443e-05 -4.27215e-05 0.00000e+00
56.270000 -3.75196e-05 1.36425e-04 0.00000e+00
56.280000 -8.18750e-06 3.03660e-04 0.00000e+00
56.290000 3.45519e-06 3.97499e-04 0.00000e+00
56.300000 -2.81744e-05 4.63524e-04 0.00000e+00
56.310000 -1.70154e-05 5.52315e-04 0.00000e+00
56.320000 -2.59601e-05 6.01533e-04 0.00000e+00
56.330000 -9.47296e-06 5.42701e-04 0.00000e+00
56.340000 -6.92430e-07 4.64999e-04 0.00000e+00
56.350000 -2.05313e-05 3.70016e-04 0.00000e+00
56.360000 -1.55396e-05 2.63168e-04 0.00000e+00
56.370000 -1.68836e-05 1.24411e-04 0.00000e+00
56.380000 -2.65868e-06 4.20183e-06 0.00000e+00
56.390000 1.99546e-05 -1.53522e-04 0.00000e+00
56.400000 6.21548e-06 -1.53232e-04 0.00000e+00
56.410000 1.32925e-05 -2.67609e-05 0.00000e+00
56.420000 1.99600e-05 -6.63592e-05 0.00000e+00
56.430000 2.71286e-05 -1.40970e-04 0.00000e+00
56.440000 3.69697e-05 -1.66658e-04 0.00000e+00
56.450000 1.63805e-05 -5.97755e-05 0.00000e+00
56.460000 1.19845e-05 4.59831e-05 0.00000e+00
56.470000 6.88043e-07 -2.15354e-05 0.00000e+00
56.480000 -1.94895e-06 -1.07119e-04 0.00000e+00
56.490000 -2.44747e-05 -1.39965e-04 0.00000e+00
56.500000 -3.43004e-05 -8.91120e-05 0.00000e+00
56.510000 -3.09386e-05 3.06979e-05 0.00000e+00
56.520000 -3.49605e-05 1.40555e-05 0.00000e+00
56.530000 -4.15641e-05 -7.59600e-05 0.00000e+00
56.540000 -4.03194e-05 -1.17689e-04 0.00000e+00
56.550000 -1.55096e-05 -1.21809e-04 0.00000e+00
56.560000 -1.12369e-05 -4.66767e-05 0.00000e+00
56.570000 2.75168e-05 -7.07464e-06 0.00000e+00
56.580000 2.21242e-06 -1.14812e-05 0.00000e+00
56.590000 1.70026e-06 5.58192e-05 0.00000e+00
56.600000 7.21573e-06 9.66525e-05 0.00000e+00
56.610000 1.09912e-05 1.80828e-04 0.00000e+00
56.620000 1.02096e-05 2.31507e-04 0.00000e+00
56.630000 -1.00116e-05 1.74815e-04 0.00000e+00
56.640000 -1.11855e-06 1.30040e-04 0.00000e+00
56.650000 9.38054e-07 1.01070e-04 0.00000e+00
56.660000 1.54745e-05 8.30235e-05 0.00000e+00
56.670000 1.68267e-05 3.48197e-05 0.00000e+00
56.680000 -2.13103e-06 -3.13731e-05 0.00000e+00
56.690000 -1.86715e-05 -7.06692e-05 0.00000e+00
56.700000 -1.55572e-05 -9.08968e-05 0.00000e+00
56.710000 -5.42019e-06 -1.15237e-04 0.00000e+00
56.720000 -4.55020e-06 -5.78808e-05 0.00000e+00
56.730000 2.01881e-06 1.55818e-06 0.00000e+00
56.740000 -1.56430e-06 1.47703e-04 0.00000e+00
56.750000 4.62245e-07 2.62737e-04 0.00000e+00
56.760000 2.88169e-06 1.75624e-04 0.00000e+00
56.770000 -7.04178e-06 1.94936e-04 0.00000e+00
56.780000 1.25577e-05 2.93124e-04 0.00000e+00
56.790000 -7.94701e-06 3.31969e-04 0.00000e+00
56.800000 -7.66743e-07 2.62483e-04 0.00000e+00
56.810000 1.09054e-05 2.65241e-04 0.00000e+00
56.820000 2.23405e-05 3.68733e-04 0.00000e+00
56.830000 2.98944e-05 4.69210e-04 0.00000e+00
56.840000 2.11467e-05 5.32753e-04 0.00000e+00
56.850000 2.51990e-05 4.71165e-04 0.00000e+00
56.860000 4.63557e-05 3.64060e-04 0.00000e+00
56.870000 4.72445e-05 2.75997e-04 0.00000e+00
56.880000 4.89111e-05 2.22816e-04 0.00000e+00
56.890000 5.30859e-05 1.73564e-04 0.00000e+00
56.900000 4.91730e-05 1.69737e-04 0.00000e+00
56.910000 6.19836e-05 1.67576e-04 0.00000e+00
56.920000 3.98274e-05 9.33919e-05 0.00000e+00
56.930000 3.95879e-05 3.11926e-05 0.00000e+00
56.940000 7.03209e-05 -2.88735e-05 0.00000e+00
56.950000 5.32336e-05 -4.97047e-05 0.00000e+00
56.960000 5.11245e-05 -1.17685e-04 0.00000e+00
56.970000 5.27594e-05 -2.38525e-04 0.00000e+00
56.980000 7.64226e-05 -2.83334e-04 0.00000e+00
56.990000 5.09383e-05 -2.52865e-04 0.00000e+00
57.000000 4.29267e-05 -2.08905e-04 0.00000e+00
57.010000 1.73300e-05 -3.12217e-04 0.00000e+00
57.020000 2.18391e-05 -4.04492e-04 0.00000e+00
57.030000 1.73128e-05 -3.27237e-04 0.00000e+00
57.040000 1.62547e-05 -2.47992e-04 0.00000e+00
57.050000 1.61947e-05 -2.64478e-04 0.00000e+00
57.060000 2.57512e-05 -2.79306e-04 0.00000e+00
57.070000 2.69313e-05 -2.49960e-04 0.00000e+00
57.080000 1.32465e-05 -2.18549e-04 0.00000e+00
57.090000 5.11036e-06 -2.36953e-04 0.00000e+00
57.100000 1.76587e-05 -2.76308e-04 0.00000e+00
57.110000 1.15420e-05 -1.31260e-04 0.00000e+00
57.120000 1.01442e-05 2.22539e-05 0.00000e+00
57.130000 2.63935e-07 1.40103e-05 0.00000e+00
57.140000 9.59515e-06 1.14870e-05 0.00000e+00
57.150000 1.11198e-05 1.36605e-04 0.00000e+00
57.160000 2.08923e-05 2.16362e-04 0.00000e+00
57.170000 -2.95812e-06 1.53720e-04 0.00000e+00
57.180000 -2.66593e-06 3.19824e-05 0.00000e+00
57.190000 2.56588e-05 -4.72092e-05 0.00000e+00
57.200000 2.49532e-05 8.75844e-07 0.00000e+00
57.210000 9.13574e-06 1.24325e-05 0.00000e+00
57.220000 6.73249e-06 9.50248e-06 0.00000e+00
57.230000 1.93598e-05 9.37702e-05 0.00000e+00
57.240000 2.59998e-05 1.97281e-04 0.00000e+00
57.250000 1.67578e-05 1.98824e-04 0.00000e+00
57.260000 3.41324e-05 8.22717e-05 0.00000e+00
57.270000 3.42657e-05 8.95481e-05 0.00000e+00
57.280000 4.89085e-05 1.65491e-04 0.00000e+00
57.290000 1.73627e-05 1.41924e-04 0.00000e+00
57.300000 1.03368e-05 6.47601e-05 0.00000e+00
57.310000 1.58992e-05 1.99611e-05 0.00000e+00
57.320000 2.53462e-05 5.52074e-05 0.00000e+00
57.330000 2.35370e-06 7.26074e-05 0.00000e+00
57.340000 5.98637e-06 3.01350e-05 0.00000e+00
57.350000 1.28907e-05 -3.59971e-05 0.00000e+00
57.360000 4.20719e-05 6.33338e-05 0.00000e+00
57.370000 4.36108e-05 1.68967e-04 0.00000e+00
57.380000 3.44811e-05 8.11464e-05 0.00000e+00
57.390000 4.50587e-05 -6.27178e-06 0.00000e+00
57.400000 4.74508e-05 2.12945e-05 0.00000e+00
57.410000 2.79013e-05 7.70249e-05 0.00000e+00
57.420000 1.83894e-05 1.71774e-05 0.00000e+00
57.430000 1.69631e-05 -1.58096e-06 0.00000e+00
57.440000 5.10910e-05 7.39108e-05 0.00000e+00
57.450000 2.04417e-05 1.09452e-04 0.00000e+00
57.460000 2.18987e-05 8.03299e-05 0.00000e+00
57.470000 1.85820e-05 -2.17215e-05 0.00000e+00
57.480000 4.04855e-05 -5.17459e-05 0.00000e+00
57.490000 3.54910e-05 -8.83198e-06 0.00000e+00
57.500000 3.35584e-05 -8.52784e-05 0.00000e+00
57.510000 3.91678e-05 -1.97660e-04 0.00000e+00
57.520000 3.99478e-05 -2.43184e-04 0.00000e+00
57.530000 4.19940e-05 -1.64204e-04 0.00000e+00
57.540000 1.44311e-05 -5.00059e-05 0.00000e+00
57.550000 1.21426e-05 -1.29277e-04 0.00000e+00
57.560000 2.99071e-05 -1.62176e-04 0.00000e+00
57.570000 2.46432e-05 -1.43772e-04 0.00000e+00
57.580000 1.56079e-05 -1.81738e-04 0.00000e+00
57.590000 5.56887e-06 -2.20376e-04 0.00000e+00
57.600000 3.03018e-05 -2.66388e-04 0.00000e+00
57.610000 1.65224e-05 -1.43972e-04 0.00000e+00
57.620000 9.28518e-06 -1.02338e-04 0.00000e+00
57.630000 1.30688e-05 -2.23827e-04 0.00000e+00
57.640000 3.44859e-06 -2.75859e-04 0.00000e+00
57.650000 1.11387e-05 -2.44364e-04 0.00000e+00
57.660000 -1.11435e-06 -1.73749e-04 0.00000e+00
57.670000 -1.25384e-05 -1.70767e-04 0.00000e+00
57.680000 -2.38583e-07 -2.08982e-04 0.00000e+00
57.690000 -3.44670e-06 -2.20213e-04 0.00000e+00
57.700000 9.40799e-06 -1.80990e-04 0.00000e+00
57.710000 -2.00296e-05 -2.33950e-04 0.00000e+00
57.720000 -2.56157e-05 -3.45069e-04 0.00000e+00
57.730000 -6.08368e-07 -2.67940e-04 0.00000e+00
57.740000 -1.32846e-05 -1.57447e-04 0.00000e+00
57.750000 5.71713e-06 -1.88262e-04 0.00000e+00
57.760000 -8.36423e-06 -2.40865e-04 0.00000e+00
57.770000 -7.42847e-06 -1.54539e-04 0.00000e+00
57.780000 -6.21368e-06 -3.42711e-05 0.00000e+00
57.790000 -4.00400e-05 -3.44754e-05 0.00000e+00
57.800000 -3.19508e-05 -2.72175e-05 0.00000e+00
57.810000 -2.59167e-05 -1.98179e-05 0.00000e+00
57.820000 -2.20101e-05 1.05652e-05 0.00000e+00
57.830000 -2.94697e-05 2.97455e-05 0.00000e+00
57.840000 -4.18296e-05 -6.01179e-05 0.00000e+00
57.850000 -4.27068e-05 -7.27880e-05 0.00000e+00
57.860000 -2.24935e-05 1.48880e-05 0.00000e+00
57.870000 -2.40793e-05 1.08181e-04 0.00000e+00
57.880000 -2.51624e-05 1.39816e-04 0.00000e+00
57.890000 -1.22084e-05 7.65270e-05 0.00000e+00
57.900000 9.57278e-06 1.97764e-04 0.00000e+00
57.910000 -1.65261e-05 3.65124e-04 0.00000e+00
57.920000 -1.20826e-05 5.11167e-04 0.00000e+00
57.930000 9.23888e-07 6.11523e-04 0.00000e+00
57.940000 1.27845e-05 5.66498e-04 0.00000e+00
57.950000 -2.15122e-06 5.66301e-04 0.00000e+00
57.960000 -9.25629e-06 4.91265e-04 0.00000e+00
57.970000 -4.32541e-06 3.83178e-04 0.00000e+00
57.980000 9.86817e-07 3.88776e-04 0.00000e+00
57.990000 5.40534e-06 3.50561e-04 0.00000e+00
58.000000 4.99969e-06 2.83767e-04 0.00000e+00
58.010000 1.27272e-05 2.18378e-04 0.00000e+00
58.020000 4.64789e-05 1.05267e-04 0.00000e+00
58.030000 4.97652e-05 8.76151e-05 0.00000e+00
58.040000 5.08121e-05 7.20969e-05 0.00000e+00
58.050000 5.42814e-05 -7.41607e-05 0.00000e+00
58.060000 5.64914e-05 -1.56237e-04 0.00000e+00
58.070000 8.07144e-05 -1.05043e-04 0.00000e+00
58.080000 4.95371e-05 -1.53818e-04 0.00000e+00
58.090000 4.06010e-05 -2.79215e-04 0.00000e+00
58.100000 1.75189e-06 -3.57180e-04 0.00000e+00
58.110000 9.09705e-07 -3.96640e-04 0.00000e+00
58.120000 4.82712e-06 -4.60764e-04 0.00000e+00
58.130000 -3.58353e-06 -6.00663e-04 0.00000e+00
58.140000 -6.62548e-06 -7.09056e-04 0.00000e+00
58.150000 -3.33712e-06 -7.27973e-04 0.00000e+00
58.160000 -2.42736e-05 -7.46959e-04 0.00000e+00
58.170000 -4.65401e-06 -8.09054e-04 0.00000e+00
58.180000 -2.56377e-05 -8.22995e-04 0.00000e+00
58.190000 -3.04651e-05 -6.65859e-04 0.00000e+00
58.200000 -3.23463e-05 -4.52025e-04 0.00000e+00
58.210000 -5.23349e-05 -3.66589e-04 0.00000e+00
58.220000 -5.67815e-05 -2.72721e-04 0.00000e+00
58.230000 -3.53205e-05 -1.54221e-04 0.00000e+00
58.240000 -4.94729e-05 1.09939e-05 0.00000e+00
58.250000 -6.22256e-05 1.73115e-04 0.00000e+00
58.260000 -6.97716e-05 2.37784e-04 0.00000e+00
58.270000 -7.00549e-05 2.38121e-04 0.00000e+00
58.280000 -5.87943e-05 2.27499e-04 0.00000e+00
58.290000 -5.83279e-05 2.88469e-04 0.00000e+00
58.300000 -5.63554e-05 3.58072e-04 0.00000e+00
58.310000 -3.80915e-05 4.40479e-04 0.00000e+00
58.320000 -2.56929e-05 5.55562e-04 0.00000e+00
58.330000 -2.87838e-05 6.07288e-04 0.00000e+00
58.340000 -9.58070e-06 6.67056e-04 0.00000e+00
58.350000 1.23886e-05 7.25629e-04 0.00000e+00
58.360000 2.51346e-05 7.22278e-04 0.00000e+00
58.370000 1.38301e-05 7.21680e-04 0.00000e+00
58.380000 4.67850e-06 6.72285e-04 0.00000e+00
58.390000 2.60792e-05 6.05431e-04 0.00000e+00
58.400000 1.94397e-05 6.40570e-04 0.00000e+00
58.410000 3.66156e-05 5.76318e-04 0.00000e+00
58.420000 3.88123e-05 3.94051e-04 0.00000e+00
58.430000 2.95569e-05 2.83925e-04 0.00000e+00
58.440000 3.67147e-05 1.69458e-04 0.00000e+00
58.450000 3.84190e-05 1.14787e-04 0.00000e+00
58.460000 4.87456e-05 4.89101e-05 0.00000e+00
58.470000 5.79925e-05 -1.19569e-04 0.00000e+00
58.480000 5.91776e-05 -2.69002e-04 0.00000e+00
58.490000 5.20229e-05 -3.81702e-04 0.00000e+00
58.500000 4.30792e-05 -4.37462e-04 0.00000e+00
58.510000 3.90411e-05 -4.26341e-04 0.00000e+00
58.520000 3.52722e-05 -3.47040e-04 0.00000e+00
58.530000 2.68371e-05 -2.67678e-04 0.00000e+00
58.540000 1.76839e-05 -3.12120e-04 0.00000e+00
58.550000 1.69075e-05 -4.23797e-04 0.00000e+00
58.560000 6.53899e-06 -4.96712e-04 0.00000e+00
58.570000 -1.22322e-06 -5.24495e-04 0.00000e+00
58.580000 -2.77129e-05 -5.51657e-04 0.00000e+00
58.590000 -1.67735e-06 -4.91908e-04 0.00000e+00
58.600000 -8.81878e-06 -4.28876e-04 0.00000e+00
58.610000 -1.74857e-05 -3.85646e-04 0.00000e+00
58.620000 -1.96517e-05 -3.25109e-04 0.00000e+00
58.630000 -4.36737e-05 -2.58303e-04 0.00000e+00
58.640000 -4.50772e-05 -1.04809e-04 0.00000e+00
58.650000 -3.11811e-05 -7.22970e-06 0.00000e+00
58.660000 -1.49440e-05 -5.60506e-05 0.00000e+00
58.670000 8.79243e-06 -1.09237e-04 0.00000e+00
58.680000 -1.18070e-05 -6.32726e-05 0.00000e+00
58.690000 -1.19486e-05 7.35582e-05 0.00000e+00
58.700000 -3.77812e-05 1.69451e-04 0.00000e+00
58.710000 -4.05210e-05 1.69030e-04 0.00000e+00
58.720000 -3.96238e-05 1.57559e-04 0.00000e+00
58.730000 -3.31162e-05 1.42859e-04 0.00000e+00
58.740000 -1.21874e-05 8.73608e-05 0.00000e+00
58.750000 -1.20937e-05 -8.04161e-05 0.00000e+00
58.760000 1.60574e-05 -8.42356e-05 0.00000e+00
58.770000 -5.14001e-06 2.14641e-05 0.00000e+00
58.780000 -4.00468e-06 -3.82594e-05 0.00000e+00
58.790000 -1.54323e-05 -1.20589e-04 0.00000e+00
58.800000 -1.15266e-05 -2.51703e-04 0.00000e+00
58.810000 -1.97403e-05 -3.83231e-04 0.00000e+00
58.820000 -4.77647e-05 -3.98565e-04 0.00000e+00
58.830000 -4.02024e-05 -3.05066e-04 0.00000e+00
58.840000 -1.05086e-05 -1.32989e-04 0.00000e+00
58.850000 -6.40334e-07 -9.25916e-05 0.00000e+00
58.860000 -1.05084e-05 -1.43642e-04 0.00000e+00
58.870000 -4.53162e-05 -1.94587e-04 0.00000e+00
58.880000 -5.38791e-05 -2.75047e-04 0.00000e+00
58.890000 -5.92516e-05 -3.07066e-04 0.00000e+00
58.900000 -5.91165e-05 -3.04746e-04 0.00000e+00
58.910000 -6.64953e-05 -1.72343e-04 0.00000e+00
58.920000 -5.69191e-05 -5.11279e-05 0.00000e+00
58.930000 -2.80213e-05 1.23665e-04 0.00000e+00
58.940000 -5.94540e-05 3.22657e-04 0.00000e+00
58.950000 -6.37805e-05 3.97236e-04 0.00000e+00
58.960000 -5.56123e-05 4.45485e-04 0.00000e+00
58.970000 -4.33196e-05 4.79765e-04 0.00000e+00
58.980000 -2.49117e-05 5.23450e-04 0.00000e+00
58.990000 -9.79114e-06 4.98726e-04 0.00000e+00
59.000000 -1.93234e-06 5.23653e-04 0.00000e+00
59.010000 -1.15139e-05 7.34452e-04 0.00000e+00
59.020000 -2.41555e-05 1.01084e-03 0.00000e+00
59.030000 -5.28806e-06 1.14387e-03 0.00000e+00
59.040000 3.22567e-06 1.08079e-03 0.00000e+00
59.050000 1.68579e-05 1.00905e-03 0.00000e+00
59.060000 3.52478e-05 9.66445e-04 0.00000e+00
59.070000 5.70042e-05 8.61239e-04 0.00000e+00
59.080000 7.86084e-05 7.38606e-04 0.00000e+00
59.090000 6.97242e-05 6.75444e-04 0.00000e+00
59.100000 9.84676e-05 8.38378e-04 0.00000e+00
59.110000 8.01945e-05 9.44832e-04 0.00000e+00
59.120000 7.70556e-05 8.58051e-04 0.00000e+00
59.130000 8.23800e-05 8.18212e-04 0.00000e+00
59.140000 9.73389e-05 7.85062e-04 0.00000e+00
59.150000 1.13429e-04 7.58271e-04 0.00000e+00
59.160000 1.30887e-04 7.12531e-04 0.00000e+00
59.170000 1.45848e-04 5.76650e-04 0.00000e+00
59.180000 1.49736e-04 4.05520e-04 0.00000e+00
59.190000 1.33452e-04 2.21655e-04 0.00000e+00
59.200000 1.06932e-04 5.86594e-05 0.00000e+00
59.210000 1.09494e-04 -6.16876e-05 0.00000e+00
59.220000 1.17059e-04 -2.25743e-04 0.00000e+00
59.230000 1.09225e-04 -3.62704e-04 0.00000e+00
59.240000 1.19639e-04 -4.39876e-04 0.00000e+00
59.250000 1.46922e-04 -5.52581e-04 0.00000e+00
59.260000 1.67536e-04 -7.38799e-04 0.00000e+00
59.270000 1.80438e-04 -8.15296e-04 0.00000e+00
59.280000 1.30264e-04 -8.26838e-04 0.00000e+00
59.290000 1.11946e-04 -9.06491e-04 0.00000e+00
59.300000 9.20171e-05 -9.74541e-04 0.00000e+00
59.310000 7.03704e-05 -1.00910e-03 0.00000e+00
59.320000 5.11167e-05 -1.00482e-03 0.00000e+00
59.330000 2.87231e-05 -9.79806e-04 0.00000e+00
59.340000 1.70269e-05 -9.38310e-04 0.00000e+00
59.350000 2.75163e-05 -9.21862e-04 0.00000e+00
59.360000 8.10154e-06 -9.53354e-04 0.00000e+00
59.370000 -6.29139e-06 -1.09886e-03 0.00000e+00
59.380000 -1.83691e-05 -1.23538e-03 0.00000e+00
59.390000 -3.44081e-05 -1.16730e-03 0.00000e+00
59.400000 -2.91554e-05 -1.04096e-03 0.00000e+00
59.410000 -4.13149e-05 -9.45099e-04 0.00000e+00
59.420000 -4.68612e-05 -6.60784e-04 0.00000e+00
59.430000 -2.47125e-05 -2.37269e-04 0.00000e+00
59.440000 -7.59091e-06 1.24789e-04 0.00000e+00
59.450000 -1.44878e-05 3.04865e-04 0.00000e+00
59.460000 -3.13409e-05 3.88171e-04 0.00000e+00
59.470000 -4.40850e-05 4.52904e-04 0.00000e+00
59.480000 -4.82799e-05 4.67755e-04 0.00000e+00
59.490000 -5.51223e-05 4.41637e-04 0.00000e+00
59.500000 -5.75117e-05 3.89129e-04 0.00000e+00
59.510000 -5.88566e-05 3.76279e-04 0.00000e+00
59.520000 -5.49310e-05 4.47308e-04 0.00000e+00
59.530000 -4.18332e-05 4.79889e-04 0.00000e+00
59.540000 -3.43194e-05 3.33133e-04 0.00000e+00
59.550000 9.34421e-06 1.90846e-04 0.00000e+00
59.560000 4.48938e-05 6.55810e-05 0.00000e+00
59.570000 4.49334e-05 -5.99568e-05 0.00000e+00
59.580000 5.29435e-05 -1.45604e-04 0.00000e+00
59.590000 7.82374e-05 -2.35453e-04 0.00000e+00
59.600000 4.50578e-05 -2.50742e-04 0.00000e+00
59.610000 2.14152e-05 -1.19551e-04 0.00000e+00
59.620000 3.98905e-06 -2.88140e-05 0.00000e+00
59.630000 -1.21027e-05 -1.13430e-04 0.00000e+00
59.640000 -3.63060e-05 -2.41505e-04 0.00000e+00
59.650000 -3.26585e-05 -3.49400e-04 0.00000e+00
59.660000 -4.86984e-05 -5.18735e-04 0.00000e+00
59.670000 -3.53167e-05 -6.74610e-04 0.00000e+00
59.680000 -4.86565e-05 -7.77167e-04 0.00000e+00
59.690000 -5.72980e-05 -9.13921e-04 0.00000e+00
59.700000 -8.78273e-05 -9.75291e-04 0.00000e+00
59.710000 -9.57901e-05 -9.81348e-04 0.00000e+00
59.720000 -7.42450e-05 -8.66572e-04 0.00000e+00
59.730000 -7.82997e-05 -5.74348e-04 0.00000e+00
59.740000 -6.86848e-05 -3.94063e-04 0.00000e+00
59.750000 -5.52101e-05 -3.26706e-04 0.00000e+00
59.760000 -5.67337e-05 -1.05187e-04 0.00000e+00
59.770000 -5.29126e-05 5.55973e-05 0.00000e+00
59.780000 -5.36883e-05 9.22602e-06 0.00000e+00
59.790000 -9.15495e-05 4.05210e-05 0.00000e+00
59.800000 -1.06820e-04 6.81576e-05 0.00000e+00
59.810000 -1.06182e-04 1.57059e-05 0.00000e+00
59.820000 -1.15343e-04 6.36240e-05 0.00000e+00
59.830000 -1.18607e-04 1.23149e-04 0.00000e+00
59.840000 -9.38087e-05 2.21205e-04 0.00000e+00
59.850000 -9.63888e-05 2.74291e-04 0.00000e+00
59.860000 -8.72668e-05 2.13290e-04 0.00000e+00
59.870000 -6.07818e-05 1.39576e-04 0.00000e+00
59.880000 -5.98004e-05 -1.65494e-05 0.00000e+00
59.890000 -4.31877e-05 7.55371e-06 0.00000e+00
59.900000 -5.35372e-05 1.23146e-04 0.00000e+00
59.910000 -7.49484e-05 1.39841e-04 0.00000e+00
59.920000 -6.37913e-05 2.66426e-04 0.00000e+00
59.930000 -4.82099e-05 3.74423e-04 0.00000e+00
59.940000 -7.11062e-05 3.96313e-04 0.00000e+00
59.950000 -6.42372e-05 4.90252e-04 0.00000e+00
59.960000 -4.35389e-05 4.88910e-04 0.00000e+00
59.970000 -6.39985e-05 3.95266e-04 0.00000e+00
59.980000 -4.22875e-05 3.74972e-04 0.00000e+00
59.990000 -3.73913e-05 2.96807e-04 0.00000e+00
60.000000 -4.75010e-05 1.82769e-04 0.00000e+00
60.010000 -4.62379e-05 2.18818e-04 0.00000e+00
60.020000 -7.09824e-05 2.65772e-04 0.00000e+00
60.030000 -4.98950e-05 2.52442e-04 0.00000e+00
60.040000 -4.29010e-05 3.34986e-04 0.00000e+00
60.050000 -3.60682e-05 3.56758e-04 0.00000e+00
60.060000 6.64406e-06 3.62646e-04 0.00000e+00
60.070000 -1.36943e-05 3.89907e-04 0.00000e+00
60.080000 -6.31430e-06 3.20931e-04 0.00000e+00
60.090000 9.81848e-06 3.27887e-04 0.00000e+00
60.100000 -1.19718e-05 4.09715e-04 0.00000e+00
60.110000 2.83296e-06 3.22245e-04 0.00000e+00
60.120000 1.43505e-05 2.07368e-04 0.00000e+00
60.130000 -1.64215e-06 2.90901e-04 0.00000e+00
60.140000 3.05627e-06 3.25140e-04 0.00000e+00
60.150000 -1.75775e-06 3.63602e-04 0.00000e+00
60.160000 -6.80718e-06 4.37381e-04 0.00000e+00
60.170000 1.57487e-05 3.89526e-04 0.00000e+00
60.180000 2.34722e-05 3.11559e-04 0.00000e+00
60.190000 1.10026e-05 1.74649e-04 0.00000e+00
60.200000 1.46405e-05 1.17647e-04 0.00000e+00
60.210000 1.41768e-05 1.29446e-04 0.00000e+00
60.220000 3.97690e-06 7.45457e-05 0.00000e+00
60.230000 3.05855e-05 1.69392e-04 0.00000e+00
60.240000 2.74154e-05 1.65797e-04 0.00000e+00
60.250000 3.79556e-05 5.26102e-05 0.00000e+00
60.260000 3.75360e-05 1.30650e-04 0.00000e+00
60.270000 2.47040e-05 8.39382e-05 0.00000e+00
60.280000 2.15400e-05 1.52610e-05 0.00000e+00
60.290000 5.52827e-05 9.58950e-05 0.00000e+00
60.300000 5.93025e-05 6.47161e-05 0.00000e+00
60.310000 4.65004e-05 1.70355e-05 0.00000e+00
60.320000 4.29130e-05 1.80820e-05 0.00000e+00
60.330000 2.00974e-05 -5.41585e-05 0.00000e+00
60.340000 1.96703e-05 -4.99129e-05 0.00000e+00
60.350000 1.89724e-05 2.50093e-05 0.00000e+00
60.360000 2.55155e-05 -9.97820e-06 0.00000e+00
60.370000 3.35242e-05 -6.15826e-05 0.00000e+00
60.380000 1.70469e-05 -9.34608e-05 0.00000e+00
60.390000 2.29242e-05 -1.79858e-04 0.00000e+00
60.400000 2.67366e-05 -1.56586e-04 0.00000e+00
60.410000 4.72799e-06 -9.64277e-05 0.00000e+00
60.420000 3.47179e-05 -7.20203e-05 0.00000e+00
60.430000 3.39810e-05 -3.04146e-05 0.00000e+00
60.440000 1.30681e-05 -1.30523e-04 0.00000e+00
60.450000 4.05990e-05 -2.33879e-04 0.00000e+00
60.460000 2.90313e-05 -1.38094e-04 0.00000e+00
60.470000 2.18274e-05 7.03435e-06 0.00000e+00
60.480000 3.14521e-05 6.72841e-05 0.00000e+00
60.490000 2.26237e-05 9.38126e-05 0.00000e+00
60.500000 1.63629e-05 8.99904e-06 0.00000e+00
60.510000 2.83471e-05 -7.78350e-05 0.00000e+00
60.520000 1.48758e-05 -7.52198e-05 0.00000e+00
60.530000 1.03906e-05 -4.27760e-05 0.00000e+00
60.540000 1.39391e-05 2.08908e-05 0.00000e+00
60.550000 1.12891e-05 7.28942e-06 0.00000e+00
60.560000 1.75572e-05 -7.26666e-05 0.00000e+00
60.570000 2.81513e-05 -9.06487e-05 0.00000e+00
60.580000 1.28211e-05 -1.53262e-04 0.00000e+00
60.590000 1.66194e-05 -8.02121e-05 0.00000e+00
60.600000 3.67276e-06 9.32984e-05 0.00000e+00
60.610000 2.11774e-06 5.93202e-05 0.00000e+00
60.620000 3.43870e-05 9.97249e-05 0.00000e+00
60.630000 3.72059e-05 1.76583e-04 0.00000e+00
60.640000 2.98808e-05 1.07876e-04 0.00000e+00
60.650000 2.44654e-05 1.44287e-04 0.00000e+00
60.660000 1.04021e-05 2.13778e-04 0.00000e+00
60.670000 5.03041e-06 1.59196e-04 0.00000e+00
60.680000 2.72405e-05 1.40748e-04 0.00000e+00
60.690000 2.45788e-05 1.07664e-04 0.00000e+00
60.700000 2.65193e-05 -3.74752e-05 0.00000e+00
60.710000 1.61951e-05 -1.08350e-04 0.00000e+00
60.720000 1.20727e-05 -1.20033e-04 0.00000e+00
60.730000 1.34087e-05 -1.67748e-04 0.00000e+00
60.740000 3.89972e-05 -2.01178e-04 0.00000e+00
60.750000 3.90825e-05 -2.60587e-04 0.00000e+00
60.760000 6.28073e-05 -3.62703e-04 0.00000e+00
60.770000 2.50720e-05 -4.43860e-04 0.00000e+00
60.780000 1.99962e-05 -4.89855e-04 0.00000e+00
60.790000 2.23982e-05 -4.11129e-04 0.00000e+00
60.800000 6.84978e-06 -3.27950e-04 0.00000e+00
60.810000 3.23252e-07 -3.12964e-04 0.00000e+00
60.820000 1.62295e-05 -3.36940e-04 0.00000e+00
60.830000 -2.12634e-05 -4.18759e-04 0.00000e+00
60.840000 -3.06177e-05 -4.57596e-04 0.00000e+00
60.850000 -3.55696e-05 -3.96168e-04 0.00000e+00
60.860000 -4.44619e-05 -3.30484e-04 0.00000e+00
60.870000 -5.14452e-05 -2.99395e-04 0.00000e+00
60.880000 -2.49222e-05 -3.31317e-04 0.00000e+00
60.890000 -4.68668e-05 -3.90393e-04 0.00000e+00
60.900000 -4.68121e-05 -3.58931e-04 0.00000e+00
60.910000 -5.03988e-05 -2.54322e-04 0.00000e+00
60.920000 -3.80022e-05 -1.23683e-04 0.00000e+00
60.930000 -4.52791e-05 7.00812e-05 0.00000e+00
60.940000 -1.64062e-05 1.25323e-04 0.00000e+00
60.950000 -2.67574e-05 4.86859e-05 0.00000e+00
60.960000 -1.96764e-05 1.13258e-04 0.00000e+00
60.970000 -4.20242e-05 1.39447e-04 0.00000e+00
60.980000 -2.45421e-05 1.26116e-04 0.00000e+00
60.990000 -5.01783e-05 2.45075e-04 0.00000e+00
61.000000 -2.41462e-05 2.51578e-04 0.00000e+00
61.010000 -2.91980e-05 1.23036e-04 0.00000e+00
61.020000 -2.41314e-05 8.31322e-05 0.00000e+00
61.030000 -4.01232e-05 4.34011e-05 0.00000e+00
61.040000 -2.99567e-05 -6.63773e-05 0.00000e+00
61.050000 -4.74123e-05 -4.20802e-05 0.00000e+00
61.060000 -1.36702e-05 1.76285e-05 0.00000e+00
61.070000 -1.99608e-05 -7.14445e-05 0.00000e+00
61.080000 -1.40647e-05 -1.90677e-04 0.00000e+00
61.090000 -2.01928e-05 -2.05056e-04 0.00000e+00
61.100000 -1.95191e-05 -1.58819e-04 0.00000e+00
61.110000 -5.32574e-05 -1.08012e-04 0.00000e+00
61.120000 -2.79545e-05 -5.33930e-05 0.00000e+00
61.130000 -3.31162e-05 -8.51579e-05 0.00000e+00
61.140000 -3.60709e-05 -1.74808e-04 0.00000e+00
61.150000 -3.59280e-05 -1.93136e-04 0.00000e+00
61.160000 -3.28177e-05 -1.94565e-04 0.00000e+00
61.170000 -6.69771e-05 -1.75143e-04 0.00000e+00
61.180000 -4.93952e-05 -1.36004e-04 0.00000e+00
61.190000 -5.48604e-05 -2.37163e-04 0.00000e+00
61.200000 -5.22989e-05 -3.00712e-04 0.00000e+00
61.210000 -6.21701e-05 -2.90960e-04 0.00000e+00
61.220000 -3.08759e-05 -3.13298e-04 0.00000e+00
61.230000 -6.41544e-05 -2.05856e-04 0.00000e+00
61.240000 -6.57157e-05 -1.19923e-04 0.00000e+00
61.250000 -6.28848e-05 -1.36573e-04 0.00000e+00
61.260000 -2.99029e-05 -3.22239e-05 0.00000e+00
61.270000 -5.66016e-05 2.05551e-05 0.00000e+00
61.280000 -5.62741e-05 -4.68125e-05 0.00000e+00
61.290000 -6.99838e-05 3.11650e-05 0.00000e+00
61.300000 -7.18619e-05 1.31625e-04 0.00000e+00
61.310000 -6.51332e-05 1.19678e-04 0.00000e+00
61.320000 -4.95111e-05 2.09820e-04 0.00000e+00
61.330000 -6.40672e-05 3.19646e-04 0.00000e+00
61.340000 -6.23115e-05 2.45965e-04 0.00000e+00
61.350000 -8.27009e-05 2.30204e-04 0.00000e+00
61.360000 -6.88833e-05 3.36527e-04 0.00000e+00
61.370000 -3.48486e-05 3.52656e-04 0.00000e+00
61.380000 -3.90709e-05 2.99363e-04 0.00000e+00
61.390000 -3.13550e-05 3.84334e-04 0.00000e+00
61.400000 -2.09770e-05 4.66841e-04 0.00000e+00
61.410000 -4.87920e-05 3.22655e-04 0.00000e+00
61.420000 -1.21594e-05 2.64639e-04 0.00000e+00
61.430000 -9.15977e-06 3.90471e-04 0.00000e+00
61.440000 -2.48349e-05 4.46528e-04 0.00000e+00
61.450000 -5.24538e-06 3.79650e-04 0.00000e+00
61.460000 6.45443e-06 3.50177e-04 0.00000e+00
61.470000 -2.15792e-05 2.80940e-04 0.00000e+00
61.480000 6.57629e-06 1.79028e-04 0.00000e+00
61.490000 7.41604e-06 1.57797e-04 0.00000e+00
61.500000 -7.10685e-06 1.04141e-04 0.00000e+00
61.510000 -1.56495e-05 -4.60569e-05 0.00000e+00
61.520000 1.57358e-05 -2.35806e-04 0.00000e+00
61.530000 -9.40311e-06 -3.64352e-04 0.00000e+00
61.540000 -1.14358e-05 -2.78245e-04 0.00000e+00
61.550000 -1.44760e-05 -2.33474e-04 0.00000e+00
61.560000 1.09016e-05 -3.19176e-04 0.00000e+00
61.570000 -2.56075e-05 -3.30888e-04 0.00000e+00
61.580000 -2.81380e-05 -3.78371e-04 0.00000e+00
61.590000 -4.51587e-07 -3.68806e-04 0.00000e+00
61.600000 -6.52866e-06 -2.62396e-04 0.00000e+00
61.610000 -2.67713e-05 -3.06986e-04 0.00000e+00
61.620000 -3.24959e-05 -2.45527e-04 0.00000e+00
61.630000 -3.69227e-05 -5.18324e-05 0.00000e+00
61.640000 -5.84644e-05 -1.69547e-05 0.00000e+00
61.650000 -5.79986e-05 9.65683e-05 0.00000e+00
61.660000 -4.73296e-05 2.05947e-04 0.00000e+00
61.670000 -6.23989e-05 1.97873e-04 0.00000e+00
61.680000 -5.67167e-05 2.20857e-04 0.00000e+00
61.690000 -4.08093e-05 3.80341e-04 0.00000e+00
61.700000 -1.91856e-05 4.90699e-04 0.00000e+00
61.710000 -1.55900e-05 4.56778e-04 0.00000e+00
61.720000 -3.33585e-05 4.92258e-04 0.00000e+00
61.730000 -2.13530e-05 6.19826e-04 0.00000e+00
61.740000 3.84491e-06 6.33938e-04 0.00000e+00
61.750000 7.85256e-06 5.32007e-04 0.00000e+00
61.760000 1.95089e-05 6.49041e-04 0.00000e+00
61.770000 2.52633e-05 7.26617e-04 0.00000e+00
61.780000 3.23826e-05 6.46633e-04 0.00000e+00
61.790000 6.58765e-05 5.62867e-04 0.00000e+00
61.800000 4.46168e-05 4.67184e-04 0.00000e+00
61.810000 4.58962e-05 2.68221e-04 0.00000e+00
61.820000 4.89813e-05 8.04841e-05 0.00000e+00
61.830000 2.36843e-05 6.17679e-05 0.00000e+00
61.840000 5.84666e-05 -1.57830e-05 0.00000e+00
61.850000 5.11849e-05 -1.65298e-04 0.00000e+00
61.860000 5.92250e-05 -2.88108e-04 0.00000e+00
61.870000 2.94991e-05 -3.00701e-04 0.00000e+00
61.880000 4.06545e-05 -3.09057e-04 0.00000e+00
61.890000 3.89914e-05 -4.35059e-04 0.00000e+00
61.900000 3.43592e-05 -4.89672e-04 0.00000e+00
61.910000 1.38549e-05 -4.01127e-04 0.00000e+00
61.920000 2.39711e-05 -3.36320e-04 0.00000e+00
61.930000 2.07965e-05 -3.35938e-04 0.00000e+00
61.940000 -1.42696e-05 -2.59190e-04 0.00000e+00
61.950000 -5.87655e-06 -2.37606e-04 0.00000e+00
61.960000 -2.11701e-05 -1.18310e-04 0.00000e+00
61.970000 -2.13953e-05 -4.14735e-05 0.00000e+00
61.980000 -2.32680e-05 -6.36691e-05 0.00000e+00
61.990000 6.64723e-06 2.25623e-05 0.00000e+00
62.000000 4.42697e-06 2.69586e-06 0.00000e+00
62.010000 -1.41937e-05 8.70617e-05 0.00000e+00
62.020000 -1.03788e-05 1.95633e-04 0.00000e+00
62.030000 -4.78689e-06 2.04998e-04 0.00000e+00
62.040000 2.38997e-05 1.72478e-04 0.00000e+00
62.050000 7.55354e-06 1.11887e-04 0.00000e+00
62.060000 3.23592e-05 1.31927e-04 0.00000e+00
62.070000 3.67923e-05 1.39523e-04 0.00000e+00
62.080000 3.70308e-05 7.65466e-05 0.00000e+00
62.090000 1.86299e-05 4.02168e-05 0.00000e+00
62.100000 2.59541e-05 -2.20151e-05 0.00000e+00
62.110000 2.96713e-05 -1.84437e-04 0.00000e+00
62.120000 6.43115e-06 -2.87149e-04 0.00000e+00
62.130000 3.33375e-05 -3.39285e-04 0.00000e+00
62.140000 1.27746e-07 -3.67324e-04 0.00000e+00
62.150000 2.47578e-05 -4.06278e-04 0.00000e+00
62.160000 4.92555e-06 -3.62470e-04 0.00000e+00
62.170000 -4.16374e-07 -2.63154e-04 0.00000e+00
62.180000 -3.57046e-06 -3.40412e-04 0.00000e+00
62.190000 -3.16774e-05 -4.22002e-04 0.00000e+00
62.200000 -2.89000e-05 -3.90498e-04 0.00000e+00
62.210000 -3.51390e-05 -2.54844e-04 0.00000e+00
62.220000 -3.72363e-05 -1.86534e-04 0.00000e+00
62.230000 -3.10799e-05 -1.04744e-04 0.00000e+00
62.240000 -4.15075e-05 1.65068e-05 0.00000e+00
62.250000 -4.50432e-05 3.59970e-05 0.00000e+00
62.260000 -4.61635e-05 6.44863e-05 0.00000e+00
62.270000 -5.16742e-05 6.77209e-05 0.00000e+00
62.280000 -1.88160e-05 9.44036e-05 0.00000e+00
62.290000 -1.68756e-05 7.55909e-05 0.00000e+00
62.300000 -1.17580e-06 1.50580e-04 0.00000e+00
62.310000 -3.23306e-06 1.52984e-04 0.00000e+00
62.320000 -1.02041e-05 1.67437e-04 0.00000e+00
62.330000 2.80983e-06 2.02741e-04 0.00000e+00
62.340000 -8.08648e-06 1.09738e-04 0.00000e+00
62.350000 -1.57056e-05 9.01657e-05 0.00000e+00
62.360000 7.75528e-06 1.00997e-05 0.00000e+00
62.370000 8.81732e-06 -5.34651e-05 0.00000e+00
62.380000 5.93374e-06 -1.45479e-04 0.00000e+00
62.390000 -1.41389e-05 -2.68355e-04 0.00000e+00
62.400000 -5.62420e-06 -3.14317e-04 0.00000e+00
62.410000 -3.69087e-05 -3.56619e-04 0.00000e+00
62.420000 -2.52010e-05 -4.31440e-04 0.00000e+00
62.430000 -2.85986e-05 -5.10307e-04 0.00000e+00
62.440000 -4.54292e-05 -6.32885e-04 0.00000e+00
62.450000 -3.60335e-05 -5.74510e-04 0.00000e+00
62.460000 -3.98155e-05 -4.79570e-04 0.00000e+00
62.470000 -3.85557e-05 -4.01094e-04 0.00000e+00
62.480000 -6.72154e-05 -2.54135e-04 0.00000e+00
62.490000 -4.51733e-05 -2.72760e-04 0.00000e+00
62.500000 -8.48854e-05 -2.42407e-04 0.00000e+00
62.510000 -6.20486e-05 -1.07551e-04 0.00000e+00
62.520000 -7.30924e-05 -8.83855e-05 0.00000e+00
62.530000 -6.94615e-05 1.48116e-05 0.00000e+00
62.540000 -8.08226e-05 2.04581e-04 0.00000e+00
62.550000 -8.89426e-05 2.24623e-04 0.00000e+00
62.560000 -6.86212e-05 2.09065e-04 0.00000e+00
62.570000 -6.19109e-05 2.83876e-04 0.00000e+00
62.580000 -5.92896e-05 2.73095e-04 0.00000e+00
62.590000 -6.02055e-05 2.75222e-04 0.00000e+00
62.600000 -5.29042e-05 3.10283e-04 0.00000e+00
62.610000 -4.12530e-05 2.04386e-04 0.00000e+00
62.620000 -8.20182e-06 2.02459e-04 0.00000e+00
62.630000 -3.72471e-05 2.28770e-04 0.00000e+00
62.640000 -4.08752e-06 1.74722e-04 0.00000e+00
62.650000 -3.40908e-05 2.34870e-05 0.00000e+00
62.660000 -3.59319e-05 -3.90318e-05 0.00000e+00
62.670000 -1.15639e-05 -9.29288e-05 0.00000e+00
62.680000 -1.46470e-05 -1.43478e-04 0.00000e+00
62.690000 -4.24796e-05 -1.98704e-04 0.00000e+00
62.700000 -1.91725e-05 -3.39191e-04 0.00000e+00
62.710000 -5.35224e-05 -4.48509e-04 0.00000e+00
62.720000 -6.25532e-05 -6.01311e-04 0.00000e+00
62.730000 -4.41344e-05 -6.19171e-04 0.00000e+00
62.740000 -5.72883e-05 -6.18951e-04 0.00000e+00
62.750000 -7.65527e-05 -6.06502e-04 0.00000e+00
62.760000 -7.08657e-05 -5.74826e-04 0.00000e+00
62.770000 -1.02904e-04 -6.44670e-04 0.00000e+00
62.780000 -9.09659e-05 -6.27409e-04 0.00000e+00
62.790000 -8.61974e-05 -3.95825e-04 0.00000e+00
62.800000 -1.12540e-04 -2.90930e-04 0.00000e+00
62.810000 -1.13029e-04 -1.79498e-04 0.00000e+00
62.820000 -1.11040e-04 -6.75940e-05 0.00000e+00
62.830000 -8.97902e-05 -6.29022e-05 0.00000e+00
62.840000 -1.07580e-04 1.58600e-04 0.00000e+00
62.850000 -1.05135e-04 3.94526e-04 0.00000e+00
62.860000 -1.33050e-04 4.59780e-04 0.00000e+00
62.870000 -1.02218e-04 5.78890e-04 0.00000e+00
62.880000 -1.02927e-04 6.63576e-04 0.00000e+00
62.890000 -8.06252e-05 6.33796e-04 0.00000e+00
62.900000 -6.82909e-05 7.40824e-04 0.00000e+00
62.910000 -7.19897e-05 8.31740e-04 0.00000e+00
62.920000 -4.30866e-05 8.22547e-04 0.00000e+00
62.930000 -5.99304e-05 8.54936e-04 0.00000e+00
62.940000 -4.48100e-05 8.21093e-04 0.00000e+00
62.950000 -9.30122e-07 7.66390e-04 0.00000e+00
62.960000 4.31808e-06 8.27641e-04 0.00000e+00
62.970000 -1.24454e-05 7.94075e-04 0.00000e+00
62.980000 1.71935e-05 6.90142e-04 0.00000e+00
62.990000 1.69153e-06 5.82016e-04 0.00000e+00
63.000000 3.47093e-05 5.58148e-04 0.00000e+00
63.010000 3.58948e-05 5.28556e-04 0.00000e+00
63.020000 2.24358e-05 4.13541e-04 0.00000e+00
63.030000 1.55787e-05 2.59605e-04 0.00000e+00
63.040000 2.38145e-05 1.94223e-04 0.00000e+00
63.050000 1.14167e-05 1.53322e-04 0.00000e+00
63.060000 2.48355e-05 8.21965e-05 0.00000e+00
63.070000 2.57605e-05 5.27982e-05 0.00000e+00
63.080000 2.28382e-05 -3.83437e-05 0.00000e+00
63.090000 2.64755e-05 -1.73521e-05 0.00000e+00
63.100000 2.65245e-05 -3.85671e-05 0.00000e+00
63.110000 1.97485e-05 -1.35266e-04 0.00000e+00
63.120000 2.81298e-05 -4.85758e-05 0.00000e+00
63.130000 2.85325e-05 5.77709e-05 0.00000e+00
63.140000 1.48580e-05 -3.54396e-05 0.00000e+00
63.150000 1.24155e-05 -6.53810e-05 0.00000e+00
63.160000 1.29367e-05 -3.69137e-05 0.00000e+00
63.170000 3.61966e-05 8.56715e-05 0.00000e+00
63.180000 2.34016e-05 3.06749e-04 0.00000e+00
63.190000 2.96541e-05 3.43067e-04 0.00000e+00
63.200000 3.21502e-05 3.39103e-04 0.00000e+00
63.210000 3.85370e-05 4.02013e-04 0.00000e+00
63.220000 1.96986e-05 4.43234e-04 0.00000e+00
63.230000 4.03801e-05 4.71744e-04 0.00000e+00
63.240000 3.20653e-05 4.61154e-04 0.00000e+00
63.250000 5.40052e-05 4.39209e-04 0.00000e+00
63.260000 5.59326e-05 4.65418e-04 0.00000e+00
63.270000 4.54613e-05 4.28653e-04 0.00000e+00
63.280000 5.40831e-05 3.06157e-04 0.00000e+00
63.290000 6.55383e-05 2.00413e-04 0.00000e+00
63.300000 5.78901e-05 2.00262e-04 0.00000e+00
63.310000 6.32076e-05 1.38606e-04 0.00000e+00
63.320000 9.57752e-05 4.85608e-06 0.00000e+00
63.330000 1.05004e-04 -9.33137e-05 0.00000e+00
63.340000 1.22142e-04 -1.04522e-04 0.00000e+00
63.350000 9.45649e-05 -1.50693e-04 0.00000e+00
63.360000 7.97079e-05 -2.80556e-04 0.00000e+00
63.370000 8.52510e-05 -3.76340e-04 0.00000e+00
63.380000 7.22476e-05 -5.15873e-04 0.00000e+00
63.390000 5.91219e-05 -7.00619e-04 0.00000e+00
63.400000 4.04998e-05 -7.64375e-04 0.00000e+00
63.410000 2.80116e-05 -7.72083e-04 0.00000e+00
63.420000 3.76427e-05 -7.87851e-04 0.00000e+00
63.430000 1.30453e-05 -7.63515e-04 0.00000e+00
63.440000 -5.35661e-06 -8.01035e-04 0.00000e+00
63.450000 -5.24450e-06 -8.63071e-04 0.00000e+00
63.460000 5.11147e-06 -8.72118e-04 0.00000e+00
63.470000 9.39819e-06 -7.97308e-04 0.00000e+00
63.480000 -2.16473e-05 -7.00530e-04 0.00000e+00
63.490000 -1.81916e-05 -4.86736e-04 0.00000e+00
63.500000 -2.60918e-05 -1.76030e-04 0.00000e+00
63.510000 -2.83934e-05 1.04316e-04 0.00000e+00
63.520000 -5.15014e-05 2.28306e-04 0.00000e+00
63.530000 -5.07635e-05 2.46101e-04 0.00000e+00
63.540000 -5.22366e-05 3.99008e-04 0.00000e+00
63.550000 -4.89856e-05 5.46130e-04 0.00000e+00
63.560000 -2.00962e-05 5.36023e-04 0.00000e+00
63.570000 -4.61111e-06 4.77708e-04 0.00000e+00
63.580000 -9.82183e-06 4.64113e-04 0.00000e+00
63.590000 -5.14053e-06 5.28245e-04 0.00000e+00
63.600000 1.25191e-06 5.19923e-04 0.00000e+00
63.610000 7.82068e-06 3.83932e-04 0.00000e+00
63.620000 1.85532e-05 3.08422e-04 0.00000e+00
63.630000 5.15864e-05 3.31320e-04 0.00000e+00
63.640000 7.73704e-05 3.21319e-04 0.00000e+00
63.650000 6.94656e-05 1.84453e-04 0.00000e+00
63.660000 8.19676e-05 5.73332e-05 0.00000e+00
63.670000 6.46453e-05 -3.25610e-05 0.00000e+00
63.680000 4.12551e-05 -1.41132e-04 0.00000e+00
63.690000 2.19279e-05 -2.94315e-04 0.00000e+00
63.700000 3.15865e-05 -4.56113e-04 0.00000e+00
63.710000 2.33863e-05 -5.78434e-04 0.00000e+00
63.720000 -7.08255e-06 -6.94143e-04 0.00000e+00
63.730000 -2.27815e-05 -7.31939e-04 0.00000e+00
63.740000 -7.49484e-06 -7.15876e-04 0.00000e+00
63.750000 -1.03975e-05 -7.50386e-04 0.00000e+00
63.760000 -2.25848e-05 -7.97821e-04 0.00000e+00
63.770000 -4.32002e-05 -8.08870e-04 0.00000e+00
63.780000 -4.17453e-05 -7.99393e-04 0.00000e+00
63.790000 -3.95386e-05 -7.61201e-04 0.00000e+00
63.800000 -4.91724e-05 -6.35980e-04 0.00000e+00
63.810000 -6.88198e-05 -4.33727e-04 0.00000e+00
63.820000 -5.91468e-05 -2.78998e-04 0.00000e+00
63.830000 -6.12177e-05 -1.98095e-04 0.00000e+00
63.840000 -6.22119e-05 -1.12492e-04 0.00000e+00
63.850000 -6.21296e-05 -2.21911e-05 0.00000e+00
63.860000 -6.09706e-05 7.28090e-05 0.00000e+00
63.870000 -5.87350e-05 1.72508e-04 0.00000e+00
63.880000 -5.54229e-05 2.76906e-04 0.00000e+00
63.890000 -5.10341e-05 3.86003e-04 0.00000e+00
63.900000 -4.55688e-05 4.99798e-04 0.00000e+00
63.910000 -3.90268e-05 6.18293e-04 0.00000e+00
63.920000 -3.14082e-05 7.41486e-04 0.00000e+00
63.930000 -2.27131e-05 8.69378e-04 0.00000e+00
63.940000 -1.29413e-05 1.00197e-03 0.00000e+00
63.950000 -2.09296e-06 1.13926e-03 0.00000e+00
63.960000 9.83200e-06 1.28125e-03 0.00000e+00
63.970000 2.28336e-05 1.42794e-03 0.00000e+00
63.980000 3.69117e-05 1.57932e-03 0.00000e+00
63.990000 5.20665e-05 1.73541e-03 0.00000e+00
